timestamp,queue_running,process_count,process_cpu_percent,process_rss_mb,system_load_1m,system_ram_used_mb,system_ram_total_mb,gpu_util_percent,gpu_memory_used_mb,gpu_memory_total_mb,gpu_temperature_c,gpu_power_w,disk_used_gb,disk_free_gb
2026-08-04T08:24:39+08:00,1,2,102.0,2150.9,19.36,107933.6,772407.7,98,15275,32768,38,304.01,1060355.73,13155224.27
2026-08-04T08:24:49+08:00,1,2,102.0,1957.3,20.12,108755.5,772407.7,99,20055,32768,37,293.52,1060355.86,13155248.14
2026-08-04T08:24:59+08:00,1,2,102.0,2150.2,20.57,108242.3,772407.7,90,15717,32768,36,221.24,1060355.92,13155264.08
2026-08-04T08:25:09+08:00,1,2,102.0,1957.2,20.86,108116.4,772407.7,98,20637,32768,37,183.25,1060355.99,13155287.01
2026-08-04T08:25:19+08:00,1,2,102.0,1957.3,20.88,107868.6,772407.7,100,17453,32768,34,178.85,1060356.15,13155312.85
2026-08-04T08:25:29+08:00,1,2,102.0,2150.5,20.96,109101.2,772407.7,100,13533,32768,36,278.34,1060356.33,13155331.67
2026-08-04T08:25:39+08:00,1,2,102.0,1957.8,20.97,110129.3,772407.7,97,18615,32768,36,211.50,1060356.48,13155340.52
2026-08-04T08:25:49+08:00,1,2,102.0,2150.1,20.97,108826.6,772407.7,97,14635,32768,37,274.27,1060356.63,13155343.37
2026-08-04T08:25:59+08:00,1,2,102.0,1957.7,21.09,109472.1,772407.7,98,19755,32768,37,292.64,1060356.79,13155345.21
2026-08-04T08:26:09+08:00,1,2,102.0,2150.1,20.62,107693.7,772407.7,98,15715,32768,37,308.09,1060356.94,13156006.06
2026-08-04T08:26:19+08:00,1,2,102.0,1957.8,20.07,107101.5,772407.7,100,20635,32768,38,290.50,1060357.13,13155321.87
2026-08-04T08:26:29+08:00,1,2,102.0,2390.8,20.10,107524.1,772407.7,74,1051,32768,33,72.05,1060357.24,13155314.76
2026-08-04T08:26:39+08:00,1,2,102.0,1957.3,20.09,108024.1,772407.7,89,20637,32768,36,153.46,1060357.40,13155308.60
2026-08-04T08:26:49+08:00,1,2,102.0,1957.2,20.06,106770.1,772407.7,98,18035,32768,37,311.98,1060357.55,13155293.45
2026-08-04T08:26:59+08:00,1,2,102.0,2150.5,19.50,107032.9,772407.7,98,13975,32768,36,252.56,1060357.72,13155288.28
2026-08-04T08:27:09+08:00,1,2,102.0,1957.1,19.18,105977.2,772407.7,97,18895,32768,36,216.02,1060357.91,13155291.09
2026-08-04T08:27:19+08:00,1,2,102.0,2150.1,19.70,105746.2,772407.7,98,15075,32768,38,291.18,1060358.14,13155302.86
2026-08-04T08:27:29+08:00,1,2,102.0,1957.5,18.98,105530.9,772407.7,98,20055,32768,38,282.53,1060358.30,13155314.70
2026-08-04T08:27:39+08:00,1,2,102.0,2150.0,18.83,105848.3,772407.7,98,15719,32768,36,221.04,1060358.49,13155332.51
2026-08-04T08:27:49+08:00,1,2,103.0,1957.2,18.69,107860.6,772407.7,98,20635,32768,38,297.80,1060358.94,13155346.06
2026-08-04T08:27:59+08:00,1,2,103.0,2002.4,18.44,107653.6,772407.7,100,1811,32768,32,72.49,1060359.14,13155349.86
2026-08-04T08:28:09+08:00,1,2,103.0,2150.3,18.37,106482.3,772407.7,68,2117,32768,33,72.09,1060359.35,13155390.65
2026-08-04T08:28:20+08:00,1,2,103.0,1957.9,18.31,105936.4,772407.7,97,18035,32768,36,214.42,1060359.60,13155401.40
2026-08-04T08:28:30+08:00,1,2,103.0,2150.1,18.51,107494.7,772407.7,99,14195,32768,37,237.64,1060359.82,13155408.18
2026-08-04T08:28:40+08:00,1,2,103.0,1957.2,19.14,106068.7,772407.7,99,18897,32768,36,288.56,1060359.90,13155422.10
2026-08-04T08:28:50+08:00,1,2,103.0,2150.2,19.13,108484.1,772407.7,98,15075,32768,37,245.10,1060359.89,13155477.11
2026-08-04T08:29:00+08:00,1,2,103.0,1957.2,19.35,106820.4,772407.7,98,19755,32768,37,264.06,1060359.90,13155513.10
2026-08-04T08:29:10+08:00,1,2,103.0,2150.1,20.59,107541.9,772407.7,98,15717,32768,37,210.31,1060359.90,13155537.10
2026-08-04T08:29:20+08:00,1,2,103.0,1957.7,20.73,106232.0,772407.7,98,20637,32768,37,209.41,1060359.91,13155578.09
2026-08-04T08:29:30+08:00,1,2,103.0,1960.5,20.83,106346.0,772407.7,100,5173,32768,32,187.15,1060359.89,13155567.11
2026-08-04T08:29:40+08:00,1,2,103.0,2150.5,21.34,106949.0,772407.7,100,13533,32768,36,219.29,1060360.01,13155643.99
2026-08-04T08:29:50+08:00,1,2,103.0,1957.2,20.44,105720.9,772407.7,100,18315,32768,36,249.32,1060360.02,13155610.98
2026-08-04T08:30:00+08:00,1,2,103.0,2150.6,19.38,106165.4,772407.7,98,14415,32768,37,261.17,1060354.80,13155580.20
2026-08-04T08:30:10+08:00,1,2,103.0,1957.2,18.77,105030.6,772407.7,97,19475,32768,37,293.71,1060355.08,13155543.92
2026-08-04T08:30:20+08:00,1,2,103.0,2150.0,18.49,105769.4,772407.7,98,15495,32768,38,298.38,1060355.08,13155558.92
2026-08-04T08:30:30+08:00,1,2,103.0,1957.7,19.71,105593.4,772407.7,98,20055,32768,37,298.29,1060355.11,13155509.89
2026-08-04T08:30:40+08:00,1,2,103.0,2150.1,19.52,106090.8,772407.7,88,15719,32768,36,226.30,1060355.13,13155496.87
2026-08-04T08:30:50+08:00,1,2,103.0,1957.3,19.75,104985.2,772407.7,88,20637,32768,36,205.08,1060355.17,13155470.83
2026-08-04T08:31:00+08:00,1,2,103.0,1957.2,19.77,107053.7,772407.7,100,17453,32768,34,232.77,1060355.16,13155439.84
2026-08-04T08:31:10+08:00,1,2,103.0,2150.6,19.71,106206.1,772407.7,94,13533,32768,36,287.21,1060355.20,13155418.80
2026-08-04T08:31:20+08:00,1,2,103.0,1958.0,20.13,106706.5,772407.7,99,18315,32768,37,280.10,1060355.22,13155419.78
2026-08-04T08:31:30+08:00,1,2,103.0,1633.5,20.37,102036.3,772407.7,0,1055,32768,29,56.01,1060355.25,13155384.75
2026-08-04T08:31:40+08:00,1,2,102.0,1633.5,20.99,103103.9,772407.7,0,1055,32768,29,55.97,1060355.26,13155384.74
2026-08-04T08:31:50+08:00,1,2,102.0,1633.5,21.08,104496.4,772407.7,0,1055,32768,29,56.01,1060355.07,13155366.93
2026-08-04T08:32:00+08:00,1,2,101.0,1633.5,21.52,104996.3,772407.7,0,1055,32768,29,56.01,1060355.11,13155374.89
2026-08-04T08:32:11+08:00,1,2,100.0,1633.5,21.52,104260.0,772407.7,0,1055,32768,29,55.94,1060355.14,13155378.86
2026-08-04T08:32:21+08:00,1,2,100.0,1633.5,22.77,106320.0,772407.7,0,1055,32768,29,55.94,1060355.18,13155384.82
2026-08-04T08:32:31+08:00,1,2,99.6,1632.2,23.17,107971.3,772407.7,4,1055,32768,29,60.91,1060355.23,13155393.77
2026-08-04T08:32:41+08:00,1,2,99.1,1645.0,23.67,103385.6,772407.7,0,1055,32768,29,56.01,1060355.25,13155397.75
2026-08-04T08:32:51+08:00,1,2,98.5,1645.0,23.66,104035.3,772407.7,0,1055,32768,29,55.90,1060355.30,13155431.70
2026-08-04T08:33:01+08:00,1,2,97.9,1645.0,22.94,105525.1,772407.7,0,1055,32768,29,55.94,1060355.34,13155468.66
2026-08-04T08:33:11+08:00,1,2,97.3,1645.0,22.64,105512.8,772407.7,0,1055,32768,29,55.94,1060355.38,13155551.62
2026-08-04T08:33:21+08:00,1,2,96.7,1645.0,22.08,106284.1,772407.7,0,1055,32768,29,55.90,1060355.41,13155551.59
2026-08-04T08:33:31+08:00,1,2,96.2,1645.0,21.13,107333.7,772407.7,0,1055,32768,29,55.90,1060355.44,13155574.56
2026-08-04T08:33:41+08:00,1,2,95.7,1648.2,21.06,103926.6,772407.7,0,1055,32768,29,56.01,1060355.48,13155550.52
2026-08-04T08:33:51+08:00,1,2,95.2,1648.2,20.67,103128.4,772407.7,0,1055,32768,29,55.97,1060355.55,13155568.45
2026-08-04T08:34:01+08:00,1,2,94.6,1648.2,21.04,104502.3,772407.7,0,1055,32768,29,56.01,1060355.58,13155578.42
2026-08-04T08:34:11+08:00,1,2,94.1,1648.2,21.03,106793.8,772407.7,0,1055,32768,29,55.90,1060355.66,13155545.34
2026-08-04T08:34:21+08:00,1,2,93.5,1648.2,21.10,105347.9,772407.7,0,1055,32768,29,55.90,1060355.66,13155511.34
2026-08-04T08:34:31+08:00,1,2,93.0,1648.2,21.47,106912.4,772407.7,0,1055,32768,29,55.94,1060355.69,13155476.31
2026-08-04T08:34:41+08:00,1,2,92.6,1650.2,22.38,107695.1,772407.7,98,20055,32768,36,216.02,1060355.77,13155446.23
2026-08-04T08:34:51+08:00,1,2,92.7,2170.0,22.25,108463.9,772407.7,98,15717,32768,36,202.02,1060355.86,13155409.14
2026-08-04T08:35:01+08:00,1,2,92.8,1977.3,23.22,107682.0,772407.7,100,20635,32768,37,307.04,1060356.00,13155380.00
2026-08-04T08:35:11+08:00,1,2,92.9,1980.6,23.20,107705.8,772407.7,100,2269,32768,32,74.98,1060356.09,13155335.91
2026-08-04T08:35:21+08:00,1,2,92.9,2170.4,22.79,107234.5,772407.7,67,6413,32768,34,292.26,1060356.19,13155318.81
2026-08-04T08:35:31+08:00,1,2,93.1,1977.8,22.37,106803.1,772407.7,99,18315,32768,36,289.15,1060356.38,13155301.62
2026-08-04T08:35:41+08:00,1,2,93.1,2170.3,21.08,107012.7,772407.7,98,14415,32768,37,232.59,1060356.54,13155263.46
2026-08-04T08:35:51+08:00,1,2,93.2,1977.8,20.23,107467.1,772407.7,99,19195,32768,37,280.77,1060356.64,13155230.36
2026-08-04T08:36:01+08:00,1,2,93.3,2170.6,20.26,107647.6,772407.7,98,15277,32768,37,278.64,1060356.75,13155209.25
2026-08-04T08:36:12+08:00,1,2,93.4,1977.8,20.15,106893.3,772407.7,99,20055,32768,36,258.25,1060356.86,13155176.14
2026-08-04T08:36:22+08:00,1,2,93.4,2147.8,20.27,107127.4,772407.7,87,15719,32768,36,217.20,1060356.96,13155145.04
2026-08-04T08:36:32+08:00,1,2,93.5,1956.6,20.63,106849.2,772407.7,89,20637,32768,36,222.55,1060357.12,13155129.88
2026-08-04T08:36:42+08:00,1,2,93.6,1956.5,21.01,106608.3,772407.7,79,17753,32768,36,278.16,1060357.27,13155123.73
2026-08-04T08:36:52+08:00,1,2,93.7,2148.6,20.84,107007.3,772407.7,100,13533,32768,35,240.89,1060357.44,13155110.56
2026-08-04T08:37:02+08:00,1,2,93.7,1955.9,20.88,107146.0,772407.7,99,18315,32768,36,297.31,1060357.59,13155107.41
2026-08-04T08:37:12+08:00,1,2,93.8,2148.6,20.51,107309.3,772407.7,98,14635,32768,37,226.93,1060357.76,13155105.24
2026-08-04T08:37:22+08:00,1,2,93.9,1955.7,20.60,106369.6,772407.7,97,19475,32768,36,262.15,1060357.89,13155103.11
2026-08-04T08:37:32+08:00,1,2,94.0,2149.1,20.85,108023.8,772407.7,98,15715,32768,38,253.54,1060358.04,13155094.96
2026-08-04T08:37:42+08:00,1,2,94.0,1956.5,20.41,108216.9,772407.7,99,20335,32768,37,261.32,1060358.21,13155112.79
2026-08-04T08:37:52+08:00,1,2,94.1,2292.6,19.77,107468.8,772407.7,68,3719,32768,33,72.05,1060359.92,13155126.08
2026-08-04T08:38:02+08:00,1,2,94.2,1955.6,19.75,108074.4,772407.7,89,20637,32768,36,239.10,1060360.08,13155152.92
2026-08-04T08:38:12+08:00,1,2,94.3,1955.7,19.71,107423.9,772407.7,99,17755,32768,36,279.32,1060360.27,13155187.73
2026-08-04T08:38:22+08:00,1,2,94.3,2148.7,19.29,107432.5,772407.7,100,13977,32768,37,302.95,1060360.46,13155187.54
2026-08-04T08:38:32+08:00,1,2,94.4,1955.7,19.10,107797.8,772407.7,99,18895,32768,37,276.88,1060360.65,13155200.35
2026-08-04T08:38:42+08:00,1,2,94.5,2148.7,19.77,109036.4,772407.7,98,15075,32768,38,295.46,1060360.86,13155233.14
2026-08-04T08:38:52+08:00,1,2,94.5,1956.1,19.81,107601.9,772407.7,98,19755,32768,37,214.28,1060361.05,13155216.95
2026-08-04T08:39:02+08:00,1,2,94.6,2149.1,19.70,108212.5,772407.7,98,15715,32768,37,306.15,1060361.22,13155228.78
2026-08-04T08:39:12+08:00,1,2,94.7,1956.4,19.44,108731.5,772407.7,98,20335,32768,36,258.72,1060361.40,13155237.60
2026-08-04T08:39:22+08:00,1,2,94.7,2293.4,19.06,108045.9,772407.7,84,11299,32768,34,72.05,1060361.68,13155244.32
2026-08-04T08:39:32+08:00,1,2,94.8,1956.0,19.44,107648.3,772407.7,89,20637,32768,36,226.93,1060361.86,13155237.14
2026-08-04T08:39:42+08:00,1,2,94.9,1955.9,19.78,108556.5,772407.7,88,17755,32768,36,246.73,1060362.03,13155248.97
2026-08-04T08:39:52+08:00,1,2,94.9,2149.5,20.19,109638.3,772407.7,100,13753,32768,36,222.21,1060362.03,13155229.97
2026-08-04T08:40:03+08:00,1,2,95.0,1956.8,20.70,106908.5,772407.7,98,18615,32768,36,253.05,1060361.96,13155220.04
2026-08-04T08:40:13+08:00,1,2,95.0,2148.8,20.46,107267.8,772407.7,98,14855,32768,37,287.77,1060362.04,13155208.96
2026-08-04T08:40:23+08:00,1,2,95.1,1956.4,20.69,107328.6,772407.7,98,19755,32768,38,245.27,1060362.04,13155203.96
2026-08-04T08:40:33+08:00,1,2,95.1,2148.9,21.04,107854.4,772407.7,98,15717,32768,37,199.10,1060362.49,13155201.51
2026-08-04T08:40:43+08:00,1,2,95.2,1955.9,21.19,106646.5,772407.7,98,20635,32768,37,267.47,1060362.48,13155209.52
2026-08-04T08:40:53+08:00,1,2,95.3,2001.1,21.33,107817.2,772407.7,90,1651,32768,32,72.05,1060362.47,13155194.53
2026-08-04T08:41:03+08:00,1,2,95.3,1974.5,21.26,107498.5,772407.7,87,20637,32768,35,98.40,1060357.24,13155203.76
2026-08-04T08:41:13+08:00,1,2,95.4,1956.3,20.54,107479.5,772407.7,97,18033,32768,36,246.24,1060357.27,13155204.73
2026-08-04T08:41:23+08:00,1,2,95.5,2149.1,20.40,107320.0,772407.7,100,13975,32768,37,314.69,1060357.27,13155237.73
2026-08-04T08:41:33+08:00,1,2,95.5,1955.9,19.73,107972.3,772407.7,98,18895,32768,38,283.80,1060357.35,13155245.65
2026-08-04T08:41:43+08:00,1,2,95.6,2148.8,19.52,108119.5,772407.7,98,14635,32768,37,269.41,1060357.39,13155272.61
2026-08-04T08:41:53+08:00,1,2,95.6,1955.9,19.21,106877.2,772407.7,97,19755,32768,38,308.58,1060357.39,13155292.61
2026-08-04T08:42:03+08:00,1,2,95.7,2148.9,19.86,105909.0,772407.7,98,15715,32768,37,213.93,1060357.51,13155292.49
2026-08-04T08:42:13+08:00,1,2,95.8,1956.2,19.99,107483.7,772407.7,98,20335,32768,37,260.83,1060357.54,13155298.46
2026-08-04T08:42:23+08:00,1,2,95.8,2293.4,19.44,106449.8,772407.7,71,5039,32768,33,72.49,1060357.56,13155322.44
2026-08-04T08:42:33+08:00,1,2,95.9,1956.0,19.27,105632.0,772407.7,88,20637,32768,36,225.32,1060357.88,13155446.12
2026-08-04T08:42:43+08:00,1,2,96.0,1957.1,19.06,106188.0,772407.7,55,17453,32768,33,194.09,1060357.60,13155472.40
2026-08-04T08:42:53+08:00,1,2,96.0,2148.9,18.81,107089.4,772407.7,100,13533,32768,36,302.46,1060357.40,13155494.60
2026-08-04T08:43:03+08:00,1,2,96.1,1956.1,19.37,106770.4,772407.7,99,18315,32768,37,286.61,1060357.48,13155495.52
2026-08-04T08:43:13+08:00,1,2,96.1,2149.6,19.68,105839.7,772407.7,98,14415,32768,38,255.65,1060357.51,13155488.49
2026-08-04T08:43:23+08:00,1,2,96.2,1956.3,20.26,106394.8,772407.7,99,19475,32768,38,297.41,1060357.55,13155455.45
2026-08-04T08:43:33+08:00,1,2,96.2,2149.0,20.19,105175.6,772407.7,98,15275,32768,37,266.49,1060357.59,13155424.41
2026-08-04T08:43:43+08:00,1,2,96.3,1956.0,20.33,106914.3,772407.7,98,20337,32768,38,290.99,1060357.63,13155391.37
2026-08-04T08:43:53+08:00,1,2,96.3,2148.9,19.81,106999.0,772407.7,88,15719,32768,36,129.29,1060357.68,13155374.32
2026-08-04T08:44:03+08:00,1,2,96.4,1956.7,19.12,106647.8,772407.7,93,20637,32768,36,224.01,1060357.70,13155372.30
2026-08-04T08:44:13+08:00,1,2,96.4,1956.0,19.00,106573.5,772407.7,77,17453,32768,33,210.04,1060357.72,13155387.28
2026-08-04T08:44:23+08:00,1,2,96.5,2149.2,18.84,106991.9,772407.7,100,13533,32768,35,215.88,1060357.78,13155371.22
2026-08-04T08:44:33+08:00,1,2,96.5,1956.7,19.54,105819.4,772407.7,98,18617,32768,37,270.87,1060357.80,13155386.20
2026-08-04T08:44:44+08:00,1,2,96.6,2148.9,19.54,107209.3,772407.7,98,14635,32768,38,253.22,1060357.85,13155390.15
2026-08-04T08:44:54+08:00,1,2,96.6,1956.6,18.69,106356.8,772407.7,98,19755,32768,37,290.90,1060357.90,13155396.10
2026-08-04T08:45:04+08:00,1,2,96.6,2148.8,17.81,104587.1,772407.7,99,15715,32768,38,295.46,1060357.93,13155403.07
2026-08-04T08:45:14+08:00,1,2,96.7,1956.1,16.93,104545.6,772407.7,98,20635,32768,37,206.63,1060358.05,13155398.95
2026-08-04T08:45:24+08:00,1,2,96.7,2000.7,16.47,104700.9,772407.7,100,1251,32768,32,72.98,1060358.13,13155388.87
2026-08-04T08:45:34+08:00,1,2,96.8,1956.0,15.01,104573.6,772407.7,88,20637,32768,36,226.45,1060358.22,13155559.78
2026-08-04T08:45:44+08:00,1,2,96.8,1956.8,15.02,106166.4,772407.7,92,17753,32768,35,204.33,1060358.32,13155598.68
2026-08-04T08:45:54+08:00,1,2,96.9,2148.9,15.56,105552.2,772407.7,100,13753,32768,36,309.55,1060358.47,13155593.53
2026-08-04T08:46:04+08:00,1,2,96.9,1956.1,16.83,106583.5,772407.7,97,18617,32768,37,207.25,1060358.51,13155589.49
2026-08-04T08:46:14+08:00,1,2,97.0,2149.9,17.72,107141.6,772407.7,98,14635,32768,37,247.70,1060358.63,13155564.37
2026-08-04T08:46:24+08:00,1,2,97.0,1956.0,17.62,107741.5,772407.7,97,19755,32768,38,291.96,1060358.72,13155536.28
2026-08-04T08:46:34+08:00,1,2,97.1,2149.7,18.13,107329.2,772407.7,98,15715,32768,38,295.46,1060358.82,13155562.18
2026-08-04T08:46:44+08:00,1,2,97.1,1956.0,18.30,106947.1,772407.7,98,20635,32768,37,216.02,1060358.93,13155592.07
2026-08-04T08:46:54+08:00,1,2,97.2,2293.0,17.73,108767.4,772407.7,66,2599,32768,33,72.54,1060359.15,13155595.85
2026-08-04T08:47:04+08:00,1,2,97.2,1956.0,17.24,107649.3,772407.7,89,20637,32768,36,229.22,1060359.26,13155598.74
2026-08-04T08:47:14+08:00,1,2,97.3,1956.1,18.01,107685.7,772407.7,90,17753,32768,36,299.35,1060359.39,13155602.61
2026-08-04T08:47:24+08:00,1,2,97.3,2149.0,18.30,107857.2,772407.7,100,13753,32768,36,218.17,1060359.56,13155605.44
2026-08-04T08:47:34+08:00,1,2,97.4,1956.0,17.88,107519.5,772407.7,99,18615,32768,36,218.32,1060359.70,13155610.30
2026-08-04T08:47:44+08:00,1,2,97.4,2148.9,18.36,107490.4,772407.7,98,14855,32768,38,259.86,1060359.82,13155604.18
2026-08-04T08:47:54+08:00,1,2,97.5,1956.3,19.73,106950.2,772407.7,99,19755,32768,37,305.58,1060360.04,13155573.96
2026-08-04T08:48:04+08:00,1,2,97.5,2149.5,20.24,108541.9,772407.7,93,15719,32768,37,230.31,1060360.14,13155541.86
2026-08-04T08:48:14+08:00,1,2,97.5,1956.1,20.65,107322.5,772407.7,99,20637,32768,37,261.80,1060360.31,13155510.69
2026-08-04T08:48:24+08:00,1,2,97.6,2001.1,20.92,107009.4,772407.7,76,1829,32768,32,76.55,1060360.47,13155494.53
2026-08-04T08:48:34+08:00,1,2,97.6,2149.1,21.02,107466.9,772407.7,77,3777,32768,33,72.14,1060360.75,13155472.25
2026-08-04T08:48:44+08:00,1,2,97.7,1956.7,21.25,106330.5,772407.7,98,18035,32768,36,235.69,1060360.93,13155460.07
2026-08-04T08:48:55+08:00,1,2,97.7,2149.2,21.76,107728.3,772407.7,97,14195,32768,37,251.27,1060361.10,13155455.90
2026-08-04T08:49:05+08:00,1,2,97.7,1956.7,21.41,107160.3,772407.7,98,19195,32768,37,222.70,1060361.29,13155459.71
2026-08-04T08:49:15+08:00,1,2,97.8,2149.2,21.28,108394.3,772407.7,98,15275,32768,37,222.50,1060361.47,13155434.53
2026-08-04T08:49:25+08:00,1,2,97.8,1956.5,21.13,107947.0,772407.7,98,20335,32768,37,306.15,1060361.69,13155405.31
2026-08-04T08:49:35+08:00,1,2,97.8,2149.2,20.80,107487.4,772407.7,86,15719,32768,36,220.12,1060361.87,13155405.13
2026-08-04T08:49:45+08:00,1,2,97.9,1957.1,20.76,106926.3,772407.7,87,20637,32768,36,232.29,1060362.06,13155428.94
2026-08-04T08:49:55+08:00,1,2,97.9,1956.3,20.72,108435.6,772407.7,100,17453,32768,33,249.65,1060362.27,13155433.73
2026-08-04T08:50:05+08:00,1,2,98.0,2149.2,21.00,108280.3,772407.7,100,13533,32768,36,316.07,1060362.49,13155439.51
2026-08-04T08:50:15+08:00,1,2,98.0,1957.3,21.23,108138.1,772407.7,98,18315,32768,37,249.65,1060362.72,13155460.28
2026-08-04T08:50:25+08:00,1,2,98.0,2149.2,21.05,108099.1,772407.7,98,14417,32768,37,252.56,1060362.95,13155455.05
2026-08-04T08:50:35+08:00,1,2,98.1,1956.4,20.66,107453.6,772407.7,99,19195,32768,37,281.56,1060363.01,13155465.99
2026-08-04T08:50:45+08:00,1,2,98.1,2150.1,20.40,108221.9,772407.7,98,15275,32768,37,248.19,1060363.01,13155488.99
2026-08-04T08:50:55+08:00,1,2,98.2,1957.1,20.74,107663.8,772407.7,99,20335,32768,37,290.50,1060363.09,13155504.91
2026-08-04T08:51:05+08:00,1,2,98.2,2149.4,21.10,108209.2,772407.7,85,15719,32768,36,229.33,1060363.07,13155536.93
2026-08-04T08:51:15+08:00,1,2,98.2,1956.3,20.77,107655.1,772407.7,88,20637,32768,36,220.26,1060363.05,13155536.95
2026-08-04T08:51:25+08:00,1,2,98.3,1956.4,20.41,106255.9,772407.7,90,17453,32768,35,291.77,1060363.09,13155562.91
2026-08-04T08:51:35+08:00,1,2,98.3,2149.9,20.06,106318.3,772407.7,100,13753,32768,36,300.32,1060363.09,13155592.91
2026-08-04T08:51:45+08:00,1,2,98.4,1956.4,20.05,106167.5,772407.7,100,18615,32768,37,303.92,1060363.10,13155625.90
2026-08-04T08:51:55+08:00,1,2,98.4,2150.0,20.28,107134.5,772407.7,98,14637,32768,37,298.97,1060357.88,13155654.12
2026-08-04T08:52:05+08:00,1,2,98.4,1956.5,20.49,106194.1,772407.7,98,19475,32768,38,307.61,1060357.90,13155674.10
2026-08-04T08:52:15+08:00,1,2,98.5,2149.3,20.17,106550.9,772407.7,99,15495,32768,36,248.51,1060357.95,13155679.05
2026-08-04T08:52:25+08:00,1,2,98.5,1956.4,20.31,105207.7,772407.7,98,20635,32768,38,316.63,1060357.94,13155685.06
2026-08-04T08:52:35+08:00,1,2,98.5,2001.6,20.36,106642.2,772407.7,73,1351,32768,33,73.51,1060357.96,13155671.04
2026-08-04T08:52:45+08:00,1,2,98.6,2149.3,20.54,109032.9,772407.7,63,10177,32768,33,72.14,1060357.98,13155669.02
2026-08-04T08:52:55+08:00,1,2,98.6,1956.4,19.53,107539.5,772407.7,98,18035,32768,37,294.88,1060358.00,13155676.00
2026-08-04T08:53:06+08:00,1,2,98.7,2149.2,19.07,108411.8,772407.7,98,13973,32768,37,301.98,1060358.03,13155674.97
2026-08-04T08:53:16+08:00,1,2,98.7,1956.3,19.69,107761.6,772407.7,100,18895,32768,37,259.37,1060358.06,13155660.94
2026-08-04T08:53:26+08:00,1,2,98.7,2149.4,19.89,108423.2,772407.7,98,15075,32768,38,279.50,1060358.09,13155663.91
2026-08-04T08:53:36+08:00,1,2,98.7,1958.1,19.91,108018.4,772407.7,98,19757,32768,37,267.51,1060357.88,13155688.12
2026-08-04T08:53:46+08:00,1,2,98.8,2149.2,20.08,109688.6,772407.7,98,15715,32768,38,260.83,1060357.93,13155713.07
2026-08-04T08:53:56+08:00,1,2,98.8,1956.4,20.06,107342.0,772407.7,100,20635,32768,37,283.51,1060357.96,13155709.04
2026-08-04T08:54:06+08:00,1,2,98.8,1993.5,19.84,107699.3,772407.7,100,1511,32768,33,72.63,1060358.02,13155698.98
2026-08-04T08:54:16+08:00,1,2,98.9,2149.3,19.56,106763.6,772407.7,66,6999,32768,33,72.05,1060358.03,13155680.97
2026-08-04T08:54:26+08:00,1,2,98.9,1957.1,19.78,106965.9,772407.7,98,18035,32768,36,259.89,1060358.15,13155665.85
2026-08-04T08:54:36+08:00,1,2,98.9,2149.9,20.13,107278.6,772407.7,98,14195,32768,37,222.02,1060358.16,13155613.84
2026-08-04T08:54:46+08:00,1,2,99.0,1956.5,20.83,106435.6,772407.7,100,19195,32768,38,305.09,1060358.23,13155585.77
2026-08-04T08:54:56+08:00,1,2,99.0,2149.8,20.87,106699.1,772407.7,98,15075,32768,37,216.23,1060358.25,13155567.75
2026-08-04T08:55:06+08:00,1,2,99.0,1956.4,20.96,106158.6,772407.7,98,19755,32768,37,255.97,1060358.33,13155557.67
2026-08-04T08:55:16+08:00,1,2,99.1,2149.3,21.04,106768.3,772407.7,96,15717,32768,37,219.43,1060358.35,13155580.65
2026-08-04T08:55:26+08:00,1,2,99.1,1956.8,20.94,106159.7,772407.7,98,20635,32768,37,289.34,1060358.50,13155552.50
2026-08-04T08:55:36+08:00,1,2,99.1,2001.5,20.40,105795.5,772407.7,100,2271,32768,32,74.00,1060358.52,13155568.48
2026-08-04T08:55:46+08:00,1,2,99.2,2149.7,20.33,106026.3,772407.7,65,2037,32768,33,72.14,1060359.14,13155583.86
2026-08-04T08:55:56+08:00,1,2,99.2,1956.4,20.68,106700.3,772407.7,99,18035,32768,36,254.99,1060359.27,13155570.73
2026-08-04T08:56:06+08:00,1,2,99.2,2149.5,20.57,106644.5,772407.7,98,14195,32768,37,254.51,1060359.34,13155578.66
2026-08-04T08:56:16+08:00,1,2,99.3,1956.4,20.93,105736.4,772407.7,99,18895,32768,37,285.45,1060359.37,13155564.63
2026-08-04T08:56:26+08:00,1,2,99.3,2149.2,21.16,105043.8,772407.7,97,15075,32768,37,256.94,1060359.44,13155578.56
2026-08-04T08:56:37+08:00,1,2,99.3,1956.3,21.14,107128.9,772407.7,99,19755,32768,37,283.69,1060359.54,13155588.46
2026-08-04T08:56:47+08:00,1,2,99.3,2149.3,21.25,106165.1,772407.7,94,15717,32768,36,224.11,1060359.64,13155512.36
2026-08-04T08:56:57+08:00,1,2,99.3,1957.0,21.37,106142.6,772407.7,95,20635,32768,37,218.80,1060359.75,13155482.25
2026-08-04T08:57:07+08:00,1,2,99.4,1956.4,21.62,107502.2,772407.7,100,17453,32768,34,242.83,1060359.85,13155465.15
2026-08-04T08:57:17+08:00,1,2,99.4,2149.9,21.61,109226.9,772407.7,100,13533,32768,36,291.48,1060359.93,13155467.07
2026-08-04T08:57:27+08:00,1,2,99.4,1956.3,22.34,106954.5,772407.7,100,18615,32768,37,286.12,1060360.02,13155464.98
2026-08-04T08:57:37+08:00,1,2,99.5,2149.2,22.12,108684.6,772407.7,98,14635,32768,38,304.69,1060360.17,13155481.83
2026-08-04T08:57:47+08:00,1,2,99.5,1956.5,24.43,108135.2,772407.7,99,19475,32768,36,244.78,1060360.26,13155510.74
2026-08-04T08:57:57+08:00,1,2,99.5,2149.2,23.46,109224.5,772407.7,98,15713,32768,37,289.23,1060360.35,13155531.65
2026-08-04T08:58:07+08:00,1,2,99.5,1956.8,22.78,107272.9,772407.7,99,20635,32768,37,269.59,1060360.46,13155548.54
2026-08-04T08:58:17+08:00,1,2,99.6,2294.3,23.21,108494.9,772407.7,80,3939,32768,33,72.05,1060360.59,13156254.41
2026-08-04T08:58:27+08:00,1,2,99.6,1956.6,22.96,107342.5,772407.7,87,20637,32768,36,229.67,1060360.71,13155591.29
2026-08-04T08:58:37+08:00,1,2,99.6,1957.3,21.20,107962.9,772407.7,86,17753,32768,36,238.44,1060360.86,13155604.14
2026-08-04T08:58:47+08:00,1,2,99.7,2149.6,20.63,107471.6,772407.7,100,13573,32768,36,280.29,1060361.00,13155599.00
2026-08-04T08:58:57+08:00,1,2,99.7,1956.7,20.96,106965.1,772407.7,97,18615,32768,37,289.83,1060361.17,13155641.83
2026-08-04T08:59:07+08:00,1,2,99.7,2150.2,21.20,109379.8,772407.7,98,14635,32768,37,259.23,1060361.33,13155725.67
2026-08-04T08:59:17+08:00,1,2,99.7,1957.1,21.16,108596.7,772407.7,99,19755,32768,38,305.66,1060361.47,13155736.53
2026-08-04T08:59:27+08:00,1,2,99.8,2149.5,20.97,108036.5,772407.7,98,15715,32768,37,301.78,1060361.61,13155717.39
2026-08-04T08:59:37+08:00,1,2,99.7,1635.4,20.52,105625.9,772407.7,0,1053,32768,30,67.64,1060361.78,13155717.22
2026-08-04T08:59:47+08:00,1,2,99.4,1633.3,20.29,102979.2,772407.7,0,1053,32768,29,56.01,1060361.94,13155700.06
2026-08-04T08:59:57+08:00,1,2,99.1,1633.3,20.09,103163.2,772407.7,0,1053,32768,29,56.01,1060362.08,13155652.92
2026-08-04T09:00:07+08:00,1,2,98.8,1633.3,20.54,105289.4,772407.7,0,1053,32768,29,55.90,1060362.31,13155606.69
2026-08-04T09:00:17+08:00,1,2,98.5,1633.3,20.53,106356.1,772407.7,0,1053,32768,29,55.94,1060362.56,13155575.44
2026-08-04T09:00:27+08:00,1,2,98.2,1633.3,20.29,106561.8,772407.7,0,1053,32768,29,55.90,1060362.76,13155543.24
2026-08-04T09:00:38+08:00,1,2,97.9,1633.3,20.47,106016.9,772407.7,0,1053,32768,29,55.90,1060362.95,13155548.05
2026-08-04T09:00:48+08:00,1,2,97.7,1643.8,19.63,101822.5,772407.7,0,1053,32768,29,55.90,1060363.46,13155530.54
2026-08-04T09:00:58+08:00,1,2,97.4,1643.8,19.57,103524.1,772407.7,0,1053,32768,29,55.97,1060363.20,13155528.80
2026-08-04T09:01:08+08:00,1,2,97.1,1643.8,20.03,104279.6,772407.7,0,1053,32768,29,55.90,1060363.41,13155520.59
2026-08-04T09:01:18+08:00,1,2,96.8,1643.8,19.79,105410.4,772407.7,0,1053,32768,29,55.94,1060363.65,13155540.35
2026-08-04T09:01:28+08:00,1,2,96.5,1643.8,20.20,104190.8,772407.7,0,1053,32768,29,55.90,1060363.86,13155543.14
2026-08-04T09:01:38+08:00,1,2,96.2,1643.8,21.01,107488.1,772407.7,0,1053,32768,29,55.90,1060363.96,13155565.04
2026-08-04T09:01:48+08:00,1,2,96.1,1648.0,21.48,105216.4,772407.7,0,1053,32768,29,55.94,1060363.95,13155573.05
2026-08-04T09:01:58+08:00,1,2,95.8,1643.9,21.17,105894.5,772407.7,0,1053,32768,29,55.90,1060363.96,13155591.04
2026-08-04T09:02:08+08:00,1,2,95.5,1643.9,21.72,106195.8,772407.7,0,1053,32768,29,55.94,1060363.97,13155593.03
2026-08-04T09:02:18+08:00,1,2,95.3,1643.9,21.23,105354.1,772407.7,0,1053,32768,29,55.90,1060363.97,13155589.03
2026-08-04T09:02:28+08:00,1,2,95.0,1643.9,20.90,105273.8,772407.7,0,1053,32768,29,55.94,1060363.97,13155577.03
2026-08-04T09:02:38+08:00,1,2,94.7,1643.9,21.69,106794.5,772407.7,0,1053,32768,29,55.90,1060363.97,13155584.03
2026-08-04T09:02:48+08:00,1,2,94.5,1645.9,21.34,110649.6,772407.7,100,18033,32768,35,216.51,1060363.99,13155595.01
2026-08-04T09:02:58+08:00,1,2,94.5,2177.3,21.39,111841.2,772407.7,99,13753,32768,35,216.02,1060363.98,13155600.02
2026-08-04T09:03:08+08:00,1,2,94.5,1984.4,21.84,112225.6,772407.7,97,18615,32768,36,276.40,1060358.78,13155623.22
2026-08-04T09:03:18+08:00,1,2,94.6,2177.7,22.40,113043.6,772407.7,98,14855,32768,37,285.75,1060351.17,13155658.83
2026-08-04T09:03:28+08:00,1,2,94.6,1985.0,22.79,112106.5,772407.7,98,19755,32768,37,290.12,1060351.14,13155662.86
2026-08-04T09:03:38+08:00,1,2,94.6,2177.4,22.96,112564.7,772407.7,98,15715,32768,37,284.18,1060351.21,13155653.79
2026-08-04T09:03:48+08:00,1,2,94.7,1984.4,23.05,112913.1,772407.7,99,20635,32768,37,306.84,1060353.44,13155652.56
2026-08-04T09:03:58+08:00,1,2,94.7,2321.4,22.96,112335.8,772407.7,72,8579,32768,34,72.05,1060357.12,13155657.88
2026-08-04T09:04:08+08:00,1,2,94.7,1984.4,21.93,110804.9,772407.7,88,20637,32768,36,243.32,1060352.97,13155688.03
2026-08-04T09:04:18+08:00,1,2,94.8,1984.5,21.58,107965.5,772407.7,93,17755,32768,36,271.05,1060353.43,13155678.57
2026-08-04T09:04:28+08:00,1,2,94.8,2177.6,21.41,112423.6,772407.7,100,13533,32768,36,237.80,1060354.44,13155668.56
2026-08-04T09:04:38+08:00,1,2,94.9,1985.5,21.02,110835.2,772407.7,98,18315,32768,37,245.11,1060354.46,13155677.54
2026-08-04T09:04:49+08:00,1,2,94.9,2177.9,20.42,110613.0,772407.7,98,13975,32768,37,267.15,1060354.26,13155686.74
2026-08-04T09:04:59+08:00,1,2,94.9,1985.2,19.98,110348.4,772407.7,99,18895,32768,36,235.52,1060354.91,13155688.09
2026-08-04T09:05:09+08:00,1,2,94.9,2177.2,19.67,109786.3,772407.7,98,14855,32768,37,245.91,1060355.13,13155695.87
2026-08-04T09:05:19+08:00,1,2,95.0,1984.5,19.52,110312.4,772407.7,98,19755,32768,37,232.93,1060355.17,13155716.83
2026-08-04T09:05:29+08:00,1,2,95.0,2177.9,19.84,110749.1,772407.7,98,15715,32768,37,307.12,1060355.20,13155741.80
2026-08-04T09:05:39+08:00,1,2,95.0,1985.3,19.47,111234.7,772407.7,98,20637,32768,38,301.01,1060355.25,13155742.75
2026-08-04T09:05:49+08:00,1,2,95.1,2289.4,19.38,107737.9,772407.7,85,15559,32768,34,71.02,1060355.28,13155746.72
2026-08-04T09:05:59+08:00,1,2,95.1,1985.0,19.53,107943.0,772407.7,89,20637,32768,36,211.98,1060355.32,13155726.68
2026-08-04T09:06:09+08:00,1,2,95.2,1984.5,19.45,107612.1,772407.7,82,17753,32768,36,303.35,1060355.37,13155694.63
2026-08-04T09:06:19+08:00,1,2,95.2,2177.4,19.92,108093.6,772407.7,100,13753,32768,37,285.64,1060355.39,13155692.61
2026-08-04T09:06:29+08:00,1,2,95.2,1984.4,20.40,108459.2,772407.7,100,18615,32768,37,285.34,1060355.45,13155748.55
2026-08-04T09:06:39+08:00,1,2,95.3,2177.3,21.07,108786.5,772407.7,98,14415,32768,37,247.86,1060355.49,13155761.51
2026-08-04T09:06:49+08:00,1,2,95.3,1985.0,20.92,108377.8,772407.7,99,19475,32768,37,225.47,1060355.52,13155792.48
2026-08-04T09:06:59+08:00,1,2,95.3,2177.2,21.54,108520.6,772407.7,98,15497,32768,37,254.84,1060355.56,13155798.44
2026-08-04T09:07:09+08:00,1,2,95.4,1984.6,22.13,109253.5,772407.7,98,20637,32768,38,261.66,1060355.60,13155791.40
2026-08-04T09:07:19+08:00,1,2,95.4,2478.1,21.71,109316.6,772407.7,86,1051,32768,33,72.05,1060355.65,13155817.35
2026-08-04T09:07:29+08:00,1,2,95.4,2033.2,21.90,107382.3,772407.7,80,20637,32768,35,81.89,1060355.68,13155817.32
2026-08-04T09:07:39+08:00,1,2,95.5,1985.0,21.30,108567.7,772407.7,86,17753,32768,35,219.29,1060355.79,13155781.21
2026-08-04T09:07:49+08:00,1,2,95.5,2177.2,21.43,108687.5,772407.7,100,13753,32768,37,300.32,1060355.88,13155762.12
2026-08-04T09:07:59+08:00,1,2,95.5,1984.5,22.40,107676.1,772407.7,99,18615,32768,37,276.70,1060356.00,13155741.00
2026-08-04T09:08:09+08:00,1,2,95.6,2177.4,21.95,107136.0,772407.7,98,14635,32768,37,319.82,1060356.09,13155732.91
2026-08-04T09:08:19+08:00,1,2,95.6,1984.8,21.80,108549.2,772407.7,97,19475,32768,37,213.73,1060356.21,13155728.79
2026-08-04T09:08:30+08:00,1,2,95.6,2177.7,21.44,108520.4,772407.7,98,15495,32768,38,307.89,1060356.30,13155728.70
2026-08-04T09:08:40+08:00,1,2,95.7,1984.4,20.98,108085.1,772407.7,98,20335,32768,37,215.25,1060356.40,13155708.60
2026-08-04T09:08:50+08:00,1,2,95.7,2177.3,20.59,108619.4,772407.7,86,15719,32768,36,153.35,1060356.50,13155718.50
2026-08-04T09:09:00+08:00,1,2,95.7,1985.4,20.56,106409.0,772407.7,89,20637,32768,36,232.13,1060356.61,13155699.39
2026-08-04T09:09:10+08:00,1,2,95.8,1984.5,20.54,105963.5,772407.7,98,17755,32768,35,215.68,1060356.72,13155701.28
2026-08-04T09:09:20+08:00,1,2,95.8,2177.4,20.75,108134.0,772407.7,100,13753,32768,36,216.37,1060356.85,13155689.15
2026-08-04T09:09:30+08:00,1,2,95.8,1985.0,20.71,108158.3,772407.7,99,18615,32768,36,244.78,1060357.01,13155685.99
2026-08-04T09:09:40+08:00,1,2,95.9,2177.3,19.75,108363.5,772407.7,97,14635,32768,37,247.38,1060357.17,13155692.83
2026-08-04T09:09:50+08:00,1,2,95.9,1985.3,19.11,107964.8,772407.7,99,19477,32768,36,267.82,1060357.32,13155754.68
2026-08-04T09:10:00+08:00,1,2,95.9,2177.3,19.40,108974.9,772407.7,98,15495,32768,37,264.06,1060357.48,13155757.52
2026-08-04T09:10:10+08:00,1,2,96.0,1984.5,19.50,108562.9,772407.7,98,20635,32768,37,304.98,1060357.63,13155850.37
2026-08-04T09:10:20+08:00,1,2,96.0,2322.2,19.95,107020.0,772407.7,68,6599,32768,33,72.00,1060357.77,13155881.23
2026-08-04T09:10:30+08:00,1,2,96.0,2003.7,23.13,109119.5,772407.7,89,20637,32768,35,92.96,1060357.92,13155905.08
2026-08-04T09:10:40+08:00,1,2,96.1,1984.4,23.04,108916.3,772407.7,99,17753,32768,36,276.70,1060358.08,13155926.92
2026-08-04T09:10:50+08:00,1,2,96.1,2177.6,22.57,110061.0,772407.7,100,13755,32768,36,272.02,1060358.23,13155902.77
2026-08-04T09:11:00+08:00,1,2,96.1,1984.6,22.63,109601.9,772407.7,97,18615,32768,37,284.18,1060358.44,13155892.56
2026-08-04T09:11:10+08:00,1,2,96.2,2177.2,22.20,109955.6,772407.7,99,14635,32768,37,270.03,1060358.57,13155899.43
2026-08-04T09:11:20+08:00,1,2,96.2,1984.5,21.48,107786.6,772407.7,98,19475,32768,37,214.91,1060358.79,13155896.21
2026-08-04T09:11:30+08:00,1,2,96.2,2178.3,23.57,108806.7,772407.7,98,15495,32768,37,254.83,1060358.98,13155895.02
2026-08-04T09:11:40+08:00,1,2,96.3,1985.2,23.11,106785.5,772407.7,98,20337,32768,37,293.42,1060359.17,13155919.83
2026-08-04T09:11:50+08:00,1,2,96.3,2321.4,23.24,107404.5,772407.7,88,3819,32768,34,72.00,1060359.35,13155923.65
2026-08-04T09:12:00+08:00,1,2,96.3,2119.3,23.89,106994.4,772407.7,89,20637,32768,34,69.60,1060359.55,13155937.45
2026-08-04T09:12:10+08:00,1,2,96.3,1984.5,23.91,105959.3,772407.7,99,18033,32768,37,279.62,1060359.80,13155973.20
2026-08-04T09:12:20+08:00,1,2,96.4,2177.9,23.94,107143.1,772407.7,97,13975,32768,37,253.54,1060360.03,13155990.97
2026-08-04T09:12:31+08:00,1,2,96.4,1984.4,23.71,107073.8,772407.7,99,18895,32768,37,210.87,1060360.25,13156043.75
2026-08-04T09:12:41+08:00,1,2,96.4,2177.8,23.92,108205.1,772407.7,98,14853,32768,37,222.21,1060360.32,13156062.68
2026-08-04T09:12:51+08:00,1,2,96.4,1984.9,23.38,107190.7,772407.7,98,19755,32768,37,219.09,1060360.32,13156100.68
2026-08-04T09:13:01+08:00,1,2,96.5,2177.3,23.17,108210.4,772407.7,98,15715,32768,37,296.83,1060360.32,13156158.68
2026-08-04T09:13:11+08:00,1,2,96.5,1984.4,22.62,109131.8,772407.7,98,20635,32768,37,219.29,1060360.31,13156200.69
2026-08-04T09:13:21+08:00,1,2,96.5,2321.3,22.12,108681.3,772407.7,73,1339,32768,33,72.05,1060360.32,13156235.68
2026-08-04T09:13:31+08:00,1,2,96.6,1984.5,21.66,107599.9,772407.7,89,20637,32768,35,122.93,1060360.32,13156248.68
2026-08-04T09:13:41+08:00,1,2,96.6,1984.4,21.38,107698.0,772407.7,99,18033,32768,37,309.35,1060360.32,13156288.68
2026-08-04T09:13:51+08:00,1,2,96.6,2177.5,21.40,108382.7,772407.7,98,13975,32768,37,221.53,1060360.32,13156308.68
2026-08-04T09:14:01+08:00,1,2,96.7,1985.2,22.10,107087.0,772407.7,98,18895,32768,36,266.53,1060355.11,13156344.89
2026-08-04T09:14:11+08:00,1,2,96.7,2177.2,25.36,108164.4,772407.7,98,15075,32768,37,253.87,1060355.12,13156391.88
2026-08-04T09:14:21+08:00,1,2,96.7,1984.6,24.99,107809.0,772407.7,99,19755,32768,37,306.15,1060355.14,13156435.86
2026-08-04T09:14:31+08:00,1,2,96.7,2177.2,24.54,107553.4,772407.7,98,15717,32768,37,199.32,1060355.17,13156493.83
2026-08-04T09:14:41+08:00,1,2,96.8,1984.6,24.15,107671.3,772407.7,98,20635,32768,38,300.32,1060355.18,13156828.82
2026-08-04T09:14:51+08:00,1,2,96.8,2029.6,23.03,105582.8,772407.7,100,2111,32768,32,74.49,1060355.22,13156914.78
2026-08-04T09:15:01+08:00,1,2,96.8,2177.9,21.96,106257.2,772407.7,84,13333,32768,35,275.61,1060355.25,13156946.75
2026-08-04T09:15:11+08:00,1,2,96.9,1984.8,21.57,106256.9,772407.7,98,18315,32768,36,210.52,1060355.28,13156980.72
2026-08-04T09:15:21+08:00,1,2,96.9,2177.2,20.34,107633.7,772407.7,98,14417,32768,38,296.14,1060355.29,13157003.71
2026-08-04T09:15:31+08:00,1,2,96.9,1984.5,19.37,107276.2,772407.7,98,19195,32768,36,213.24,1060355.31,13156980.69
2026-08-04T09:15:41+08:00,1,2,96.9,2178.0,18.47,108061.4,772407.7,98,15275,32768,38,296.43,1060355.10,13156934.90
2026-08-04T09:15:51+08:00,1,2,97.0,1984.5,18.64,108801.4,772407.7,98,20055,32768,37,216.02,1060355.10,13156897.90
2026-08-04T09:16:01+08:00,1,2,97.0,2178.3,18.85,107796.5,772407.7,93,15717,32768,36,202.86,1060355.12,13156834.88
2026-08-04T09:16:12+08:00,1,2,97.0,1984.6,19.02,106064.7,772407.7,98,20635,32768,36,203.70,1060355.12,13156787.88
2026-08-04T09:16:22+08:00,1,2,97.0,1984.9,19.48,106037.6,772407.7,100,17455,32768,33,205.65,1060355.12,13156760.88
2026-08-04T09:16:32+08:00,1,2,97.1,2177.3,19.09,106486.2,772407.7,100,13533,32768,36,278.95,1060355.11,13156722.89
2026-08-04T09:16:42+08:00,1,2,97.1,1984.5,19.08,107142.3,772407.7,99,18315,32768,37,276.70,1060355.12,13156711.88
2026-08-04T09:16:52+08:00,1,2,97.1,2177.9,18.99,107278.7,772407.7,98,14415,32768,37,270.87,1060355.11,13156690.89
2026-08-04T09:17:02+08:00,1,2,97.1,1984.5,19.44,107125.0,772407.7,100,19475,32768,38,302.18,1060355.10,13156632.90
2026-08-04T09:17:12+08:00,1,2,97.2,2177.6,20.06,106737.5,772407.7,98,15495,32768,38,256.30,1060355.10,13156602.90
2026-08-04T09:17:22+08:00,1,2,97.2,1985.0,20.73,106118.9,772407.7,98,20335,32768,37,214.56,1060355.11,13156580.89
2026-08-04T09:17:32+08:00,1,2,97.2,2321.6,21.10,107289.8,772407.7,77,6979,32768,34,72.54,1060355.11,13156560.89
2026-08-04T09:17:42+08:00,1,2,97.3,1984.4,21.23,106763.8,772407.7,88,20637,32768,36,226.60,1060355.11,13156560.89
2026-08-04T09:17:52+08:00,1,2,97.3,1984.5,21.04,106790.4,772407.7,98,18035,32768,37,243.97,1060355.11,13156531.89
2026-08-04T09:18:02+08:00,1,2,97.3,2177.5,21.03,107876.5,772407.7,100,13975,32768,36,257.43,1060355.11,13156510.89
2026-08-04T09:18:12+08:00,1,2,97.3,1984.4,20.71,107165.4,772407.7,98,18897,32768,36,246.24,1060355.11,13156487.89
2026-08-04T09:18:22+08:00,1,2,97.3,2177.7,20.24,106613.9,772407.7,98,15075,32768,38,293.04,1060355.24,13156458.76
2026-08-04T09:18:32+08:00,1,2,97.4,1985.2,19.81,105679.6,772407.7,100,20055,32768,37,296.83,1060355.24,13156436.76
2026-08-04T09:18:42+08:00,1,2,97.4,2177.3,19.29,106149.2,772407.7,98,15717,32768,37,242.68,1060355.24,13156411.76
2026-08-04T09:18:52+08:00,1,2,97.4,1984.5,19.48,106451.6,772407.7,99,20635,32768,37,323.58,1060355.24,13156382.76
2026-08-04T09:19:02+08:00,1,2,97.5,1987.7,19.35,106166.7,772407.7,100,5173,32768,33,254.02,1060355.24,13156389.76
2026-08-04T09:19:12+08:00,1,2,97.5,2177.3,19.22,106662.0,772407.7,97,13533,32768,36,292.26,1060355.25,13156445.75
2026-08-04T09:19:22+08:00,1,2,97.5,1984.9,19.05,105839.4,772407.7,99,18615,32768,37,309.07,1060355.28,13156409.72
2026-08-04T09:19:32+08:00,1,2,97.5,2177.8,19.68,106527.0,772407.7,98,14635,32768,38,306.92,1060355.32,13156390.68
2026-08-04T09:19:43+08:00,1,2,97.6,1985.3,20.27,107681.4,772407.7,98,19475,32768,37,261.80,1060355.34,13156375.66
2026-08-04T09:19:53+08:00,1,2,97.6,2177.8,20.44,106195.5,772407.7,98,15495,32768,37,287.77,1060355.37,13156359.63
2026-08-04T09:20:03+08:00,1,2,97.6,1984.5,20.85,106025.7,772407.7,98,20335,32768,37,237.15,1060355.42,13156342.58
2026-08-04T09:20:13+08:00,1,2,97.6,2321.4,20.77,105987.9,772407.7,88,9119,32768,34,72.58,1060355.45,13156308.55
2026-08-04T09:20:23+08:00,1,2,97.6,1984.7,20.50,106505.4,772407.7,88,20637,32768,36,235.69,1060355.25,13156277.75
2026-08-04T09:20:33+08:00,1,2,97.7,1984.5,21.16,106039.1,772407.7,98,17753,32768,35,229.52,1060355.26,13156255.74
2026-08-04T09:20:43+08:00,1,2,97.7,2178.0,21.05,106344.9,772407.7,100,13753,32768,36,265.70,1060355.26,13156224.74
2026-08-04T09:20:53+08:00,1,2,97.7,1984.7,21.05,106246.2,772407.7,98,18615,32768,37,266.98,1060355.27,13156217.73
2026-08-04T09:21:03+08:00,1,2,97.7,2177.3,22.35,107239.2,772407.7,98,14635,32768,38,256.45,1060355.27,13156216.73
2026-08-04T09:21:13+08:00,1,2,97.8,1984.4,20.83,107086.7,772407.7,100,19755,32768,37,315.66,1060355.28,13156194.72
2026-08-04T09:21:23+08:00,1,2,97.8,2177.5,20.38,106404.6,772407.7,98,15715,32768,38,309.07,1060355.29,13156199.71
2026-08-04T09:21:33+08:00,1,2,97.8,1985.1,20.56,106325.6,772407.7,98,20335,32768,37,212.47,1060355.31,13156181.69
2026-08-04T09:21:43+08:00,1,2,97.8,2177.5,20.01,108263.0,772407.7,85,15717,32768,36,230.83,1060355.31,13156177.69
2026-08-04T09:21:53+08:00,1,2,97.8,1985.1,20.10,106024.7,772407.7,88,20637,32768,36,208.36,1060355.34,13156177.66
2026-08-04T09:22:03+08:00,1,2,97.9,1984.4,20.87,107376.7,772407.7,99,17753,32768,36,270.87,1060355.34,13156216.66
2026-08-04T09:22:13+08:00,1,2,97.9,2177.3,21.82,107563.7,772407.7,98,13975,32768,37,288.75,1060355.34,13156186.66
2026-08-04T09:22:23+08:00,1,2,97.9,1984.9,22.17,107103.6,772407.7,99,18895,32768,36,211.77,1060355.29,13156284.71
2026-08-04T09:22:33+08:00,1,2,97.9,2177.7,22.43,107309.4,772407.7,98,15075,32768,38,259.37,1060355.34,13156316.66
2026-08-04T09:22:43+08:00,1,2,98.0,1984.5,22.60,106761.9,772407.7,98,20055,32768,37,236.82,1060355.37,13156326.63
2026-08-04T09:22:53+08:00,1,2,98.0,2178.3,22.28,107306.6,772407.7,91,15717,32768,36,227.87,1060355.41,13156334.59
2026-08-04T09:23:03+08:00,1,2,98.0,1984.8,22.38,107212.5,772407.7,94,20635,32768,37,226.60,1060355.46,13156338.54
2026-08-04T09:23:13+08:00,1,2,98.0,1987.6,22.40,108023.0,772407.7,57,2293,32768,32,92.66,1060355.49,13156309.51
2026-08-04T09:23:23+08:00,1,2,98.1,2177.2,22.18,107684.4,772407.7,88,13333,32768,35,268.44,1060355.53,13156289.47
2026-08-04T09:23:33+08:00,1,2,98.1,1984.5,21.85,106145.3,772407.7,100,18615,32768,37,287.21,1060355.57,13156276.43
2026-08-04T09:23:43+08:00,1,2,98.1,2177.9,22.14,106495.7,772407.7,98,14415,32768,37,294.01,1060355.60,13156286.40
2026-08-04T09:23:53+08:00,1,2,98.1,1984.5,22.11,106316.7,772407.7,99,19475,32768,37,274.76,1060355.64,13156286.36
2026-08-04T09:24:03+08:00,1,2,98.1,2177.9,22.81,105746.2,772407.7,98,15715,32768,38,306.64,1060355.68,13156273.32
2026-08-04T09:24:13+08:00,1,2,98.2,1985.3,23.54,105900.3,772407.7,99,20635,32768,38,268.44,1060355.72,13156291.28
2026-08-04T09:24:24+08:00,1,2,98.2,2021.7,23.07,107060.5,772407.7,70,1171,32768,33,72.63,1060355.75,13156320.25
2026-08-04T09:24:34+08:00,1,2,98.2,2177.8,23.20,107270.9,772407.7,71,15017,32768,34,72.09,1060355.81,13156383.19
2026-08-04T09:24:44+08:00,1,2,98.2,1984.4,23.10,104739.0,772407.7,98,18035,32768,36,217.63,1060355.84,13156404.16
2026-08-04T09:24:54+08:00,1,2,98.2,2177.3,22.95,106496.9,772407.7,97,14195,32768,36,260.35,1060355.88,13156422.12
2026-08-04T09:25:04+08:00,1,2,98.3,1984.4,23.12,107381.8,772407.7,98,19195,32768,37,219.78,1060355.94,13156436.06
2026-08-04T09:25:14+08:00,1,2,98.3,2177.6,22.49,107424.2,772407.7,98,15077,32768,37,285.26,1060356.04,13156408.96
2026-08-04T09:25:24+08:00,1,2,98.3,1986.2,22.34,106522.6,772407.7,98,20055,32768,36,208.99,1060356.06,13156360.94
2026-08-04T09:25:34+08:00,1,2,98.3,2177.3,22.52,107011.6,772407.7,98,15717,32768,36,208.01,1060356.16,13156327.84
2026-08-04T09:25:44+08:00,1,2,98.3,1984.5,21.77,105963.8,772407.7,90,20635,32768,36,231.31,1060356.27,13156283.73
2026-08-04T09:25:54+08:00,1,2,98.4,1984.8,21.35,106012.7,772407.7,74,17453,32768,33,271.05,1060356.37,13156255.63
2026-08-04T09:26:04+08:00,1,2,98.4,2177.3,20.67,106568.7,772407.7,100,13535,32768,36,274.45,1060356.46,13156246.54
2026-08-04T09:26:14+08:00,1,2,98.4,1984.7,20.64,106746.1,772407.7,100,18615,32768,37,234.54,1060356.55,13156224.45
2026-08-04T09:26:24+08:00,1,2,98.4,2177.5,21.23,107975.1,772407.7,98,14635,32768,37,263.61,1060356.69,13156213.31
2026-08-04T09:26:34+08:00,1,2,98.4,1985.1,21.04,106615.9,772407.7,97,19475,32768,37,248.35,1060356.80,13156213.20
2026-08-04T09:26:44+08:00,1,2,98.5,2177.7,20.24,107267.4,772407.7,98,15495,32768,37,217.00,1060356.91,13156191.09
2026-08-04T09:26:54+08:00,1,2,98.5,1984.4,20.53,106193.7,772407.7,98,20635,32768,38,307.61,1060357.06,13156164.94
2026-08-04T09:27:04+08:00,1,2,98.5,2321.4,19.60,106715.8,772407.7,63,10979,32768,34,72.49,1060357.24,13156151.76
2026-08-04T09:27:14+08:00,1,2,98.5,1984.9,19.73,105761.7,772407.7,87,20637,32768,36,238.93,1060357.41,13156122.59
2026-08-04T09:27:24+08:00,1,2,98.5,1984.5,19.16,103844.3,772407.7,85,17755,32768,36,273.30,1060357.59,13156095.41
2026-08-04T09:27:34+08:00,1,2,98.6,2178.4,18.13,104237.6,772407.7,100,13975,32768,36,211.01,1060357.77,13156032.23
2026-08-04T09:27:44+08:00,1,2,98.6,1648.6,17.60,103231.7,772407.7,0,1055,32768,31,67.64,1060357.91,13156042.09
2026-08-04T09:27:54+08:00,1,2,98.4,1646.4,17.05,100419.8,772407.7,0,1055,32768,29,56.01,1060358.06,13155988.94
2026-08-04T09:28:05+08:00,1,2,98.2,1646.4,17.44,101901.8,772407.7,0,1055,32768,29,56.01,1060358.21,13155971.79
2026-08-04T09:28:15+08:00,1,2,98.0,1646.4,17.82,102544.2,772407.7,0,1055,32768,29,55.90,1060358.38,13155940.62
2026-08-04T09:28:25+08:00,1,2,97.8,1646.4,18.06,103331.6,772407.7,0,1055,32768,29,55.90,1060358.55,13155911.45
2026-08-04T09:28:35+08:00,1,2,97.6,1646.4,18.42,106468.4,772407.7,0,1055,32768,29,55.90,1060358.72,13155884.28
2026-08-04T09:28:45+08:00,1,2,97.4,1646.4,18.73,105867.1,772407.7,0,1055,32768,29,56.01,1060358.92,13155859.08
2026-08-04T09:28:55+08:00,1,2,97.2,1641.1,20.59,103991.1,772407.7,0,1055,32768,29,56.01,1060359.10,13155838.90
2026-08-04T09:29:05+08:00,1,2,97.0,1641.1,20.50,103676.5,772407.7,0,1055,32768,29,55.90,1060359.30,13155809.70
2026-08-04T09:29:15+08:00,1,2,96.8,1641.1,20.72,105191.6,772407.7,0,1055,32768,29,55.90,1060359.50,13155801.50
2026-08-04T09:29:25+08:00,1,2,96.6,1641.1,20.92,105295.6,772407.7,0,1055,32768,29,55.97,1060359.70,13155801.30
2026-08-04T09:29:35+08:00,1,2,96.4,1641.1,21.83,105312.7,772407.7,0,1055,32768,29,55.90,1060359.88,13155805.12
2026-08-04T09:29:45+08:00,1,2,96.3,1641.1,22.42,106301.1,772407.7,0,1055,32768,29,55.90,1060360.10,13155799.90
2026-08-04T09:29:55+08:00,1,2,96.2,1643.8,22.58,102715.6,772407.7,0,1055,32768,29,55.94,1060360.35,13155793.65
2026-08-04T09:30:05+08:00,1,2,96.0,1643.8,23.39,102869.0,772407.7,0,1055,32768,29,55.94,1060360.57,13156127.43
2026-08-04T09:30:15+08:00,1,2,95.8,1643.8,22.92,103974.6,772407.7,0,1055,32768,29,55.97,1060355.39,13155792.61
2026-08-04T09:30:25+08:00,1,2,95.6,1643.8,21.92,105197.9,772407.7,0,1055,32768,29,56.01,1060353.57,13155812.43
2026-08-04T09:30:35+08:00,1,2,95.4,1643.8,21.70,106835.5,772407.7,0,1055,32768,29,55.90,1060353.53,13155815.47
2026-08-04T09:30:45+08:00,1,2,95.2,1643.8,20.65,106393.9,772407.7,0,1055,32768,29,55.90,1060353.55,13155863.45
2026-08-04T09:30:55+08:00,1,2,95.1,1643.8,20.19,107210.8,772407.7,99,20335,32768,37,243.80,1060353.54,13155863.46
2026-08-04T09:31:05+08:00,1,2,95.1,2176.9,20.37,108869.4,772407.7,86,15719,32768,36,223.53,1060353.66,13155975.34
2026-08-04T09:31:15+08:00,1,2,95.1,1983.2,20.72,108125.0,772407.7,90,20637,32768,36,228.69,1060353.88,13155980.12
2026-08-04T09:31:25+08:00,1,2,95.2,1983.4,21.07,108215.5,772407.7,88,17455,32768,35,301.29,1060348.73,13156006.27
2026-08-04T09:31:35+08:00,1,2,95.2,2176.2,20.66,107598.1,772407.7,100,13753,32768,36,312.74,1060348.78,13156022.22
2026-08-04T09:31:45+08:00,1,2,95.2,1983.8,20.71,108158.2,772407.7,99,18615,32768,37,282.05,1060348.84,13156036.16
2026-08-04T09:31:55+08:00,1,2,95.2,2177.0,20.78,109047.0,772407.7,98,14635,32768,36,255.82,1060348.85,13156033.15
2026-08-04T09:32:05+08:00,1,2,95.3,1983.2,21.14,107895.2,772407.7,98,19475,32768,37,267.64,1060348.94,13156028.06
2026-08-04T09:32:15+08:00,1,2,95.3,2176.3,21.36,109064.9,772407.7,98,15715,32768,36,215.39,1060348.95,13156027.05
2026-08-04T09:32:26+08:00,1,2,95.3,1983.7,21.11,108076.8,772407.7,98,20635,32768,37,289.83,1060349.02,13156042.98
2026-08-04T09:32:36+08:00,1,2,95.3,1998.6,20.41,108197.1,772407.7,100,1811,32768,32,74.49,1060349.05,13156038.95
2026-08-04T09:32:46+08:00,1,2,95.3,2146.6,19.96,107516.5,772407.7,73,13333,32768,35,269.23,1060349.12,13156079.88
2026-08-04T09:32:56+08:00,1,2,95.4,1954.5,19.88,107843.8,772407.7,99,18315,32768,37,282.91,1060349.17,13156077.83
2026-08-04T09:33:06+08:00,1,2,95.4,2147.2,19.77,107178.8,772407.7,98,14415,32768,37,250.95,1060349.23,13156114.77
2026-08-04T09:33:16+08:00,1,2,95.4,1954.0,20.14,104643.2,772407.7,98,19195,32768,37,264.06,1060349.08,13156132.92
2026-08-04T09:33:26+08:00,1,2,95.4,2146.6,19.89,105826.3,772407.7,98,15275,32768,37,285.83,1060348.95,13156162.05
2026-08-04T09:33:36+08:00,1,2,95.5,1954.8,20.28,105169.3,772407.7,99,20055,32768,37,276.40,1060349.00,13156201.00
2026-08-04T09:33:46+08:00,1,2,95.5,2146.7,20.23,104361.9,772407.7,98,15717,32768,36,219.43,1060349.07,13156235.93
2026-08-04T09:33:56+08:00,1,2,95.5,1953.8,20.13,104749.0,772407.7,98,20635,32768,37,213.79,1060349.15,13156264.85
2026-08-04T09:34:06+08:00,1,2,95.5,1956.9,19.79,104638.6,772407.7,100,2111,32768,32,72.49,1060349.20,13156268.80
2026-08-04T09:34:16+08:00,1,2,95.6,2146.5,19.99,104926.0,772407.7,100,13533,32768,36,307.32,1060349.25,13156312.75
2026-08-04T09:34:26+08:00,1,2,95.6,1955.2,20.07,104577.2,772407.7,99,18315,32768,37,274.45,1060349.32,13156331.68
2026-08-04T09:34:36+08:00,1,2,95.6,2147.0,20.21,104422.0,772407.7,98,14635,32768,37,250.62,1060349.42,13156342.58
2026-08-04T09:34:46+08:00,1,2,95.6,1954.3,20.73,105174.0,772407.7,99,19475,32768,37,220.55,1060349.28,13156348.72
2026-08-04T09:34:56+08:00,1,2,95.7,2147.4,20.87,105399.5,772407.7,98,15495,32768,37,244.78,1060349.37,13156360.63
2026-08-04T09:35:06+08:00,1,2,95.7,1954.2,21.11,104852.3,772407.7,99,20335,32768,37,261.32,1060349.45,13156462.55
2026-08-04T09:35:16+08:00,1,2,95.7,2223.3,21.17,105295.6,772407.7,88,15719,32768,34,74.00,1060349.45,13156489.55
2026-08-04T09:35:26+08:00,1,2,95.7,1954.5,21.13,105148.6,772407.7,88,20637,32768,36,216.37,1060349.53,13156489.47
2026-08-04T09:35:36+08:00,1,2,95.8,1954.9,20.42,105983.1,772407.7,98,18033,32768,36,302.95,1060349.57,13156498.43
2026-08-04T09:35:46+08:00,1,2,95.8,2147.5,19.92,105831.4,772407.7,98,13973,32768,37,262.29,1060349.67,13156493.33
2026-08-04T09:35:56+08:00,1,2,95.8,1954.3,19.71,107122.8,772407.7,98,18895,32768,37,226.89,1060349.72,13156461.28
2026-08-04T09:36:07+08:00,1,2,95.8,2147.1,19.47,106602.6,772407.7,98,15275,32768,37,310.04,1060349.81,13156448.19
2026-08-04T09:36:17+08:00,1,2,95.8,1954.2,19.00,106515.4,772407.7,98,20055,32768,36,255.16,1060349.92,13156387.08
2026-08-04T09:36:27+08:00,1,2,95.9,2147.1,18.97,106377.4,772407.7,88,15719,32768,36,216.02,1060350.07,13156368.93
2026-08-04T09:36:37+08:00,1,2,95.9,1954.8,19.13,106458.4,772407.7,89,20637,32768,36,224.94,1060350.22,13156352.78
2026-08-04T09:36:47+08:00,1,2,95.9,1954.3,19.29,106544.2,772407.7,91,17753,32768,35,271.84,1060350.33,13156327.67
2026-08-04T09:36:57+08:00,1,2,95.9,2147.2,19.18,106028.0,772407.7,100,13753,32768,37,297.31,1060350.48,13156305.52
2026-08-04T09:37:07+08:00,1,2,96.0,1954.2,19.59,106071.1,772407.7,98,18615,32768,36,214.91,1060350.60,13156282.40
2026-08-04T09:37:17+08:00,1,2,96.0,2147.1,20.29,106342.5,772407.7,98,14855,32768,38,224.46,1060350.74,13156277.26
2026-08-04T09:37:27+08:00,1,2,96.0,1955.0,20.64,107192.9,772407.7,97,19757,32768,38,263.26,1060342.67,13156283.33
2026-08-04T09:37:37+08:00,1,2,96.0,2147.4,20.46,108051.2,772407.7,99,15717,32768,38,257.28,1060342.84,13156287.16
2026-08-04T09:37:47+08:00,1,2,96.1,1954.8,20.71,106877.5,772407.7,100,20635,32768,37,293.42,1060342.97,13156310.03
2026-08-04T09:37:57+08:00,1,2,96.1,1999.6,20.46,108426.4,772407.7,100,1651,32768,32,72.98,1060345.37,13156312.63
2026-08-04T09:38:07+08:00,1,2,96.1,2147.2,20.06,107735.5,772407.7,85,3937,32768,33,72.54,1060349.66,13156334.34
2026-08-04T09:38:17+08:00,1,2,96.1,1955.0,20.06,107791.5,772407.7,99,18315,32768,37,270.25,1060349.83,13156342.17
2026-08-04T09:38:27+08:00,1,2,96.1,2147.8,19.38,107486.7,772407.7,97,14195,32768,37,284.18,1060350.03,13156355.97
2026-08-04T09:38:37+08:00,1,2,96.2,1954.4,19.49,107148.5,772407.7,98,19195,32768,37,268.61,1060351.19,13156380.81
2026-08-04T09:38:47+08:00,1,2,96.2,2147.2,19.42,107414.9,772407.7,99,15495,32768,38,289.34,1060351.37,13156469.63
2026-08-04T09:38:57+08:00,1,2,96.2,1954.4,18.81,107480.4,772407.7,97,20337,32768,37,236.67,1060351.56,13156458.44
2026-08-04T09:39:07+08:00,1,2,96.2,2147.2,18.95,107271.8,772407.7,88,15719,32768,36,230.98,1060352.37,13156465.63
2026-08-04T09:39:17+08:00,1,2,96.3,1954.9,19.06,108626.2,772407.7,92,20637,32768,36,204.81,1060352.77,13156479.23
2026-08-04T09:39:27+08:00,1,2,96.3,1954.4,18.88,106400.2,772407.7,93,17753,32768,36,303.15,1060352.93,13156480.07
2026-08-04T09:39:37+08:00,1,2,96.3,2147.2,19.05,107056.7,772407.7,100,13753,32768,37,230.01,1060353.17,13156480.83
2026-08-04T09:39:47+08:00,1,2,96.3,1954.3,19.72,107101.5,772407.7,99,18895,32768,37,282.72,1060353.39,13156506.61
2026-08-04T09:39:57+08:00,1,2,96.3,2147.5,19.82,107376.7,772407.7,98,14855,32768,38,279.13,1060353.63,13156512.37
2026-08-04T09:40:08+08:00,1,2,96.4,1955.1,19.70,107412.9,772407.7,98,19755,32768,38,308.38,1060353.82,13156509.18
2026-08-04T09:40:18+08:00,1,2,96.4,2147.1,20.06,106757.1,772407.7,98,15715,32768,38,254.36,1060354.15,13156664.85
2026-08-04T09:40:28+08:00,1,2,96.4,1954.5,19.97,107185.9,772407.7,98,20635,32768,38,242.83,1060354.33,13156656.67
2026-08-04T09:40:38+08:00,1,2,96.4,1999.1,20.26,107079.6,772407.7,61,1171,32768,33,72.05,1060354.60,13156646.40
2026-08-04T09:40:48+08:00,1,2,96.4,2135.2,20.36,107441.2,772407.7,90,19397,32768,34,71.11,1060354.88,13156646.12
2026-08-04T09:40:58+08:00,1,2,96.5,1954.3,20.18,106151.6,772407.7,98,18035,32768,37,244.29,1060355.09,13156664.91
2026-08-04T09:41:08+08:00,1,2,96.5,2147.2,19.70,106104.8,772407.7,98,13973,32768,37,278.53,1060355.33,13156632.67
2026-08-04T09:41:18+08:00,1,2,96.5,1954.5,19.36,105861.2,772407.7,98,19195,32768,37,310.52,1060355.37,13156580.63
2026-08-04T09:41:28+08:00,1,2,96.5,2148.1,19.16,107981.3,772407.7,97,15075,32768,37,212.82,1060355.42,13156533.58
2026-08-04T09:41:38+08:00,1,2,96.5,1954.4,19.59,108078.6,772407.7,99,20055,32768,38,301.58,1060355.46,13156491.54
2026-08-04T09:41:48+08:00,1,2,96.5,2147.3,19.63,109345.7,772407.7,97,15715,32768,37,210.31,1060355.50,13156487.50
2026-08-04T09:41:58+08:00,1,2,96.6,1954.4,19.84,108021.6,772407.7,100,20635,32768,37,296.83,1060355.49,13156419.51
2026-08-04T09:42:08+08:00,1,2,96.6,1999.6,20.10,107979.1,772407.7,100,1651,32768,32,75.03,1060355.54,13156349.46
2026-08-04T09:42:18+08:00,1,2,96.6,2148.1,19.77,108674.1,772407.7,71,2177,32768,33,72.05,1060355.56,13156316.44
2026-08-04T09:42:28+08:00,1,2,96.6,1954.5,19.96,109502.8,772407.7,98,18035,32768,36,246.40,1060350.47,13156326.53
2026-08-04T09:42:38+08:00,1,2,96.7,2147.4,19.89,108471.8,772407.7,97,14195,32768,37,307.89,1060350.51,13156311.49
2026-08-04T09:42:48+08:00,1,2,96.7,1954.4,19.93,108581.9,772407.7,98,19195,32768,38,246.73,1060350.54,13156332.46
2026-08-04T09:42:58+08:00,1,2,96.7,2147.3,19.85,108777.4,772407.7,98,15275,32768,37,309.96,1060350.60,13156322.40
2026-08-04T09:43:08+08:00,1,2,96.7,1955.1,19.96,107383.6,772407.7,98,20335,32768,38,306.43,1060350.97,13156345.03
2026-08-04T09:43:18+08:00,1,2,96.7,2147.4,20.51,108598.0,772407.7,84,15719,32768,36,200.33,1060351.02,13156361.98
2026-08-04T09:43:28+08:00,1,2,96.8,1955.0,20.73,108719.1,772407.7,88,20637,32768,36,219.49,1060351.06,13156356.94
2026-08-04T09:43:38+08:00,1,2,96.8,1954.4,21.88,108815.8,772407.7,64,17453,32768,33,217.20,1060351.10,13156382.90
2026-08-04T09:43:48+08:00,1,2,96.8,2147.3,21.21,109378.4,772407.7,100,13333,32768,35,286.80,1060351.18,13156396.82
2026-08-04T09:43:58+08:00,1,2,96.8,1955.8,20.40,108852.8,772407.7,100,18317,32768,37,245.91,1060351.25,13156403.75
2026-08-04T09:44:08+08:00,1,2,96.8,2147.2,19.27,108005.8,772407.7,98,14415,32768,37,298.09,1060351.28,13156413.72
2026-08-04T09:44:18+08:00,1,2,96.9,1954.5,18.77,107947.4,772407.7,99,19475,32768,38,313.44,1060351.09,13156425.91
2026-08-04T09:44:29+08:00,1,2,96.9,2147.4,19.25,107635.5,772407.7,98,15277,32768,37,280.59,1060351.18,13156466.82
2026-08-04T09:44:39+08:00,1,2,96.9,1955.1,19.45,107538.4,772407.7,100,20335,32768,37,246.73,1060351.25,13156489.75
2026-08-04T09:44:49+08:00,1,2,96.9,2147.4,19.53,106845.8,772407.7,83,15717,32768,36,222.85,1060351.33,13156509.67
2026-08-04T09:44:59+08:00,1,2,96.9,1954.4,19.75,106996.6,772407.7,91,20637,32768,36,229.18,1060351.45,13156509.55
2026-08-04T09:45:09+08:00,1,2,97.0,1954.7,20.25,107440.7,772407.7,63,17453,32768,33,190.19,1060351.53,13156523.47
2026-08-04T09:45:19+08:00,1,2,97.0,2147.2,20.68,106126.9,772407.7,100,13753,32768,37,287.39,1060351.61,13156559.39
2026-08-04T09:45:29+08:00,1,2,97.0,1954.5,20.81,106824.6,772407.7,98,18615,32768,37,259.20,1060351.69,13156657.31
2026-08-04T09:45:39+08:00,1,2,97.0,2148.1,22.80,106259.0,772407.7,98,14635,32768,37,276.09,1060352.03,13156646.97
2026-08-04T09:45:49+08:00,1,2,97.0,1954.9,22.58,105912.3,772407.7,98,19755,32768,37,244.94,1060352.10,13156614.90
2026-08-04T09:45:59+08:00,1,2,97.0,2147.4,22.88,107306.7,772407.7,98,15715,32768,37,275.79,1060352.17,13156592.83
2026-08-04T09:46:09+08:00,1,2,97.1,1954.4,22.61,106923.8,772407.7,98,20635,32768,38,302.26,1060352.23,13156531.77
2026-08-04T09:46:19+08:00,1,2,97.1,1999.6,22.73,106728.3,772407.7,100,1811,32768,32,72.63,1060352.33,13156495.67
2026-08-04T09:46:29+08:00,1,2,97.1,2147.5,23.32,106700.6,772407.7,95,13333,32768,34,195.07,1060352.81,13156467.19
2026-08-04T09:46:39+08:00,1,2,97.1,1954.4,22.73,106718.1,772407.7,98,18035,32768,36,261.32,1060352.89,13156532.11
2026-08-04T09:46:49+08:00,1,2,97.1,2147.7,21.92,107752.8,772407.7,99,14195,32768,36,236.18,1060352.95,13156682.05
2026-08-04T09:46:59+08:00,1,2,97.2,1955.0,21.16,107069.2,772407.7,98,19197,32768,37,263.44,1060352.96,13156612.04
2026-08-04T09:47:09+08:00,1,2,97.2,2147.4,21.25,107161.1,772407.7,98,15275,32768,38,284.96,1060353.18,13156546.82
2026-08-04T09:47:19+08:00,1,2,97.2,1954.6,20.81,106628.1,772407.7,98,20335,32768,38,299.55,1060353.30,13156467.70
2026-08-04T09:47:29+08:00,1,2,97.2,2147.4,21.12,106664.5,772407.7,90,15717,32768,36,226.78,1060353.43,13156416.57
2026-08-04T09:47:39+08:00,1,2,97.2,1954.5,21.57,107587.7,772407.7,87,20637,32768,36,219.43,1060353.54,13156339.46
2026-08-04T09:47:49+08:00,1,2,97.3,1954.4,21.18,105800.7,772407.7,59,17453,32768,33,202.02,1060353.68,13156313.32
2026-08-04T09:47:59+08:00,1,2,97.3,2147.9,21.14,105837.1,772407.7,100,13533,32768,36,287.77,1060353.80,13156231.20
2026-08-04T09:48:09+08:00,1,2,97.3,1955.0,21.12,106275.4,772407.7,98,18315,32768,37,296.34,1060353.95,13156192.05
2026-08-04T09:48:20+08:00,1,2,97.3,2147.3,21.33,106476.4,772407.7,98,14415,32768,37,222.70,1060354.09,13156177.91
2026-08-04T09:48:30+08:00,1,2,97.3,1954.5,21.11,106760.9,772407.7,100,19195,32768,36,267.15,1060354.20,13156135.80
2026-08-04T09:48:40+08:00,1,2,97.3,2147.6,21.26,107983.0,772407.7,98,15275,32768,37,264.90,1060354.35,13156107.65
2026-08-04T09:48:50+08:00,1,2,97.4,1954.4,21.00,105789.0,772407.7,99,20335,32768,37,208.71,1060354.55,13156029.45
2026-08-04T09:49:00+08:00,1,2,97.4,2147.4,20.60,106288.2,772407.7,85,15719,32768,36,223.87,1060354.71,13155948.29
2026-08-04T09:49:10+08:00,1,2,97.4,1954.4,20.80,105542.6,772407.7,88,20637,32768,36,239.10,1060354.91,13155863.09
2026-08-04T09:49:20+08:00,1,2,97.4,1954.5,20.69,105336.3,772407.7,99,17755,32768,35,228.39,1060355.04,13155766.96
2026-08-04T09:49:30+08:00,1,2,97.4,2147.9,20.58,106680.1,772407.7,98,13973,32768,37,237.47,1060355.23,13155690.77
2026-08-04T09:49:40+08:00,1,2,97.5,1954.6,20.80,107365.7,772407.7,98,18895,32768,37,226.45,1060355.43,13155575.57
2026-08-04T09:49:50+08:00,1,2,97.5,2147.6,20.29,107302.1,772407.7,98,15075,32768,37,219.92,1060355.59,13155478.41
2026-08-04T09:50:00+08:00,1,2,97.5,1954.4,19.62,105210.3,772407.7,99,19755,32768,37,266.53,1060355.78,13155396.22
2026-08-04T09:50:10+08:00,1,2,97.5,2147.3,19.36,106597.6,772407.7,98,15717,32768,37,205.43,1060355.96,13155369.04
2026-08-04T09:50:20+08:00,1,2,97.5,1955.2,19.58,107222.7,772407.7,98,20637,32768,36,204.59,1060356.12,13155342.88
2026-08-04T09:50:30+08:00,1,2,97.5,1954.4,19.19,107060.9,772407.7,100,8233,32768,33,281.26,1060356.34,13155352.66
2026-08-04T09:50:40+08:00,1,2,97.6,2147.3,19.65,106203.4,772407.7,100,13533,32768,35,203.70,1060358.91,13155326.09
2026-08-04T09:50:50+08:00,1,2,97.6,1954.9,19.55,106725.5,772407.7,98,18313,32768,36,217.48,1060365.26,13155335.74
2026-08-04T09:51:00+08:00,1,2,97.6,2147.3,20.07,105848.5,772407.7,97,14635,32768,37,291.09,1060371.82,13155327.18
2026-08-04T09:51:10+08:00,1,2,97.6,1954.8,19.75,106375.5,772407.7,100,19475,32768,36,277.86,1060373.51,13155344.49
2026-08-04T09:51:20+08:00,1,2,97.6,2147.9,20.75,106393.3,772407.7,98,15715,32768,36,249.97,1060370.33,13155344.67
2026-08-04T09:51:30+08:00,1,2,97.6,1954.5,21.09,105622.8,772407.7,100,20635,32768,38,299.35,1060371.92,13155370.08
2026-08-04T09:51:40+08:00,1,2,97.7,1999.6,21.21,106996.3,772407.7,100,2131,32768,32,72.49,1060378.23,13155363.77
2026-08-04T09:51:50+08:00,1,2,97.7,2147.2,20.79,107878.8,772407.7,100,13533,32768,36,303.52,1060369.92,13155369.08
2026-08-04T09:52:01+08:00,1,2,97.7,1954.9,21.21,69298.2,772407.7,99,18055,32768,37,295.56,1060371.37,13155463.63
2026-08-04T09:52:11+08:00,1,2,97.7,2147.2,21.33,69273.0,772407.7,98,14415,32768,37,308.99,1060365.89,13155462.11
2026-08-04T09:52:21+08:00,1,2,97.7,1954.5,21.12,68677.6,772407.7,97,19195,32768,37,235.03,1060368.84,13155473.16
2026-08-04T09:52:31+08:00,1,2,97.7,2148.1,21.73,68891.1,772407.7,98,15275,32768,36,253.70,1060367.04,13155477.96
2026-08-04T09:52:41+08:00,1,2,97.7,1954.9,21.83,67256.9,772407.7,99,20335,32768,37,291.28,1060369.80,13155442.20
2026-08-04T09:52:51+08:00,1,2,97.8,2147.3,21.31,68516.3,772407.7,88,15719,32768,36,244.29,1060373.07,13155438.93
2026-08-04T09:53:01+08:00,1,2,97.8,1954.5,21.57,69262.3,772407.7,88,20637,32768,36,237.31,1060371.26,13155403.74
2026-08-04T09:53:11+08:00,1,2,97.8,1954.5,20.93,68524.4,772407.7,88,17753,32768,36,286.72,1060371.66,13155373.34
2026-08-04T09:53:21+08:00,1,2,97.8,2147.8,21.41,68221.8,772407.7,97,13975,32768,37,294.10,1060374.53,13155329.47
2026-08-04T09:53:31+08:00,1,2,97.8,1954.4,21.82,68041.5,772407.7,97,18615,32768,37,255.65,1060356.14,13155345.86
2026-08-04T09:53:41+08:00,1,2,97.8,2147.6,22.07,68497.4,772407.7,97,14855,32768,36,232.26,1060357.24,13155301.76
2026-08-04T09:53:51+08:00,1,2,97.9,1955.1,21.27,67948.8,772407.7,98,19755,32768,38,294.49,1060353.72,13155290.28
2026-08-04T09:54:01+08:00,1,2,97.9,2147.3,20.85,67959.2,772407.7,98,15715,32768,38,255.33,1060355.14,13155290.86
2026-08-04T09:54:11+08:00,1,2,97.9,1954.4,20.64,68248.5,772407.7,99,20635,32768,37,298.77,1060356.26,13155278.74
2026-08-04T09:54:21+08:00,1,2,97.9,1999.7,20.76,67719.6,772407.7,100,2111,32768,32,73.51,1060357.41,13155281.59
2026-08-04T09:54:31+08:00,1,2,97.9,2147.9,21.03,68860.7,772407.7,100,13333,32768,34,255.97,1060354.05,13155285.95
2026-08-04T09:54:41+08:00,1,2,97.9,1954.4,21.31,68288.3,772407.7,98,18315,32768,37,245.26,1060355.37,13155305.63
2026-08-04T09:54:51+08:00,1,2,98.0,2147.6,22.06,69298.2,772407.7,98,14415,32768,37,272.68,1060356.58,13155311.42
2026-08-04T09:55:01+08:00,1,2,98.0,1955.4,22.19,68028.1,772407.7,98,19195,32768,36,213.10,1060357.81,13155323.19
2026-08-04T09:55:11+08:00,1,2,98.0,2147.2,22.37,68375.7,772407.7,98,15275,32768,37,270.43,1060354.16,13155331.84
2026-08-04T09:55:21+08:00,1,2,98.0,1954.5,21.99,68869.3,772407.7,98,20055,32768,36,216.37,1060355.66,13155331.34
2026-08-04T09:55:31+08:00,1,2,98.0,2147.2,20.53,69218.9,772407.7,90,15719,32768,36,219.92,1060357.13,13155328.87
2026-08-04T09:55:41+08:00,1,2,98.0,1954.5,19.82,67743.9,772407.7,95,20637,32768,36,233.26,1060358.37,13155328.63
2026-08-04T09:55:52+08:00,1,2,98.0,1632.8,19.90,64276.0,772407.7,0,1055,32768,29,56.43,1060354.99,13155677.01
2026-08-04T09:56:02+08:00,1,2,97.8,1632.8,20.71,63289.1,772407.7,0,1055,32768,29,56.43,1060356.17,13155365.83
2026-08-04T09:56:12+08:00,1,2,97.7,1632.8,19.82,64452.5,772407.7,0,1055,32768,29,56.46,1060357.34,13155356.66
2026-08-04T09:56:22+08:00,1,2,97.5,1632.8,19.60,64761.4,772407.7,0,1055,32768,29,56.39,1060358.53,13155365.47
2026-08-04T09:56:32+08:00,1,2,97.4,1632.8,19.93,66388.5,772407.7,0,1055,32768,29,56.43,1060355.27,13155366.73
2026-08-04T09:56:42+08:00,1,2,97.2,1632.8,20.39,67496.1,772407.7,0,1055,32768,29,56.39,1060356.44,13155356.56
2026-08-04T09:56:52+08:00,1,2,97.1,1648.7,20.60,68625.3,772407.7,0,1055,32768,29,56.39,1060355.42,13155359.58
2026-08-04T09:57:02+08:00,1,2,97.0,1644.6,20.32,64839.3,772407.7,0,1055,32768,29,56.43,1060355.47,13155369.53
2026-08-04T09:57:12+08:00,1,2,96.8,1644.6,20.88,65439.3,772407.7,0,1055,32768,29,56.39,1060355.53,13155421.47
2026-08-04T09:57:22+08:00,1,2,96.7,1644.6,21.12,65895.1,772407.7,0,1055,32768,29,56.43,1060355.59,13155498.41
2026-08-04T09:57:32+08:00,1,2,96.5,1644.6,21.80,66123.2,772407.7,0,1055,32768,29,56.39,1060355.66,13155509.34
2026-08-04T09:57:42+08:00,1,2,96.4,1644.6,22.12,67544.2,772407.7,0,1055,32768,29,56.39,1060355.72,13155513.28
2026-08-04T09:57:52+08:00,1,2,96.3,1638.1,22.41,67407.7,772407.7,15,1055,32768,29,56.39,1060355.81,13155505.19
2026-08-04T09:58:02+08:00,1,2,96.1,1642.0,24.08,62182.2,772407.7,0,1055,32768,29,56.46,1060356.03,13155480.97
2026-08-04T09:58:12+08:00,1,2,96.0,1642.0,24.33,63350.4,772407.7,0,1055,32768,29,56.43,1060356.15,13155446.85
2026-08-04T09:58:22+08:00,1,2,95.8,1642.0,24.05,64852.0,772407.7,0,1055,32768,29,56.43,1060356.29,13155405.71
2026-08-04T09:58:32+08:00,1,2,95.7,1642.0,24.03,67047.1,772407.7,0,1055,32768,29,56.46,1060356.43,13155377.57
2026-08-04T09:58:42+08:00,1,2,95.6,1642.0,23.91,66975.0,772407.7,0,1055,32768,29,56.39,1060356.56,13155385.44
2026-08-04T09:58:52+08:00,1,2,95.4,1642.0,23.60,68284.4,772407.7,0,1055,32768,29,56.43,1060356.69,13155339.31
2026-08-04T09:59:02+08:00,1,2,95.3,1677.2,23.72,64976.2,772407.7,0,1055,32768,29,56.39,1060356.81,13155350.19
2026-08-04T09:59:12+08:00,1,2,95.2,1677.2,22.45,65466.5,772407.7,0,1055,32768,29,55.90,1060356.95,13155332.05
2026-08-04T09:59:23+08:00,1,2,95.1,1677.2,21.46,66166.6,772407.7,0,1055,32768,29,55.90,1060357.08,13155315.92
2026-08-04T09:59:33+08:00,1,2,94.9,1677.2,24.74,68440.1,772407.7,0,1055,32768,29,55.94,1060357.22,13155302.78
2026-08-04T09:59:43+08:00,1,2,94.8,1677.2,24.00,68242.2,772407.7,0,1055,32768,29,56.01,1060357.42,13155303.58
2026-08-04T09:59:53+08:00,1,2,94.6,1677.2,23.61,69540.4,772407.7,0,1055,32768,29,55.90,1060357.60,13155304.40
2026-08-04T10:00:03+08:00,1,2,88.0,341.0,24.08,63547.8,772407.7,0,309,32768,29,56.39,1060357.77,13155316.23
2026-08-04T10:00:13+08:00,1,2,60.3,1003.3,23.36,64452.9,772407.7,0,865,32768,29,56.39,1060357.95,13155340.05
2026-08-04T10:00:23+08:00,1,2,31.6,1003.3,23.22,64840.4,772407.7,0,865,32768,29,56.39,1060358.13,13155363.87
2026-08-04T10:00:33+08:00,1,2,21.4,1003.3,22.73,64990.6,772407.7,0,865,32768,29,56.43,1060358.32,13155367.68
2026-08-04T10:00:43+08:00,1,2,16.2,1003.3,22.67,66853.0,772407.7,0,865,32768,29,56.43,1060358.52,13155363.48
2026-08-04T10:00:53+08:00,1,2,13.0,1003.3,21.70,67199.1,772407.7,0,865,32768,29,56.46,1060358.71,13155708.29
2026-08-04T10:01:03+08:00,1,2,10.9,1003.3,21.16,66478.7,772407.7,0,865,32768,29,56.43,1060358.88,13155702.12
2026-08-04T10:01:13+08:00,1,2,17.2,1691.1,20.03,67783.7,772407.7,100,15451,32768,37,295.66,1060359.08,13155376.92
2026-08-04T10:01:23+08:00,1,2,28.9,1954.5,19.72,68983.9,772407.7,100,20335,32768,36,261.66,1060359.29,13155379.71
2026-08-04T10:01:33+08:00,1,2,37.6,2000.2,19.42,68212.2,772407.7,78,1811,32768,32,79.39,1060359.52,13155363.48
2026-08-04T10:01:43+08:00,1,2,44.7,2149.8,20.16,68095.9,772407.7,68,13333,32768,33,190.68,1060359.77,13155354.23
2026-08-04T10:01:53+08:00,1,2,50.7,1957.3,20.04,68374.6,772407.7,100,18615,32768,37,301.49,1060359.97,13155354.03
2026-08-04T10:02:03+08:00,1,2,55.3,2150.3,20.71,68714.9,772407.7,100,14855,32768,37,251.11,1060360.20,13155364.80
2026-08-04T10:02:13+08:00,1,2,59.5,1958.5,20.43,69021.7,772407.7,100,20055,32768,37,208.09,1060360.45,13155363.55
2026-08-04T10:02:23+08:00,1,2,62.7,2151.0,20.35,70837.5,772407.7,87,15719,32768,36,151.50,1060360.69,13155383.31
2026-08-04T10:02:33+08:00,1,2,65.8,1958.5,20.86,69591.9,772407.7,88,20637,32768,36,241.38,1060360.95,13155383.05
2026-08-04T10:02:43+08:00,1,2,68.7,1958.6,20.64,68937.3,772407.7,91,17753,32768,35,296.92,1060361.19,13155406.81
2026-08-04T10:02:53+08:00,1,2,70.9,2151.2,20.54,68534.9,772407.7,100,13753,32768,36,221.53,1060361.33,13155413.67
2026-08-04T10:03:03+08:00,1,2,73.1,1958.3,20.83,70010.1,772407.7,100,18615,32768,36,211.15,1060361.36,13155432.64
2026-08-04T10:03:13+08:00,1,2,74.8,2151.2,20.70,69745.1,772407.7,98,14635,32768,37,241.86,1060361.38,13155442.62
2026-08-04T10:03:23+08:00,1,2,76.5,1958.7,22.94,70103.5,772407.7,100,19755,32768,37,284.96,1060361.42,13155431.58
2026-08-04T10:03:33+08:00,1,2,77.9,2151.2,22.33,70036.0,772407.7,98,15715,32768,37,223.82,1060361.45,13155422.55
2026-08-04T10:03:44+08:00,1,2,79.4,1958.2,22.13,71976.0,772407.7,98,20635,32768,36,233.57,1060361.33,13155415.67
2026-08-04T10:03:54+08:00,1,2,80.2,2003.4,22.53,68214.4,772407.7,79,1651,32768,32,87.16,1060361.36,13155403.64
2026-08-04T10:04:04+08:00,1,2,81.4,2151.9,22.14,69471.9,772407.7,72,1173,32768,33,76.99,1060361.39,13155410.61
2026-08-04T10:04:14+08:00,1,2,82.6,1959.0,22.19,70070.8,772407.7,96,18035,32768,36,213.10,1060356.28,13155789.72
2026-08-04T10:04:24+08:00,1,2,83.5,2151.2,21.93,69397.5,772407.7,98,14195,32768,37,257.43,1060356.61,13155765.39
2026-08-04T10:04:34+08:00,1,2,84.5,1958.5,21.87,70192.3,772407.7,99,19195,32768,37,290.50,1060356.66,13155415.34
2026-08-04T10:04:44+08:00,1,2,85.3,2152.4,21.33,69006.1,772407.7,97,15075,32768,36,247.05,1060356.71,13155424.29
2026-08-04T10:04:54+08:00,1,2,86.2,1958.5,20.43,69453.7,772407.7,98,20057,32768,38,281.08,1060357.20,13155428.80
2026-08-04T10:05:04+08:00,1,2,86.9,2151.7,20.06,69424.9,772407.7,98,15715,32768,37,298.86,1060357.25,13155437.75
2026-08-04T10:05:14+08:00,1,2,87.6,1958.4,19.50,68774.6,772407.7,100,20635,32768,38,251.10,1060357.38,13155432.62
2026-08-04T10:05:24+08:00,1,2,88.3,1961.7,18.80,69276.7,772407.7,100,2293,32768,32,140.18,1060348.59,13155445.41
2026-08-04T10:05:34+08:00,1,2,88.9,2151.2,18.85,68558.5,772407.7,73,13335,32768,34,224.50,1060349.53,13155443.47
2026-08-04T10:05:44+08:00,1,2,89.5,1958.5,18.41,67323.1,772407.7,99,18315,32768,37,296.05,1060349.58,13155455.42
2026-08-04T10:05:54+08:00,1,2,89.9,2151.9,18.04,67664.5,772407.7,97,14195,32768,37,220.75,1060349.40,13155470.60
2026-08-04T10:06:04+08:00,1,2,90.5,1958.4,18.43,67029.0,772407.7,98,18895,32768,37,255.65,1060355.17,13155503.83
2026-08-04T10:06:14+08:00,1,2,91.0,2151.3,18.82,67756.6,772407.7,98,15075,32768,38,252.24,1060355.71,13155521.29
2026-08-04T10:06:24+08:00,1,2,91.5,1958.4,18.92,67893.6,772407.7,99,20055,32768,37,309.35,1060355.80,13155564.20
2026-08-04T10:06:34+08:00,1,2,91.8,2152.6,18.46,65991.1,772407.7,98,15717,32768,37,224.99,1060355.87,13155590.13
2026-08-04T10:06:44+08:00,1,2,92.3,1958.8,18.03,66232.3,772407.7,94,20635,32768,37,205.92,1060356.89,13155610.11
2026-08-04T10:06:54+08:00,1,2,92.7,2004.0,17.02,65683.5,772407.7,100,1971,32768,32,75.91,1060356.95,13155648.05
2026-08-04T10:07:04+08:00,1,2,93.1,2151.5,16.17,67317.2,772407.7,100,13333,32768,34,276.21,1060357.03,13155706.97
2026-08-04T10:07:14+08:00,1,2,93.5,1958.9,16.58,67370.5,772407.7,97,18315,32768,37,304.69,1060357.74,13155733.26
2026-08-04T10:07:24+08:00,1,2,93.8,2152.0,16.33,68819.5,772407.7,98,14415,32768,37,280.10,1060357.99,13155752.01
2026-08-04T10:07:34+08:00,1,2,94.2,1958.8,17.12,68634.8,772407.7,97,19195,32768,37,260.20,1060358.06,13155789.94
2026-08-04T10:07:45+08:00,1,2,94.4,2151.8,17.48,67508.6,772407.7,98,15275,32768,37,252.73,1060358.14,13155836.86
2026-08-04T10:07:55+08:00,1,2,94.6,1959.4,17.16,67453.4,772407.7,98,20335,32768,37,204.81,1060358.22,13155872.78
2026-08-04T10:08:05+08:00,1,2,94.8,2261.9,16.28,68209.4,772407.7,72,15399,32768,34,71.11,1060358.22,13155904.78
2026-08-04T10:08:15+08:00,1,2,95.1,2007.7,15.70,65557.5,772407.7,90,20637,32768,35,79.88,1060358.28,13156076.72
2026-08-04T10:08:25+08:00,1,2,95.5,1959.3,14.91,66575.5,772407.7,93,17753,32768,35,229.37,1060358.35,13156165.65
2026-08-04T10:08:35+08:00,1,2,95.6,2152.1,14.15,66538.3,772407.7,99,13973,32768,37,293.52,1060358.42,13156226.58
2026-08-04T10:08:45+08:00,1,2,95.9,1959.1,13.61,67475.7,772407.7,99,18615,32768,37,308.86,1060358.49,13156277.51
2026-08-04T10:08:55+08:00,1,2,96.1,2152.0,14.44,69678.5,772407.7,99,14855,32768,37,266.80,1060358.65,13156311.35
2026-08-04T10:09:05+08:00,1,2,96.4,1959.7,15.13,68509.0,772407.7,99,19475,32768,37,236.51,1060358.79,13156286.21
2026-08-04T10:09:15+08:00,1,2,96.5,2152.2,16.63,69783.6,772407.7,98,15715,32768,37,280.89,1060358.92,13156280.08
2026-08-04T10:09:25+08:00,1,2,96.8,1959.2,16.83,70073.4,772407.7,98,20635,32768,37,269.41,1060359.05,13156219.95
2026-08-04T10:09:35+08:00,1,2,97.0,2296.0,16.70,71726.1,772407.7,82,7379,32768,34,72.54,1060359.20,13156176.80
2026-08-04T10:09:45+08:00,1,2,97.2,1959.6,17.44,69858.9,772407.7,90,20637,32768,36,243.48,1060359.34,13156145.66
2026-08-04T10:09:55+08:00,1,2,97.4,1959.6,18.64,69953.1,772407.7,100,17755,32768,35,273.79,1060359.47,13156078.53
2026-08-04T10:10:05+08:00,1,2,97.5,2151.9,18.29,70080.9,772407.7,97,13975,32768,36,214.07,1060359.60,13156064.40
2026-08-04T10:10:15+08:00,1,2,97.8,1959.2,17.94,69908.1,772407.7,98,18895,32768,37,313.36,1060359.72,13156049.28
2026-08-04T10:10:25+08:00,1,2,97.9,2151.9,17.42,69925.4,772407.7,98,14855,32768,37,261.49,1060359.87,13156061.13
2026-08-04T10:10:35+08:00,1,2,98.2,1959.2,17.43,68015.7,772407.7,98,19755,32768,37,293.23,1060360.05,13156043.95
2026-08-04T10:10:45+08:00,1,2,98.3,2152.8,17.44,69597.9,772407.7,98,15717,32768,37,217.14,1060360.22,13156038.78
2026-08-04T10:10:55+08:00,1,2,98.4,1959.8,17.83,67686.8,772407.7,98,20635,32768,37,253.85,1060360.40,13156019.60
2026-08-04T10:11:05+08:00,1,2,98.6,2004.3,18.45,67767.5,772407.7,100,1811,32768,32,73.61,1060360.59,13156008.41
2026-08-04T10:11:15+08:00,1,2,98.7,2152.0,18.86,67917.7,772407.7,79,13333,32768,34,195.45,1060360.81,13156045.19
2026-08-04T10:11:25+08:00,1,2,98.9,1959.2,18.41,68030.8,772407.7,98,18035,32768,36,280.29,1060361.43,13156045.57
2026-08-04T10:11:35+08:00,1,2,99.0,2152.1,18.42,68135.2,772407.7,98,14195,32768,37,261.66,1060362.71,13156044.29
2026-08-04T10:11:46+08:00,1,2,99.2,1959.2,18.65,67870.9,772407.7,98,19195,32768,37,309.35,1060362.98,13156019.02
2026-08-04T10:11:56+08:00,1,2,99.1,2152.1,18.57,68497.1,772407.7,98,15075,32768,37,253.05,1060363.32,13156003.68
2026-08-04T10:12:06+08:00,1,2,99.3,1959.4,18.46,67157.3,772407.7,99,19757,32768,38,301.58,1060363.50,13155948.50
2026-08-04T10:12:16+08:00,1,2,99.4,2152.1,18.46,68365.2,772407.7,98,15715,32768,37,288.56,1060363.78,13155898.22
2026-08-04T10:12:26+08:00,1,2,99.5,1959.1,17.92,67896.6,772407.7,98,20635,32768,37,265.87,1060364.01,13155832.99
2026-08-04T10:12:36+08:00,1,2,99.6,2004.3,16.79,67271.9,772407.7,100,1971,32768,32,73.12,1060364.19,13155798.81
2026-08-04T10:12:46+08:00,1,2,99.8,2152.5,15.82,67740.9,772407.7,65,13333,32768,34,183.86,1060364.41,13155784.59
2026-08-04T10:12:56+08:00,1,2,99.9,1959.2,16.14,66911.1,772407.7,99,18315,32768,37,283.32,1060365.10,13155758.90
2026-08-04T10:13:06+08:00,1,2,100.0,2152.1,16.41,67235.3,772407.7,98,14415,32768,37,313.44,1060365.32,13155734.68
2026-08-04T10:13:16+08:00,1,2,100.0,1959.1,16.26,67113.9,772407.7,99,19197,32768,38,296.92,1060366.01,13155705.99
2026-08-04T10:13:26+08:00,1,2,100.0,2152.0,16.77,67710.2,772407.7,98,15075,32768,37,288.66,1060366.27,13155694.73
2026-08-04T10:13:36+08:00,1,2,100.0,1959.9,17.33,67470.2,772407.7,98,20057,32768,37,299.06,1060366.58,13155672.42
2026-08-04T10:13:46+08:00,1,2,100.0,2152.4,17.50,67232.4,772407.7,96,15719,32768,36,211.01,1060366.84,13155635.16
2026-08-04T10:13:56+08:00,1,2,100.0,1959.9,17.29,67433.6,772407.7,95,20635,32768,37,205.17,1060366.85,13155620.15
2026-08-04T10:14:06+08:00,1,2,100.0,1962.4,17.61,66765.9,772407.7,100,2293,32768,32,101.34,1060366.92,13155596.08
2026-08-04T10:14:16+08:00,1,2,100.0,2152.0,17.37,67659.7,772407.7,100,13533,32768,36,309.27,1060367.06,13155568.94
2026-08-04T10:14:26+08:00,1,2,100.0,1959.6,16.55,67320.9,772407.7,97,18315,32768,37,247.86,1060367.43,13155594.57
2026-08-04T10:14:36+08:00,1,2,100.0,2151.9,16.25,67612.4,772407.7,97,14415,32768,36,215.68,1060367.58,13155564.42
2026-08-04T10:14:46+08:00,1,2,100.0,1959.2,16.14,67157.6,772407.7,100,19195,32768,38,302.18,1060367.58,13155566.42
2026-08-04T10:14:56+08:00,1,2,101.0,2151.9,16.11,68614.3,772407.7,98,15275,32768,37,288.07,1060367.58,13155561.42
2026-08-04T10:15:06+08:00,1,2,101.0,1959.2,15.71,68135.9,772407.7,99,19755,32768,37,277.55,1060362.39,13155570.61
2026-08-04T10:15:16+08:00,1,2,101.0,2152.2,16.14,68501.4,772407.7,89,15717,32768,36,189.34,1060362.41,13155605.59
2026-08-04T10:15:27+08:00,1,2,101.0,1959.1,17.05,68564.7,772407.7,93,20635,32768,36,216.85,1060362.40,13155645.60
2026-08-04T10:15:37+08:00,1,2,101.0,1959.6,16.81,68754.9,772407.7,100,11313,32768,33,143.88,1060362.46,13155658.54
2026-08-04T10:15:47+08:00,1,2,101.0,2152.1,17.00,70800.2,772407.7,100,13333,32768,34,257.60,1060362.53,13155672.47
2026-08-04T10:15:57+08:00,1,2,101.0,1959.2,17.77,71024.8,772407.7,97,18315,32768,36,212.26,1060363.14,13155711.86
2026-08-04T10:16:07+08:00,1,2,101.0,2152.9,17.86,69409.5,772407.7,98,14415,32768,37,285.34,1060363.25,13155742.75
2026-08-04T10:16:17+08:00,1,2,101.0,1959.2,18.27,67454.2,772407.7,99,19475,32768,37,271.84,1060363.25,13155765.75
2026-08-04T10:16:27+08:00,1,2,101.0,2152.1,19.00,68303.5,772407.7,98,15495,32768,37,253.54,1060363.46,13155780.54
2026-08-04T10:16:37+08:00,1,2,101.0,1959.7,18.31,66978.2,772407.7,98,20337,32768,37,261.32,1060364.35,13155815.65
2026-08-04T10:16:47+08:00,1,2,101.0,2296.3,17.50,67921.6,772407.7,69,6759,32768,34,72.54,1060364.90,13156487.10
2026-08-04T10:16:57+08:00,1,2,101.0,1960.4,18.19,67652.7,772407.7,88,20637,32768,36,232.13,1060364.83,13155805.17
2026-08-04T10:17:07+08:00,1,2,101.0,1959.7,17.48,66999.0,772407.7,100,17755,32768,36,276.40,1060364.49,13155801.51
2026-08-04T10:17:17+08:00,1,2,101.0,2152.1,17.18,68347.0,772407.7,98,13975,32768,37,264.72,1060364.47,13155783.53
2026-08-04T10:17:27+08:00,1,2,102.0,1959.1,17.00,68800.0,772407.7,98,18895,32768,37,225.62,1060365.08,13155792.92
2026-08-04T10:17:37+08:00,1,2,102.0,2152.0,17.08,68619.4,772407.7,98,15075,32768,37,252.56,1060365.30,13155788.70
2026-08-04T10:17:47+08:00,1,2,102.0,1959.1,17.52,69742.3,772407.7,99,20055,32768,38,282.53,1060365.45,13155791.55
2026-08-04T10:17:57+08:00,1,2,102.0,2152.1,17.67,68333.5,772407.7,94,15717,32768,36,206.27,1060365.49,13155779.51
2026-08-04T10:18:07+08:00,1,2,102.0,1959.6,17.48,67953.4,772407.7,97,20635,32768,37,208.71,1060365.54,13155795.46
2026-08-04T10:18:17+08:00,1,2,102.0,1959.8,18.17,67237.3,772407.7,100,17453,32768,33,142.62,1060365.59,13155806.41
2026-08-04T10:18:27+08:00,1,2,102.0,2152.0,16.92,67516.6,772407.7,100,13535,32768,36,280.89,1060365.66,13155844.34
2026-08-04T10:18:37+08:00,1,2,102.0,1959.1,16.32,68270.1,772407.7,98,18315,32768,37,257.26,1060365.69,13155884.31
2026-08-04T10:18:47+08:00,1,2,102.0,2152.0,16.05,68350.0,772407.7,98,14415,32768,37,239.59,1060365.73,13155895.27
2026-08-04T10:18:57+08:00,1,2,102.0,1959.5,16.63,68973.2,772407.7,100,19475,32768,38,316.14,1060365.71,13155928.29
2026-08-04T10:19:08+08:00,1,2,102.0,2151.9,17.31,71847.2,772407.7,99,15495,32768,37,220.07,1060365.76,13155936.24
2026-08-04T10:19:18+08:00,1,2,102.0,1959.7,17.87,69034.2,772407.7,99,20335,32768,38,292.55,1060365.84,13155935.16
2026-08-04T10:19:28+08:00,1,2,102.0,2152.7,17.89,70014.4,772407.7,83,15719,32768,36,214.21,1060365.85,13156029.15
2026-08-04T10:19:38+08:00,1,2,102.0,1959.2,18.53,69773.2,772407.7,89,20637,32768,36,231.80,1060365.94,13156055.06
2026-08-04T10:19:48+08:00,1,2,102.0,1960.2,18.20,70800.4,772407.7,97,17753,32768,36,279.80,1060366.13,13156076.87
2026-08-04T10:19:58+08:00,1,2,102.0,2152.8,18.81,71099.2,772407.7,100,13753,32768,37,312.74,1060366.13,13156065.87
2026-08-04T10:20:08+08:00,1,2,102.0,1959.2,18.87,70728.6,772407.7,97,18615,32768,37,247.21,1060366.28,13156078.72
2026-08-04T10:20:18+08:00,1,2,102.0,2152.0,18.46,69443.4,772407.7,98,14415,32768,37,216.65,1060366.42,13156020.58
2026-08-04T10:20:28+08:00,1,2,102.0,1959.2,18.39,70581.8,772407.7,99,19195,32768,37,277.98,1060366.56,13155993.44
2026-08-04T10:20:38+08:00,1,2,102.0,2152.1,18.41,68769.9,772407.7,98,15495,32768,38,303.24,1060366.64,13155977.36
2026-08-04T10:20:48+08:00,1,2,102.0,1959.1,17.65,67966.4,772407.7,98,20337,32768,37,222.99,1060367.31,13155938.69
2026-08-04T10:20:58+08:00,1,2,102.0,2152.6,17.49,68554.8,772407.7,84,15719,32768,36,230.64,1060367.89,13155917.11
2026-08-04T10:21:08+08:00,1,2,103.0,1959.8,17.56,67903.5,772407.7,87,20635,32768,36,236.49,1060368.12,13155916.88
2026-08-04T10:21:18+08:00,1,2,103.0,1959.2,17.09,68625.3,772407.7,63,16413,32768,33,162.14,1060368.24,13155916.76
2026-08-04T10:21:28+08:00,1,2,103.0,2152.4,16.91,68508.8,772407.7,100,13533,32768,35,301.29,1060368.36,13155904.64
2026-08-04T10:21:38+08:00,1,2,103.0,1959.6,16.85,68366.7,772407.7,98,18615,32768,37,272.02,1060369.13,13155902.87
2026-08-04T10:21:48+08:00,1,2,103.0,2152.1,17.85,67313.1,772407.7,98,14635,32768,37,290.50,1060369.25,13155880.75
2026-08-04T10:21:58+08:00,1,2,103.0,1959.1,18.42,66932.2,772407.7,97,19475,32768,37,262.46,1060369.45,13155871.55
2026-08-04T10:22:08+08:00,1,2,103.0,2152.5,18.65,68408.5,772407.7,97,15715,32768,38,297.31,1060369.65,13155856.35
2026-08-04T10:22:18+08:00,1,2,103.0,1959.1,18.60,67752.1,772407.7,100,20335,32768,37,295.95,1060369.78,13155838.22
2026-08-04T10:22:28+08:00,1,2,103.0,2296.5,18.65,67339.1,772407.7,70,3879,32768,33,72.14,1060370.05,13155841.95
2026-08-04T10:22:38+08:00,1,2,103.0,1959.6,19.09,68511.0,772407.7,87,20639,32768,36,228.73,1060370.15,13155836.85
2026-08-04T10:22:48+08:00,1,2,103.0,1959.2,19.15,67314.6,772407.7,94,17753,32768,35,216.02,1060370.39,13155835.61
2026-08-04T10:22:58+08:00,1,2,103.0,2152.1,19.65,68325.3,772407.7,98,13975,32768,37,287.77,1060370.46,13155835.54
2026-08-04T10:23:08+08:00,1,2,103.0,1959.1,20.38,69911.4,772407.7,100,18895,32768,37,246.73,1060370.75,13155870.25
2026-08-04T10:23:18+08:00,1,2,103.0,2152.1,19.99,69420.4,772407.7,98,14855,32768,36,244.62,1060371.15,13155844.85
2026-08-04T10:23:28+08:00,1,2,103.0,1960.0,19.83,69753.0,772407.7,98,19755,32768,37,210.94,1060371.27,13155839.73
2026-08-04T10:23:39+08:00,1,2,103.0,2152.1,19.39,68303.2,772407.7,98,15717,32768,37,219.78,1060371.50,13155852.50
2026-08-04T10:23:49+08:00,1,2,103.0,1959.2,19.25,67889.8,772407.7,98,20635,32768,38,240.72,1060371.52,13155864.48
2026-08-04T10:23:59+08:00,1,2,103.0,2004.4,19.37,68052.5,772407.7,74,1351,32768,32,72.49,1060371.72,13155888.28
2026-08-04T10:24:09+08:00,1,2,103.0,2152.0,18.85,69458.1,772407.7,74,7657,32768,33,72.14,1060371.92,13155886.08
2026-08-04T10:24:19+08:00,1,2,103.0,1959.1,19.12,69278.9,772407.7,97,18033,32768,36,213.93,1060372.20,13155872.80
2026-08-04T10:24:29+08:00,1,2,103.0,2152.3,18.34,68875.6,772407.7,97,13977,32768,37,264.72,1060372.48,13155872.52
2026-08-04T10:24:39+08:00,1,2,103.0,1960.1,17.99,69382.9,772407.7,99,18895,32768,37,302.75,1060372.62,13155868.38
2026-08-04T10:24:49+08:00,1,2,103.0,2152.0,17.59,70629.7,772407.7,98,15075,32768,37,263.26,1060372.68,13155855.32
2026-08-04T10:24:59+08:00,1,2,103.0,1959.2,17.67,68961.9,772407.7,100,20055,32768,38,298.38,1060372.58,13155868.42
2026-08-04T10:25:09+08:00,1,2,103.0,2152.7,18.39,68690.1,772407.7,98,15717,32768,36,191.54,1060372.65,13155864.35
2026-08-04T10:25:19+08:00,1,2,103.0,1959.2,18.38,68653.6,772407.7,99,20635,32768,38,302.95,1060372.71,13155903.29
2026-08-04T10:25:29+08:00,1,2,103.0,2004.3,18.30,68446.6,772407.7,100,1691,32768,32,74.49,1060372.67,13155919.33
2026-08-04T10:25:39+08:00,1,2,103.0,2152.0,18.42,69215.4,772407.7,92,13333,32768,34,210.52,1060372.72,13155923.28
2026-08-04T10:25:49+08:00,1,2,104.0,1960.0,18.34,68928.5,772407.7,98,18315,32768,37,297.89,1060372.77,13155905.23
2026-08-04T10:25:59+08:00,1,2,104.0,2151.9,18.13,68948.0,772407.7,97,14417,32768,37,293.91,1060367.48,13155894.52
2026-08-04T10:26:09+08:00,1,2,103.0,1637.2,18.10,65018.3,772407.7,0,1055,32768,29,56.46,1060367.52,13155888.48
2026-08-04T10:26:19+08:00,1,2,102.0,1637.2,17.71,65107.1,772407.7,0,1055,32768,29,56.39,1060367.48,13155913.52
2026-08-04T10:26:29+08:00,1,2,102.0,1637.2,19.87,65305.0,772407.7,0,1055,32768,29,56.43,1060367.89,13155887.11
2026-08-04T10:26:39+08:00,1,2,101.0,1637.2,20.68,66634.1,772407.7,0,1055,32768,29,56.43,1060368.26,13155890.74
2026-08-04T10:26:49+08:00,1,2,100.0,1637.2,20.49,67803.6,772407.7,0,1055,32768,29,56.43,1060368.91,13155902.09
2026-08-04T10:26:59+08:00,1,2,100.0,1637.2,19.57,66848.5,772407.7,0,1055,32768,29,56.50,1060371.15,13155981.85
2026-08-04T10:27:09+08:00,1,2,99.8,1644.9,18.72,64280.3,772407.7,0,1055,32768,29,56.43,1060372.93,13156033.07
2026-08-04T10:27:19+08:00,1,2,99.2,1644.9,18.54,65327.7,772407.7,0,1055,32768,29,56.01,1060374.29,13156040.71
2026-08-04T10:27:30+08:00,1,2,98.6,1644.9,19.14,66399.5,772407.7,0,1055,32768,29,55.90,1060375.85,13156055.15
2026-08-04T10:27:40+08:00,1,2,98.0,1644.9,18.72,65975.1,772407.7,0,1055,32768,29,56.01,1060377.55,13156082.45
2026-08-04T10:27:50+08:00,1,2,97.4,1644.9,18.30,67657.7,772407.7,0,1055,32768,29,55.94,1060378.84,13156094.16
2026-08-04T10:28:00+08:00,1,2,96.8,1644.9,18.61,68528.6,772407.7,0,1055,32768,29,56.01,1060380.34,13156131.66
2026-08-04T10:28:10+08:00,1,2,96.4,1643.9,19.52,67630.3,772407.7,0,1055,32768,29,56.46,1060381.57,13156109.43
2026-08-04T10:28:20+08:00,1,2,95.8,1639.9,19.58,64560.7,772407.7,0,1055,32768,29,56.43,1060382.35,13156089.65
2026-08-04T10:28:30+08:00,1,2,95.3,1639.9,19.43,64483.8,772407.7,0,1055,32768,29,56.01,1060383.21,13156076.79
2026-08-04T10:28:40+08:00,1,2,94.7,1639.9,19.04,66443.0,772407.7,0,1055,32768,29,55.94,1060384.35,13156089.65
2026-08-04T10:28:50+08:00,1,2,94.2,1639.9,18.20,67421.9,772407.7,0,1055,32768,29,56.01,1060384.85,13156074.15
2026-08-04T10:29:00+08:00,1,2,93.6,1639.9,17.55,66678.5,772407.7,0,1055,32768,29,55.90,1060385.07,13156054.93
2026-08-04T10:29:10+08:00,1,2,93.1,1639.9,16.99,67687.4,772407.7,0,1055,32768,29,55.97,1060385.30,13156047.70
2026-08-04T10:29:20+08:00,1,2,93.1,1978.6,17.39,69234.2,772407.7,61,20637,32768,35,210.80,1060385.43,13156034.57
2026-08-04T10:29:30+08:00,1,2,93.2,1978.3,17.64,67574.8,772407.7,95,17753,32768,35,279.50,1060385.81,13156050.19
2026-08-04T10:29:40+08:00,1,2,93.3,2171.5,17.76,68948.6,772407.7,100,13753,32768,36,292.64,1060386.02,13156068.98
2026-08-04T10:29:50+08:00,1,2,93.4,1978.3,17.80,69416.7,772407.7,99,18895,32768,37,305.09,1060386.21,13156061.79
2026-08-04T10:30:00+08:00,1,2,93.5,2171.8,17.83,69353.8,772407.7,97,14855,32768,36,241.69,1060386.30,13156061.70
2026-08-04T10:30:10+08:00,1,2,93.6,1978.3,16.92,68512.2,772407.7,97,19475,32768,36,222.55,1060386.66,13156069.34
2026-08-04T10:30:20+08:00,1,2,93.6,2171.1,16.50,68136.4,772407.7,98,15495,32768,36,248.67,1060386.73,13156079.27
2026-08-04T10:30:30+08:00,1,2,93.7,1978.2,16.42,68550.3,772407.7,99,20337,32768,37,283.21,1060377.94,13156093.06
2026-08-04T10:30:40+08:00,1,2,93.8,2171.3,17.45,69545.0,772407.7,86,15719,32768,36,210.94,1060379.40,13156105.60
2026-08-04T10:30:50+08:00,1,2,93.9,1978.6,17.22,68646.5,772407.7,88,20637,32768,36,236.67,1060378.88,13156124.12
2026-08-04T10:31:00+08:00,1,2,94.0,1979.5,17.64,71314.8,772407.7,99,17753,32768,35,202.73,1060379.78,13156119.22
2026-08-04T10:31:11+08:00,1,2,94.0,2171.1,17.78,70782.3,772407.7,97,13977,32768,36,222.55,1060382.52,13156116.48
2026-08-04T10:31:21+08:00,1,2,94.1,1978.2,19.08,71229.1,772407.7,98,18895,32768,37,244.13,1060386.79,13156122.21
2026-08-04T10:31:31+08:00,1,2,94.1,2171.4,18.43,70781.7,772407.7,98,14855,32768,37,239.10,1060387.03,13156097.97
2026-08-04T10:31:41+08:00,1,2,94.2,1978.2,18.15,71582.2,772407.7,99,19755,32768,37,296.83,1060387.27,13156114.73
2026-08-04T10:31:51+08:00,1,2,94.3,2171.1,18.73,68503.7,772407.7,98,15715,32768,37,258.23,1060388.02,13156100.98
2026-08-04T10:32:01+08:00,1,2,94.4,1978.4,18.77,68836.1,772407.7,98,20635,32768,37,297.99,1060388.44,13156094.56
2026-08-04T10:32:11+08:00,1,2,94.4,2332.8,18.65,69861.5,772407.7,76,1051,32768,33,72.14,1060389.07,13156102.93
2026-08-04T10:32:21+08:00,1,2,94.5,1978.3,21.07,69213.8,772407.7,88,20637,32768,36,230.01,1060389.97,13156156.03
2026-08-04T10:32:31+08:00,1,2,94.6,1978.5,20.44,68105.1,772407.7,92,17753,32768,35,302.75,1060390.53,13156185.47
2026-08-04T10:32:41+08:00,1,2,94.7,2171.6,20.23,67971.8,772407.7,100,13753,32768,36,227.87,1060390.81,13156187.19
2026-08-04T10:32:51+08:00,1,2,94.8,1979.5,20.87,67731.6,772407.7,100,18615,32768,37,216.16,1060391.06,13156204.94
2026-08-04T10:33:01+08:00,1,2,94.8,2171.1,20.89,69296.5,772407.7,98,14635,32768,37,263.26,1060391.47,13156236.53
2026-08-04T10:33:11+08:00,1,2,94.9,1978.4,20.36,69212.1,772407.7,98,19475,32768,37,217.69,1060392.08,13156869.92
2026-08-04T10:33:21+08:00,1,2,94.9,2171.0,20.51,68745.0,772407.7,98,15495,32768,37,247.86,1060392.68,13156197.32
2026-08-04T10:33:31+08:00,1,2,95.0,1978.3,19.91,69095.1,772407.7,98,20335,32768,38,244.46,1060392.97,13156172.03
2026-08-04T10:33:41+08:00,1,2,95.1,2255.7,19.74,68169.1,772407.7,86,15719,32768,35,73.51,1060393.18,13156145.82
2026-08-04T10:33:51+08:00,1,2,95.2,1978.2,19.48,68196.5,772407.7,89,20637,32768,36,229.67,1060393.41,13156141.59
2026-08-04T10:34:01+08:00,1,2,95.2,1978.8,19.31,68413.8,772407.7,93,17753,32768,36,286.42,1060393.92,13156153.08
2026-08-04T10:34:11+08:00,1,2,95.3,2171.3,19.52,71492.4,772407.7,98,13975,32768,37,301.29,1060394.30,13156138.70
2026-08-04T10:34:21+08:00,1,2,95.4,1978.3,19.54,70247.3,772407.7,98,18615,32768,36,211.29,1060395.20,13156117.80
2026-08-04T10:34:31+08:00,1,2,95.4,2171.5,19.53,70901.2,772407.7,97,14635,32768,37,265.21,1060395.42,13156116.58
2026-08-04T10:34:41+08:00,1,2,95.5,1978.3,20.04,70259.0,772407.7,98,19475,32768,36,253.05,1060395.67,13156123.33
2026-08-04T10:34:51+08:00,1,2,95.5,2171.2,19.34,70010.1,772407.7,98,15497,32768,37,281.14,1060396.08,13156121.92
2026-08-04T10:35:01+08:00,1,2,95.6,1978.6,19.13,69320.3,772407.7,98,20337,32768,37,247.54,1060396.46,13156136.54
2026-08-04T10:35:11+08:00,1,2,95.6,2315.1,18.82,69726.0,772407.7,74,1051,32768,33,72.09,1060396.81,13156138.19
2026-08-04T10:35:21+08:00,1,2,95.7,1978.2,19.29,69698.6,772407.7,89,20637,32768,36,242.35,1060397.09,13156152.91
2026-08-04T10:35:32+08:00,1,2,95.8,1978.3,19.25,70781.0,772407.7,99,18035,32768,37,285.45,1060397.52,13156151.48
2026-08-04T10:35:42+08:00,1,2,95.8,2171.2,18.52,70396.0,772407.7,98,14195,32768,37,290.31,1060397.96,13156172.04
2026-08-04T10:35:52+08:00,1,2,95.9,1978.2,17.84,69645.5,772407.7,98,19197,32768,37,309.55,1060398.18,13156173.82
2026-08-04T10:36:02+08:00,1,2,95.9,2171.3,17.62,69986.6,772407.7,99,15275,32768,38,244.46,1060398.29,13156161.71
2026-08-04T10:36:12+08:00,1,2,96.0,1978.4,17.68,69844.6,772407.7,97,20055,32768,37,221.53,1060398.34,13156174.66
2026-08-04T10:36:22+08:00,1,2,96.0,2171.1,18.05,70585.0,772407.7,86,15717,32768,36,231.95,1060398.49,13156174.51
2026-08-04T10:36:32+08:00,1,2,96.1,1978.2,17.70,70081.0,772407.7,99,20635,32768,37,189.47,1060398.52,13156157.48
2026-08-04T10:36:42+08:00,1,2,96.2,2023.4,17.75,70934.1,772407.7,100,2271,32768,32,73.61,1060399.88,13156158.12
2026-08-04T10:36:52+08:00,1,2,96.2,2171.6,18.11,69326.6,772407.7,59,2159,32768,33,72.05,1060395.66,13156173.34
2026-08-04T10:37:02+08:00,1,2,96.3,1978.3,18.72,68745.2,772407.7,99,18035,32768,37,300.12,1060396.75,13156175.25
2026-08-04T10:37:12+08:00,1,2,96.3,2171.2,18.85,70642.0,772407.7,98,14413,32768,37,301.49,1060396.49,13156197.51
2026-08-04T10:37:22+08:00,1,2,96.4,1978.2,18.87,70771.6,772407.7,99,19195,32768,37,210.94,1060397.03,13156204.97
2026-08-04T10:37:32+08:00,1,2,96.4,2171.1,19.04,70764.7,772407.7,98,15277,32768,37,275.91,1060397.50,13156309.50
2026-08-04T10:37:42+08:00,1,2,96.5,1979.0,19.03,68942.2,772407.7,100,20055,32768,37,274.45,1060397.86,13156310.14
2026-08-04T10:37:52+08:00,1,2,96.5,2171.8,19.34,68796.1,772407.7,86,15719,32768,36,228.17,1060397.85,13156315.15
2026-08-04T10:38:02+08:00,1,2,96.6,1978.7,19.45,68623.2,772407.7,90,20637,32768,36,232.77,1060398.00,13156304.00
2026-08-04T10:38:12+08:00,1,2,96.6,1978.2,18.69,69195.0,772407.7,93,17753,32768,35,217.34,1060397.75,13156290.25
2026-08-04T10:38:22+08:00,1,2,96.7,2171.1,18.14,69187.3,772407.7,100,13753,32768,36,257.43,1060398.72,13156277.28
2026-08-04T10:38:32+08:00,1,2,96.7,1978.2,17.97,69055.5,772407.7,98,18615,32768,37,270.74,1060399.04,13156227.96
2026-08-04T10:38:42+08:00,1,2,96.8,2171.1,18.10,70611.1,772407.7,98,14855,32768,36,228.88,1060398.82,13156205.18
2026-08-04T10:38:52+08:00,1,2,96.8,1978.7,18.55,69069.8,772407.7,99,19755,32768,38,317.81,1060399.00,13156174.00
2026-08-04T10:39:02+08:00,1,2,96.9,2171.8,18.40,70028.6,772407.7,98,15715,32768,36,242.99,1060399.20,13156154.80
2026-08-04T10:39:12+08:00,1,2,96.9,1978.3,18.80,67709.3,772407.7,98,20635,32768,38,303.64,1060399.25,13156154.75
2026-08-04T10:39:22+08:00,1,2,97.0,2023.3,18.76,69896.9,772407.7,72,1351,32768,33,73.51,1060399.34,13156141.66
2026-08-04T10:39:32+08:00,1,2,97.0,1978.3,18.93,69331.0,772407.7,89,20637,32768,36,241.69,1060399.20,13156113.80
2026-08-04T10:39:42+08:00,1,2,97.1,1978.3,18.47,69204.8,772407.7,97,18035,32768,37,293.23,1060400.44,13156089.56
2026-08-04T10:39:52+08:00,1,2,97.1,2171.1,18.72,69535.4,772407.7,97,14195,32768,37,272.02,1060400.44,13156080.56
2026-08-04T10:40:02+08:00,1,2,97.2,1978.5,18.66,69152.3,772407.7,99,19197,32768,37,291.67,1060400.90,13156059.10
2026-08-04T10:40:12+08:00,1,2,97.2,2171.7,18.47,69258.1,772407.7,98,15075,32768,37,283.88,1060400.92,13156082.08
2026-08-04T10:40:22+08:00,1,2,97.3,1979.2,18.48,68780.4,772407.7,98,20055,32768,37,215.54,1060401.01,13156070.99
2026-08-04T10:40:33+08:00,1,2,97.3,2171.4,18.40,68666.9,772407.7,89,15719,32768,36,230.79,1060401.40,13156078.60
2026-08-04T10:40:43+08:00,1,2,97.3,1978.3,17.72,70132.1,772407.7,94,20637,32768,36,226.89,1060401.81,13156075.19
2026-08-04T10:40:53+08:00,1,2,97.4,1978.8,18.00,70760.8,772407.7,100,17453,32768,34,280.77,1060401.72,13156124.28
2026-08-04T10:41:03+08:00,1,2,97.4,2171.2,18.14,70501.4,772407.7,100,13533,32768,35,208.99,1060401.70,13156104.30
2026-08-04T10:41:13+08:00,1,2,97.4,1978.3,18.42,70614.9,772407.7,100,18615,32768,37,260.20,1060402.06,13156146.94
2026-08-04T10:41:23+08:00,1,2,97.5,2171.8,18.12,70070.3,772407.7,98,14635,32768,38,292.93,1060402.41,13156165.59
2026-08-04T10:41:33+08:00,1,2,97.5,1978.8,17.04,70315.5,772407.7,97,19475,32768,36,269.45,1060402.96,13156188.04
2026-08-04T10:41:43+08:00,1,2,97.6,2171.2,16.03,69658.2,772407.7,98,15715,32768,37,300.92,1060402.85,13156203.15
2026-08-04T10:41:53+08:00,1,2,97.6,1978.2,16.17,68537.7,772407.7,98,20635,32768,38,311.01,1060403.47,13156228.53
2026-08-04T10:42:03+08:00,1,2,97.7,2022.6,16.83,68275.7,772407.7,67,1171,32768,33,72.05,1060403.73,13156254.27
2026-08-04T10:42:13+08:00,1,2,97.7,1978.4,16.89,67949.3,772407.7,88,20637,32768,36,229.67,1060403.43,13156265.57
2026-08-04T10:42:23+08:00,1,2,97.7,1978.3,17.06,68847.0,772407.7,99,18033,32768,37,279.62,1060404.18,13156290.82
2026-08-04T10:42:33+08:00,1,2,97.8,2171.3,16.81,67542.6,772407.7,97,13975,32768,37,270.56,1060404.40,13156299.60
2026-08-04T10:42:43+08:00,1,2,97.8,1978.7,16.99,67688.6,772407.7,98,18897,32768,37,246.73,1060404.63,13156293.37
2026-08-04T10:42:53+08:00,1,2,97.9,2171.2,17.44,67773.1,772407.7,98,15077,32768,38,270.87,1060404.81,13156294.19
2026-08-04T10:43:03+08:00,1,2,97.9,1978.2,18.80,68365.4,772407.7,97,20055,32768,38,292.15,1060405.03,13156306.97
2026-08-04T10:43:13+08:00,1,2,97.9,2171.7,19.42,68237.1,772407.7,90,15717,32768,36,221.53,1060404.93,13156321.07
2026-08-04T10:43:23+08:00,1,2,98.0,1978.2,19.12,67760.0,772407.7,100,20635,32768,36,223.53,1060405.35,13156323.65
2026-08-04T10:43:33+08:00,1,2,98.0,2023.4,19.01,67452.2,772407.7,100,1931,32768,32,81.34,1060405.63,13156312.37
2026-08-04T10:43:43+08:00,1,2,98.1,2171.2,18.99,68101.6,772407.7,66,13333,32768,34,201.67,1060406.12,13156293.88
2026-08-04T10:43:53+08:00,1,2,98.1,1978.2,19.54,67724.8,772407.7,98,18315,32768,37,245.43,1060406.76,13156307.24
2026-08-04T10:44:03+08:00,1,2,98.1,2171.2,19.59,68149.8,772407.7,98,14195,32768,36,259.86,1060407.18,13156277.82
2026-08-04T10:44:13+08:00,1,2,98.2,1978.2,19.35,67208.1,772407.7,98,19197,32768,36,215.88,1060407.35,13156264.65
2026-08-04T10:44:23+08:00,1,2,98.2,2171.1,18.90,67755.4,772407.7,98,15275,32768,38,284.48,1060407.90,13156259.10
2026-08-04T10:44:33+08:00,1,2,98.3,1978.9,19.23,67070.1,772407.7,99,20055,32768,37,281.14,1060408.15,13156245.85
2026-08-04T10:44:43+08:00,1,2,98.3,2171.1,18.41,68042.1,772407.7,84,15719,32768,36,231.31,1060408.34,13156262.66
2026-08-04T10:44:53+08:00,1,2,98.3,1978.3,17.87,67790.3,772407.7,88,20635,32768,36,196.53,1060409.04,13156272.96
2026-08-04T10:45:03+08:00,1,2,98.4,1978.2,18.39,68429.6,772407.7,59,17453,32768,33,214.70,1060409.46,13156260.54
2026-08-04T10:45:13+08:00,1,2,98.4,2171.1,18.56,68109.2,772407.7,100,13533,32768,36,272.81,1060409.84,13156275.16
2026-08-04T10:45:24+08:00,1,2,98.4,1978.9,18.09,68009.4,772407.7,98,18615,32768,36,223.67,1060409.81,13156297.19
2026-08-04T10:45:34+08:00,1,2,98.4,2171.2,18.58,66993.2,772407.7,97,14637,32768,37,252.41,1060409.77,13156307.23
2026-08-04T10:45:44+08:00,1,2,98.5,1978.4,18.19,66272.8,772407.7,98,19475,32768,37,245.75,1060410.03,13156326.97
2026-08-04T10:45:54+08:00,1,2,98.5,2171.1,17.09,66654.1,772407.7,97,15495,32768,37,269.59,1060410.67,13156355.33
2026-08-04T10:46:04+08:00,1,2,98.6,1978.3,16.44,64085.2,772407.7,99,20635,32768,38,304.21,1060411.14,13156394.86
2026-08-04T10:46:14+08:00,1,2,98.6,1980.9,15.36,64205.6,772407.7,100,1171,32768,33,74.00,1060413.06,13156374.94
2026-08-04T10:46:24+08:00,1,2,98.6,2013.0,14.37,64349.3,772407.7,91,20637,32768,35,76.06,1060413.96,13156408.04
2026-08-04T10:46:34+08:00,1,2,98.7,1978.2,14.25,65104.7,772407.7,99,18035,32768,37,301.20,1060415.04,13156436.96
2026-08-04T10:46:44+08:00,1,2,98.7,2171.1,14.60,67170.8,772407.7,98,14195,32768,37,299.35,1060415.13,13156453.87
2026-08-04T10:46:54+08:00,1,2,98.7,1978.8,16.23,66348.8,772407.7,97,19195,32768,37,224.46,1060415.24,13156482.76
2026-08-04T10:47:04+08:00,1,2,98.8,2171.1,17.02,67785.0,772407.7,98,15275,32768,37,270.07,1060415.86,13156493.14
2026-08-04T10:47:14+08:00,1,2,98.8,1978.3,17.30,67720.2,772407.7,99,20335,32768,37,292.26,1060416.15,13156500.85
2026-08-04T10:47:24+08:00,1,2,98.8,2172.3,16.95,68045.4,772407.7,85,15719,32768,36,228.21,1060416.25,13156523.75
2026-08-04T10:47:34+08:00,1,2,98.9,1978.3,16.71,68590.6,772407.7,87,20637,32768,36,226.74,1060415.89,13156524.11
2026-08-04T10:47:44+08:00,1,2,98.9,1978.2,16.52,68189.3,772407.7,96,17753,32768,36,310.52,1060415.98,13157831.02
2026-08-04T10:47:54+08:00,1,2,98.9,2171.1,17.38,69924.7,772407.7,100,13753,32768,36,243.97,1060411.08,13156499.92
2026-08-04T10:48:04+08:00,1,2,99.0,1978.4,17.92,68322.9,772407.7,99,18897,32768,38,268.13,1060411.50,13156518.50
2026-08-04T10:48:14+08:00,1,2,99.0,2171.7,17.78,69750.6,772407.7,98,14855,32768,37,268.48,1060411.78,13156626.22
2026-08-04T10:48:24+08:00,1,2,99.0,1978.3,17.58,69475.9,772407.7,98,19755,32768,37,214.91,1060411.95,13156631.05
2026-08-04T10:48:34+08:00,1,2,99.1,2171.6,17.63,69716.2,772407.7,98,15715,32768,37,273.30,1060412.20,13156648.80
2026-08-04T10:48:44+08:00,1,2,99.1,1978.6,17.36,68590.4,772407.7,98,20635,32768,37,218.17,1060412.33,13156632.67
2026-08-04T10:48:54+08:00,1,2,99.1,2023.3,17.64,69127.4,772407.7,79,1171,32768,33,72.05,1060412.91,13156636.09
2026-08-04T10:49:04+08:00,1,2,99.2,2043.1,17.24,69538.1,772407.7,85,20637,32768,35,76.99,1060412.58,13156617.42
2026-08-04T10:49:14+08:00,1,2,99.2,1978.9,17.38,69575.3,772407.7,97,18035,32768,37,283.99,1060412.65,13156631.35
2026-08-04T10:49:24+08:00,1,2,99.2,2171.9,17.64,68885.3,772407.7,98,14195,32768,37,305.58,1060412.74,13156631.26
2026-08-04T10:49:34+08:00,1,2,99.3,1978.3,17.86,70066.1,772407.7,99,18895,32768,37,305.18,1060412.37,13156629.63
2026-08-04T10:49:44+08:00,1,2,99.3,2171.2,17.88,69300.1,772407.7,98,15075,32768,37,275.42,1060412.84,13156603.16
2026-08-04T10:49:54+08:00,1,2,99.3,1978.2,18.53,68801.9,772407.7,98,20055,32768,37,215.19,1060413.00,13156584.00
2026-08-04T10:50:05+08:00,1,2,99.4,2171.2,18.81,68757.9,772407.7,97,15717,32768,37,208.57,1060413.12,13156577.88
2026-08-04T10:50:15+08:00,1,2,99.4,1978.2,18.93,69362.2,772407.7,98,20635,32768,37,275.42,1060413.23,13156562.77
2026-08-04T10:50:25+08:00,1,2,99.4,2022.2,19.02,68128.6,772407.7,72,1351,32768,33,74.49,1060413.34,13156549.66
2026-08-04T10:50:35+08:00,1,2,99.4,2122.5,19.80,68539.5,772407.7,75,20637,32768,34,69.69,1060413.63,13156548.37
2026-08-04T10:50:45+08:00,1,2,99.5,1978.3,20.00,68873.7,772407.7,99,17753,32768,35,222.50,1060413.72,13156554.28
2026-08-04T10:50:55+08:00,1,2,99.5,2171.2,20.06,67707.7,772407.7,100,13975,32768,36,283.99,1060413.84,13156550.16
2026-08-04T10:51:05+08:00,1,2,99.5,1978.8,20.30,69143.9,772407.7,98,18615,32768,37,269.28,1060412.96,13156565.04
2026-08-04T10:51:15+08:00,1,2,99.5,2171.2,21.02,68030.4,772407.7,98,14855,32768,38,260.20,1060413.74,13156540.26
2026-08-04T10:51:25+08:00,1,2,99.6,1978.2,20.86,67516.9,772407.7,99,19475,32768,37,284.29,1060413.83,13156543.17
2026-08-04T10:51:35+08:00,1,2,99.6,2171.1,20.06,68171.7,772407.7,98,15495,32768,37,262.64,1060414.60,13156669.40
2026-08-04T10:51:45+08:00,1,2,99.6,1978.9,20.05,68284.3,772407.7,99,20335,32768,37,274.27,1060415.21,13156630.79
2026-08-04T10:51:55+08:00,1,2,99.7,2261.0,20.13,69262.4,772407.7,85,15719,32768,35,72.54,1060415.39,13156523.61
2026-08-04T10:52:05+08:00,1,2,99.7,1978.3,20.04,67589.8,772407.7,89,20637,32768,36,205.79,1060415.51,13156464.49
2026-08-04T10:52:15+08:00,1,2,99.7,1978.2,20.04,67116.8,772407.7,98,17755,32768,35,225.62,1060415.68,13156400.32
2026-08-04T10:52:25+08:00,1,2,99.8,2171.1,19.73,67901.2,772407.7,100,13753,32768,36,247.38,1060415.85,13156464.15
2026-08-04T10:52:35+08:00,1,2,99.8,1978.2,19.53,67231.1,772407.7,99,18615,32768,37,214.07,1060416.42,13156414.58
2026-08-04T10:52:45+08:00,1,2,99.8,2171.1,18.75,68628.6,772407.7,98,14635,32768,36,236.34,1060416.31,13156367.69
2026-08-04T10:52:55+08:00,1,2,99.9,1979.2,17.48,68011.8,772407.7,98,19475,32768,36,282.42,1060416.77,13156362.23
2026-08-04T10:53:05+08:00,1,2,99.9,2171.1,16.64,68034.9,772407.7,98,15715,32768,37,287.29,1060417.00,13156356.00
2026-08-04T10:53:15+08:00,1,2,99.9,1978.3,16.55,67442.4,772407.7,99,20635,32768,37,205.30,1060417.11,13156345.89
2026-08-04T10:53:25+08:00,1,2,99.9,2551.0,17.08,68697.2,772407.7,68,1171,32768,33,80.91,1060417.33,13156348.67
2026-08-04T10:53:35+08:00,1,2,100.0,2091.1,17.36,67057.6,772407.7,86,20637,32768,35,71.07,1060417.58,13156347.42
2026-08-04T10:53:45+08:00,1,2,100.0,1978.9,18.10,67144.5,772407.7,97,17753,32768,35,230.98,1060417.83,13157007.17
2026-08-04T10:53:55+08:00,1,2,100.0,2171.1,18.86,68695.7,772407.7,98,13755,32768,36,272.51,1060409.85,13156356.15
2026-08-04T10:54:05+08:00,1,2,100.0,1642.4,19.53,68101.9,772407.7,0,1053,32768,31,67.69,1060411.13,13156369.87
2026-08-04T10:54:15+08:00,1,2,99.7,1638.3,18.98,63568.9,772407.7,0,1053,32768,29,56.01,1060411.38,13156393.62
2026-08-04T10:54:26+08:00,1,2,99.4,1638.3,19.00,65580.9,772407.7,0,1053,32768,29,55.90,1060413.13,13156395.87
2026-08-04T10:54:36+08:00,1,2,99.1,1638.3,18.52,65851.7,772407.7,0,1053,32768,29,55.97,1060419.29,13156411.71
2026-08-04T10:54:46+08:00,1,2,98.8,1638.3,18.07,66174.1,772407.7,0,1053,32768,29,56.01,1060419.71,13156410.29
2026-08-04T10:54:56+08:00,1,2,98.5,1638.3,18.21,66177.4,772407.7,0,1053,32768,29,55.90,1060420.93,13156409.07
2026-08-04T10:55:06+08:00,1,2,98.2,1638.3,18.33,66459.3,772407.7,0,1053,32768,29,56.01,1060422.81,13156400.19
2026-08-04T10:55:16+08:00,1,2,98.0,1642.0,19.03,64254.8,772407.7,0,1053,32768,29,55.94,1060423.04,13156399.96
2026-08-04T10:55:26+08:00,1,2,97.7,1642.0,19.58,64826.5,772407.7,0,1053,32768,29,55.90,1060423.29,13156380.71
2026-08-04T10:55:36+08:00,1,2,97.4,1642.0,19.58,65573.2,772407.7,0,1053,32768,29,55.90,1060425.48,13156373.52
2026-08-04T10:55:46+08:00,1,2,97.1,1642.0,19.42,67756.6,772407.7,0,1053,32768,29,56.01,1060426.14,13156364.86
2026-08-04T10:55:56+08:00,1,2,96.8,1642.0,19.60,67068.2,772407.7,0,1053,32768,29,56.01,1060426.12,13156357.88
2026-08-04T10:56:06+08:00,1,2,96.5,1642.0,19.89,67712.5,772407.7,0,1053,32768,29,55.90,1060426.86,13156357.14
2026-08-04T10:56:16+08:00,1,2,96.3,1645.9,20.22,65610.6,772407.7,0,1053,32768,29,55.94,1060427.13,13156337.87
2026-08-04T10:56:26+08:00,1,2,96.0,1645.9,19.95,64678.0,772407.7,0,1053,32768,29,55.97,1060427.50,13156319.50
2026-08-04T10:56:36+08:00,1,2,95.7,1645.9,20.19,64746.5,772407.7,0,1053,32768,29,55.90,1060427.21,13156301.79
2026-08-04T10:56:46+08:00,1,2,95.4,1645.9,20.24,67538.9,772407.7,0,1053,32768,29,55.97,1060428.23,13156313.77
2026-08-04T10:56:56+08:00,1,2,95.1,1645.9,20.27,67384.4,772407.7,0,1053,32768,29,56.01,1060428.51,13156327.49
2026-08-04T10:57:06+08:00,1,2,94.9,1645.9,19.60,67130.1,772407.7,0,1053,32768,29,55.94,1060428.91,13156357.09
2026-08-04T10:57:16+08:00,1,2,94.7,1645.9,19.19,68329.6,772407.7,96,20635,32768,36,225.96,1060429.36,13156383.64
2026-08-04T10:57:26+08:00,1,2,94.7,1985.9,19.33,69407.6,772407.7,100,2293,32768,32,81.29,1060429.59,13156391.41
2026-08-04T10:57:36+08:00,1,2,94.8,2178.8,18.91,68798.8,772407.7,100,13535,32768,36,243.64,1060429.80,13156391.20
2026-08-04T10:57:46+08:00,1,2,94.8,1986.0,18.98,67866.0,772407.7,98,18315,32768,36,280.47,1060430.05,13156398.95
2026-08-04T10:57:56+08:00,1,2,94.8,2179.4,19.12,68955.6,772407.7,97,14635,32768,37,274.27,1060430.09,13156431.91
2026-08-04T10:58:06+08:00,1,2,94.9,1985.9,18.88,68732.6,772407.7,99,19475,32768,38,306.64,1060430.23,13156445.77
2026-08-04T10:58:16+08:00,1,2,94.9,2178.9,18.60,68442.9,772407.7,98,15495,32768,36,218.95,1060430.35,13156467.65
2026-08-04T10:58:26+08:00,1,2,95.0,1987.1,18.06,68710.1,772407.7,98,20335,32768,38,313.64,1060430.55,13156492.45
2026-08-04T10:58:36+08:00,1,2,95.0,2178.8,17.67,69020.1,772407.7,94,15717,32768,36,206.55,1060430.63,13156511.37
2026-08-04T10:58:46+08:00,1,2,95.0,1986.2,18.23,66815.1,772407.7,98,20635,32768,37,218.46,1060425.56,13156546.44
2026-08-04T10:58:57+08:00,1,2,95.1,1986.8,18.94,67949.9,772407.7,100,11313,32768,33,252.24,1060426.13,13156575.87
2026-08-04T10:59:07+08:00,1,2,95.1,2178.9,17.86,68429.5,772407.7,100,13533,32768,36,293.23,1060426.25,13156586.75
2026-08-04T10:59:17+08:00,1,2,95.1,1986.0,17.34,67758.9,772407.7,98,18317,32768,36,216.37,1060426.37,13156607.63
2026-08-04T10:59:27+08:00,1,2,95.2,2178.8,17.38,68648.4,772407.7,98,14415,32768,37,284.96,1060426.47,13156636.53
2026-08-04T10:59:37+08:00,1,2,95.2,1985.9,17.77,69072.2,772407.7,98,19475,32768,37,218.32,1060426.92,13156675.08
2026-08-04T10:59:47+08:00,1,2,95.2,2179.4,18.37,68707.3,772407.7,97,15715,32768,37,310.93,1060426.99,13156687.01
2026-08-04T10:59:57+08:00,1,2,95.3,1986.6,18.70,68820.2,772407.7,99,20335,32768,38,315.38,1060427.38,13156719.62
2026-08-04T11:00:07+08:00,1,2,95.3,2178.9,18.74,68692.7,772407.7,87,15719,32768,36,135.39,1060427.34,13156737.66
2026-08-04T11:00:17+08:00,1,2,95.4,1986.7,19.15,68686.9,772407.7,87,20637,32768,36,240.56,1060427.23,13156711.77
2026-08-04T11:00:27+08:00,1,2,95.4,1986.0,20.53,68578.3,772407.7,89,17755,32768,35,221.73,1060427.47,13156696.53
2026-08-04T11:00:37+08:00,1,2,95.4,2178.9,19.90,68435.5,772407.7,100,13753,32768,36,221.87,1060427.32,13156676.68
2026-08-04T11:00:47+08:00,1,2,95.5,1986.0,19.55,66711.1,772407.7,98,18615,32768,36,230.31,1060427.17,13156659.83
2026-08-04T11:00:57+08:00,1,2,95.5,2179.4,18.92,68150.7,772407.7,98,14855,32768,38,293.52,1060427.39,13156683.61
2026-08-04T11:01:07+08:00,1,2,95.5,1987.2,18.32,66825.9,772407.7,100,19757,32768,38,319.48,1060427.66,13156697.34
2026-08-04T11:01:17+08:00,1,2,95.6,2178.8,18.50,69175.3,772407.7,98,15715,32768,37,304.49,1060427.42,13156724.58
2026-08-04T11:01:27+08:00,1,2,95.6,1986.1,18.42,67954.2,772407.7,98,20635,32768,38,276.21,1060427.48,13156745.52
2026-08-04T11:01:37+08:00,1,2,95.6,2633.4,18.04,69847.4,772407.7,82,1171,32768,33,75.47,1060427.61,13156760.39
2026-08-04T11:01:47+08:00,1,2,95.7,2032.7,17.86,68813.7,772407.7,90,20639,32768,35,83.84,1060427.11,13156800.89
2026-08-04T11:01:57+08:00,1,2,95.7,1985.9,18.20,69371.3,772407.7,98,18033,32768,36,214.42,1060427.23,13156841.77
2026-08-04T11:02:07+08:00,1,2,95.7,2178.9,17.96,69095.5,772407.7,98,13973,32768,37,278.16,1060427.29,13156898.71
2026-08-04T11:02:17+08:00,1,2,95.8,1986.5,18.20,68059.8,772407.7,98,18895,32768,37,264.10,1060427.58,13156932.42
2026-08-04T11:02:27+08:00,1,2,95.8,2178.9,18.09,68457.2,772407.7,99,15075,32768,38,288.26,1060427.78,13156949.22
2026-08-04T11:02:37+08:00,1,2,95.8,1986.1,18.21,67519.1,772407.7,98,19757,32768,36,207.11,1060427.97,13156988.03
2026-08-04T11:02:47+08:00,1,2,95.9,2179.7,17.89,70725.0,772407.7,97,15715,32768,38,309.96,1060428.08,13157378.92
2026-08-04T11:02:57+08:00,1,2,95.9,1986.0,17.52,69118.8,772407.7,100,20635,32768,38,244.94,1060428.17,13157075.83
2026-08-04T11:03:07+08:00,1,2,95.9,2548.9,16.67,69578.5,772407.7,66,1171,32768,33,73.12,1060428.25,13157079.75
2026-08-04T11:03:18+08:00,1,2,96.0,1986.0,16.85,68657.8,772407.7,88,20637,32768,36,238.13,1060428.54,13157055.46
2026-08-04T11:03:28+08:00,1,2,96.0,1986.1,16.82,70313.5,772407.7,100,18033,32768,37,316.35,1060428.28,13157102.72
2026-08-04T11:03:38+08:00,1,2,96.0,2178.8,16.40,68638.6,772407.7,98,13975,32768,36,255.97,1060428.68,13157054.32
2026-08-04T11:03:48+08:00,1,2,96.1,1986.0,16.11,70021.6,772407.7,99,18895,32768,37,296.14,1060428.88,13157008.12
2026-08-04T11:03:58+08:00,1,2,96.1,2179.3,16.01,69261.0,772407.7,98,15075,32768,37,239.10,1060428.99,13156965.01
2026-08-04T11:04:08+08:00,1,2,96.1,1986.4,16.46,69533.4,772407.7,98,20055,32768,38,273.79,1060429.29,13156894.71
2026-08-04T11:04:18+08:00,1,2,96.1,2179.2,16.85,69379.0,772407.7,86,15719,32768,36,227.72,1060428.94,13156832.06
2026-08-04T11:04:28+08:00,1,2,96.2,1986.0,16.72,69423.8,772407.7,98,20635,32768,38,300.23,1060429.37,13156754.63
2026-08-04T11:04:38+08:00,1,2,96.2,2031.1,17.24,70756.5,772407.7,100,1811,32768,32,73.47,1060429.63,13156699.37
2026-08-04T11:04:48+08:00,1,2,96.2,2178.8,16.50,69760.6,772407.7,60,1813,32768,33,95.41,1060429.93,13156699.07
2026-08-04T11:04:58+08:00,1,2,96.3,1986.0,16.85,69648.2,772407.7,97,18035,32768,36,253.22,1060430.25,13156646.75
2026-08-04T11:05:08+08:00,1,2,96.3,2179.0,16.88,69218.4,772407.7,98,13975,32768,37,259.71,1060430.56,13156691.44
2026-08-04T11:05:18+08:00,1,2,96.3,1986.2,17.13,68515.7,772407.7,98,18895,32768,37,274.14,1060430.98,13156631.02
2026-08-04T11:05:28+08:00,1,2,96.4,2178.9,17.27,68999.9,772407.7,98,15075,32768,38,300.23,1060431.22,13156595.78
2026-08-04T11:05:38+08:00,1,2,96.4,1985.9,17.91,68147.4,772407.7,97,19755,32768,37,245.75,1060431.70,13156569.30
2026-08-04T11:05:48+08:00,1,2,96.4,2179.2,18.31,68903.0,772407.7,98,15717,32768,37,207.87,1060431.90,13156532.10
2026-08-04T11:05:58+08:00,1,2,96.5,1987.2,18.34,68933.8,772407.7,98,20635,32768,38,296.34,1060432.35,13156520.65
2026-08-04T11:06:08+08:00,1,2,96.5,2031.2,19.26,69975.2,772407.7,100,2111,32768,32,76.45,1060432.65,13156461.35
2026-08-04T11:06:18+08:00,1,2,96.5,2178.9,19.36,70335.8,772407.7,98,12773,32768,33,155.31,1060433.05,13156439.95
2026-08-04T11:06:28+08:00,1,2,96.5,1986.0,19.38,69865.6,772407.7,100,18317,32768,37,300.03,1060433.55,13156405.45
2026-08-04T11:06:38+08:00,1,2,96.6,2178.9,19.33,70607.1,772407.7,97,14415,32768,38,306.84,1060433.89,13156365.11
2026-08-04T11:06:48+08:00,1,2,96.6,1986.5,19.74,69767.1,772407.7,97,19477,32768,38,280.59,1060435.42,13156320.58
2026-08-04T11:06:58+08:00,1,2,96.6,2179.5,19.95,68865.9,772407.7,98,15495,32768,38,309.07,1060436.75,13156292.25
2026-08-04T11:07:08+08:00,1,2,96.7,1986.1,19.89,68891.6,772407.7,98,20335,32768,37,222.50,1060437.67,13156232.33
2026-08-04T11:07:18+08:00,1,2,96.7,2178.8,19.52,69212.9,772407.7,86,15719,32768,36,232.13,1060437.93,13156195.07
2026-08-04T11:07:28+08:00,1,2,96.7,1986.1,18.80,68815.7,772407.7,87,20637,32768,36,212.47,1060438.86,13156162.14
2026-08-04T11:07:38+08:00,1,2,96.7,1986.0,17.92,69009.9,772407.7,63,17453,32768,34,244.13,1060438.95,13156132.05
2026-08-04T11:07:49+08:00,1,2,96.8,2178.9,17.47,69037.2,772407.7,100,13533,32768,35,252.09,1060439.48,13156118.52
2026-08-04T11:07:59+08:00,1,2,96.8,1986.4,17.17,68554.4,772407.7,100,18615,32768,37,243.97,1060439.87,13156081.13
2026-08-04T11:08:09+08:00,1,2,96.8,2179.3,17.21,70028.1,772407.7,98,14635,32768,37,220.61,1060440.40,13156039.60
2026-08-04T11:08:19+08:00,1,2,96.8,1986.8,17.91,68357.9,772407.7,99,19755,32768,38,273.96,1060440.66,13156002.34
2026-08-04T11:08:29+08:00,1,2,96.9,2179.6,18.25,70227.9,772407.7,98,15715,32768,37,252.09,1060441.32,13155977.68
2026-08-04T11:08:39+08:00,1,2,96.9,1986.0,18.59,67805.4,772407.7,98,20637,32768,37,272.33,1060441.39,13155959.61
2026-08-04T11:08:49+08:00,1,2,96.9,2031.3,18.73,69118.7,772407.7,100,1591,32768,32,74.00,1060441.66,13155932.34
2026-08-04T11:08:59+08:00,1,2,96.9,2131.1,19.08,68873.5,772407.7,89,20637,32768,34,69.69,1060441.83,13155899.17
2026-08-04T11:09:09+08:00,1,2,97.0,1986.1,19.08,68004.5,772407.7,97,18035,32768,37,286.31,1060442.29,13156525.71
2026-08-04T11:09:19+08:00,1,2,97.0,2178.8,19.30,67610.9,772407.7,98,13975,32768,36,260.03,1060442.29,13155837.71
2026-08-04T11:09:29+08:00,1,2,97.0,1986.5,19.26,67678.9,772407.7,99,18895,32768,37,280.40,1060442.39,13155808.61
2026-08-04T11:09:39+08:00,1,2,97.1,2178.9,19.06,67572.9,772407.7,98,15075,32768,37,249.33,1060442.64,13155799.36
2026-08-04T11:09:49+08:00,1,2,97.1,1986.0,18.57,67616.9,772407.7,97,20055,32768,37,249.00,1060442.85,13155782.15
2026-08-04T11:09:59+08:00,1,2,97.1,2178.9,18.48,67427.1,772407.7,92,15717,32768,36,185.20,1060437.62,13155779.38
2026-08-04T11:10:09+08:00,1,2,97.1,1985.9,18.32,68143.4,772407.7,94,20635,32768,37,224.16,1060437.98,13155766.02
2026-08-04T11:10:19+08:00,1,2,97.2,1989.3,18.25,68294.9,772407.7,100,2293,32768,32,91.13,1060438.15,13155740.85
2026-08-04T11:10:29+08:00,1,2,97.2,2179.3,18.28,68342.1,772407.7,94,13333,32768,35,294.49,1060438.43,13155713.57
2026-08-04T11:10:39+08:00,1,2,97.2,1986.0,18.23,69594.3,772407.7,99,18315,32768,36,269.10,1060438.67,13155704.33
2026-08-04T11:10:49+08:00,1,2,97.2,2179.5,18.04,68782.4,772407.7,99,14415,32768,37,227.72,1060439.04,13155688.96
2026-08-04T11:10:59+08:00,1,2,97.3,1986.0,16.95,68126.8,772407.7,99,19475,32768,38,279.80,1060439.11,13155680.89
2026-08-04T11:11:09+08:00,1,2,97.3,2179.4,16.58,68394.6,772407.7,98,15495,32768,37,249.16,1060439.62,13155691.38
2026-08-04T11:11:19+08:00,1,2,97.3,1986.1,16.49,68651.7,772407.7,98,20335,32768,37,240.39,1060439.58,13155697.42
2026-08-04T11:11:29+08:00,1,2,97.3,2178.8,17.35,68206.6,772407.7,84,15719,32768,36,224.35,1060439.77,13155709.23
2026-08-04T11:11:39+08:00,1,2,97.4,1986.1,17.45,68704.7,772407.7,91,20637,32768,36,235.18,1060440.51,13155712.49
2026-08-04T11:11:49+08:00,1,2,97.4,1986.0,17.91,68043.1,772407.7,68,17453,32768,33,222.85,1060441.11,13155725.89
2026-08-04T11:11:59+08:00,1,2,97.4,2178.9,18.38,68906.8,772407.7,100,13533,32768,36,270.56,1060441.79,13155744.21
2026-08-04T11:12:09+08:00,1,2,97.4,1986.0,18.48,69190.9,772407.7,98,18617,32768,37,216.37,1060442.35,13155784.65
2026-08-04T11:12:19+08:00,1,2,97.5,2179.3,18.79,69065.6,772407.7,98,14635,32768,37,252.08,1060442.88,13155770.12
2026-08-04T11:12:30+08:00,1,2,97.5,1987.3,18.75,68031.1,772407.7,98,19757,32768,37,288.66,1060443.23,13155781.77
2026-08-04T11:12:40+08:00,1,2,97.5,2178.8,19.33,68299.7,772407.7,98,15717,32768,37,216.51,1060443.31,13155820.69
2026-08-04T11:12:50+08:00,1,2,97.5,1986.1,19.60,67900.5,772407.7,98,20635,32768,37,215.88,1060443.72,13155858.28
2026-08-04T11:13:00+08:00,1,2,97.5,2031.1,19.80,68489.6,772407.7,94,1811,32768,32,71.16,1060442.72,13155899.28
2026-08-04T11:13:10+08:00,1,2,97.6,2178.9,20.22,67683.5,772407.7,65,8713,32768,34,251.59,1060442.71,13155929.29
2026-08-04T11:13:20+08:00,1,2,97.6,1987.4,20.04,69376.6,772407.7,98,18315,32768,36,218.46,1060442.91,13155984.09
2026-08-04T11:13:30+08:00,1,2,97.6,2178.9,20.86,69190.3,772407.7,97,14417,32768,37,300.81,1060443.21,13155995.79
2026-08-04T11:13:40+08:00,1,2,97.6,1986.5,20.11,68032.6,772407.7,98,19475,32768,37,273.96,1060443.28,13155995.72
2026-08-04T11:13:50+08:00,1,2,97.6,2178.8,20.12,69074.3,772407.7,98,15715,32768,38,271.23,1060444.69,13156006.31
2026-08-04T11:14:00+08:00,1,2,97.7,1986.0,20.10,69358.0,772407.7,100,20635,32768,38,288.85,1060444.78,13156048.22
2026-08-04T11:14:10+08:00,1,2,97.7,2031.2,19.93,68265.7,772407.7,83,1391,32768,33,74.00,1060444.87,13156091.13
2026-08-04T11:14:20+08:00,1,2,97.7,2178.8,19.48,70664.2,772407.7,62,6217,32768,33,72.00,1060445.40,13156097.60
2026-08-04T11:14:30+08:00,1,2,97.8,1986.4,19.24,68580.0,772407.7,98,18315,32768,37,292.55,1060444.67,13156104.33
2026-08-04T11:14:40+08:00,1,2,97.8,2179.2,18.73,70255.4,772407.7,97,14415,32768,37,304.21,1060443.31,13156106.69
2026-08-04T11:14:50+08:00,1,2,97.8,1986.5,18.22,70468.1,772407.7,98,19197,32768,36,208.57,1060443.59,13156100.41
2026-08-04T11:15:00+08:00,1,2,97.8,2179.2,17.72,69945.8,772407.7,98,15277,32768,37,235.67,1060444.00,13156088.00
2026-08-04T11:15:10+08:00,1,2,97.8,1986.2,17.52,71979.5,772407.7,99,20057,32768,37,286.42,1060444.27,13156722.73
2026-08-04T11:15:20+08:00,1,2,97.9,2178.9,17.44,71383.8,772407.7,82,15719,32768,36,198.35,1060444.58,13156041.42
2026-08-04T11:15:30+08:00,1,2,97.9,1986.0,17.98,72574.8,772407.7,88,20635,32768,36,234.23,1060444.85,13156036.15
2026-08-04T11:15:40+08:00,1,2,97.9,1986.1,18.06,71817.2,772407.7,76,17453,32768,33,142.22,1060445.22,13156031.78
2026-08-04T11:15:50+08:00,1,2,97.9,2179.6,18.94,72272.1,772407.7,100,13533,32768,36,279.01,1060445.60,13156038.40
2026-08-04T11:16:00+08:00,1,2,98.0,1986.3,19.19,73260.5,772407.7,99,18315,32768,36,262.95,1060445.76,13156041.24
2026-08-04T11:16:10+08:00,1,2,98.0,2178.9,19.47,70739.6,772407.7,97,14415,32768,37,261.00,1060446.13,13156054.87
2026-08-04T11:16:20+08:00,1,2,98.0,1986.0,19.27,70437.4,772407.7,99,19475,32768,38,242.34,1060446.38,13156090.62
2026-08-04T11:16:30+08:00,1,2,98.0,2179.4,19.52,70095.2,772407.7,98,15497,32768,37,222.07,1060446.21,13156118.79
2026-08-04T11:16:40+08:00,1,2,98.0,1985.9,18.81,70349.7,772407.7,98,20335,32768,37,263.12,1060447.04,13156148.96
2026-08-04T11:16:50+08:00,1,2,98.1,2202.6,17.71,69874.5,772407.7,83,15719,32768,35,85.31,1060447.62,13156138.38
2026-08-04T11:17:01+08:00,1,2,98.1,1986.5,17.98,69705.5,772407.7,93,20637,32768,36,227.91,1060448.00,13156165.00
2026-08-04T11:17:11+08:00,1,2,98.1,1986.0,17.69,69234.0,772407.7,100,8233,32768,32,262.29,1060448.42,13156189.58
2026-08-04T11:17:21+08:00,1,2,98.1,2178.9,18.46,69756.8,772407.7,100,13535,32768,35,216.85,1060441.00,13156236.00
2026-08-04T11:17:31+08:00,1,2,98.1,1985.9,18.54,68394.5,772407.7,97,18615,32768,37,222.55,1060441.20,13156274.80
2026-08-04T11:17:41+08:00,1,2,98.1,2178.8,18.99,68777.7,772407.7,98,14855,32768,38,223.04,1060441.64,13156298.36
2026-08-04T11:17:51+08:00,1,2,98.2,1986.2,18.85,68378.2,772407.7,98,19755,32768,37,270.56,1060445.06,13156322.94
2026-08-04T11:18:01+08:00,1,2,98.2,2178.9,19.03,67122.9,772407.7,98,15717,32768,36,206.63,1060450.34,13156364.66
2026-08-04T11:18:11+08:00,1,2,98.2,1986.3,19.24,66712.1,772407.7,98,20637,32768,37,226.74,1060450.57,13156435.43
2026-08-04T11:18:21+08:00,1,2,98.2,1986.6,19.43,67882.5,772407.7,95,17453,32768,34,215.39,1060451.80,13156438.20
2026-08-04T11:18:31+08:00,1,2,98.3,2178.9,19.75,68348.3,772407.7,100,13753,32768,37,284.78,1060452.98,13156470.02
2026-08-04T11:18:41+08:00,1,2,98.3,1986.4,19.63,69158.2,772407.7,98,18895,32768,38,298.86,1060453.54,13156466.46
2026-08-04T11:18:51+08:00,1,2,98.3,2179.3,19.76,69261.4,772407.7,98,15077,32768,38,304.41,1060453.80,13156475.20
2026-08-04T11:19:01+08:00,1,2,98.3,1986.1,20.05,68641.5,772407.7,100,20055,32768,37,295.56,1060454.89,13156499.11
2026-08-04T11:19:11+08:00,1,2,98.3,2179.5,20.25,68210.7,772407.7,92,15719,32768,36,227.91,1060455.47,13156507.53
2026-08-04T11:19:21+08:00,1,2,98.4,1986.3,20.86,67911.6,772407.7,95,20637,32768,37,231.47,1060455.78,13156512.22
2026-08-04T11:19:31+08:00,1,2,98.4,1986.5,20.80,67903.4,772407.7,86,17455,32768,34,239.42,1060456.07,13156513.93
2026-08-04T11:19:41+08:00,1,2,98.4,2178.8,20.27,66771.2,772407.7,100,13753,32768,37,279.32,1060456.30,13156517.70
2026-08-04T11:19:51+08:00,1,2,98.4,1986.1,18.91,65111.9,772407.7,98,18617,32768,37,284.29,1060456.35,13156524.65
2026-08-04T11:20:01+08:00,1,2,98.4,2178.8,17.76,65829.8,772407.7,99,14855,32768,37,258.72,1060456.39,13156522.61
2026-08-04T11:20:11+08:00,1,2,98.5,1986.0,16.57,64885.7,772407.7,99,20055,32768,38,277.19,1060456.63,13156526.37
2026-08-04T11:20:21+08:00,1,2,98.5,2178.9,15.70,65421.4,772407.7,86,15717,32768,36,207.39,1060457.17,13156533.83
2026-08-04T11:20:31+08:00,1,2,98.5,1986.1,14.29,64617.7,772407.7,90,20635,32768,36,226.60,1060457.50,13156529.50
2026-08-04T11:20:41+08:00,1,2,98.5,1986.7,13.32,64879.9,772407.7,68,17753,32768,36,290.12,1060457.55,13156516.45
2026-08-04T11:20:51+08:00,1,2,98.5,2178.8,12.43,64672.0,772407.7,100,13975,32768,36,292.64,1060457.67,13156528.33
2026-08-04T11:21:01+08:00,1,2,98.6,1986.0,11.52,64812.6,772407.7,99,18895,32768,36,242.02,1060451.65,13156537.35
2026-08-04T11:21:11+08:00,1,2,98.6,2179.0,11.99,64961.0,772407.7,98,15075,32768,37,266.18,1060451.83,13156532.17
2026-08-04T11:21:21+08:00,1,2,98.6,1986.0,11.07,64417.2,772407.7,100,20337,32768,38,244.94,1060451.89,13156520.11
2026-08-04T11:21:31+08:00,1,2,98.6,2322.9,10.59,65285.3,772407.7,89,10299,32768,34,72.09,1060451.94,13156625.06
2026-08-04T11:21:42+08:00,1,2,98.6,2014.7,9.96,64838.6,772407.7,90,20639,32768,36,89.17,1060452.02,13156852.98
2026-08-04T11:21:52+08:00,1,2,98.6,1986.4,9.83,65017.0,772407.7,98,18035,32768,36,301.49,1060452.27,13157013.73
2026-08-04T11:22:02+08:00,1,2,98.7,2179.4,9.08,64308.4,772407.7,99,13973,32768,37,240.23,1060452.33,13157166.67
2026-08-04T11:22:12+08:00,1,2,98.5,1649.8,8.81,59712.9,772407.7,0,1055,32768,29,56.01,1060452.42,13157174.58
2026-08-04T11:22:22+08:00,1,2,98.3,1649.8,8.22,60349.1,772407.7,0,1055,32768,29,55.90,1060452.28,13157132.72
2026-08-04T11:22:32+08:00,1,2,98.1,1649.8,8.33,62006.8,772407.7,0,1055,32768,29,55.90,1060452.62,13157132.38
2026-08-04T11:22:42+08:00,1,2,97.9,1649.8,7.75,62275.0,772407.7,0,1055,32768,29,55.97,1060452.69,13157077.31
2026-08-04T11:22:52+08:00,1,2,97.7,1649.8,7.88,63898.3,772407.7,0,1055,32768,29,55.90,1060452.74,13157046.26
2026-08-04T11:23:02+08:00,1,2,97.5,1649.8,8.43,64713.0,772407.7,0,1055,32768,29,55.90,1060452.62,13157010.38
2026-08-04T11:23:12+08:00,1,2,97.4,1642.4,7.97,61361.3,772407.7,0,1055,32768,29,55.97,1060452.70,13156976.30
2026-08-04T11:23:22+08:00,1,2,97.2,1642.4,7.73,61285.4,772407.7,0,1055,32768,29,55.94,1060452.95,13156954.05
2026-08-04T11:23:32+08:00,1,2,97.0,1642.4,7.39,62123.6,772407.7,0,1055,32768,29,55.90,1060453.04,13156931.96
2026-08-04T11:23:42+08:00,1,2,96.8,1642.4,7.26,63109.0,772407.7,0,1055,32768,29,55.94,1060453.16,13156906.84
2026-08-04T11:23:52+08:00,1,2,96.6,1642.4,7.16,63342.0,772407.7,0,1055,32768,29,55.90,1060453.27,13156905.73
2026-08-04T11:24:02+08:00,1,2,96.4,1642.4,6.90,64453.4,772407.7,0,1055,32768,29,55.94,1060453.35,13156882.65
2026-08-04T11:24:12+08:00,1,2,96.3,1639.8,7.48,60919.9,772407.7,0,1055,32768,29,55.97,1060453.58,13156858.42
2026-08-04T11:24:22+08:00,1,2,96.1,1639.8,7.71,61549.0,772407.7,0,1055,32768,29,56.01,1060454.19,13156845.81
2026-08-04T11:24:32+08:00,1,2,95.9,1639.8,7.76,62266.3,772407.7,0,1055,32768,29,55.90,1060462.61,13156805.39
2026-08-04T11:24:42+08:00,1,2,95.7,1639.8,7.85,62670.0,772407.7,0,1055,32768,29,56.01,1060468.66,13156780.34
2026-08-04T11:24:52+08:00,1,2,95.5,1639.8,7.58,63524.7,772407.7,0,1055,32768,29,55.97,1060468.73,13156851.27
2026-08-04T11:25:02+08:00,1,2,95.3,1639.8,7.41,64147.9,772407.7,0,1055,32768,29,55.94,1060468.96,13156845.04
2026-08-04T11:25:12+08:00,1,2,95.2,1714.9,7.66,64860.4,772407.7,89,20637,32768,35,76.94,1060469.10,13156838.90
2026-08-04T11:25:22+08:00,1,2,95.2,1989.9,8.03,66105.8,772407.7,99,18035,32768,35,270.38,1060469.18,13156822.82
2026-08-04T11:25:32+08:00,1,2,95.2,2182.9,8.09,65844.0,772407.7,97,14193,32768,36,250.95,1060469.26,13156792.74
2026-08-04T11:25:42+08:00,1,2,95.3,1990.4,7.61,65211.6,772407.7,98,19197,32768,36,233.26,1060469.34,13156762.66
2026-08-04T11:25:52+08:00,1,2,95.3,2182.8,7.52,66150.9,772407.7,98,15495,32768,38,272.99,1060469.48,13156713.52
2026-08-04T11:26:02+08:00,1,2,95.3,1989.9,8.29,66217.4,772407.7,100,20635,32768,38,313.85,1060469.04,13156691.96
2026-08-04T11:26:12+08:00,1,2,95.4,1992.4,9.02,65807.3,772407.7,97,1351,32768,32,73.03,1060469.75,13156635.25
2026-08-04T11:26:23+08:00,1,2,95.4,2183.9,8.69,66504.0,772407.7,73,1053,32768,33,72.05,1060469.90,13156609.10
2026-08-04T11:26:33+08:00,1,2,95.4,1990.0,8.42,65461.8,772407.7,100,18315,32768,37,287.21,1060470.22,13156576.78
2026-08-04T11:26:43+08:00,1,2,95.4,2182.8,8.28,66294.2,772407.7,99,14415,32768,36,219.29,1060470.38,13156538.62
2026-08-04T11:26:53+08:00,1,2,95.4,1990.4,8.32,65858.6,772407.7,98,19475,32768,37,278.83,1060470.71,13156515.29
2026-08-04T11:27:03+08:00,1,2,95.5,2183.3,7.59,66059.5,772407.7,98,15715,32768,37,292.74,1060471.54,13156488.46
2026-08-04T11:27:13+08:00,1,2,95.5,1989.9,7.48,65929.2,772407.7,98,20635,32768,37,269.90,1060471.67,13156471.33
2026-08-04T11:27:23+08:00,1,2,95.5,2028.9,8.06,65690.1,772407.7,100,1811,32768,32,72.05,1060471.81,13156464.19
2026-08-04T11:27:33+08:00,1,2,95.5,2183.4,7.59,66355.8,772407.7,85,13333,32768,34,216.85,1060471.95,13156448.05
2026-08-04T11:27:43+08:00,1,2,95.6,1990.7,7.59,65679.0,772407.7,99,18315,32768,37,248.02,1060471.39,13156443.61
2026-08-04T11:27:53+08:00,1,2,95.6,2182.8,8.47,65700.2,772407.7,98,14415,32768,37,257.43,1060471.62,13156438.38
2026-08-04T11:28:03+08:00,1,2,95.6,1990.0,8.62,65548.2,772407.7,97,19475,32768,38,294.98,1060471.81,13156433.19
2026-08-04T11:28:13+08:00,1,2,95.6,2182.9,8.15,65651.2,772407.7,99,15495,32768,37,223.19,1060472.17,13156429.83
2026-08-04T11:28:23+08:00,1,2,95.6,1989.9,8.60,65007.0,772407.7,98,20635,32768,38,254.99,1060472.37,13156427.63
2026-08-04T11:28:33+08:00,1,2,95.7,2035.2,8.74,66020.5,772407.7,100,1571,32768,32,74.49,1060472.56,13156439.44
2026-08-04T11:28:43+08:00,1,2,95.7,2183.2,8.32,66588.4,772407.7,78,1133,32768,33,78.90,1060472.74,13156453.26
2026-08-04T11:28:53+08:00,1,2,95.7,1990.7,7.96,66420.3,772407.7,99,18315,32768,37,290.50,1060472.93,13156462.07
2026-08-04T11:29:03+08:00,1,2,95.7,2183.2,8.12,67192.5,772407.7,99,14417,32768,37,222.70,1060473.12,13156481.88
2026-08-04T11:29:13+08:00,1,2,95.8,1990.0,7.95,65653.3,772407.7,98,19475,32768,38,289.15,1060473.34,13156481.66
2026-08-04T11:29:23+08:00,1,2,95.8,2183.1,7.80,67244.3,772407.7,98,15715,32768,38,305.18,1060473.54,13156516.46
2026-08-04T11:29:33+08:00,1,2,95.8,1989.9,7.85,66987.8,772407.7,100,20635,32768,37,285.45,1060473.77,13156546.23
2026-08-04T11:29:43+08:00,1,2,95.8,2035.0,7.42,67376.2,772407.7,100,2109,32768,32,80.75,1060474.07,13156577.93
2026-08-04T11:29:53+08:00,1,2,95.8,2183.6,7.36,66554.6,772407.7,100,13533,32768,36,310.52,1060474.37,13156614.63
2026-08-04T11:30:03+08:00,1,2,95.9,1990.0,7.70,66520.9,772407.7,99,18615,32768,37,306.15,1060474.71,13156614.29
2026-08-04T11:30:13+08:00,1,2,95.9,2182.9,7.52,66440.3,772407.7,99,14635,32768,37,250.62,1060475.11,13156651.89
2026-08-04T11:30:23+08:00,1,2,95.9,1989.9,7.74,66241.7,772407.7,99,19755,32768,37,209.69,1060475.42,13156661.58
2026-08-04T11:30:33+08:00,1,2,95.9,2183.6,7.25,67422.3,772407.7,98,15717,32768,37,154.23,1060475.67,13156670.33
2026-08-04T11:30:43+08:00,1,2,96.0,1989.9,7.52,67626.8,772407.7,98,20637,32768,38,227.23,1060475.96,13156681.04
2026-08-04T11:30:54+08:00,1,2,96.0,1990.0,7.58,67236.1,772407.7,95,2293,32768,32,72.54,1060476.22,13156707.78
2026-08-04T11:31:04+08:00,1,2,96.0,2182.9,7.43,67580.8,772407.7,100,13533,32768,36,277.67,1060476.47,13156725.53
2026-08-04T11:31:14+08:00,1,2,96.0,1990.1,6.98,67018.6,772407.7,99,18615,32768,36,232.77,1060476.51,13156727.49
2026-08-04T11:31:24+08:00,1,2,96.0,2182.9,6.84,67478.6,772407.7,98,14855,32768,37,263.26,1060476.56,13156778.44
2026-08-04T11:31:34+08:00,1,2,96.1,1989.9,7.39,66700.1,772407.7,99,20055,32768,38,272.20,1060476.59,13156801.41
2026-08-04T11:31:44+08:00,1,2,96.1,2183.7,6.78,66393.1,772407.7,87,15719,32768,36,203.08,1060476.76,13156807.24
2026-08-04T11:31:54+08:00,1,2,96.1,1990.2,6.82,65644.6,772407.7,91,20637,32768,36,221.87,1060476.82,13156799.18
2026-08-04T11:32:04+08:00,1,2,96.1,1989.9,7.21,65541.7,772407.7,62,17453,32768,33,198.83,1060476.78,13156783.22
2026-08-04T11:32:14+08:00,1,2,96.1,2182.9,7.10,66406.9,772407.7,100,13753,32768,36,306.64,1060476.92,13156775.08
2026-08-04T11:32:24+08:00,1,2,96.2,1990.2,6.94,66370.8,772407.7,98,18615,32768,36,237.00,1060476.96,13157421.04
2026-08-04T11:32:34+08:00,1,2,96.2,2182.8,7.50,65892.4,772407.7,98,14855,32768,38,249.65,1060471.77,13156719.23
2026-08-04T11:32:44+08:00,1,2,96.2,1990.2,8.55,66063.0,772407.7,98,19755,32768,37,267.95,1060471.85,13156694.15
2026-08-04T11:32:54+08:00,1,2,96.2,2182.8,8.78,65056.2,772407.7,98,15721,32768,36,212.96,1060471.90,13156633.10
2026-08-04T11:33:04+08:00,1,2,96.2,1990.0,8.74,65005.9,772407.7,95,20635,32768,37,217.34,1060471.93,13156633.07
2026-08-04T11:33:14+08:00,1,2,96.3,2035.2,8.55,65060.2,772407.7,92,2291,32768,32,74.93,1060472.02,13156639.98
2026-08-04T11:33:24+08:00,1,2,96.3,2182.8,8.56,65218.5,772407.7,82,13333,32768,35,299.83,1060472.11,13156631.89
2026-08-04T11:33:34+08:00,1,2,96.3,1990.5,7.93,64609.0,772407.7,98,18315,32768,36,247.21,1060472.29,13156634.71
2026-08-04T11:33:44+08:00,1,2,96.3,2182.8,7.77,65154.0,772407.7,99,14635,32768,38,283.99,1060473.26,13156632.74
2026-08-04T11:33:54+08:00,1,2,96.3,1990.0,7.57,64864.3,772407.7,99,19755,32768,38,275.24,1060473.33,13156633.67
2026-08-04T11:34:04+08:00,1,2,96.4,2184.2,7.33,65258.6,772407.7,98,15717,32768,38,243.48,1060473.40,13156657.60
2026-08-04T11:34:14+08:00,1,2,96.4,1990.7,7.42,64469.7,772407.7,100,20635,32768,38,230.83,1060472.84,13156687.16
2026-08-04T11:34:24+08:00,1,2,96.4,1989.9,10.57,64635.9,772407.7,100,11313,32768,33,313.23,1060472.62,13156714.38
2026-08-04T11:34:34+08:00,1,2,96.4,2182.8,10.02,64868.6,772407.7,100,13533,32768,35,231.31,1060472.70,13156780.30
2026-08-04T11:34:44+08:00,1,2,96.5,1990.6,9.56,65028.9,772407.7,98,18615,32768,37,220.90,1060472.81,13156816.19
2026-08-04T11:34:54+08:00,1,2,96.5,2182.7,9.02,64990.1,772407.7,99,14635,32768,37,278.34,1060472.89,13156838.11
2026-08-04T11:35:04+08:00,1,2,96.5,1990.0,9.08,65362.6,772407.7,98,19755,32768,37,282.05,1060472.97,13157552.03
2026-08-04T11:35:15+08:00,1,2,96.5,2182.9,8.68,65180.1,772407.7,98,15715,32768,38,308.30,1060472.39,13156898.61
2026-08-04T11:35:25+08:00,1,2,96.5,1990.2,9.02,64776.3,772407.7,99,20635,32768,38,315.17,1060473.27,13156939.73
2026-08-04T11:35:35+08:00,1,2,96.5,2035.2,8.87,65753.8,772407.7,100,1971,32768,32,73.03,1060473.47,13156949.53
2026-08-04T11:35:45+08:00,1,2,96.5,2182.7,8.56,65379.8,772407.7,74,1173,32768,33,79.39,1060464.77,13156982.23
2026-08-04T11:35:55+08:00,1,2,96.6,1990.0,8.55,65341.7,772407.7,97,18035,32768,36,289.34,1060464.84,13157030.16
2026-08-04T11:36:05+08:00,1,2,96.6,2183.2,8.60,65563.0,772407.7,99,14193,32768,37,257.43,1060465.00,13157043.00
2026-08-04T11:36:15+08:00,1,2,96.6,1990.0,8.82,65455.5,772407.7,98,19195,32768,37,278.04,1060464.73,13157049.27
2026-08-04T11:36:25+08:00,1,2,96.6,2183.0,8.53,65183.6,772407.7,98,15277,32768,37,268.30,1060465.16,13157055.84
2026-08-04T11:36:35+08:00,1,2,96.6,1991.0,7.83,64639.3,772407.7,99,20335,32768,37,236.18,1060465.23,13157061.77
2026-08-04T11:36:45+08:00,1,2,96.7,2252.8,8.37,65399.0,772407.7,87,15719,32768,35,73.47,1060465.40,13157078.60
2026-08-04T11:36:55+08:00,1,2,96.7,1990.4,8.15,65203.3,772407.7,87,20637,32768,36,235.85,1060465.48,13157091.52
2026-08-04T11:37:05+08:00,1,2,96.7,1990.4,7.66,64796.1,772407.7,99,17753,32768,36,278.46,1060465.41,13157109.59
2026-08-04T11:37:15+08:00,1,2,96.7,2182.9,7.09,64364.7,772407.7,98,14195,32768,37,308.09,1060466.42,13157127.58
2026-08-04T11:37:25+08:00,1,2,96.7,1989.9,7.00,64818.8,772407.7,98,19193,32768,37,217.34,1060465.86,13157129.14
2026-08-04T11:37:35+08:00,1,2,96.8,2183.0,7.07,64656.9,772407.7,98,15275,32768,37,215.39,1060465.99,13157142.01
2026-08-04T11:37:45+08:00,1,2,96.8,1991.1,6.91,64064.5,772407.7,98,20337,32768,38,300.32,1060466.30,13157133.70
2026-08-04T11:37:55+08:00,1,2,96.8,2236.8,6.91,64669.2,772407.7,84,15719,32768,35,79.82,1060466.44,13157151.56
2026-08-04T11:38:05+08:00,1,2,96.8,1990.0,7.14,64714.8,772407.7,91,20637,32768,36,232.62,1060466.61,13157146.39
2026-08-04T11:38:15+08:00,1,2,96.8,1989.9,6.73,65271.3,772407.7,98,17753,32768,35,214.56,1060466.74,13157146.26
2026-08-04T11:38:25+08:00,1,2,96.9,2182.8,6.85,65309.1,772407.7,98,13975,32768,37,300.03,1060466.85,13157160.15
2026-08-04T11:38:35+08:00,1,2,96.9,1990.7,6.94,64395.4,772407.7,98,18895,32768,38,243.48,1060468.14,13157855.86
2026-08-04T11:38:45+08:00,1,2,96.9,2182.9,6.57,64733.3,772407.7,99,15075,32768,38,283.21,1060468.14,13157178.86
2026-08-04T11:38:55+08:00,1,2,96.9,1990.2,6.55,64189.8,772407.7,98,20055,32768,37,217.34,1060469.14,13157162.86
2026-08-04T11:39:05+08:00,1,2,96.9,2183.6,6.47,65253.8,772407.7,87,15719,32768,36,230.01,1060462.33,13157175.67
2026-08-04T11:39:15+08:00,1,2,96.9,1990.0,6.31,64591.8,772407.7,88,20637,32768,36,212.26,1060461.88,13157186.12
2026-08-04T11:39:26+08:00,1,2,97.0,1990.2,6.99,65008.7,772407.7,95,17753,32768,36,301.78,1060462.15,13157208.85
2026-08-04T11:39:36+08:00,1,2,97.0,2182.8,6.75,64600.6,772407.7,99,13975,32768,37,292.06,1060464.90,13157237.10
2026-08-04T11:39:46+08:00,1,2,97.0,1990.1,6.79,64372.5,772407.7,98,18895,32768,36,236.67,1060468.94,13157273.06
2026-08-04T11:39:56+08:00,1,2,97.0,2182.8,6.81,64954.3,772407.7,99,15075,32768,37,258.91,1060469.30,13157303.70
2026-08-04T11:40:06+08:00,1,2,97.0,1990.0,6.76,64774.4,772407.7,100,20337,32768,38,291.48,1060469.49,13157324.51
2026-08-04T11:40:16+08:00,1,2,97.0,2327.0,7.17,65560.1,772407.7,77,9279,32768,34,72.54,1060470.68,13157310.32
2026-08-04T11:40:26+08:00,1,2,97.1,1989.9,7.31,65662.7,772407.7,90,20639,32768,36,226.60,1060472.16,13157321.84
2026-08-04T11:40:36+08:00,1,2,97.1,1990.1,7.65,66258.5,772407.7,97,18033,32768,37,286.42,1060471.91,13157302.09
2026-08-04T11:40:46+08:00,1,2,97.1,2182.8,7.40,66395.7,772407.7,98,14193,32768,37,289.53,1060472.82,13157282.18
2026-08-04T11:40:56+08:00,1,2,97.1,1990.0,7.34,66114.0,772407.7,99,19195,32768,38,298.58,1060473.23,13157229.77
2026-08-04T11:41:06+08:00,1,2,97.1,2183.1,6.99,66212.8,772407.7,98,15277,32768,38,293.71,1060472.75,13157201.25
2026-08-04T11:41:16+08:00,1,2,97.1,1989.9,6.68,66218.9,772407.7,99,20335,32768,37,246.56,1060472.93,13157188.07
2026-08-04T11:41:26+08:00,1,2,97.2,2326.9,6.35,66723.7,772407.7,73,10459,32768,34,71.56,1060473.17,13157174.83
2026-08-04T11:41:36+08:00,1,2,97.2,1989.9,6.07,66070.0,772407.7,87,20637,32768,36,209.34,1060473.45,13157138.55
2026-08-04T11:41:46+08:00,1,2,97.2,1990.0,6.62,65660.3,772407.7,98,18035,32768,37,305.58,1060474.04,13157159.96
2026-08-04T11:41:56+08:00,1,2,97.2,2183.6,6.76,65528.8,772407.7,95,13975,32768,37,256.62,1060473.95,13157182.05
2026-08-04T11:42:06+08:00,1,2,97.2,1990.6,7.02,65361.8,772407.7,99,19195,32768,38,289.83,1060474.20,13157182.80
2026-08-04T11:42:16+08:00,1,2,97.2,2182.9,7.10,65464.4,772407.7,98,15275,32768,38,291.28,1060474.48,13157178.52
2026-08-04T11:42:26+08:00,1,2,97.3,1989.9,6.71,65318.7,772407.7,99,20335,32768,38,301.29,1060474.47,13157149.53
2026-08-04T11:42:36+08:00,1,2,97.3,2182.8,7.06,64890.5,772407.7,87,15721,32768,36,207.11,1060474.53,13157153.47
2026-08-04T11:42:46+08:00,1,2,97.3,1990.5,7.04,64547.3,772407.7,89,20637,32768,36,232.77,1060474.75,13157140.25
2026-08-04T11:42:56+08:00,1,2,97.3,1990.0,6.72,64755.5,772407.7,90,17753,32768,36,271.84,1060474.65,13157144.35
2026-08-04T11:43:07+08:00,1,2,97.3,2182.9,7.02,64629.2,772407.7,100,13755,32768,36,271.53,1060474.63,13157149.37
2026-08-04T11:43:17+08:00,1,2,97.3,1990.2,7.94,65478.6,772407.7,98,18895,32768,37,212.12,1060474.61,13157179.39
2026-08-04T11:43:27+08:00,1,2,97.4,2183.1,8.87,64249.8,772407.7,99,15075,32768,37,231.13,1060474.69,13157187.31
2026-08-04T11:43:37+08:00,1,2,97.4,1990.7,8.89,65095.7,772407.7,98,20057,32768,37,287.69,1060469.48,13157211.52
2026-08-04T11:43:47+08:00,1,2,97.4,2182.8,9.28,64924.0,772407.7,88,15719,32768,36,238.61,1060469.52,13157243.48
2026-08-04T11:43:57+08:00,1,2,97.4,1990.5,9.19,65000.5,772407.7,90,20637,32768,36,230.34,1060469.58,13157249.42
2026-08-04T11:44:07+08:00,1,2,97.4,1989.9,9.38,65549.5,772407.7,90,17755,32768,36,266.01,1060469.64,13157285.36
2026-08-04T11:44:17+08:00,1,2,97.4,2182.8,8.95,65826.5,772407.7,98,13975,32768,36,240.56,1060469.72,13157296.28
2026-08-04T11:44:27+08:00,1,2,97.5,1991.1,9.04,65567.4,772407.7,99,19195,32768,38,299.06,1060469.29,13157318.71
2026-08-04T11:44:37+08:00,1,2,97.5,2182.8,8.59,66338.0,772407.7,98,15277,32768,37,258.25,1060469.98,13157296.02
2026-08-04T11:44:47+08:00,1,2,97.5,1990.1,9.03,66935.1,772407.7,99,20335,32768,37,209.69,1060470.05,13157321.95
2026-08-04T11:44:57+08:00,1,2,97.5,2183.1,9.11,66504.6,772407.7,87,15719,32768,36,101.27,1060470.12,13157330.88
2026-08-04T11:45:07+08:00,1,2,97.5,1990.8,8.77,65923.8,772407.7,87,20637,32768,36,238.13,1060470.18,13157336.82
2026-08-04T11:45:17+08:00,1,2,97.5,1989.9,8.11,65990.6,772407.7,98,18033,32768,37,240.07,1060470.20,13157364.80
2026-08-04T11:45:27+08:00,1,2,97.6,2182.8,8.46,66533.5,772407.7,97,14195,32768,36,222.21,1060470.05,13157412.95
2026-08-04T11:45:37+08:00,1,2,97.6,1990.1,8.32,65613.7,772407.7,99,19475,32768,37,309.96,1060470.15,13157498.85
2026-08-04T11:45:47+08:00,1,2,97.6,2182.7,7.97,66112.9,772407.7,99,15495,32768,37,264.24,1060470.23,13157532.77
2026-08-04T11:45:57+08:00,1,2,97.6,1990.0,8.22,66480.7,772407.7,98,20635,32768,38,221.38,1060470.31,13157541.69
2026-08-04T11:46:07+08:00,1,2,97.6,2003.0,8.10,66163.4,772407.7,94,1811,32768,32,73.03,1060470.33,13157531.67
2026-08-04T11:46:17+08:00,1,2,97.6,2183.9,7.70,65796.9,772407.7,100,13533,32768,36,291.18,1060470.43,13157512.57
2026-08-04T11:46:27+08:00,1,2,97.7,1990.3,7.29,65687.7,772407.7,98,18615,32768,37,285.15,1060470.54,13157481.46
2026-08-04T11:46:38+08:00,1,2,97.7,2182.7,7.16,65964.7,772407.7,98,14835,32768,37,281.56,1060470.64,13157430.36
2026-08-04T11:46:48+08:00,1,2,97.7,1990.2,7.31,64614.8,772407.7,100,19755,32768,37,252.56,1060470.57,13157412.43
2026-08-04T11:46:58+08:00,1,2,97.7,2183.2,6.97,64253.5,772407.7,87,15719,32768,36,197.63,1060471.80,13157411.20
2026-08-04T11:47:08+08:00,1,2,97.7,1990.0,6.83,64752.8,772407.7,93,20637,32768,36,220.41,1060471.87,13157387.13
2026-08-04T11:47:18+08:00,1,2,97.7,1990.4,6.63,64448.8,772407.7,77,17753,32768,36,290.31,1060471.70,13157401.30
2026-08-04T11:47:28+08:00,1,2,97.7,2183.2,7.00,64547.1,772407.7,100,13975,32768,37,286.23,1060472.03,13157417.97
2026-08-04T11:47:38+08:00,1,2,97.8,1990.0,7.07,64296.0,772407.7,99,18895,32768,36,261.32,1060471.33,13157421.67
2026-08-04T11:47:48+08:00,1,2,97.8,2183.5,7.14,63947.0,772407.7,98,15075,32768,37,264.10,1060471.44,13157429.56
2026-08-04T11:47:58+08:00,1,2,97.8,1990.0,7.29,64431.5,772407.7,98,20335,32768,38,295.95,1060471.51,13157428.49
2026-08-04T11:48:08+08:00,1,2,97.8,2315.2,7.01,64687.3,772407.7,86,12479,32768,34,72.05,1060471.31,13157437.69
2026-08-04T11:48:18+08:00,1,2,97.8,2116.7,7.10,64431.0,772407.7,88,19897,32768,34,71.11,1060471.74,13157424.26
2026-08-04T11:48:28+08:00,1,2,97.8,1990.0,7.94,64979.7,772407.7,99,18033,32768,37,247.21,1060472.29,13157409.71
2026-08-04T11:48:38+08:00,1,2,97.8,2184.2,7.79,64961.0,772407.7,98,14195,32768,36,259.86,1060471.81,13157408.19
2026-08-04T11:48:48+08:00,1,2,97.9,1990.0,7.38,64286.8,772407.7,99,19475,32768,37,298.86,1060472.13,13157499.87
2026-08-04T11:48:58+08:00,1,2,97.9,2182.9,7.23,65131.6,772407.7,98,15715,32768,37,288.75,1060472.39,13157531.61
2026-08-04T11:49:08+08:00,1,2,97.9,1989.9,7.04,65237.0,772407.7,98,20635,32768,37,271.05,1060472.49,13157539.51
2026-08-04T11:49:18+08:00,1,2,97.9,2035.1,6.80,64933.9,772407.7,100,2293,32768,32,158.72,1060472.63,13157538.37
2026-08-04T11:49:28+08:00,1,2,97.9,2182.7,6.84,65338.1,772407.7,100,13533,32768,36,210.04,1060472.77,13157513.23
2026-08-04T11:49:38+08:00,1,2,98.0,1990.0,6.78,64143.0,772407.7,100,18615,32768,37,280.10,1060472.93,13157500.07
2026-08-04T11:49:48+08:00,1,2,98.0,2182.9,6.82,64648.3,772407.7,98,14853,32768,38,292.55,1060473.07,13157479.93
2026-08-04T11:49:58+08:00,1,2,97.9,1649.8,7.59,60309.0,772407.7,0,1055,32768,29,55.97,1060473.63,13157479.37
2026-08-04T11:50:09+08:00,1,2,97.7,1649.8,7.57,60740.8,772407.7,0,1055,32768,29,55.94,1060473.82,13157454.18
2026-08-04T11:50:19+08:00,1,2,97.5,1649.8,7.93,61955.3,772407.7,0,1055,32768,29,55.94,1060474.11,13157439.89
2026-08-04T11:50:29+08:00,1,2,97.4,1649.8,8.03,63057.2,772407.7,0,1055,32768,29,55.94,1060474.32,13157410.68
2026-08-04T11:50:39+08:00,1,2,97.2,1649.8,7.80,63999.7,772407.7,0,1055,32768,29,55.90,1060474.53,13157400.47
2026-08-04T11:50:49+08:00,1,2,97.1,1649.8,7.54,64896.3,772407.7,0,1055,32768,29,55.94,1060474.68,13157402.32
2026-08-04T11:50:59+08:00,1,2,97.0,1647.3,6.92,60891.3,772407.7,0,1055,32768,29,55.94,1060474.88,13157385.12
2026-08-04T11:51:09+08:00,1,2,96.8,1647.3,6.55,61892.9,772407.7,0,1055,32768,29,55.97,1060475.07,13157385.93
2026-08-04T11:51:19+08:00,1,2,96.7,1647.3,6.47,62672.2,772407.7,0,1055,32768,29,55.94,1060475.47,13157368.53
2026-08-04T11:51:29+08:00,1,2,96.6,1647.3,6.40,63086.9,772407.7,0,1055,32768,29,55.94,1060475.60,13157352.40
2026-08-04T11:51:39+08:00,1,2,96.4,1647.3,6.57,64137.8,772407.7,0,1055,32768,29,55.94,1060475.81,13157343.19
2026-08-04T11:51:49+08:00,1,2,96.3,1647.3,6.49,65799.3,772407.7,0,1055,32768,29,55.90,1060476.04,13157328.96
2026-08-04T11:51:59+08:00,1,2,96.2,1649.0,6.55,61818.0,772407.7,0,1055,32768,29,55.94,1060476.27,13157336.73
2026-08-04T11:52:09+08:00,1,2,96.0,1649.0,6.61,62343.8,772407.7,0,1055,32768,29,55.97,1060476.50,13157338.50
2026-08-04T11:52:19+08:00,1,2,95.9,1649.0,6.59,63477.8,772407.7,0,1055,32768,29,55.97,1060476.73,13157358.27
2026-08-04T11:52:29+08:00,1,2,95.7,1649.0,6.71,64412.5,772407.7,0,1055,32768,29,55.90,1060476.97,13157375.03
2026-08-04T11:52:39+08:00,1,2,95.6,1649.0,6.37,65140.3,772407.7,0,1055,32768,29,55.90,1060477.50,13157388.50
2026-08-04T11:52:49+08:00,1,2,95.4,1649.0,6.54,66263.6,772407.7,0,1055,32768,29,56.01,1060477.77,13157407.23
2026-08-04T11:52:59+08:00,1,2,95.3,1674.3,8.10,62967.0,772407.7,0,1055,32768,29,56.01,1060478.03,13157425.97
2026-08-04T11:53:09+08:00,1,2,95.2,1674.3,8.92,62931.7,772407.7,0,1055,32768,29,55.94,1060478.25,13157443.75
2026-08-04T11:53:19+08:00,1,2,95.1,1674.3,8.38,62957.1,772407.7,0,1055,32768,29,55.97,1060478.42,13157492.58
2026-08-04T11:53:29+08:00,1,2,94.9,1674.3,7.79,63544.9,772407.7,0,1055,32768,29,55.94,1060478.66,13157501.34
2026-08-04T11:53:40+08:00,1,2,94.8,1674.3,7.44,63531.5,772407.7,0,1055,32768,29,55.90,1060479.59,13157545.41
2026-08-04T11:53:50+08:00,1,2,94.6,1674.3,7.21,64067.8,772407.7,0,1055,32768,29,56.01,1060479.63,13157571.37
2026-08-04T11:54:00+08:00,1,2,75.0,463.5,7.67,58797.9,772407.7,0,309,32768,29,55.94,1060479.65,13157603.35
2026-08-04T11:54:10+08:00,1,2,42.5,896.0,7.32,59540.9,772407.7,0,641,32768,29,55.90,1060479.69,13157631.31
2026-08-04T11:54:20+08:00,1,2,24.0,896.0,7.35,60861.4,772407.7,0,641,32768,29,55.90,1060479.13,13157753.87
2026-08-04T11:54:30+08:00,1,2,16.8,896.0,7.53,61196.6,772407.7,0,641,32768,29,55.90,1060479.17,13157755.83
2026-08-04T11:54:40+08:00,1,2,12.9,896.0,7.29,61955.8,772407.7,0,641,32768,29,55.90,1060473.95,13157761.05
2026-08-04T11:54:50+08:00,1,2,10.5,896.0,10.28,63238.8,772407.7,0,641,32768,29,55.90,1060474.01,13157752.99
2026-08-04T11:55:00+08:00,1,2,8.9,896.0,10.02,64582.9,772407.7,0,641,32768,29,55.94,1060474.09,13157744.91
2026-08-04T11:55:10+08:00,1,2,35.9,1292.0,10.42,65204.1,772407.7,24,929,32768,30,71.02,1060474.15,13157726.85
2026-08-04T11:55:20+08:00,1,2,48.9,1283.1,10.89,60916.9,772407.7,0,929,32768,29,55.97,1060474.22,13157700.78
2026-08-04T11:55:30+08:00,1,2,43.6,1283.1,10.07,60800.3,772407.7,0,929,32768,29,55.94,1060474.26,13157673.74
2026-08-04T11:55:40+08:00,1,2,39.4,1283.1,10.04,61943.1,772407.7,0,929,32768,29,56.01,1060474.45,13157668.55
2026-08-04T11:55:50+08:00,1,2,35.9,1283.1,9.49,62350.6,772407.7,0,929,32768,29,55.90,1060474.67,13157666.33
2026-08-04T11:56:00+08:00,1,2,33.0,1283.1,12.43,63107.3,772407.7,0,929,32768,29,55.94,1060474.74,13157673.26
2026-08-04T11:56:10+08:00,1,2,30.5,1283.1,11.68,63941.1,772407.7,0,929,32768,29,55.94,1060474.79,13157673.21
2026-08-04T11:56:20+08:00,1,2,33.9,1327.1,12.46,59799.1,772407.7,0,929,32768,29,55.94,1060474.84,13157672.16
2026-08-04T11:56:30+08:00,1,2,31.7,1327.1,11.32,59802.3,772407.7,0,929,32768,29,55.94,1060474.89,13157684.11
2026-08-04T11:56:40+08:00,1,2,29.7,1327.1,10.65,61497.5,772407.7,0,929,32768,29,56.01,1060474.77,13159037.23
2026-08-04T11:56:50+08:00,1,2,28.0,1327.1,9.94,61274.9,772407.7,0,929,32768,29,55.94,1060474.85,13157689.15
2026-08-04T11:57:00+08:00,1,2,26.5,1327.1,9.81,62203.8,772407.7,0,929,32768,29,56.01,1060474.92,13157690.08
2026-08-04T11:57:10+08:00,1,2,25.1,1327.1,9.51,62404.6,772407.7,0,929,32768,29,55.97,1060474.96,13157695.04
2026-08-04T11:57:21+08:00,1,2,27.9,1322.9,8.88,63280.3,772407.7,0,929,32768,29,55.94,1060475.04,13157696.96
2026-08-04T11:57:31+08:00,1,2,26.5,1322.8,9.41,59246.9,772407.7,0,929,32768,29,55.94,1060475.14,13157704.86
2026-08-04T11:57:41+08:00,1,2,25.3,1322.8,8.65,60448.4,772407.7,0,929,32768,29,55.90,1060475.24,13157806.76
2026-08-04T11:57:51+08:00,1,2,24.3,1322.8,8.45,61409.0,772407.7,0,929,32768,29,55.94,1060475.25,13157822.75
2026-08-04T11:58:01+08:00,1,2,23.3,1322.8,7.90,62007.7,772407.7,0,929,32768,29,55.90,1060475.35,13157827.65
2026-08-04T11:58:11+08:00,1,2,22.4,1322.8,7.62,62566.5,772407.7,0,929,32768,29,55.90,1060475.60,13157830.40
2026-08-04T11:58:21+08:00,1,2,22.3,1329.5,7.52,63142.3,772407.7,37,929,32768,30,98.89,1060475.69,13157858.31
2026-08-04T11:58:31+08:00,1,2,33.0,1325.2,8.15,62579.2,772407.7,0,929,32768,29,55.94,1060475.72,13157866.28
2026-08-04T11:58:41+08:00,1,2,31.8,1325.1,8.74,60201.1,772407.7,0,929,32768,29,55.90,1060475.79,13157838.21
2026-08-04T11:58:51+08:00,1,2,30.8,1325.1,8.31,60803.1,772407.7,0,929,32768,29,55.94,1060475.89,13157820.11
2026-08-04T11:59:01+08:00,1,2,29.7,1325.1,8.49,61890.3,772407.7,0,929,32768,29,56.01,1060476.82,13157798.18
2026-08-04T11:59:11+08:00,1,2,28.8,1325.1,8.49,62658.1,772407.7,0,929,32768,29,55.94,1060476.89,13157762.11
2026-08-04T11:59:21+08:00,1,2,27.9,1325.1,8.56,63375.7,772407.7,0,929,32768,29,55.94,1060476.97,13157777.03
2026-08-04T11:59:31+08:00,1,2,27.1,1325.1,8.10,64229.6,772407.7,0,929,32768,29,56.01,1060477.11,13157773.89
2026-08-04T11:59:41+08:00,1,2,28.6,1330.3,8.77,60412.4,772407.7,0,929,32768,29,56.01,1060468.47,13157808.53
2026-08-04T11:59:51+08:00,1,2,27.8,1330.3,8.86,61366.3,772407.7,0,929,32768,29,56.01,1060469.33,13157806.67
2026-08-04T12:00:01+08:00,1,2,27.0,1330.3,8.42,62580.3,772407.7,0,929,32768,29,55.90,1060469.44,13157822.56
2026-08-04T12:00:11+08:00,1,2,26.3,1330.3,7.66,63165.4,772407.7,0,929,32768,29,56.01,1060470.26,13157813.74
2026-08-04T12:00:21+08:00,1,2,25.6,1330.3,7.02,63778.7,772407.7,0,929,32768,29,55.94,1060476.02,13157832.98
2026-08-04T12:00:31+08:00,1,2,24.9,1330.3,6.94,64513.4,772407.7,0,929,32768,29,55.94,1060476.51,13157879.49
2026-08-04T12:00:42+08:00,1,2,26.3,1335.8,7.23,60420.9,772407.7,0,929,32768,29,55.97,1060476.68,13157904.32
2026-08-04T12:00:52+08:00,1,2,25.6,1337.6,7.45,63045.4,772407.7,0,929,32768,29,55.97,1060475.98,13157951.02
2026-08-04T12:01:02+08:00,1,2,25.0,1337.6,10.35,62186.6,772407.7,0,929,32768,29,56.01,1060477.29,13157967.71
2026-08-04T12:01:12+08:00,1,2,24.4,1337.6,10.45,62760.2,772407.7,0,929,32768,29,55.90,1060477.48,13157992.52
2026-08-04T12:01:22+08:00,1,2,23.8,1337.6,10.16,63577.0,772407.7,0,929,32768,29,55.90,1060477.67,13157985.33
2026-08-04T12:01:32+08:00,1,2,23.3,1337.6,9.99,64488.0,772407.7,0,929,32768,29,55.90,1060478.63,13157991.37
2026-08-04T12:01:42+08:00,1,2,27.5,1324.9,10.77,64275.0,772407.7,31,929,32768,29,66.18,1060478.83,13157997.17
2026-08-04T12:01:52+08:00,1,2,30.1,1323.6,10.93,60688.4,772407.7,0,929,32768,29,55.90,1060479.01,13157990.99
2026-08-04T12:02:02+08:00,1,2,29.5,1323.6,10.88,60446.7,772407.7,0,929,32768,29,55.94,1060479.17,13158012.83
2026-08-04T12:02:12+08:00,1,2,28.9,1323.6,10.97,61804.4,772407.7,0,929,32768,29,55.90,1060479.35,13158010.65
2026-08-04T12:02:22+08:00,1,2,28.3,1323.6,10.43,62891.1,772407.7,0,929,32768,29,55.90,1060479.54,13158004.46
2026-08-04T12:02:32+08:00,1,2,27.8,1323.6,12.55,63179.3,772407.7,0,929,32768,29,55.94,1060479.75,13158239.25
2026-08-04T12:02:42+08:00,1,2,27.3,1323.6,11.40,63994.9,772407.7,0,929,32768,29,55.90,1060480.08,13158240.92
2026-08-04T12:02:52+08:00,1,2,28.3,1329.7,11.82,62958.8,772407.7,0,929,32768,29,55.90,1060480.26,13157981.74
2026-08-04T12:03:02+08:00,1,2,27.8,1329.6,11.30,61457.8,772407.7,0,929,32768,29,55.94,1060480.71,13157968.29
2026-08-04T12:03:12+08:00,1,2,27.3,1329.6,10.57,62517.9,772407.7,0,929,32768,29,55.90,1060481.41,13157967.59
2026-08-04T12:03:22+08:00,1,2,26.8,1329.6,10.25,63121.4,772407.7,0,929,32768,29,55.97,1060481.64,13157991.36
2026-08-04T12:03:32+08:00,1,2,26.3,1329.6,9.92,63565.9,772407.7,0,929,32768,29,56.01,1060481.82,13158003.18
2026-08-04T12:03:42+08:00,1,2,25.9,1329.6,9.01,64189.3,772407.7,0,929,32768,29,55.97,1060482.07,13158034.93
2026-08-04T12:03:52+08:00,1,2,26.4,1322.9,9.10,65203.6,772407.7,11,929,32768,29,62.79,1060482.29,13158069.71
2026-08-04T12:04:02+08:00,1,2,26.6,1327.6,10.12,61102.2,772407.7,0,929,32768,29,55.94,1060482.56,13158076.44
2026-08-04T12:04:12+08:00,1,2,26.1,1327.6,9.71,61933.6,772407.7,0,929,32768,29,55.97,1060482.81,13158117.19
2026-08-04T12:04:23+08:00,1,2,25.7,1327.6,9.78,62612.5,772407.7,0,929,32768,29,55.94,1060483.09,13158137.91
2026-08-04T12:04:33+08:00,1,2,25.3,1327.6,10.62,63510.1,772407.7,0,929,32768,29,55.90,1060483.13,13158244.87
2026-08-04T12:04:43+08:00,1,2,24.9,1327.6,9.89,63969.1,772407.7,0,929,32768,29,55.94,1060483.17,13158277.83
2026-08-04T12:04:53+08:00,1,2,24.5,1327.6,10.15,65419.1,772407.7,0,929,32768,29,55.94,1060483.17,13158300.83
2026-08-04T12:05:03+08:00,1,2,28.2,1326.7,10.66,65743.3,772407.7,30,929,32768,29,62.83,1060483.21,13158300.79
2026-08-04T12:05:13+08:00,1,2,29.0,1334.6,11.15,61557.2,772407.7,0,929,32768,29,56.01,1060483.42,13158324.58
2026-08-04T12:05:23+08:00,1,2,28.6,1334.6,10.83,62750.3,772407.7,0,929,32768,29,55.90,1060483.46,13158357.54
2026-08-04T12:05:33+08:00,1,2,28.1,1334.6,12.88,62758.0,772407.7,0,929,32768,29,55.94,1060483.47,13158386.53
2026-08-04T12:05:43+08:00,1,2,27.7,1334.6,12.05,63170.3,772407.7,0,929,32768,29,55.94,1060483.56,13158462.44
2026-08-04T12:05:53+08:00,1,2,27.4,1334.6,11.13,63667.6,772407.7,0,929,32768,29,55.90,1060478.39,13158453.61
2026-08-04T12:06:03+08:00,1,2,27.0,1334.6,10.34,64922.2,772407.7,0,929,32768,29,55.94,1060478.62,13158454.38
2026-08-04T12:06:13+08:00,1,2,27.6,1330.2,10.83,60865.1,772407.7,0,929,32768,29,56.01,1060478.68,13158460.32
2026-08-04T12:06:23+08:00,1,2,27.3,1330.2,10.70,60931.5,772407.7,0,929,32768,29,55.97,1060478.75,13158452.25
2026-08-04T12:06:33+08:00,1,2,26.9,1330.2,10.14,62347.2,772407.7,0,929,32768,29,55.90,1060478.81,13158463.19
2026-08-04T12:06:43+08:00,1,2,26.6,1330.2,10.22,62383.7,772407.7,0,929,32768,29,55.94,1060478.84,13158494.16
2026-08-04T12:06:53+08:00,1,2,26.2,1330.2,9.96,63645.7,772407.7,0,929,32768,29,55.90,1060480.58,13158454.42
2026-08-04T12:07:03+08:00,1,2,25.9,1330.2,9.68,64026.3,772407.7,0,929,32768,29,55.90,1060480.67,13158436.33
2026-08-04T12:07:13+08:00,1,2,26.5,1329.5,9.77,60165.9,772407.7,0,929,32768,29,55.90,1060480.74,13158422.26
2026-08-04T12:07:23+08:00,1,2,26.2,1330.7,9.43,60679.7,772407.7,0,929,32768,29,55.90,1060480.84,13158397.16
2026-08-04T12:07:33+08:00,1,2,25.9,1330.7,9.06,61517.7,772407.7,0,929,32768,29,55.94,1060480.19,13158372.81
2026-08-04T12:07:43+08:00,1,2,25.5,1330.7,8.52,62367.4,772407.7,0,929,32768,29,55.94,1060479.53,13158353.47
2026-08-04T12:07:53+08:00,1,2,25.2,1330.7,8.38,63340.6,772407.7,0,929,32768,29,55.94,1060479.58,13158353.42
2026-08-04T12:08:04+08:00,1,2,24.9,1330.7,8.39,63682.5,772407.7,0,929,32768,29,55.94,1060479.63,13158336.37
2026-08-04T12:08:14+08:00,1,2,25.5,1341.3,8.19,63099.4,772407.7,0,929,32768,29,55.90,1060479.71,13158332.29
2026-08-04T12:08:24+08:00,1,2,25.2,1399.8,7.63,60292.3,772407.7,0,929,32768,29,55.90,1060479.81,13158331.19
2026-08-04T12:08:34+08:00,1,2,24.9,1399.8,7.99,61112.8,772407.7,0,929,32768,29,55.94,1060479.84,13158326.16
2026-08-04T12:08:44+08:00,1,2,24.6,1399.8,8.45,62250.2,772407.7,0,929,32768,29,55.90,1060479.93,13158322.07
2026-08-04T12:08:54+08:00,1,2,24.4,1399.8,9.07,62653.5,772407.7,0,929,32768,29,55.97,1060480.00,13158350.00
2026-08-04T12:09:04+08:00,1,2,24.1,1399.8,9.29,63247.1,772407.7,0,929,32768,29,55.90,1060480.10,13158354.90
2026-08-04T12:09:14+08:00,1,2,23.8,1399.8,9.33,63956.2,772407.7,0,929,32768,29,55.90,1060480.13,13158333.87
2026-08-04T12:09:24+08:00,1,2,73.2,864.1,9.10,59255.4,772407.7,0,641,32768,29,55.90,1060480.21,13158327.79
2026-08-04T12:09:34+08:00,1,2,36.7,1087.6,8.69,60223.2,772407.7,0,863,32768,29,55.94,1060480.29,13158316.71
2026-08-04T12:09:44+08:00,1,2,23.1,1087.6,7.97,60652.5,772407.7,0,863,32768,29,55.94,1060480.35,13158615.65
2026-08-04T12:09:54+08:00,1,2,16.9,1087.6,7.75,63364.8,772407.7,0,863,32768,29,55.94,1060480.41,13158612.59
2026-08-04T12:10:04+08:00,1,2,13.3,1087.6,7.69,63146.3,772407.7,0,863,32768,29,55.94,1060480.62,13158229.38
2026-08-04T12:10:14+08:00,1,2,11.0,1087.6,7.20,63862.0,772407.7,0,863,32768,29,55.94,1060480.72,13158199.28
2026-08-04T12:10:24+08:00,1,2,13.3,1528.5,6.86,65277.6,772407.7,95,5037,32768,36,218.66,1060480.83,13158177.17
2026-08-04T12:10:34+08:00,1,2,24.9,1646.9,6.42,65423.1,772407.7,99,6161,32768,37,240.23,1060480.98,13158157.02
2026-08-04T12:10:44+08:00,1,2,33.6,1646.1,6.58,65144.8,772407.7,99,4653,32768,37,289.83,1060481.12,13158148.88
2026-08-04T12:10:54+08:00,1,2,40.7,1647.9,6.18,65527.8,772407.7,99,5675,32768,37,285.26,1060481.26,13158143.74
2026-08-04T12:11:04+08:00,1,2,46.4,1647.5,6.06,65546.6,772407.7,98,6443,32768,38,287.58,1060481.39,13158138.61
2026-08-04T12:11:14+08:00,1,2,51.2,1646.9,6.30,66557.6,772407.7,97,4655,32768,37,283.21,1060481.53,13158151.47
2026-08-04T12:11:24+08:00,1,2,55.2,1644.9,6.94,67219.4,772407.7,87,5079,32768,36,224.79,1060481.70,13158138.30
2026-08-04T12:11:34+08:00,1,2,58.7,1647.1,7.33,67285.0,772407.7,96,5957,32768,37,239.59,1060482.15,13158124.85
2026-08-04T12:11:44+08:00,1,2,61.6,1645.9,7.82,67152.3,772407.7,89,6443,32768,37,220.61,1060482.29,13158108.71
2026-08-04T12:11:55+08:00,1,2,64.2,1646.1,7.77,66727.3,772407.7,95,4877,32768,38,273.96,1060482.73,13158088.27
2026-08-04T12:12:05+08:00,1,2,66.5,1646.5,8.19,66458.1,772407.7,97,5573,32768,37,300.52,1060482.85,13158071.15
2026-08-04T12:12:15+08:00,1,2,68.1,1647.6,8.78,66378.6,772407.7,96,6261,32768,38,269.94,1060483.02,13158076.98
2026-08-04T12:12:25+08:00,1,2,69.9,1644.0,8.42,65789.9,772407.7,94,4353,32768,36,260.83,1060483.22,13158101.78
2026-08-04T12:12:35+08:00,1,2,71.6,1644.1,7.89,65235.5,772407.7,97,5019,32768,38,266.84,1060483.63,13158116.37
2026-08-04T12:12:45+08:00,1,2,73.1,1642.8,7.45,65535.1,772407.7,95,5675,32768,37,237.15,1060483.90,13158119.10
2026-08-04T12:12:55+08:00,1,2,74.4,1647.0,7.62,65442.4,772407.7,96,6343,32768,37,266.36,1060484.39,13158439.61
2026-08-04T12:13:05+08:00,1,2,75.6,1643.2,8.30,65858.5,772407.7,96,4575,32768,37,267.47,1060484.58,13158105.42
2026-08-04T12:13:15+08:00,1,2,76.7,1643.3,7.85,65798.3,772407.7,96,5079,32768,37,217.34,1060484.72,13158129.28
2026-08-04T12:13:25+08:00,1,2,77.7,1646.6,7.26,64155.1,772407.7,97,5959,32768,38,296.63,1060485.05,13158166.95
2026-08-04T12:13:35+08:00,1,2,78.7,1642.8,7.39,64292.7,772407.7,94,6443,32768,37,226.40,1060485.95,13158186.05
2026-08-04T12:13:45+08:00,1,2,79.5,1647.0,7.17,63982.2,772407.7,96,4797,32768,38,269.77,1060486.17,13158194.83
2026-08-04T12:13:55+08:00,1,2,80.4,1642.2,7.07,63752.1,772407.7,89,5333,32768,36,276.21,1060486.35,13158201.65
2026-08-04T12:14:05+08:00,1,2,81.1,1646.5,6.91,63790.3,772407.7,96,6161,32768,38,295.17,1060486.35,13158201.65
2026-08-04T12:14:15+08:00,1,2,81.8,1642.8,7.39,64414.7,772407.7,90,4251,32768,35,208.71,1060486.58,13158213.42
2026-08-04T12:14:25+08:00,1,2,82.4,1646.8,6.79,64327.3,772407.7,96,5019,32768,38,292.74,1060485.99,13158216.01
2026-08-04T12:14:35+08:00,1,2,83.1,1642.0,6.60,64535.7,772407.7,99,5675,32768,37,291.58,1060486.39,13158237.61
2026-08-04T12:14:45+08:00,1,2,83.6,1646.2,6.58,64635.9,772407.7,97,6341,32768,38,240.89,1060486.62,13158241.38
2026-08-04T12:14:55+08:00,1,2,84.2,1642.3,6.56,64397.3,772407.7,100,4513,32768,37,265.38,1060486.86,13158255.14
2026-08-04T12:15:05+08:00,1,2,84.7,1642.4,6.48,64573.5,772407.7,96,5079,32768,37,214.56,1060487.96,13158251.04
2026-08-04T12:15:15+08:00,1,2,85.2,1645.6,6.58,64398.3,772407.7,98,5857,32768,37,293.04,1060488.36,13158260.64
2026-08-04T12:15:25+08:00,1,2,85.6,1646.0,6.57,64693.5,772407.7,97,6443,32768,37,242.18,1060488.60,13158263.40
2026-08-04T12:15:35+08:00,1,2,86.1,1649.2,6.64,64681.0,772407.7,96,4799,32768,38,292.74,1060488.88,13158289.12
2026-08-04T12:15:45+08:00,1,2,86.5,1644.4,6.99,64594.2,772407.7,95,5333,32768,36,223.04,1060488.92,13158302.08
2026-08-04T12:15:55+08:00,1,2,86.9,1644.6,6.68,64961.4,772407.7,96,6161,32768,38,301.29,1060488.25,13158342.75
2026-08-04T12:16:05+08:00,1,2,87.3,1645.0,6.34,64987.3,772407.7,97,4353,32768,36,251.59,1060488.29,13158320.71
2026-08-04T12:16:16+08:00,1,2,87.6,1645.0,6.38,64161.5,772407.7,97,5079,32768,38,290.12,1060488.24,13158337.76
2026-08-04T12:16:26+08:00,1,2,87.8,1644.2,6.25,64051.3,772407.7,98,5777,32768,37,247.70,1060488.54,13158348.46
2026-08-04T12:16:36+08:00,1,2,88.1,1644.3,8.65,64609.0,772407.7,96,6443,32768,37,261.63,1060488.67,13158370.33
2026-08-04T12:16:46+08:00,1,2,88.4,1644.6,8.08,64153.8,772407.7,97,4655,32768,38,238.27,1060488.71,13158382.29
2026-08-04T12:16:56+08:00,1,2,88.7,1643.8,7.52,63842.9,772407.7,90,1149,32768,35,74.93,1060488.71,13158396.29
2026-08-04T12:17:06+08:00,1,2,89.0,1644.1,7.75,63731.3,772407.7,97,6061,32768,37,291.28,1060483.54,13158424.46
2026-08-04T12:17:16+08:00,1,2,89.3,1644.2,7.32,63694.3,772407.7,91,1029,32768,35,81.29,1060484.04,13158439.96
2026-08-04T12:17:26+08:00,1,2,89.5,1644.5,6.88,64129.6,772407.7,96,5019,32768,38,287.10,1060484.06,13158472.94
2026-08-04T12:17:36+08:00,1,2,89.8,1643.7,6.92,64500.6,772407.7,99,5675,32768,37,304.21,1060484.12,13158650.88
2026-08-04T12:17:46+08:00,1,2,90.0,1647.9,7.55,64600.5,772407.7,97,6341,32768,37,278.64,1060484.31,13158677.69
2026-08-04T12:17:56+08:00,1,2,90.2,1644.2,7.69,64792.7,772407.7,98,4513,32768,37,298.86,1060484.35,13158702.65
2026-08-04T12:18:06+08:00,1,2,90.4,1648.6,7.85,64215.7,772407.7,96,5079,32768,37,221.87,1060484.42,13158727.58
2026-08-04T12:18:16+08:00,1,2,90.7,1643.8,7.87,65236.8,772407.7,97,5857,32768,37,270.69,1060484.49,13158769.51
2026-08-04T12:18:26+08:00,1,2,90.9,1643.9,7.90,64747.9,772407.7,97,6443,32768,37,256.45,1060485.66,13158769.34
2026-08-04T12:18:36+08:00,1,2,91.1,1644.1,8.19,65039.0,772407.7,97,4575,32768,37,250.62,1060485.67,13158756.33
2026-08-04T12:18:46+08:00,1,2,91.3,1648.4,8.01,65056.5,772407.7,92,5079,32768,37,215.54,1060485.75,13158738.25
2026-08-04T12:18:56+08:00,1,2,91.5,1643.7,7.79,65137.8,772407.7,96,5959,32768,37,266.32,1060485.59,13158723.41
2026-08-04T12:19:06+08:00,1,2,91.6,1643.8,7.43,65232.5,772407.7,88,5203,32768,37,118.94,1060485.66,13158715.34
2026-08-04T12:19:16+08:00,1,2,91.8,1643.9,6.97,65200.2,772407.7,96,4939,32768,38,293.71,1060485.74,13158696.26
2026-08-04T12:19:26+08:00,1,2,92.0,1647.2,7.04,64904.5,772407.7,95,5575,32768,37,270.07,1060484.88,13158683.12
2026-08-04T12:19:36+08:00,1,2,92.2,1643.4,7.13,65720.0,772407.7,97,6261,32768,37,254.99,1060484.96,13158675.04
2026-08-04T12:19:47+08:00,1,2,92.3,1643.6,7.02,64581.2,772407.7,94,4513,32768,37,298.38,1060484.99,13158700.01
2026-08-04T12:19:57+08:00,1,2,92.3,1643.9,6.80,64676.7,772407.7,96,5079,32768,37,212.61,1060485.06,13158672.94
2026-08-04T12:20:07+08:00,1,2,92.5,1647.4,6.68,65138.8,772407.7,97,5857,32768,38,288.66,1060485.20,13158676.80
2026-08-04T12:20:17+08:00,1,2,92.6,1647.5,6.95,65750.1,772407.7,96,6443,32768,38,245.43,1060486.78,13158664.22
2026-08-04T12:20:27+08:00,1,2,92.8,1643.8,6.80,64576.9,772407.7,94,4795,32768,37,287.69,1060486.88,13158669.12
2026-08-04T12:20:37+08:00,1,2,92.9,1647.0,7.00,66386.6,772407.7,85,5333,32768,35,252.08,1060486.29,13158672.71
2026-08-04T12:20:47+08:00,1,2,93.1,1647.3,6.78,65337.3,772407.7,96,6161,32768,38,304.41,1060486.61,13158679.39
2026-08-04T12:20:57+08:00,1,2,93.2,1647.3,6.80,64931.1,772407.7,91,4251,32768,36,266.36,1060486.21,13158672.79
2026-08-04T12:21:07+08:00,1,2,93.3,1643.7,6.93,64877.0,772407.7,95,4937,32768,37,257.91,1060486.51,13158681.49
2026-08-04T12:21:17+08:00,1,2,93.4,1647.0,7.40,65955.7,772407.7,97,5675,32768,37,302.46,1060486.61,13158676.39
2026-08-04T12:21:27+08:00,1,2,93.6,1643.2,7.80,65522.9,772407.7,98,6341,32768,37,290.80,1060486.65,13158654.35
2026-08-04T12:21:37+08:00,1,2,93.7,1647.5,7.67,64494.4,772407.7,100,4513,32768,37,303.43,1060486.72,13158631.28
2026-08-04T12:21:47+08:00,1,2,93.8,1643.7,7.63,65026.6,772407.7,96,5079,32768,37,204.33,1060486.88,13158640.12
2026-08-04T12:21:57+08:00,1,2,93.9,1642.9,8.00,65268.7,772407.7,97,5857,32768,37,299.35,1060487.03,13158628.97
2026-08-04T12:22:07+08:00,1,2,94.0,1643.3,8.37,65517.7,772407.7,97,6443,32768,37,235.36,1060487.13,13158655.87
2026-08-04T12:22:17+08:00,1,2,94.1,1647.6,11.19,65368.0,772407.7,96,4513,32768,37,253.05,1060487.27,13158621.73
2026-08-04T12:22:27+08:00,1,2,94.2,1643.9,10.70,64767.9,772407.7,96,5079,32768,38,267.99,1060487.41,13158630.59
2026-08-04T12:22:37+08:00,1,2,94.3,1643.2,10.06,64838.9,772407.7,97,5775,32768,37,248.67,1060478.78,13158616.22
2026-08-04T12:22:47+08:00,1,2,94.4,1643.4,9.44,65244.9,772407.7,97,6443,32768,38,272.99,1060480.47,13158587.53
2026-08-04T12:22:57+08:00,1,2,94.5,1647.7,8.92,64817.6,772407.7,98,4655,32768,37,293.42,1060481.09,13158531.91
2026-08-04T12:23:08+08:00,1,2,94.6,1644.1,8.77,64709.6,772407.7,92,1151,32768,35,76.89,1060481.60,13158539.40
2026-08-04T12:23:18+08:00,1,2,94.6,1643.1,8.81,64669.4,772407.7,97,6059,32768,37,292.74,1060484.06,13158536.94
2026-08-04T12:23:28+08:00,1,2,94.7,1647.2,9.14,65547.5,772407.7,90,4783,32768,37,132.05,1060487.50,13158536.50
2026-08-04T12:23:38+08:00,1,2,94.8,1643.3,9.12,64304.5,772407.7,94,4877,32768,38,249.65,1060487.71,13158536.29
2026-08-04T12:23:48+08:00,1,2,94.8,1646.7,8.72,64379.8,772407.7,94,5475,32768,36,251.43,1060487.16,13158552.84
2026-08-04T12:23:58+08:00,1,2,94.9,1642.9,8.60,64289.2,772407.7,97,6263,32768,37,275.24,1060488.30,13158566.70
2026-08-04T12:24:08+08:00,1,2,95.0,1647.1,7.89,64188.4,772407.7,98,4513,32768,37,262.78,1060488.50,13158586.50
2026-08-04T12:24:18+08:00,1,2,95.1,1643.4,8.07,64354.0,772407.7,94,5079,32768,37,226.11,1060488.69,13158613.31
2026-08-04T12:24:28+08:00,1,2,95.2,1646.7,7.82,63968.6,772407.7,96,5957,32768,37,257.91,1060489.48,13158628.52
2026-08-04T12:24:38+08:00,1,2,95.2,1642.9,7.38,64290.9,772407.7,90,6443,32768,37,226.60,1060489.85,13158649.15
2026-08-04T12:24:48+08:00,1,2,95.3,1647.1,7.26,65098.2,772407.7,96,4877,32768,38,263.75,1060490.04,13158719.96
2026-08-04T12:24:58+08:00,1,2,95.4,1642.5,7.24,64357.3,772407.7,99,5573,32768,37,302.46,1060490.27,13158774.73
2026-08-04T12:25:08+08:00,1,2,95.4,1647.0,7.60,65468.1,772407.7,97,6261,32768,38,283.02,1060490.44,13158860.56
2026-08-04T12:25:18+08:00,1,2,95.5,1643.1,7.66,64496.4,772407.7,98,4433,32768,37,282.53,1060490.83,13158874.17
2026-08-04T12:25:28+08:00,1,2,95.6,1646.9,8.34,64103.0,772407.7,97,5081,32768,38,251.59,1060491.05,13158901.95
2026-08-04T12:25:38+08:00,1,2,95.6,1642.2,9.03,64433.8,772407.7,97,5777,32768,38,261.80,1060491.57,13158914.43
2026-08-04T12:25:48+08:00,1,2,95.7,1646.6,8.88,64414.2,772407.7,98,6443,32768,38,276.88,1060491.80,13158923.20
2026-08-04T12:25:58+08:00,1,2,95.8,1646.3,8.51,64520.3,772407.7,98,4655,32768,37,244.29,1060492.05,13158922.95
2026-08-04T12:26:08+08:00,1,2,95.8,1646.4,8.43,64655.2,772407.7,92,2139,32768,36,100.36,1060492.75,13158856.25
2026-08-04T12:26:18+08:00,1,2,95.9,1645.6,8.23,64389.6,772407.7,97,5959,32768,38,240.07,1060492.99,13158802.01
2026-08-04T12:26:28+08:00,1,2,96.0,1646.0,7.97,64372.0,772407.7,97,6443,32768,37,216.51,1060493.45,13158759.55
2026-08-04T12:26:38+08:00,1,2,96.0,1646.1,7.74,64133.1,772407.7,94,4877,32768,38,251.27,1060494.30,13158711.70
2026-08-04T12:26:49+08:00,1,2,96.1,1645.3,7.40,64716.9,772407.7,98,5573,32768,37,308.58,1060494.49,13158681.51
2026-08-04T12:26:59+08:00,1,2,96.0,1645.5,7.66,64127.4,772407.7,97,6263,32768,38,276.76,1060495.60,13158640.40
2026-08-04T12:27:09+08:00,1,2,96.1,1645.9,8.33,65036.2,772407.7,96,4433,32768,37,251.76,1060494.75,13158618.25
2026-08-04T12:27:19+08:00,1,2,96.1,1646.2,7.89,64420.0,772407.7,97,5019,32768,38,260.35,1060495.00,13158603.00
2026-08-04T12:27:29+08:00,1,2,96.2,1645.5,7.52,64006.1,772407.7,98,5675,32768,37,281.08,1060495.04,13158561.96
2026-08-04T12:27:39+08:00,1,2,96.3,1645.6,7.45,64862.7,772407.7,97,6341,32768,38,276.70,1060495.24,13158553.76
2026-08-04T12:27:49+08:00,1,2,96.3,1646.0,7.68,64989.4,772407.7,97,4513,32768,37,277.55,1060495.27,13158558.73
2026-08-04T12:27:59+08:00,1,2,96.4,1646.1,7.59,65371.7,772407.7,96,5079,32768,37,222.41,1060494.37,13158574.63
2026-08-04T12:28:09+08:00,1,2,96.4,1645.4,7.58,64663.7,772407.7,97,5857,32768,37,295.17,1060489.16,13158596.84
2026-08-04T12:28:19+08:00,1,2,96.5,1645.7,7.63,64640.3,772407.7,97,6443,32768,37,287.39,1060489.22,13158809.78
2026-08-04T12:28:29+08:00,1,2,96.5,1646.0,7.23,64854.6,772407.7,97,4717,32768,37,256.45,1060489.28,13159529.72
2026-08-04T12:28:39+08:00,1,2,96.6,1645.2,7.20,65006.9,772407.7,87,5333,32768,36,275.55,1060489.36,13158843.64
2026-08-04T12:28:49+08:00,1,2,96.6,1641.6,6.86,64934.5,772407.7,98,6161,32768,38,252.24,1060489.39,13158810.61
2026-08-04T12:28:59+08:00,1,2,96.6,1645.8,6.52,65242.5,772407.7,97,4433,32768,37,276.70,1060489.44,13158756.56
2026-08-04T12:29:09+08:00,1,2,96.7,1642.0,6.42,64338.2,772407.7,94,5019,32768,38,258.08,1060489.51,13158720.49
2026-08-04T12:29:19+08:00,1,2,96.7,1645.3,6.67,64757.6,772407.7,98,5575,32768,37,297.41,1060489.58,13158673.42
2026-08-04T12:29:29+08:00,1,2,96.8,1641.6,6.72,64188.5,772407.7,97,6161,32768,37,293.23,1060489.61,13158617.39
2026-08-04T12:29:39+08:00,1,2,96.8,1645.6,6.78,64961.1,772407.7,84,6443,32768,36,208.09,1060489.68,13158557.32
2026-08-04T12:29:49+08:00,1,2,96.9,1642.0,6.59,64671.9,772407.7,97,4799,32768,37,245.91,1060489.73,13158515.27
2026-08-04T12:29:59+08:00,1,2,96.9,1645.5,6.59,64925.2,772407.7,86,3791,32768,35,229.85,1060489.58,13158468.42
2026-08-04T12:30:09+08:00,1,2,96.9,1645.8,6.81,65282.9,772407.7,96,5959,32768,37,294.20,1060489.68,13158438.32
2026-08-04T12:30:20+08:00,1,2,97.0,1646.0,6.85,65978.9,772407.7,96,6443,32768,38,267.15,1060490.01,13158415.99
2026-08-04T12:30:30+08:00,1,2,96.9,1646.0,6.96,65540.3,772407.7,96,4717,32768,38,250.95,1060490.09,13158379.91
2026-08-04T12:30:40+08:00,1,2,97.0,1645.5,7.66,66577.3,772407.7,86,5473,32768,37,296.14,1060490.13,13158349.87
2026-08-04T12:30:50+08:00,1,2,97.0,1645.8,8.73,65762.1,772407.7,98,6161,32768,38,300.81,1060491.06,13158320.94
2026-08-04T12:31:00+08:00,1,2,97.1,1646.2,8.76,66424.5,772407.7,87,4353,32768,36,279.80,1060491.13,13158302.87
2026-08-04T12:31:10+08:00,1,2,97.1,1646.4,8.48,66741.5,772407.7,96,4939,32768,38,263.44,1060491.21,13158275.79
2026-08-04T12:31:20+08:00,1,2,97.1,1641.8,8.41,66477.2,772407.7,97,5675,32768,37,305.87,1060491.26,13159599.74
2026-08-04T12:31:30+08:00,1,2,97.2,1646.2,7.97,66191.5,772407.7,97,6341,32768,38,258.40,1060490.64,13158245.36
2026-08-04T12:31:40+08:00,1,2,97.2,1646.4,7.52,65948.0,772407.7,97,4655,32768,37,284.48,1060490.72,13158226.28
2026-08-04T12:31:50+08:00,1,2,97.3,1646.6,7.83,65571.0,772407.7,93,5079,32768,37,230.01,1060490.80,13158216.20
2026-08-04T12:32:00+08:00,1,2,97.3,1641.9,7.71,65436.5,772407.7,96,5959,32768,37,259.86,1060490.83,13158197.17
2026-08-04T12:32:10+08:00,1,2,97.3,1646.2,7.74,64725.5,772407.7,91,6443,32768,37,225.96,1060490.92,13158191.08
2026-08-04T12:32:20+08:00,1,2,97.4,1642.4,7.70,64485.6,772407.7,95,4879,32768,37,256.94,1060490.99,13158181.01
2026-08-04T12:32:30+08:00,1,2,97.4,1645.8,7.53,64885.9,772407.7,97,5675,32768,37,302.95,1060491.94,13158175.06
2026-08-04T12:32:40+08:00,1,2,97.4,1642.1,8.10,64547.2,772407.7,95,6343,32768,38,252.56,1060492.03,13158173.97
2026-08-04T12:32:50+08:00,1,2,97.5,1646.5,7.61,64392.2,772407.7,95,4575,32768,37,297.60,1060492.16,13158173.84
2026-08-04T12:33:00+08:00,1,2,97.5,1642.9,8.30,64125.8,772407.7,91,5081,32768,37,220.12,1060491.49,13158187.51
2026-08-04T12:33:10+08:00,1,2,97.5,1646.1,8.04,63749.3,772407.7,96,5777,32768,37,272.51,1060491.83,13158187.17
2026-08-04T12:33:20+08:00,1,2,97.6,1642.3,8.89,64151.9,772407.7,96,6343,32768,37,254.51,1060491.94,13158190.06
2026-08-04T12:33:30+08:00,1,2,97.6,1646.6,9.21,64022.6,772407.7,95,4513,32768,37,301.49,1060492.08,13158204.92
2026-08-04T12:33:41+08:00,1,2,97.6,1642.7,8.55,63654.9,772407.7,97,5079,32768,37,264.10,1060492.21,13158183.79
2026-08-04T12:33:51+08:00,1,2,97.6,1646.0,7.93,64044.1,772407.7,96,5775,32768,37,251.10,1060492.35,13158181.65
2026-08-04T12:34:01+08:00,1,2,97.6,1642.2,7.96,64710.9,772407.7,96,6343,32768,37,261.00,1060492.48,13158203.52
2026-08-04T12:34:11+08:00,1,2,97.6,1646.5,8.73,64759.2,772407.7,98,4515,32768,37,258.89,1060492.61,13158189.39
2026-08-04T12:34:21+08:00,1,2,97.7,1646.5,8.16,65158.8,772407.7,95,5081,32768,37,215.05,1060492.76,13158185.24
2026-08-04T12:34:31+08:00,1,2,97.7,1645.7,8.22,65045.2,772407.7,97,5857,32768,38,240.07,1060493.30,13158219.70
2026-08-04T12:34:41+08:00,1,2,97.7,1645.8,8.12,65634.1,772407.7,97,6443,32768,37,209.06,1060493.44,13158195.56
2026-08-04T12:34:51+08:00,1,2,97.7,1646.1,7.72,65392.1,772407.7,96,4717,32768,37,296.43,1060493.64,13158195.36
2026-08-04T12:35:01+08:00,1,2,97.8,1646.2,7.84,65257.1,772407.7,86,1151,32768,35,83.30,1060494.02,13158209.98
2026-08-04T12:35:11+08:00,1,2,97.8,1645.4,8.06,65302.5,772407.7,96,6059,32768,37,247.70,1060494.21,13158184.79
2026-08-04T12:35:21+08:00,1,2,97.8,1645.7,7.76,65368.8,772407.7,87,4251,32768,35,206.27,1060494.40,13158197.60
2026-08-04T12:35:31+08:00,1,2,97.9,1641.8,7.73,66112.6,772407.7,97,5019,32768,38,296.83,1060494.57,13158168.43
2026-08-04T12:35:41+08:00,1,2,97.9,1645.3,8.61,66780.8,772407.7,97,5675,32768,37,245.43,1060496.41,13158352.59
2026-08-04T12:35:51+08:00,1,2,97.9,1645.6,9.05,66174.2,772407.7,96,6343,32768,37,250.95,1060496.56,13158346.44
2026-08-04T12:36:01+08:00,1,2,97.9,1645.9,9.18,65755.1,772407.7,97,4575,32768,37,287.10,1060496.74,13158343.26
2026-08-04T12:36:11+08:00,1,2,98.0,1642.1,9.24,65674.0,772407.7,87,5079,32768,36,209.41,1060497.00,13158320.00
2026-08-04T12:36:21+08:00,1,2,98.0,1645.4,8.35,64775.4,772407.7,97,5959,32768,37,248.84,1060497.22,13158296.78
2026-08-04T12:36:31+08:00,1,2,98.0,1649.5,7.99,64471.9,772407.7,89,6443,32768,37,238.77,1060496.33,13158241.67
2026-08-04T12:36:41+08:00,1,2,98.0,1645.7,7.91,64320.5,772407.7,95,4939,32768,38,286.72,1060496.70,13158188.30
2026-08-04T12:36:51+08:00,1,2,98.1,1644.9,7.70,65275.6,772407.7,97,5675,32768,37,297.60,1060496.96,13158167.04
2026-08-04T12:37:02+08:00,1,2,98.1,1645.2,7.67,64965.1,772407.7,97,6341,32768,37,251.27,1060497.17,13158123.83
2026-08-04T12:37:12+08:00,1,2,98.0,1645.3,7.35,64849.3,772407.7,97,4575,32768,37,256.14,1060497.46,13158133.54
2026-08-04T12:37:22+08:00,1,2,98.1,1645.5,7.46,64526.4,772407.7,90,5081,32768,37,220.75,1060497.83,13158083.17
2026-08-04T12:37:32+08:00,1,2,98.1,1644.8,7.67,64449.4,772407.7,97,5959,32768,38,291.09,1060498.14,13158053.86
2026-08-04T12:37:42+08:00,1,2,98.1,1641.1,7.65,65005.6,772407.7,97,6443,32768,37,234.88,1060498.42,13158046.58
2026-08-04T12:37:52+08:00,1,2,98.1,1645.2,7.54,65137.9,772407.7,97,4877,32768,37,299.35,1060498.52,13158050.48
2026-08-04T12:38:02+08:00,1,2,98.2,1648.3,7.53,64928.5,772407.7,96,5573,32768,37,306.35,1060498.53,13158043.47
2026-08-04T12:38:12+08:00,1,2,98.2,1644.8,7.15,65391.1,772407.7,97,6261,32768,37,275.24,1060499.29,13158053.71
2026-08-04T12:38:22+08:00,1,2,98.2,1640.9,7.12,66174.7,772407.7,92,4353,32768,37,259.06,1060499.33,13158061.67
2026-08-04T12:38:32+08:00,1,2,98.2,1645.5,11.13,65284.9,772407.7,96,5019,32768,37,265.87,1060500.20,13158080.80
2026-08-04T12:38:42+08:00,1,2,98.3,1648.6,10.04,65303.7,772407.7,96,5857,32768,37,275.55,1060499.42,13158107.58
2026-08-04T12:38:52+08:00,1,2,98.3,1644.8,9.73,65202.9,772407.7,98,6443,32768,38,306.15,1060499.64,13158145.36
2026-08-04T12:39:02+08:00,1,2,98.3,1644.9,9.68,65508.9,772407.7,95,4575,32768,37,253.05,1060499.69,13158186.31
2026-08-04T12:39:12+08:00,1,2,98.3,1645.3,9.64,65683.8,772407.7,92,5079,32768,37,198.48,1060493.73,13158225.27
2026-08-04T12:39:22+08:00,1,2,98.3,1648.4,9.09,65127.1,772407.7,97,5857,32768,37,264.24,1060493.83,13158258.17
2026-08-04T12:39:32+08:00,1,2,98.4,1644.7,9.42,65448.7,772407.7,96,6443,32768,37,225.13,1060493.89,13158296.11
2026-08-04T12:39:42+08:00,1,2,98.4,1644.9,9.04,64944.7,772407.7,97,4797,32768,37,284.18,1060494.08,13158317.92
2026-08-04T12:39:52+08:00,1,2,98.4,1644.2,8.73,65795.1,772407.7,94,5473,32768,36,299.06,1060494.11,13158373.89
2026-08-04T12:40:02+08:00,1,2,98.4,1648.3,8.45,65411.5,772407.7,97,6161,32768,37,252.24,1060494.18,13158401.82
2026-08-04T12:40:12+08:00,1,2,98.4,1644.5,8.23,64824.4,772407.7,88,4353,32768,36,293.04,1060494.24,13158415.76
2026-08-04T12:40:22+08:00,1,2,98.5,1644.7,7.81,66736.5,772407.7,96,5019,32768,38,276.21,1060494.30,13158444.70
2026-08-04T12:40:33+08:00,1,2,98.5,1647.9,7.70,65773.4,772407.7,98,5675,32768,37,250.78,1060494.32,13158458.68
2026-08-04T12:40:43+08:00,1,2,98.4,1644.0,7.72,65712.2,772407.7,98,6343,32768,37,262.78,1060494.41,13158485.59
2026-08-04T12:40:53+08:00,1,2,98.5,1648.0,7.69,65636.5,772407.7,97,4575,32768,37,257.60,1060494.46,13158511.54
2026-08-04T12:41:03+08:00,1,2,98.5,1644.2,7.81,65383.7,772407.7,95,5079,32768,37,211.64,1060494.33,13158526.67
2026-08-04T12:41:13+08:00,1,2,98.5,1647.5,7.14,64910.7,772407.7,97,5857,32768,37,275.61,1060494.36,13158533.64
2026-08-04T12:41:23+08:00,1,2,98.5,1643.9,6.88,65831.4,772407.7,96,6443,32768,38,299.35,1060494.43,13158540.57
2026-08-04T12:41:33+08:00,1,2,98.5,1648.1,6.59,65048.0,772407.7,98,4717,32768,37,267.64,1060494.52,13158553.48
2026-08-04T12:41:43+08:00,1,2,98.5,1643.3,6.27,65378.3,772407.7,92,5331,32768,35,248.84,1060494.59,13158560.41
2026-08-04T12:41:53+08:00,1,2,98.6,1643.3,6.08,65142.3,772407.7,98,6061,32768,37,257.43,1060494.67,13158556.33
2026-08-04T12:42:03+08:00,1,2,98.6,1643.9,6.60,65463.1,772407.7,87,5783,32768,36,126.68,1060494.89,13158549.11
2026-08-04T12:42:13+08:00,1,2,98.6,1643.9,6.74,65312.6,772407.7,96,4877,32768,37,293.71,1060495.06,13158552.94
2026-08-04T12:42:23+08:00,1,2,98.6,1643.3,6.62,65850.4,772407.7,91,5575,32768,37,278.46,1060495.14,13158551.86
2026-08-04T12:42:33+08:00,1,2,98.6,1643.4,6.45,65439.7,772407.7,98,6261,32768,37,303.92,1060495.48,13158568.52
2026-08-04T12:42:43+08:00,1,2,98.6,1647.6,6.30,65523.4,772407.7,97,4433,32768,37,273.66,1060495.56,13158568.44
2026-08-04T12:42:53+08:00,1,2,98.7,1644.0,6.54,65969.4,772407.7,97,5079,32768,37,299.06,1060495.65,13158647.35
2026-08-04T12:43:03+08:00,1,2,98.7,1647.1,6.23,66156.4,772407.7,98,5857,32768,38,295.95,1060495.72,13158653.28
2026-08-04T12:43:13+08:00,1,2,98.7,1643.4,6.20,66701.7,772407.7,97,6443,32768,38,236.82,1060495.78,13158657.22
2026-08-04T12:43:23+08:00,1,2,98.7,1647.9,6.09,66157.9,772407.7,95,4797,32768,38,283.21,1060496.30,13158646.70
2026-08-04T12:43:33+08:00,1,2,98.7,1643.3,6.39,65781.7,772407.7,94,5473,32768,36,279.13,1060497.00,13158608.00
2026-08-04T12:43:43+08:00,1,2,98.8,1647.5,6.55,65976.5,772407.7,96,6061,32768,37,242.99,1060497.15,13158569.85
2026-08-04T12:43:54+08:00,1,2,98.8,1643.8,6.62,65351.9,772407.7,87,2283,32768,36,90.15,1060493.25,13158528.75
2026-08-04T12:44:04+08:00,1,2,98.8,1644.0,6.52,65467.2,772407.7,95,4939,32768,37,251.76,1060493.39,13158499.61
2026-08-04T12:44:14+08:00,1,2,98.7,1643.4,6.13,64379.1,772407.7,98,5675,32768,37,254.51,1060493.56,13158486.44
2026-08-04T12:44:24+08:00,1,2,98.8,1647.5,5.96,64015.3,772407.7,97,6261,32768,37,253.05,1060494.68,13158447.32
2026-08-04T12:44:34+08:00,1,2,98.8,1643.8,6.21,64177.1,772407.7,89,4251,32768,35,216.37,1060494.98,13158416.02
2026-08-04T12:44:44+08:00,1,2,98.8,1644.0,6.10,64059.8,772407.7,96,4877,32768,37,266.49,1060496.09,13158400.91
2026-08-04T12:44:54+08:00,1,2,98.8,1643.3,5.93,64074.3,772407.7,84,5473,32768,36,294.69,1060496.25,13158381.75
2026-08-04T12:45:04+08:00,1,2,98.8,1647.5,6.11,64710.2,772407.7,96,6061,32768,37,246.40,1060496.38,13158373.62
2026-08-04T12:45:14+08:00,1,2,98.8,1643.8,6.18,64690.1,772407.7,95,6443,32768,37,216.37,1060496.44,13158376.56
2026-08-04T12:45:24+08:00,1,2,98.9,1644.0,7.01,67436.8,772407.7,94,4717,32768,37,253.22,1060496.69,13158401.31
2026-08-04T12:45:34+08:00,1,2,98.9,1644.4,7.23,65360.8,772407.7,89,5079,32768,36,206.41,1060496.86,13158419.14
2026-08-04T12:45:44+08:00,1,2,98.9,1647.8,7.19,65953.7,772407.7,96,5857,32768,37,281.56,1060498.07,13158461.93
2026-08-04T12:45:54+08:00,1,2,98.9,1644.1,7.16,65735.9,772407.7,96,6443,32768,37,258.08,1060498.22,13158481.78
2026-08-04T12:46:04+08:00,1,2,98.9,1644.3,8.19,65175.1,772407.7,97,4513,32768,37,264.90,1060498.43,13159499.57
2026-08-04T12:46:14+08:00,1,2,98.9,1640.6,8.02,65625.9,772407.7,94,5081,32768,37,270.87,1060499.13,13158503.87
2026-08-04T12:46:24+08:00,1,2,98.9,1648.0,7.80,65023.2,772407.7,97,5675,32768,37,298.38,1060500.16,13158528.84
2026-08-04T12:46:34+08:00,1,2,99.0,1644.1,7.60,64889.3,772407.7,93,6263,32768,37,250.13,1060500.29,13158576.71
2026-08-04T12:46:44+08:00,1,2,99.0,1644.2,7.51,64248.2,772407.7,86,4351,32768,37,242.51,1060500.50,13158587.50
2026-08-04T12:46:54+08:00,1,2,99.0,1644.3,7.52,64901.5,772407.7,95,4939,32768,37,258.89,1060493.35,13158625.65
2026-08-04T12:47:04+08:00,1,2,99.0,1643.7,7.83,65580.0,772407.7,95,5573,32768,37,288.37,1060492.75,13158646.25
2026-08-04T12:47:14+08:00,1,2,99.0,1647.9,7.63,66644.0,772407.7,96,6261,32768,37,238.13,1060493.16,13158632.84
2026-08-04T12:47:24+08:00,1,2,99.0,1644.2,7.32,65447.2,772407.7,97,4515,32768,37,300.81,1060495.73,13158605.27
2026-08-04T12:47:34+08:00,1,2,99.0,1644.3,7.72,64999.1,772407.7,96,5079,32768,38,243.64,1060499.31,13158605.69
2026-08-04T12:47:45+08:00,1,2,99.0,1643.8,7.47,65562.4,772407.7,98,5857,32768,37,286.72,1060499.55,13158629.45
2026-08-04T12:47:55+08:00,1,2,99.0,1648.0,7.40,65798.4,772407.7,96,6443,32768,38,243.97,1060499.74,13158627.26
2026-08-04T12:48:05+08:00,1,2,99.0,1644.1,6.88,65511.2,772407.7,96,4717,32768,37,262.61,1060500.97,13158620.03
2026-08-04T12:48:15+08:00,1,2,99.0,1643.4,6.59,65888.9,772407.7,86,5473,32768,36,249.81,1060501.19,13158656.81
2026-08-04T12:48:25+08:00,1,2,99.1,1643.8,6.58,65925.8,772407.7,97,6161,32768,38,297.12,1060501.42,13158671.58
2026-08-04T12:48:35+08:00,1,2,99.1,1648.0,6.26,65230.5,772407.7,88,4351,32768,37,283.88,1060502.33,13158709.67
2026-08-04T12:48:45+08:00,1,2,99.1,1644.2,6.76,66072.1,772407.7,95,5021,32768,37,270.87,1060503.38,13158706.62
2026-08-04T12:48:55+08:00,1,2,99.1,1643.4,6.94,64912.8,772407.7,97,5675,32768,37,272.02,1060503.55,13158709.45
2026-08-04T12:49:05+08:00,1,2,99.1,1643.9,7.25,64985.4,772407.7,96,6343,32768,38,258.08,1060502.96,13158707.04
2026-08-04T12:49:15+08:00,1,2,99.1,1648.1,6.99,65269.4,772407.7,98,4575,32768,37,287.88,1060503.19,13158723.81
2026-08-04T12:49:25+08:00,1,2,99.1,1644.4,6.68,64814.1,772407.7,97,5079,32768,37,203.22,1060503.24,13158730.76
2026-08-04T12:49:35+08:00,1,2,99.2,1643.5,6.65,65023.9,772407.7,98,5959,32768,38,294.20,1060503.28,13158757.72
2026-08-04T12:49:45+08:00,1,2,99.2,1643.7,6.39,64920.3,772407.7,96,6443,32768,37,208.09,1060503.31,13158760.69
2026-08-04T12:49:55+08:00,1,2,99.2,1647.9,6.63,65878.9,772407.7,96,4715,32768,37,259.71,1060503.32,13158780.68
2026-08-04T12:50:05+08:00,1,2,99.2,1647.3,6.45,65579.7,772407.7,93,5333,32768,36,280.29,1060503.32,13158786.68
2026-08-04T12:50:15+08:00,1,2,99.2,1643.6,7.32,66097.8,772407.7,96,6059,32768,38,252.73,1060503.45,13158794.55
2026-08-04T12:50:25+08:00,1,2,99.2,1643.6,7.11,65145.8,772407.7,87,3483,32768,37,112.02,1060498.28,13159171.72
2026-08-04T12:50:35+08:00,1,2,99.2,1643.9,7.02,65862.4,772407.7,96,4877,32768,38,249.48,1060498.31,13159219.69
2026-08-04T12:50:45+08:00,1,2,99.2,1647.1,7.38,65383.5,772407.7,92,5573,32768,37,288.37,1060498.66,13159241.34
2026-08-04T12:50:55+08:00,1,2,99.3,1643.3,7.48,64944.2,772407.7,96,6261,32768,37,242.99,1060498.71,13159246.29
2026-08-04T12:51:05+08:00,1,2,99.3,1643.5,7.63,65301.3,772407.7,97,4433,32768,37,260.83,1060498.79,13159229.21
2026-08-04T12:51:15+08:00,1,2,99.3,1643.8,7.70,64467.4,772407.7,96,5079,32768,37,266.67,1060498.82,13159182.18
2026-08-04T12:51:25+08:00,1,2,99.3,1647.0,7.35,64457.8,772407.7,96,5675,32768,37,268.92,1060498.89,13159111.11
2026-08-04T12:51:35+08:00,1,2,99.3,1643.1,7.31,64554.7,772407.7,96,6341,32768,37,240.56,1060499.39,13159110.61
2026-08-04T12:51:45+08:00,1,2,99.3,1643.2,7.03,64586.3,772407.7,96,4513,32768,37,273.84,1060499.46,13159054.54
2026-08-04T12:51:55+08:00,1,2,99.3,1643.3,7.27,66321.6,772407.7,91,5081,32768,37,197.63,1060499.65,13159012.35
2026-08-04T12:52:06+08:00,1,2,99.0,1644.4,7.53,61811.7,772407.7,0,1007,32768,29,55.94,1060499.71,13159010.29
2026-08-04T12:52:16+08:00,1,2,98.6,1644.4,7.36,62846.0,772407.7,0,1007,32768,29,55.94,1060499.55,13158945.45
2026-08-04T12:52:26+08:00,1,2,98.2,1644.4,7.46,64041.0,772407.7,0,1007,32768,29,55.94,1060499.64,13158921.36
2026-08-04T12:52:36+08:00,1,2,97.8,1644.4,7.88,64337.0,772407.7,0,1007,32768,29,55.90,1060500.11,13158892.89
2026-08-04T12:52:46+08:00,1,2,97.5,1644.4,7.36,64717.9,772407.7,0,1007,32768,29,55.90,1060500.22,13158878.78
2026-08-04T12:52:56+08:00,1,2,97.1,1644.4,7.32,66004.8,772407.7,0,1007,32768,29,55.97,1060499.85,13158867.15
2026-08-04T12:53:06+08:00,1,2,97.1,1677.2,7.96,61731.9,772407.7,0,1009,32768,29,55.94,1060500.68,13158866.32
2026-08-04T12:53:16+08:00,1,2,96.7,1677.2,8.19,62669.2,772407.7,0,1009,32768,29,55.90,1060501.19,13158847.81
2026-08-04T12:53:26+08:00,1,2,96.3,1677.2,8.35,63030.9,772407.7,0,1009,32768,29,55.90,1060501.27,13158820.73
2026-08-04T12:53:36+08:00,1,2,96.0,1677.2,8.31,63536.2,772407.7,0,1009,32768,29,55.90,1060501.34,13158806.66
2026-08-04T12:53:46+08:00,1,2,95.6,1677.2,8.25,64265.8,772407.7,0,1009,32768,29,55.90,1060501.43,13158799.57
2026-08-04T12:53:56+08:00,1,2,95.3,1677.2,8.06,65423.7,772407.7,0,1009,32768,29,55.90,1060501.45,13158773.55
2026-08-04T12:54:06+08:00,1,2,95.2,1680.3,8.54,65985.0,772407.7,0,1009,32768,29,55.94,1060500.55,13158771.45
2026-08-04T12:54:16+08:00,1,2,94.8,1682.4,8.97,61313.8,772407.7,0,1009,32768,29,55.94,1060500.97,13158764.03
2026-08-04T12:54:26+08:00,1,2,94.5,1682.4,8.60,61785.1,772407.7,0,1009,32768,29,55.94,1060499.81,13158767.19
2026-08-04T12:54:36+08:00,1,2,94.1,1682.4,8.20,62658.4,772407.7,0,1009,32768,29,55.94,1060500.01,13158764.99
2026-08-04T12:54:46+08:00,1,2,93.8,1682.4,8.02,62848.3,772407.7,0,1009,32768,29,55.94,1060500.09,13158776.91
2026-08-04T12:54:56+08:00,1,2,93.4,1682.4,7.71,63990.0,772407.7,0,1009,32768,29,55.90,1060500.18,13158755.82
2026-08-04T12:55:06+08:00,1,2,93.1,1682.4,7.82,64703.6,772407.7,0,1009,32768,29,55.90,1060499.38,13158773.62
2026-08-04T12:55:16+08:00,1,2,93.1,1687.1,8.17,65364.4,772407.7,89,5473,32768,36,248.51,1060499.68,13158787.32
2026-08-04T12:55:26+08:00,1,2,93.2,1687.2,8.12,65358.9,772407.7,97,6061,32768,37,249.81,1060499.84,13158794.16
2026-08-04T12:55:37+08:00,1,2,93.2,1683.4,7.80,65087.2,772407.7,85,1009,32768,35,83.79,1060499.98,13158828.02
2026-08-04T12:55:47+08:00,1,2,93.2,1686.7,7.37,64373.0,772407.7,95,4899,32768,37,277.55,1060500.11,13158815.89
2026-08-04T12:55:57+08:00,1,2,93.2,1685.9,7.24,64944.5,772407.7,90,5473,32768,36,254.68,1060500.24,13158828.76
2026-08-04T12:56:07+08:00,1,2,93.2,1686.1,7.44,64348.7,772407.7,96,6061,32768,37,253.06,1060500.40,13158851.60
2026-08-04T12:56:17+08:00,1,2,93.3,1682.3,7.68,64621.1,772407.7,93,6443,32768,37,235.21,1060500.53,13158862.47
2026-08-04T12:56:27+08:00,1,2,93.3,1686.4,7.89,64826.5,772407.7,95,4797,32768,37,285.94,1060500.62,13158862.38
2026-08-04T12:56:37+08:00,1,2,93.3,1689.8,8.67,65746.7,772407.7,82,5331,32768,35,211.15,1060500.77,13158819.23
2026-08-04T12:56:47+08:00,1,2,93.4,1686.0,9.31,65427.1,772407.7,96,5959,32768,38,283.69,1060501.14,13158765.86
2026-08-04T12:56:57+08:00,1,2,93.4,1686.3,8.64,65753.7,772407.7,93,6443,32768,37,227.87,1060501.32,13158730.68
2026-08-04T12:57:07+08:00,1,2,93.4,1686.6,8.86,65887.8,772407.7,96,4717,32768,37,270.43,1060501.47,13158711.53
2026-08-04T12:57:17+08:00,1,2,93.5,1682.9,8.50,65462.8,772407.7,85,5079,32768,36,203.00,1060501.66,13158659.34
2026-08-04T12:57:27+08:00,1,2,93.5,1686.2,7.80,65094.9,772407.7,97,6061,32768,37,258.40,1060502.28,13158626.72
2026-08-04T12:57:37+08:00,1,2,93.5,1686.4,7.52,65585.0,772407.7,91,4253,32768,36,269.10,1060502.48,13158620.52
2026-08-04T12:57:47+08:00,1,2,93.5,1686.7,7.14,65747.4,772407.7,97,5079,32768,37,296.92,1060502.67,13158606.33
2026-08-04T12:57:57+08:00,1,2,93.6,1685.9,7.11,65401.3,772407.7,98,5677,32768,37,249.65,1060502.91,13158597.09
2026-08-04T12:58:07+08:00,1,2,93.6,1686.3,7.02,64904.1,772407.7,98,6443,32768,38,290.99,1060503.17,13158585.83
2026-08-04T12:58:17+08:00,1,2,93.6,1686.6,7.23,64796.5,772407.7,98,4655,32768,37,291.28,1060503.36,13158595.64
2026-08-04T12:58:27+08:00,1,2,93.7,1686.7,7.26,64823.9,772407.7,96,5079,32768,37,216.23,1060503.53,13158600.47
2026-08-04T12:58:37+08:00,1,2,93.7,1686.0,7.07,65120.4,772407.7,98,5857,32768,38,293.52,1060503.76,13158618.24
2026-08-04T12:58:47+08:00,1,2,93.7,1686.4,7.45,63732.1,772407.7,97,6443,32768,37,275.79,1060504.00,13158647.00
2026-08-04T12:58:57+08:00,1,2,93.7,1686.4,7.71,63825.7,772407.7,97,4573,32768,37,295.37,1060504.21,13158657.79
2026-08-04T12:59:08+08:00,1,2,93.8,1686.6,7.60,64024.6,772407.7,95,5079,32768,38,290.61,1060504.52,13158708.48
2026-08-04T12:59:18+08:00,1,2,93.8,1685.8,7.27,64360.7,772407.7,95,5675,32768,37,254.19,1060504.75,13158743.25
2026-08-04T12:59:28+08:00,1,2,93.8,1686.2,7.62,64546.3,772407.7,96,6341,32768,37,243.31,1060505.02,13158758.98
2026-08-04T12:59:38+08:00,1,2,93.8,1686.3,8.70,64521.8,772407.7,94,4435,32768,36,289.04,1060505.21,13158798.79
2026-08-04T12:59:48+08:00,1,2,93.8,1682.6,8.61,64703.3,772407.7,96,5019,32768,37,249.32,1060505.47,13158836.53
2026-08-04T12:59:58+08:00,1,2,93.9,1685.8,8.28,64498.7,772407.7,96,5675,32768,37,262.29,1060505.74,13158861.26
2026-08-04T13:00:08+08:00,1,2,93.9,1690.1,8.15,65363.8,772407.7,96,6341,32768,38,291.09,1060505.96,13158875.04
2026-08-04T13:00:18+08:00,1,2,93.9,1686.3,7.91,65360.4,772407.7,96,4575,32768,37,276.70,1060505.96,13158935.04
2026-08-04T13:00:28+08:00,1,2,94.0,1686.6,8.07,65207.5,772407.7,90,5079,32768,37,217.00,1060506.00,13158940.00
2026-08-04T13:00:38+08:00,1,2,94.0,1685.9,7.52,65359.2,772407.7,97,5957,32768,38,301.29,1060506.05,13158972.95
2026-08-04T13:00:48+08:00,1,2,94.0,1686.1,7.27,65140.3,772407.7,89,6443,32768,37,220.26,1060506.11,13158978.89
2026-08-04T13:00:58+08:00,1,2,94.0,1686.5,8.72,64949.8,772407.7,97,4799,32768,37,249.16,1060506.12,13159009.88
2026-08-04T13:01:08+08:00,1,2,94.1,1685.9,8.37,65420.6,772407.7,84,5473,32768,37,239.26,1060506.16,13159009.84
2026-08-04T13:01:18+08:00,1,2,94.1,1686.3,7.86,65302.0,772407.7,97,6261,32768,38,293.52,1060506.19,13159025.81
2026-08-04T13:01:28+08:00,1,2,94.1,1686.4,7.49,65097.6,772407.7,91,4433,32768,37,304.89,1060501.08,13159044.92
2026-08-04T13:01:38+08:00,1,2,94.1,1686.9,7.86,64421.9,772407.7,96,5019,32768,37,274.27,1060501.13,13159074.87
2026-08-04T13:01:48+08:00,1,2,94.2,1686.0,7.88,64705.9,772407.7,96,5675,32768,37,301.29,1060501.19,13159098.81
2026-08-04T13:01:58+08:00,1,2,94.2,1686.2,7.75,64594.9,772407.7,96,6261,32768,38,288.37,1060502.34,13159125.66
2026-08-04T13:02:08+08:00,1,2,94.2,1686.4,7.32,64906.0,772407.7,95,4433,32768,37,261.83,1060502.85,13159133.15
2026-08-04T13:02:18+08:00,1,2,94.2,1686.7,7.13,64995.7,772407.7,97,5079,32768,37,249.32,1060503.28,13159166.72
2026-08-04T13:02:28+08:00,1,2,94.3,1685.9,6.64,64325.6,772407.7,97,5775,32768,37,265.70,1060503.33,13159203.67
2026-08-04T13:02:39+08:00,1,2,94.3,1682.2,7.00,65043.0,772407.7,97,6443,32768,37,255.16,1060503.44,13159324.56
2026-08-04T13:02:49+08:00,1,2,94.3,1686.4,7.08,64725.5,772407.7,96,4655,32768,38,303.43,1060502.69,13159434.31
2026-08-04T13:02:59+08:00,1,2,94.3,1686.7,6.76,64771.9,772407.7,86,1151,32768,36,95.53,1060501.87,13159468.13
2026-08-04T13:03:09+08:00,1,2,94.3,1686.0,6.57,64320.7,772407.7,97,6059,32768,37,290.61,1060501.96,13159512.04
2026-08-04T13:03:19+08:00,1,2,94.4,1682.3,6.33,64456.9,772407.7,93,6443,32768,37,209.06,1060501.80,13159539.20
2026-08-04T13:03:29+08:00,1,2,94.4,1686.6,6.58,64300.9,772407.7,96,4879,32768,37,222.21,1060501.89,13159535.11
2026-08-04T13:03:39+08:00,1,2,94.4,1686.1,7.03,64242.1,772407.7,92,5573,32768,37,279.32,1060502.38,13159501.62
2026-08-04T13:03:49+08:00,1,2,94.4,1686.2,7.01,63799.1,772407.7,98,6163,32768,37,263.75,1060502.48,13159457.52
2026-08-04T13:03:59+08:00,1,2,94.5,1682.6,7.79,65126.5,772407.7,86,4353,32768,36,241.05,1060502.73,13159415.27
2026-08-04T13:04:09+08:00,1,2,94.5,1686.6,7.99,65250.0,772407.7,97,5019,32768,37,274.81,1060502.80,13159402.20
2026-08-04T13:04:19+08:00,1,2,94.5,1690.0,8.14,65066.7,772407.7,97,5675,32768,37,254.83,1060502.85,13159405.15
2026-08-04T13:04:29+08:00,1,2,94.5,1686.3,7.58,65335.1,772407.7,98,6443,32768,38,297.12,1060502.92,13159382.08
2026-08-04T13:04:39+08:00,1,2,94.5,1686.5,7.10,65297.5,772407.7,97,4655,32768,38,290.80,1060503.00,13159383.00
2026-08-04T13:04:49+08:00,1,2,94.6,1686.7,7.32,64952.8,772407.7,85,3619,32768,37,137.92,1060503.06,13159383.94
2026-08-04T13:04:59+08:00,1,2,94.6,1686.0,7.98,65123.7,772407.7,97,5959,32768,37,252.73,1060503.13,13159381.87
2026-08-04T13:05:09+08:00,1,2,94.6,1686.4,7.60,65447.8,772407.7,90,6443,32768,37,209.41,1060503.22,13159361.78
2026-08-04T13:05:19+08:00,1,2,94.6,1686.5,7.12,65402.3,772407.7,98,4879,32768,37,250.13,1060503.30,13159361.70
2026-08-04T13:05:29+08:00,1,2,94.7,1685.8,6.93,66117.7,772407.7,96,5573,32768,37,219.43,1060503.34,13159343.66
2026-08-04T13:05:39+08:00,1,2,94.7,1686.0,7.02,65888.5,772407.7,97,6343,32768,38,296.92,1060503.41,13159328.59
2026-08-04T13:05:49+08:00,1,2,94.7,1686.3,7.16,64775.9,772407.7,93,4513,32768,37,298.86,1060503.49,13159305.51
2026-08-04T13:06:00+08:00,1,2,94.7,1686.4,6.83,64584.5,772407.7,96,5081,32768,37,201.05,1060503.58,13159290.42
2026-08-04T13:06:10+08:00,1,2,94.8,1685.7,6.86,64727.3,772407.7,97,5857,32768,38,276.58,1060503.67,13159286.33
2026-08-04T13:06:20+08:00,1,2,94.7,1685.9,6.58,64838.3,772407.7,97,6443,32768,38,222.70,1060503.99,13159266.01
2026-08-04T13:06:30+08:00,1,2,94.8,1682.2,6.72,64523.2,772407.7,95,4717,32768,37,261.49,1060504.13,13159269.87
2026-08-04T13:06:40+08:00,1,2,94.8,1685.7,7.21,65607.2,772407.7,87,5333,32768,36,271.35,1060504.26,13159266.74
2026-08-04T13:06:50+08:00,1,2,94.8,1689.8,7.01,64827.4,772407.7,98,6059,32768,37,265.70,1060504.37,13159287.63
2026-08-04T13:07:00+08:00,1,2,94.8,1686.1,6.70,65156.5,772407.7,84,3089,32768,35,204.68,1060504.51,13159295.49
2026-08-04T13:07:10+08:00,1,2,94.8,1686.3,6.74,65895.9,772407.7,96,4939,32768,38,287.69,1060504.67,13159276.33
2026-08-04T13:07:20+08:00,1,2,94.9,1685.7,6.93,65448.1,772407.7,96,5473,32768,37,245.91,1060504.81,13159255.19
2026-08-04T13:07:30+08:00,1,2,94.9,1689.7,6.80,65376.4,772407.7,96,6061,32768,37,260.20,1060504.93,13159250.07
2026-08-04T13:07:40+08:00,1,2,94.9,1686.0,6.52,65199.8,772407.7,88,6443,32768,37,229.52,1060505.07,13159239.93
2026-08-04T13:07:50+08:00,1,2,94.9,1686.2,6.45,65568.6,772407.7,94,4879,32768,38,291.58,1060505.22,13159214.78
2026-08-04T13:08:00+08:00,1,2,95.0,1685.8,6.99,65833.1,772407.7,89,5573,32768,37,286.91,1060505.37,13159196.63
2026-08-04T13:08:10+08:00,1,2,95.0,1685.9,7.59,66295.1,772407.7,96,6261,32768,37,286.31,1060507.52,13159219.48
2026-08-04T13:08:20+08:00,1,2,95.0,1686.1,7.18,65942.1,772407.7,92,4433,32768,36,279.32,1060508.44,13159241.56
2026-08-04T13:08:30+08:00,1,2,95.0,1686.2,6.76,65937.5,772407.7,97,5079,32768,37,221.87,1060508.54,13159247.46
2026-08-04T13:08:40+08:00,1,2,95.0,1681.5,6.49,66471.7,772407.7,96,5777,32768,37,274.27,1060508.80,13159246.20
2026-08-04T13:08:50+08:00,1,2,95.1,1685.9,7.20,66793.1,772407.7,96,6443,32768,38,247.86,1060509.11,13159288.89
2026-08-04T13:09:00+08:00,1,2,95.1,1686.2,7.32,66029.9,772407.7,96,4659,32768,37,273.12,1060509.32,13159393.68
2026-08-04T13:09:10+08:00,1,2,95.1,1686.4,7.35,65591.7,772407.7,87,1149,32768,35,75.47,1060509.52,13159380.48
2026-08-04T13:09:20+08:00,1,2,95.1,1681.8,7.53,66374.8,772407.7,96,6059,32768,37,283.39,1060509.42,13159363.58
2026-08-04T13:09:31+08:00,1,2,95.1,1686.2,7.68,66086.3,772407.7,87,5363,32768,37,156.38,1060509.85,13159346.15
2026-08-04T13:09:41+08:00,1,2,95.2,1686.4,7.59,66642.5,772407.7,96,4937,32768,38,299.55,1060510.11,13160352.89
2026-08-04T13:09:51+08:00,1,2,95.1,1685.7,8.11,65573.9,772407.7,98,5575,32768,37,254.83,1060511.03,13159364.97
2026-08-04T13:10:01+08:00,1,2,95.2,1682.0,7.94,66224.5,772407.7,96,6261,32768,37,256.62,1060510.75,13159370.25
2026-08-04T13:10:11+08:00,1,2,95.2,1686.3,7.93,65611.7,772407.7,95,4513,32768,37,297.12,1060511.63,13159369.37
2026-08-04T13:10:21+08:00,1,2,95.2,1686.6,7.40,65599.7,772407.7,94,5079,32768,38,254.68,1060511.78,13159340.22
2026-08-04T13:10:31+08:00,1,2,95.2,1685.7,7.51,65773.9,772407.7,98,5857,32768,37,287.77,1060511.16,13159319.84
2026-08-04T13:10:41+08:00,1,2,95.2,1686.0,7.48,65208.0,772407.7,97,6443,32768,38,237.15,1060511.97,13159290.03
2026-08-04T13:10:51+08:00,1,2,95.3,1686.3,7.50,65237.7,772407.7,96,4715,32768,38,298.09,1060512.87,13159275.13
2026-08-04T13:11:01+08:00,1,2,95.3,1690.4,7.58,65315.8,772407.7,92,3791,32768,35,226.93,1060512.54,13159271.46
2026-08-04T13:11:11+08:00,1,2,95.3,1685.8,7.24,65144.4,772407.7,96,6159,32768,38,300.52,1060512.83,13159267.17
2026-08-04T13:11:21+08:00,1,2,95.3,1685.9,8.41,65297.2,772407.7,88,4251,32768,35,226.11,1060512.89,13159244.11
2026-08-04T13:11:31+08:00,1,2,95.3,1686.2,7.88,65626.2,772407.7,96,5019,32768,37,275.91,1060512.93,13159256.07
2026-08-04T13:11:41+08:00,1,2,95.4,1689.4,7.51,65346.1,772407.7,96,5775,32768,37,258.89,1060511.94,13159257.06
2026-08-04T13:11:51+08:00,1,2,95.4,1685.8,7.67,65817.5,772407.7,97,6343,32768,37,260.83,1060512.20,13159244.80
2026-08-04T13:12:01+08:00,1,2,95.4,1685.9,7.56,65041.4,772407.7,97,4573,32768,37,265.21,1060512.24,13159244.76
2026-08-04T13:12:11+08:00,1,2,95.4,1682.2,7.16,64531.9,772407.7,94,5079,32768,37,224.46,1060512.29,13159245.71
2026-08-04T13:12:21+08:00,1,2,95.4,1689.6,6.98,64783.2,772407.7,95,5859,32768,37,245.10,1060512.36,13159260.64
2026-08-04T13:12:31+08:00,1,2,95.4,1685.8,7.05,64838.7,772407.7,97,6443,32768,37,205.17,1060507.38,13159286.62
2026-08-04T13:12:41+08:00,1,2,95.5,1685.9,6.74,64635.8,772407.7,97,4797,32768,38,260.35,1060507.14,13159281.86
2026-08-04T13:12:51+08:00,1,2,95.5,1682.2,6.78,65046.2,772407.7,86,2249,32768,35,151.79,1060507.24,13159278.76
2026-08-04T13:13:02+08:00,1,2,95.5,1685.5,6.59,65147.7,772407.7,96,5959,32768,38,249.49,1060507.12,13159281.88
2026-08-04T13:13:12+08:00,1,2,95.5,1685.9,7.68,65444.0,772407.7,90,6443,32768,37,230.98,1060507.30,13159277.70
2026-08-04T13:13:22+08:00,1,2,95.5,1686.0,8.18,65586.2,772407.7,96,4797,32768,37,293.71,1060507.40,13159274.60
2026-08-04T13:13:32+08:00,1,2,95.5,1685.3,8.83,65927.8,772407.7,85,5473,32768,36,287.58,1060507.47,13159270.53
2026-08-04T13:13:42+08:00,1,2,95.5,1685.8,8.47,65786.8,772407.7,97,6159,32768,38,279.62,1060507.65,13159255.35
2026-08-04T13:13:52+08:00,1,2,95.6,1686.1,8.02,66373.7,772407.7,94,3743,32768,36,110.21,1060507.72,13159248.28
2026-08-04T13:14:02+08:00,1,2,95.6,1686.1,8.09,66101.6,772407.7,96,4879,32768,38,291.96,1060499.72,13159246.28
2026-08-04T13:14:12+08:00,1,2,95.6,1689.4,8.38,66404.2,772407.7,85,5331,32768,35,226.45,1060499.49,13159232.51
2026-08-04T13:14:22+08:00,1,2,95.6,1685.7,8.16,66246.6,772407.7,97,6059,32768,37,272.99,1060499.29,13159222.71
2026-08-04T13:14:32+08:00,1,2,95.6,1686.0,8.05,65941.1,772407.7,95,6443,32768,37,230.64,1060503.08,13159213.92
2026-08-04T13:14:42+08:00,1,2,95.6,1686.2,7.89,65616.1,772407.7,95,4797,32768,37,265.52,1060505.58,13159225.42
2026-08-04T13:14:52+08:00,1,2,95.7,1686.6,7.45,65205.7,772407.7,91,1439,32768,35,86.29,1060505.61,13159247.39
2026-08-04T13:15:02+08:00,1,2,95.7,1686.0,7.46,65206.2,772407.7,96,5957,32768,38,255.33,1060505.62,13159255.38
2026-08-04T13:15:12+08:00,1,2,95.7,1686.2,7.39,64862.6,772407.7,96,6443,32768,37,291.09,1060506.94,13159277.06
2026-08-04T13:15:22+08:00,1,2,95.7,1686.5,7.57,64822.8,772407.7,96,4657,32768,37,241.37,1060507.01,13159319.99
2026-08-04T13:15:32+08:00,1,2,95.7,1686.6,7.16,64656.5,772407.7,89,1009,32768,36,94.49,1060506.59,13159335.41
2026-08-04T13:15:42+08:00,1,2,95.7,1686.0,7.06,64085.7,772407.7,96,5959,32768,37,255.97,1060507.68,13159353.32
2026-08-04T13:15:52+08:00,1,2,95.8,1686.2,6.99,64400.4,772407.7,89,6443,32768,37,225.96,1060507.98,13159354.02
2026-08-04T13:16:02+08:00,1,2,95.8,1686.5,6.54,64140.6,772407.7,96,4877,32768,37,252.90,1060508.16,13159396.84
2026-08-04T13:16:12+08:00,1,2,95.8,1685.9,7.13,64433.0,772407.7,99,5575,32768,37,279.68,1060508.10,13159442.90
2026-08-04T13:16:23+08:00,1,2,95.8,1686.1,7.11,65009.6,772407.7,98,6283,32768,37,280.10,1060508.13,13159468.87
2026-08-04T13:16:33+08:00,1,2,95.8,1686.3,7.69,65636.6,772407.7,98,4433,32768,37,227.08,1060508.18,13159518.82
2026-08-04T13:16:43+08:00,1,2,95.8,1686.5,7.66,65138.8,772407.7,95,5079,32768,38,258.89,1060508.24,13159546.76
2026-08-04T13:16:53+08:00,1,2,95.8,1685.8,8.09,65237.4,772407.7,97,5777,32768,37,263.26,1060508.26,13159588.74
2026-08-04T13:17:03+08:00,1,2,95.8,1686.2,8.29,64732.9,772407.7,98,6443,32768,38,254.68,1060509.05,13159632.95
2026-08-04T13:17:13+08:00,1,2,95.9,1686.5,8.15,64697.0,772407.7,98,4515,32768,37,248.67,1060509.18,13159705.82
2026-08-04T13:17:23+08:00,1,2,95.9,1686.8,9.48,65050.2,772407.7,96,5079,32768,38,295.46,1060510.41,13159755.59
2026-08-04T13:17:33+08:00,1,2,95.9,1686.1,9.33,65260.6,772407.7,96,5775,32768,37,292.06,1060511.10,13159816.90
2026-08-04T13:17:43+08:00,1,2,95.9,1682.4,9.50,66119.2,772407.7,96,6341,32768,38,291.28,1060511.16,13159862.84
2026-08-04T13:17:53+08:00,1,2,95.9,1686.7,9.27,64433.1,772407.7,91,4355,32768,36,261.49,1060511.22,13159879.78
2026-08-04T13:18:03+08:00,1,2,95.9,1683.1,8.68,65061.0,772407.7,95,5019,32768,38,292.74,1060511.23,13160007.77
2026-08-04T13:18:13+08:00,1,2,95.9,1686.3,8.33,64848.4,772407.7,97,5573,32768,37,249.16,1060511.29,13160066.71
2026-08-04T13:18:23+08:00,1,2,96.0,1682.5,8.05,64668.9,772407.7,95,6161,32768,37,254.68,1060511.36,13160107.64
2026-08-04T13:18:33+08:00,1,2,96.0,1686.7,8.18,64636.9,772407.7,86,1089,32768,35,84.71,1060511.59,13160123.41
2026-08-04T13:18:43+08:00,1,2,96.0,1683.0,8.00,64200.6,772407.7,94,4877,32768,37,256.94,1060511.62,13160162.38
2026-08-04T13:18:53+08:00,1,2,96.0,1686.1,7.53,64650.7,772407.7,92,5473,32768,37,289.15,1060511.81,13160199.19
2026-08-04T13:19:03+08:00,1,2,96.0,1686.4,7.22,64113.4,772407.7,97,6061,32768,37,230.49,1060511.89,13160210.11
2026-08-04T13:19:13+08:00,1,2,96.0,1686.8,7.42,64715.0,772407.7,96,6443,32768,37,216.65,1060511.95,13160420.05
2026-08-04T13:19:23+08:00,1,2,96.0,1686.9,7.26,64607.9,772407.7,96,4795,32768,38,287.88,1060511.80,13160420.20
2026-08-04T13:19:33+08:00,1,2,96.1,1686.2,6.84,64253.0,772407.7,87,3029,32768,34,187.27,1060512.95,13160436.05
2026-08-04T13:19:44+08:00,1,2,96.1,1686.4,6.62,64731.8,772407.7,98,5957,32768,37,271.35,1060512.99,13160468.01
2026-08-04T13:19:54+08:00,1,2,96.1,1686.7,6.75,64736.7,772407.7,97,6443,32768,37,224.16,1060513.00,13160478.00
2026-08-04T13:20:04+08:00,1,2,96.1,1686.8,7.07,64529.9,772407.7,97,4877,32768,38,254.68,1060513.05,13160466.95
2026-08-04T13:20:14+08:00,1,2,96.1,1682.2,7.13,64505.1,772407.7,98,5573,32768,37,276.70,1060513.20,13160424.80
2026-08-04T13:20:24+08:00,1,2,96.1,1686.3,6.94,64829.2,772407.7,95,6261,32768,38,284.18,1060513.26,13160370.74
2026-08-04T13:20:34+08:00,1,2,96.1,1686.7,6.95,64673.6,772407.7,97,4433,32768,37,266.49,1060512.11,13160331.89
2026-08-04T13:20:44+08:00,1,2,96.1,1686.8,7.35,64024.2,772407.7,95,5019,32768,37,269.59,1060512.48,13160273.52
2026-08-04T13:20:54+08:00,1,2,96.2,1682.0,7.13,63929.2,772407.7,98,5675,32768,37,290.31,1060512.53,13160249.47
2026-08-04T13:21:04+08:00,1,2,96.2,1686.1,6.65,63759.9,772407.7,97,6343,32768,37,249.16,1060512.73,13160197.27
2026-08-04T13:21:14+08:00,1,2,96.2,1686.4,6.62,63846.3,772407.7,97,4513,32768,37,284.48,1060512.77,13160143.23
2026-08-04T13:21:24+08:00,1,2,96.2,1686.6,6.61,63324.3,772407.7,94,5079,32768,37,221.24,1060512.80,13160091.20
2026-08-04T13:21:34+08:00,1,2,96.2,1685.9,6.36,63519.6,772407.7,98,5857,32768,37,267.64,1060512.80,13160049.20
2026-08-04T13:21:44+08:00,1,2,96.2,1686.1,6.54,64080.4,772407.7,93,6443,32768,37,213.93,1060512.84,13160010.16
2026-08-04T13:21:54+08:00,1,2,96.2,1690.5,7.15,63948.0,772407.7,96,4719,32768,37,266.36,1060512.95,13159991.05
2026-08-04T13:22:04+08:00,1,2,96.2,1685.8,7.04,64382.2,772407.7,95,5333,32768,36,272.02,1060513.02,13159949.98
2026-08-04T13:22:14+08:00,1,2,96.3,1686.0,7.12,64319.1,772407.7,96,6161,32768,38,293.71,1060513.23,13159905.77
2026-08-04T13:22:24+08:00,1,2,96.3,1686.4,8.21,64786.2,772407.7,89,1269,32768,35,93.94,1060513.14,13159863.86
2026-08-04T13:22:34+08:00,1,2,96.3,1686.5,7.96,65708.1,772407.7,97,4939,32768,38,256.62,1060513.22,13159820.78
2026-08-04T13:22:44+08:00,1,2,96.3,1686.1,8.09,65146.5,772407.7,98,5675,32768,37,300.52,1060513.30,13159794.70
2026-08-04T13:22:54+08:00,1,2,96.3,1686.3,7.93,65028.6,772407.7,96,6343,32768,38,238.28,1060513.34,13159770.66
2026-08-04T13:23:04+08:00,1,2,96.3,1686.5,8.01,65108.8,772407.7,97,4575,32768,37,302.95,1060513.49,13159741.51
2026-08-04T13:23:14+08:00,1,2,96.3,1686.7,8.15,65170.0,772407.7,85,5079,32768,37,229.22,1060513.52,13159716.48
2026-08-04T13:23:24+08:00,1,2,96.3,1686.1,7.82,64708.1,772407.7,97,5859,32768,37,283.21,1060513.73,13159681.27
2026-08-04T13:23:35+08:00,1,2,96.4,1686.2,7.70,64992.9,772407.7,96,6443,32768,37,234.88,1060513.77,13159655.23
2026-08-04T13:23:45+08:00,1,2,96.4,1686.4,8.04,64684.1,772407.7,95,4797,32768,37,299.26,1060513.93,13159641.07
2026-08-04T13:23:55+08:00,1,2,96.4,1685.6,7.58,64429.4,772407.7,95,5473,32768,37,251.27,1060514.02,13159628.98
2026-08-04T13:24:05+08:00,1,2,96.4,1685.7,7.32,64586.9,772407.7,96,6061,32768,37,253.22,1060514.80,13159694.20
2026-08-04T13:24:15+08:00,1,2,96.4,1686.0,7.18,65652.4,772407.7,91,6443,32768,37,239.26,1060514.96,13159688.04
2026-08-04T13:24:25+08:00,1,2,96.4,1686.1,7.06,65121.9,772407.7,95,4717,32768,37,278.53,1060515.10,13159658.90
2026-08-04T13:24:35+08:00,1,2,96.4,1685.2,6.89,65157.5,772407.7,89,5331,32768,35,224.50,1060514.53,13159633.47
2026-08-04T13:24:45+08:00,1,2,96.4,1685.3,7.24,65005.8,772407.7,96,6161,32768,37,267.64,1060514.75,13159599.25
2026-08-04T13:24:55+08:00,1,2,96.4,1685.6,7.35,64966.4,772407.7,87,3089,32768,35,214.42,1060514.38,13159574.62
2026-08-04T13:25:05+08:00,1,2,96.4,1685.9,7.29,64380.0,772407.7,96,5017,32768,38,290.31,1060515.03,13159543.97
2026-08-04T13:25:15+08:00,1,2,96.5,1685.3,7.62,64458.7,772407.7,97,5675,32768,37,295.17,1060515.03,13159522.97
2026-08-04T13:25:25+08:00,1,2,96.5,1685.4,7.06,64780.0,772407.7,96,6343,32768,37,287.88,1060515.16,13159506.84
2026-08-04T13:25:35+08:00,1,2,96.5,1685.8,6.90,64609.4,772407.7,95,4573,32768,38,249.97,1060515.25,13159474.75
2026-08-04T13:25:45+08:00,1,2,96.5,1685.9,6.76,65444.2,772407.7,97,5079,32768,37,216.37,1060515.40,13159444.60
2026-08-04T13:25:55+08:00,1,2,96.5,1685.2,6.41,65279.3,772407.7,97,5959,32768,37,246.73,1060515.55,13159426.45
2026-08-04T13:26:05+08:00,1,2,96.5,1685.4,7.19,64675.3,772407.7,98,6443,32768,37,227.91,1060516.11,13159400.89
2026-08-04T13:26:15+08:00,1,2,96.5,1685.8,7.00,64262.4,772407.7,96,4715,32768,37,265.04,1060516.02,13159392.98
2026-08-04T13:26:25+08:00,1,2,96.5,1685.0,7.07,64721.7,772407.7,88,5333,32768,36,271.53,1060516.22,13159390.78
2026-08-04T13:26:35+08:00,1,2,96.6,1685.3,6.68,63601.9,772407.7,97,6161,32768,37,263.75,1060516.40,13159395.60
2026-08-04T13:26:45+08:00,1,2,96.6,1685.5,6.34,63701.3,772407.7,88,4253,32768,36,256.45,1060516.55,13159414.45
2026-08-04T13:26:55+08:00,1,2,96.6,1685.8,6.14,63916.9,772407.7,98,5019,32768,38,252.24,1060516.74,13159421.26
2026-08-04T13:27:05+08:00,1,2,96.6,1685.0,6.50,64587.5,772407.7,96,5675,32768,37,245.59,1060517.01,13159458.99
2026-08-04T13:27:15+08:00,1,2,96.6,1689.1,6.83,64322.0,772407.7,97,6343,32768,37,303.92,1060517.11,13159460.89
2026-08-04T13:27:25+08:00,1,2,96.6,1685.3,6.98,64774.9,772407.7,95,4513,32768,37,258.08,1060517.28,13159492.72
2026-08-04T13:27:35+08:00,1,2,96.6,1689.5,7.15,65334.8,772407.7,95,5079,32768,37,219.63,1060518.44,13159521.56
2026-08-04T13:27:46+08:00,1,2,96.6,1684.8,7.12,65772.2,772407.7,97,5957,32768,37,296.43,1060518.64,13159538.36
2026-08-04T13:27:56+08:00,1,2,96.6,1684.9,6.86,65321.3,772407.7,96,6443,32768,37,217.83,1060518.79,13159553.21
2026-08-04T13:28:06+08:00,1,2,96.6,1685.1,6.88,65563.9,772407.7,96,4879,32768,37,286.91,1060519.01,13159578.99
2026-08-04T13:28:16+08:00,1,2,96.7,1688.4,7.71,65112.7,772407.7,92,5473,32768,37,293.52,1060519.24,13159608.76
2026-08-04T13:28:26+08:00,1,2,96.7,1684.7,7.52,65027.0,772407.7,98,6159,32768,38,257.43,1060518.40,13159640.60
2026-08-04T13:28:36+08:00,1,2,96.7,1684.9,8.33,65533.0,772407.7,87,4353,32768,36,265.70,1060518.95,13159640.05
2026-08-04T13:28:46+08:00,1,2,96.7,1685.2,8.13,65569.1,772407.7,97,5019,32768,37,251.59,1060519.19,13159661.81
2026-08-04T13:28:56+08:00,1,2,96.7,1684.5,8.39,65430.0,772407.7,97,5777,32768,37,286.91,1060519.43,13159689.57
2026-08-04T13:29:06+08:00,1,2,96.7,1688.7,8.09,64864.9,772407.7,98,6443,32768,38,284.96,1060519.61,13159690.39
2026-08-04T13:29:16+08:00,1,2,96.7,1685.0,8.07,65159.4,772407.7,96,4575,32768,37,257.11,1060519.85,13159689.15
2026-08-04T13:29:26+08:00,1,2,96.7,1685.1,7.84,64834.3,772407.7,95,5081,32768,37,211.01,1060520.10,13159691.90
2026-08-04T13:29:36+08:00,1,2,96.7,1684.3,7.71,65756.7,772407.7,97,5777,32768,37,268.79,1060520.38,13159734.62
2026-08-04T13:29:46+08:00,1,2,96.8,1688.6,7.92,65919.7,772407.7,97,6443,32768,37,250.14,1060520.25,13159735.75
2026-08-04T13:29:56+08:00,1,2,96.8,1684.7,8.14,65286.2,772407.7,97,4655,32768,37,238.46,1060520.10,13159729.90
2026-08-04T13:30:06+08:00,1,2,96.8,1684.8,7.97,66473.6,772407.7,90,1147,32768,35,103.22,1060520.86,13159742.14
2026-08-04T13:30:16+08:00,1,2,96.8,1684.1,8.13,66188.1,772407.7,97,6059,32768,37,280.10,1060521.04,13159685.96
2026-08-04T13:30:26+08:00,1,2,96.8,1688.4,7.87,65821.7,772407.7,95,6443,32768,37,238.75,1060521.05,13159662.95
2026-08-04T13:30:36+08:00,1,2,96.8,1684.8,7.41,65842.5,772407.7,97,4937,32768,37,270.07,1060520.32,13159639.68
2026-08-04T13:30:46+08:00,1,2,96.8,1683.8,6.97,66237.7,772407.7,98,5573,32768,37,268.61,1060520.54,13159584.46
2026-08-04T13:30:56+08:00,1,2,96.8,1684.0,7.11,65658.6,772407.7,97,6263,32768,38,258.40,1060515.23,13159567.77
2026-08-04T13:31:06+08:00,1,2,96.9,1688.2,6.92,65363.7,772407.7,98,4433,32768,37,263.09,1060515.41,13159542.59
2026-08-04T13:31:17+08:00,1,2,96.9,1684.6,7.09,66276.2,772407.7,96,5079,32768,38,280.77,1060515.47,13159503.53
2026-08-04T13:31:27+08:00,1,2,96.9,1683.9,6.98,64947.1,772407.7,97,5777,32768,37,240.56,1060515.51,13159477.49
2026-08-04T13:31:37+08:00,1,2,96.9,1688.0,6.84,64576.0,772407.7,96,6443,32768,38,298.86,1060515.58,13159464.42
2026-08-04T13:31:47+08:00,1,2,96.9,1688.5,6.62,64572.7,772407.7,93,4575,32768,37,259.69,1060515.64,13159475.36
2026-08-04T13:31:57+08:00,1,2,96.9,1684.8,6.99,65210.4,772407.7,90,5079,32768,37,207.60,1060515.71,13159461.29
2026-08-04T13:32:07+08:00,1,2,96.9,1684.1,7.13,64944.0,772407.7,95,5957,32768,38,293.52,1060515.73,13159456.27
2026-08-04T13:32:17+08:00,1,2,96.9,1688.4,6.80,65211.0,772407.7,88,6443,32768,37,218.17,1060515.70,13159460.30
2026-08-04T13:32:27+08:00,1,2,96.9,1688.8,6.54,65078.2,772407.7,97,4797,32768,37,254.19,1060515.95,13159458.05
2026-08-04T13:32:37+08:00,1,2,96.9,1688.0,6.78,65090.8,772407.7,94,5475,32768,36,254.19,1060516.70,13159463.30
2026-08-04T13:32:47+08:00,1,2,96.9,1684.4,6.94,64371.9,772407.7,97,6161,32768,37,268.44,1060516.60,13159490.40
2026-08-04T13:32:57+08:00,1,2,97.0,1688.6,6.88,65084.0,772407.7,85,4355,32768,36,287.77,1060516.73,13159537.27
2026-08-04T13:33:07+08:00,1,2,97.0,1684.8,6.74,65017.7,772407.7,97,4939,32768,37,249.81,1060516.42,13159709.58
2026-08-04T13:33:17+08:00,1,2,97.0,1688.1,6.54,65192.4,772407.7,96,5473,32768,36,262.29,1060516.56,13159690.44
2026-08-04T13:33:27+08:00,1,2,97.0,1684.5,6.30,64856.8,772407.7,97,6161,32768,38,281.26,1060516.45,13159712.55
2026-08-04T13:33:37+08:00,1,2,97.0,1688.6,6.33,64959.2,772407.7,93,4351,32768,36,288.07,1060516.68,13159730.32
2026-08-04T13:33:47+08:00,1,2,97.0,1684.8,6.36,64777.3,772407.7,97,5019,32768,38,263.12,1060516.77,13159717.23
2026-08-04T13:33:57+08:00,1,2,97.0,1688.3,6.62,64434.3,772407.7,97,5675,32768,37,287.88,1060516.80,13159712.20
2026-08-04T13:34:07+08:00,1,2,97.0,1684.6,6.68,64403.6,772407.7,97,6341,32768,37,257.28,1060516.90,13159732.10
2026-08-04T13:34:17+08:00,1,2,97.0,1684.8,6.65,64916.1,772407.7,98,4573,32768,37,280.77,1060516.93,13159764.07
2026-08-04T13:34:27+08:00,1,2,97.0,1685.2,7.55,65095.3,772407.7,96,5079,32768,37,210.87,1060517.01,13159813.99
2026-08-04T13:34:37+08:00,1,2,97.1,1688.4,7.16,64598.2,772407.7,97,5959,32768,38,315.80,1060517.09,13159841.91
2026-08-04T13:34:48+08:00,1,2,97.1,1684.7,7.07,64439.3,772407.7,96,6443,32768,37,233.26,1060517.17,13159861.83
2026-08-04T13:34:58+08:00,1,2,97.1,1685.0,7.38,65368.1,772407.7,93,4799,32768,38,290.31,1060517.24,13159878.76
2026-08-04T13:35:08+08:00,1,2,97.1,1684.3,7.37,64948.7,772407.7,94,5573,32768,37,296.73,1060517.29,13159900.71
2026-08-04T13:35:18+08:00,1,2,97.1,1688.6,7.26,65080.0,772407.7,96,6263,32768,38,264.24,1060517.35,13159940.65
2026-08-04T13:35:28+08:00,1,2,97.1,1684.9,7.51,65115.8,772407.7,94,4433,32768,37,290.31,1060517.55,13159932.45
2026-08-04T13:35:38+08:00,1,2,97.1,1685.1,7.12,65097.3,772407.7,98,5079,32768,38,290.31,1060517.93,13159989.07
2026-08-04T13:35:48+08:00,1,2,97.1,1684.3,7.33,64792.1,772407.7,100,5675,32768,37,242.02,1060518.71,13159978.29
2026-08-04T13:35:58+08:00,1,2,97.1,1688.5,7.42,64464.9,772407.7,96,6343,32768,37,258.25,1060518.62,13159975.38
2026-08-04T13:36:08+08:00,1,2,97.1,1688.6,7.27,64318.0,772407.7,97,4655,32768,38,249.81,1060518.80,13159935.20
2026-08-04T13:36:18+08:00,1,2,97.1,1683.8,7.32,64250.6,772407.7,88,5333,32768,36,267.47,1060518.37,13159909.63
2026-08-04T13:36:28+08:00,1,2,97.1,1687.8,7.42,64432.5,772407.7,96,6161,32768,37,261.80,1060518.80,13159889.20
2026-08-04T13:36:38+08:00,1,2,97.1,1683.9,6.97,64074.5,772407.7,86,4353,32768,36,247.21,1060518.75,13159868.25
2026-08-04T13:36:48+08:00,1,2,97.1,1688.1,7.31,62907.4,772407.7,0,1007,32768,30,67.20,1060516.87,13159851.13
2026-08-04T13:36:58+08:00,1,2,96.9,1684.1,7.02,59970.4,772407.7,0,1007,32768,29,55.94,1060517.01,13159846.99
2026-08-04T13:37:08+08:00,1,2,96.7,1684.1,6.87,60708.3,772407.7,0,1007,32768,29,55.94,1060517.18,13159846.82
2026-08-04T13:37:18+08:00,1,2,96.6,1684.1,6.81,60950.1,772407.7,0,1007,32768,29,56.01,1060517.32,13159836.68
2026-08-04T13:37:28+08:00,1,2,96.4,1684.1,6.61,62464.3,772407.7,0,1007,32768,29,55.94,1060516.85,13159823.15
2026-08-04T13:37:38+08:00,1,2,96.2,1684.1,9.18,63039.0,772407.7,0,1007,32768,29,55.90,1060517.64,13159817.36
2026-08-04T13:37:48+08:00,1,2,96.0,1684.1,9.28,63791.7,772407.7,0,1007,32768,29,55.94,1060517.84,13159790.16
2026-08-04T13:37:58+08:00,1,2,96.0,1681.1,9.29,59923.8,772407.7,0,1009,32768,29,55.94,1060518.02,13159771.98
2026-08-04T13:38:08+08:00,1,2,95.8,1681.1,8.63,60789.7,772407.7,0,1009,32768,29,56.01,1060518.86,13159759.14
2026-08-04T13:38:19+08:00,1,2,95.6,1681.1,11.11,61707.3,772407.7,0,1009,32768,29,55.90,1060520.38,13159740.62
2026-08-04T13:38:29+08:00,1,2,95.4,1681.1,10.17,61618.6,772407.7,0,1009,32768,29,55.90,1060521.38,13159732.62
2026-08-04T13:38:39+08:00,1,2,95.3,1681.1,9.38,62102.2,772407.7,0,1009,32768,29,55.94,1060521.54,13159741.46
2026-08-04T13:38:49+08:00,1,2,95.1,1681.1,9.10,64810.2,772407.7,0,1009,32768,29,55.94,1060521.74,13159737.26
2026-08-04T13:38:59+08:00,1,2,95.0,1680.6,9.33,60032.1,772407.7,0,1009,32768,29,55.90,1060521.99,13159735.01
2026-08-04T13:39:09+08:00,1,2,94.9,1680.6,8.81,60651.7,772407.7,0,1009,32768,29,55.94,1060522.02,13159724.98
2026-08-04T13:39:19+08:00,1,2,94.7,1680.6,8.47,61651.3,772407.7,0,1009,32768,29,55.90,1060522.40,13159728.60
2026-08-04T13:39:29+08:00,1,2,94.5,1680.6,8.62,62562.6,772407.7,0,1009,32768,29,55.90,1060522.14,13159728.86
2026-08-04T13:39:39+08:00,1,2,94.3,1680.6,8.75,63095.2,772407.7,0,1009,32768,29,55.94,1060522.91,13159718.09
2026-08-04T13:39:49+08:00,1,2,94.2,1680.6,8.34,63441.9,772407.7,0,1009,32768,29,55.90,1060523.11,13159709.89
2026-08-04T13:39:59+08:00,1,2,94.1,1681.8,8.48,63280.6,772407.7,97,4797,32768,37,269.59,1060523.42,13159708.58
2026-08-04T13:40:09+08:00,1,2,94.1,1680.9,8.20,64052.4,772407.7,97,5575,32768,37,305.18,1060523.59,13159708.41
2026-08-04T13:40:19+08:00,1,2,94.1,1689.2,7.77,63241.5,772407.7,96,6263,32768,37,271.71,1060524.34,13159686.66
2026-08-04T13:40:29+08:00,1,2,94.1,1685.4,7.41,63230.9,772407.7,91,4515,32768,37,303.04,1060524.61,13159682.39
2026-08-04T13:40:39+08:00,1,2,94.1,1685.6,7.27,63111.0,772407.7,97,5079,32768,36,207.60,1060524.91,13159686.09
2026-08-04T13:40:49+08:00,1,2,94.2,1680.9,7.32,63683.2,772407.7,97,5859,32768,37,205.30,1060524.35,13159678.65
2026-08-04T13:40:59+08:00,1,2,94.2,1685.0,7.65,63855.2,772407.7,97,6443,32768,37,230.83,1060524.94,13159676.06
2026-08-04T13:41:09+08:00,1,2,94.2,1685.4,8.08,64010.5,772407.7,95,4797,32768,38,266.67,1060525.10,13159679.90
2026-08-04T13:41:19+08:00,1,2,94.2,1684.5,7.82,63689.2,772407.7,95,5473,32768,36,249.65,1060524.92,13159684.08
2026-08-04T13:41:30+08:00,1,2,94.2,1680.7,7.77,64337.4,772407.7,96,6263,32768,37,290.02,1060525.03,13159703.97
2026-08-04T13:41:40+08:00,1,2,94.2,1684.9,7.56,63711.8,772407.7,94,4353,32768,37,247.86,1060525.08,13159707.92
2026-08-04T13:41:50+08:00,1,2,94.2,1685.2,7.65,64165.9,772407.7,96,5081,32768,37,242.02,1060525.12,13159726.88
2026-08-04T13:42:00+08:00,1,2,94.2,1684.5,7.56,64161.1,772407.7,97,5857,32768,37,298.38,1060525.12,13159692.88
2026-08-04T13:42:10+08:00,1,2,94.3,1680.7,7.40,64046.8,772407.7,95,6443,32768,37,220.41,1060519.96,13159659.04
2026-08-04T13:42:20+08:00,1,2,94.3,1680.8,7.96,63873.6,772407.7,97,4717,32768,37,252.56,1060520.01,13159627.99
2026-08-04T13:42:30+08:00,1,2,94.3,1688.3,7.65,63162.0,772407.7,88,5473,32768,37,284.96,1060520.08,13159592.92
2026-08-04T13:42:40+08:00,1,2,94.3,1684.6,7.72,64450.6,772407.7,97,6061,32768,37,260.66,1060520.13,13159569.87
2026-08-04T13:42:50+08:00,1,2,94.3,1681.0,7.70,64777.0,772407.7,88,4251,32768,36,220.90,1060520.17,13159539.83
2026-08-04T13:43:00+08:00,1,2,94.3,1681.1,7.66,64172.6,772407.7,97,5019,32768,37,296.63,1060520.23,13159526.77
2026-08-04T13:43:10+08:00,1,2,94.3,1688.3,7.25,65116.8,772407.7,97,5675,32768,37,299.55,1060520.30,13159522.70
2026-08-04T13:43:20+08:00,1,2,94.4,1684.6,6.75,64345.4,772407.7,97,6341,32768,38,291.58,1060520.34,13159595.66
2026-08-04T13:43:30+08:00,1,2,94.4,1684.7,6.87,63678.0,772407.7,99,4513,32768,37,307.12,1060520.57,13159602.43
2026-08-04T13:43:40+08:00,1,2,94.4,1681.1,6.58,63851.6,772407.7,91,5079,32768,37,219.92,1060520.55,13159600.45
2026-08-04T13:43:50+08:00,1,2,94.4,1688.4,6.41,64229.8,772407.7,97,5857,32768,37,272.81,1060520.67,13159607.33
2026-08-04T13:44:00+08:00,1,2,94.4,1684.8,6.57,63922.6,772407.7,97,6443,32768,37,219.15,1060520.50,13159579.50
2026-08-04T13:44:10+08:00,1,2,94.4,1685.0,6.33,63815.2,772407.7,94,4797,32768,37,289.83,1060521.04,13159569.96
2026-08-04T13:44:20+08:00,1,2,94.4,1680.3,6.05,64070.5,772407.7,97,5473,32768,36,292.45,1060521.13,13159557.87
2026-08-04T13:44:30+08:00,1,2,94.4,1684.6,6.29,64329.6,772407.7,96,6161,32768,37,289.72,1060520.76,13159555.24
2026-08-04T13:44:40+08:00,1,2,94.5,1685.0,7.09,63610.7,772407.7,86,4353,32768,37,287.77,1060520.85,13159540.15
2026-08-04T13:44:50+08:00,1,2,94.5,1685.2,7.07,63338.3,772407.7,97,5079,32768,38,292.45,1060520.93,13159566.07
2026-08-04T13:45:00+08:00,1,2,94.5,1680.6,6.75,63446.9,772407.7,98,5775,32768,37,254.84,1060520.97,13159571.03
2026-08-04T13:45:11+08:00,1,2,94.5,1688.9,6.71,62798.0,772407.7,97,6443,32768,38,299.55,1060521.16,13159593.84
2026-08-04T13:45:21+08:00,1,2,94.5,1685.3,7.05,63098.1,772407.7,96,4657,32768,38,242.84,1060520.58,13159600.42
2026-08-04T13:45:31+08:00,1,2,94.5,1684.6,7.04,63694.7,772407.7,83,5329,32768,35,227.08,1060521.32,13159614.68
2026-08-04T13:45:41+08:00,1,2,94.5,1680.9,6.66,64007.5,772407.7,96,6061,32768,37,250.13,1060521.36,13159624.64
2026-08-04T13:45:51+08:00,1,2,94.5,1685.2,7.10,64130.5,772407.7,86,4203,32768,37,120.49,1060521.31,13159645.69
2026-08-04T13:46:01+08:00,1,2,94.6,1685.5,7.16,64242.3,772407.7,96,4937,32768,37,294.49,1060521.66,13159693.34
2026-08-04T13:46:11+08:00,1,2,94.6,1684.6,7.51,63903.9,772407.7,95,5635,32768,37,270.56,1060521.70,13159704.30
2026-08-04T13:46:21+08:00,1,2,94.6,1680.9,7.13,64606.5,772407.7,97,6341,32768,38,251.10,1060521.77,13159739.23
2026-08-04T13:46:31+08:00,1,2,94.6,1681.1,7.19,64602.8,772407.7,97,4575,32768,37,262.78,1060521.85,13159739.15
2026-08-04T13:46:41+08:00,1,2,94.6,1685.4,7.47,65049.1,772407.7,86,5079,32768,37,219.92,1060521.68,13159771.32
2026-08-04T13:46:51+08:00,1,2,94.6,1684.6,7.71,64706.8,772407.7,98,5957,32768,38,289.23,1060522.01,13159802.99
2026-08-04T13:47:01+08:00,1,2,94.6,1681.0,8.12,65139.3,772407.7,97,6443,32768,37,232.26,1060522.15,13159839.85
2026-08-04T13:47:11+08:00,1,2,94.6,1681.2,7.85,64778.6,772407.7,97,4655,32768,37,254.83,1060513.88,13159892.12
2026-08-04T13:47:21+08:00,1,2,94.7,1685.7,7.57,65044.1,772407.7,90,4439,32768,37,169.57,1060514.03,13159933.97
2026-08-04T13:47:31+08:00,1,2,94.7,1685.0,8.05,64189.3,772407.7,98,5859,32768,37,236.03,1060514.32,13159965.68
2026-08-04T13:47:41+08:00,1,2,94.7,1681.3,7.58,63621.1,772407.7,97,6443,32768,38,269.77,1060516.38,13159970.62
2026-08-04T13:47:51+08:00,1,2,94.7,1681.5,7.10,63704.2,772407.7,95,4655,32768,37,289.15,1060520.95,13159971.05
2026-08-04T13:48:01+08:00,1,2,94.7,1681.8,7.62,63439.1,772407.7,92,5081,32768,37,207.11,1060521.00,13159979.00
2026-08-04T13:48:11+08:00,1,2,94.7,1685.2,7.44,63524.7,772407.7,97,5857,32768,37,297.89,1060521.15,13159991.85
2026-08-04T13:48:21+08:00,1,2,94.7,1685.4,6.91,63116.5,772407.7,97,6443,32768,37,237.64,1060522.24,13160011.76
2026-08-04T13:48:31+08:00,1,2,94.7,1681.8,6.70,63218.2,772407.7,96,4575,32768,37,296.43,1060522.52,13160008.48
2026-08-04T13:48:42+08:00,1,2,94.8,1682.1,6.52,62820.5,772407.7,95,5081,32768,38,207.25,1060522.81,13160012.19
2026-08-04T13:48:52+08:00,1,2,94.7,1685.4,6.36,63173.0,772407.7,97,5775,32768,37,248.19,1060524.45,13160001.55
2026-08-04T13:49:02+08:00,1,2,94.8,1685.6,6.30,63100.9,772407.7,96,6341,32768,37,249.97,1060525.11,13159997.89
2026-08-04T13:49:12+08:00,1,2,94.8,1681.9,6.11,63066.5,772407.7,98,4513,32768,37,270.43,1060526.01,13159991.99
2026-08-04T13:49:22+08:00,1,2,94.8,1686.1,6.49,63419.1,772407.7,93,5079,32768,38,242.84,1060527.22,13159999.78
2026-08-04T13:49:32+08:00,1,2,94.8,1685.7,6.96,63658.0,772407.7,97,5675,32768,37,302.26,1060527.46,13160358.54
2026-08-04T13:49:42+08:00,1,2,94.8,1685.9,6.80,63330.9,772407.7,96,6261,32768,37,272.33,1060527.70,13160067.30
2026-08-04T13:49:52+08:00,1,2,94.8,1682.3,6.60,63939.8,772407.7,86,4253,32768,36,256.62,1060528.18,13160121.82
2026-08-04T13:50:02+08:00,1,2,94.8,1686.5,6.66,63570.4,772407.7,94,4877,32768,37,251.76,1060528.43,13160155.57
2026-08-04T13:50:12+08:00,1,2,94.8,1681.8,6.86,63460.0,772407.7,90,5473,32768,36,299.06,1060528.96,13160224.04
2026-08-04T13:50:22+08:00,1,2,94.9,1686.1,6.97,64026.0,772407.7,97,6059,32768,38,253.70,1060529.19,13160276.81
2026-08-04T13:50:32+08:00,1,2,94.9,1682.5,7.12,63890.6,772407.7,86,6443,32768,37,213.93,1060529.87,13160456.13
2026-08-04T13:50:42+08:00,1,2,94.9,1686.8,7.02,64259.9,772407.7,96,4797,32768,37,255.80,1060527.96,13160473.04
2026-08-04T13:50:52+08:00,1,2,94.9,1682.1,7.40,64605.1,772407.7,89,5331,32768,36,214.42,1060528.31,13160508.69
2026-08-04T13:51:02+08:00,1,2,94.9,1686.4,7.12,64901.2,772407.7,96,5959,32768,37,257.77,1060529.02,13160534.98
2026-08-04T13:51:12+08:00,1,2,94.9,1682.6,7.11,63741.0,772407.7,89,6443,32768,37,219.43,1060529.31,13160555.69
2026-08-04T13:51:22+08:00,1,2,94.9,1686.7,7.16,63947.7,772407.7,96,4717,32768,37,309.75,1060529.87,13160537.13
2026-08-04T13:51:32+08:00,1,2,94.9,1683.0,7.13,64116.5,772407.7,89,1861,32768,36,97.43,1060530.13,13160507.87
2026-08-04T13:51:42+08:00,1,2,94.9,1686.4,7.41,64090.2,772407.7,97,5857,32768,37,252.09,1060530.09,13160757.91
2026-08-04T13:51:52+08:00,1,2,95.0,1682.7,7.42,64646.7,772407.7,96,6443,32768,38,267.82,1060530.98,13160466.02
2026-08-04T13:52:02+08:00,1,2,95.0,1686.8,7.51,64732.4,772407.7,98,4575,32768,37,262.78,1060531.54,13160458.46
2026-08-04T13:52:13+08:00,1,2,95.0,1683.1,7.51,64494.9,772407.7,96,5079,32768,37,229.67,1060531.80,13160457.20
2026-08-04T13:52:23+08:00,1,2,95.0,1686.4,7.58,63916.5,772407.7,98,5777,32768,37,270.74,1060532.52,13160445.48
2026-08-04T13:52:33+08:00,1,2,95.0,1682.7,7.97,64146.5,772407.7,97,6341,32768,37,239.42,1060532.60,13160453.40
2026-08-04T13:52:43+08:00,1,2,95.0,1682.8,7.73,63735.5,772407.7,98,4433,32768,36,258.08,1060532.79,13160429.21
2026-08-04T13:52:53+08:00,1,2,95.0,1683.2,7.32,64118.4,772407.7,96,5079,32768,37,265.70,1060533.14,13160416.86
2026-08-04T13:53:03+08:00,1,2,95.0,1686.6,7.36,63450.1,772407.7,97,5777,32768,37,271.40,1060533.74,13160465.26
2026-08-04T13:53:13+08:00,1,2,95.0,1682.7,7.37,64463.4,772407.7,97,6341,32768,38,302.26,1060533.62,13160445.38
2026-08-04T13:53:23+08:00,1,2,95.0,1683.0,7.74,63519.1,772407.7,97,4433,32768,37,288.85,1060533.67,13160438.33
2026-08-04T13:53:33+08:00,1,2,95.0,1683.4,7.31,63731.1,772407.7,95,5079,32768,37,268.61,1060534.20,13160419.80
2026-08-04T13:53:43+08:00,1,2,95.1,1682.7,7.26,64301.6,772407.7,97,5675,32768,37,287.69,1060534.22,13160409.78
2026-08-04T13:53:53+08:00,1,2,95.1,1683.1,7.93,64490.8,772407.7,95,6261,32768,38,261.80,1060529.40,13160410.60
2026-08-04T13:54:03+08:00,1,2,95.1,1683.3,7.62,64448.1,772407.7,91,4433,32768,37,295.95,1060529.50,13160363.50
2026-08-04T13:54:13+08:00,1,2,95.1,1683.7,7.22,65018.9,772407.7,96,5079,32768,37,255.97,1060529.86,13160305.14
2026-08-04T13:54:23+08:00,1,2,95.1,1682.8,7.12,64944.8,772407.7,95,5675,32768,37,264.90,1060530.08,13160276.92
2026-08-04T13:54:33+08:00,1,2,95.1,1687.1,7.26,64763.7,772407.7,95,6261,32768,37,241.38,1060530.50,13160268.50
2026-08-04T13:54:43+08:00,1,2,95.1,1683.3,6.76,65430.0,772407.7,99,4513,32768,37,290.31,1060530.59,13160241.41
2026-08-04T13:54:53+08:00,1,2,95.1,1687.3,6.79,65012.9,772407.7,96,5079,32768,37,229.85,1060530.76,13160210.24
2026-08-04T13:55:03+08:00,1,2,95.1,1682.7,7.00,64037.4,772407.7,97,5857,32768,37,294.88,1060530.59,13160210.41
2026-08-04T13:55:13+08:00,1,2,95.2,1687.1,7.53,65177.2,772407.7,97,6443,32768,37,213.93,1060531.28,13160172.72
2026-08-04T13:55:23+08:00,1,2,95.2,1683.3,7.61,64121.7,772407.7,96,4717,32768,37,289.15,1060531.60,13160145.40
2026-08-04T13:55:33+08:00,1,2,95.2,1686.5,7.58,63806.2,772407.7,92,5473,32768,37,300.52,1060531.71,13160126.29
2026-08-04T13:55:43+08:00,1,2,95.2,1682.8,7.48,63620.8,772407.7,97,6161,32768,38,280.40,1060531.94,13160096.06
2026-08-04T13:55:54+08:00,1,2,95.2,1682.9,7.32,64061.1,772407.7,90,4251,32768,36,209.69,1060532.02,13160063.98
2026-08-04T13:56:04+08:00,1,2,95.2,1683.1,7.58,63975.6,772407.7,97,5019,32768,38,281.56,1060532.12,13160035.88
2026-08-04T13:56:14+08:00,1,2,95.2,1686.3,7.64,64181.4,772407.7,96,5675,32768,37,245.91,1060532.76,13159998.24
2026-08-04T13:56:24+08:00,1,2,95.2,1682.5,7.47,66486.5,772407.7,98,6443,32768,38,301.09,1060532.93,13159967.07
2026-08-04T13:56:34+08:00,1,2,95.2,1682.6,7.48,64933.7,772407.7,97,4655,32768,38,285.45,1060533.55,13159927.45
2026-08-04T13:56:44+08:00,1,2,95.2,1683.0,7.77,65176.9,772407.7,91,1039,32768,36,90.09,1060534.23,13159896.77
2026-08-04T13:56:54+08:00,1,2,95.2,1682.2,8.11,65131.6,772407.7,94,6059,32768,38,297.99,1060533.97,13159884.03
2026-08-04T13:57:04+08:00,1,2,95.3,1682.6,7.87,64763.1,772407.7,88,1803,32768,36,86.72,1060534.01,13159863.99
2026-08-04T13:57:14+08:00,1,2,95.3,1682.6,7.28,64541.4,772407.7,96,4937,32768,37,263.09,1060534.80,13159842.20
2026-08-04T13:57:24+08:00,1,2,95.3,1685.9,6.77,64037.9,772407.7,97,5675,32768,37,247.70,1060534.49,13159840.51
2026-08-04T13:57:34+08:00,1,2,95.3,1682.2,6.75,64516.9,772407.7,98,6343,32768,38,276.09,1060534.01,13159814.99
2026-08-04T13:57:44+08:00,1,2,95.3,1686.4,6.70,63851.5,772407.7,97,4657,32768,37,282.42,1060534.06,13159802.94
2026-08-04T13:57:54+08:00,1,2,95.3,1682.7,6.35,62963.7,772407.7,87,5079,32768,36,198.48,1060534.28,13160498.72
2026-08-04T13:58:04+08:00,1,2,95.3,1686.0,6.38,63286.8,772407.7,97,5957,32768,37,240.07,1060534.65,13160473.35
2026-08-04T13:58:14+08:00,1,2,95.3,1682.3,6.63,63119.7,772407.7,93,6443,32768,37,228.54,1060535.52,13159796.48
2026-08-04T13:58:24+08:00,1,2,95.3,1686.3,6.46,63685.3,772407.7,97,4877,32768,38,244.29,1060536.45,13159797.55
2026-08-04T13:58:34+08:00,1,2,95.3,1681.6,6.79,63465.5,772407.7,98,5575,32768,37,245.59,1060536.67,13159809.33
2026-08-04T13:58:44+08:00,1,2,95.4,1685.9,9.70,63977.8,772407.7,95,6261,32768,38,263.75,1060537.01,13159817.99
2026-08-04T13:58:54+08:00,1,2,95.4,1682.2,9.19,63515.3,772407.7,99,4513,32768,37,283.39,1060537.19,13159831.81
2026-08-04T13:59:04+08:00,1,2,95.4,1686.3,9.02,63546.9,772407.7,94,5079,32768,37,210.66,1060537.79,13159877.21
2026-08-04T13:59:14+08:00,1,2,95.4,1685.5,9.56,64001.0,772407.7,97,5857,32768,38,242.99,1060537.94,13159906.06
2026-08-04T13:59:24+08:00,1,2,95.4,1685.8,10.08,63984.0,772407.7,96,6443,32768,38,241.05,1060538.43,13159923.57
2026-08-04T13:59:35+08:00,1,2,95.4,1682.1,10.52,64085.9,772407.7,96,4655,32768,37,264.24,1060538.57,13159951.43
2026-08-04T13:59:45+08:00,1,2,95.4,1682.2,10.44,64065.2,772407.7,90,5331,32768,35,233.26,1060539.10,13159970.90
2026-08-04T13:59:55+08:00,1,2,95.4,1685.5,9.69,64480.8,772407.7,96,6059,32768,38,252.41,1060539.21,13159995.79
2026-08-04T14:00:05+08:00,1,2,95.4,1681.8,9.51,64078.3,772407.7,90,4249,32768,36,212.75,1060539.60,13160020.40
2026-08-04T14:00:15+08:00,1,2,95.4,1686.1,10.35,63627.1,772407.7,96,4939,32768,37,264.24,1060539.88,13160047.12
2026-08-04T14:00:25+08:00,1,2,95.4,1685.5,10.91,63074.2,772407.7,97,5675,32768,37,302.75,1060539.88,13160090.12
2026-08-04T14:00:35+08:00,1,2,95.5,1685.7,9.92,63530.4,772407.7,97,6341,32768,37,299.06,1060540.59,13160091.41
2026-08-04T14:00:45+08:00,1,2,95.5,1682.0,10.33,63552.9,772407.7,93,4513,32768,37,304.69,1060540.85,13160120.15
2026-08-04T14:00:55+08:00,1,2,95.5,1686.4,10.02,63432.4,772407.7,97,5081,32768,38,243.64,1060540.85,13160093.15
2026-08-04T14:01:05+08:00,1,2,95.5,1685.8,9.94,63193.7,772407.7,94,5775,32768,37,257.60,1060541.39,13160090.61
2026-08-04T14:01:15+08:00,1,2,95.5,1686.1,9.34,63241.8,772407.7,97,6443,32768,38,289.63,1060541.60,13160054.40
2026-08-04T14:01:25+08:00,1,2,95.5,1682.3,8.99,63346.7,772407.7,95,4655,32768,37,283.58,1060542.25,13159995.75
2026-08-04T14:01:35+08:00,1,2,95.5,1682.4,8.99,63161.8,772407.7,85,4439,32768,36,150.04,1060542.44,13159948.56
2026-08-04T14:01:45+08:00,1,2,95.5,1685.9,8.61,63213.4,772407.7,96,5959,32768,37,271.23,1060542.91,13159905.09
2026-08-04T14:01:55+08:00,1,2,95.5,1686.1,9.11,63661.9,772407.7,97,6443,32768,37,226.93,1060543.12,13159882.88
2026-08-04T14:02:05+08:00,1,2,95.5,1682.3,9.32,63133.8,772407.7,96,4799,32768,37,250.95,1060543.66,13159857.34
2026-08-04T14:02:15+08:00,1,2,95.6,1681.6,9.52,63870.4,772407.7,88,5473,32768,36,290.80,1060543.83,13159861.17
2026-08-04T14:02:25+08:00,1,2,95.6,1682.0,9.44,64566.6,772407.7,97,6161,32768,38,281.38,1060544.20,13159845.80
2026-08-04T14:02:35+08:00,1,2,95.6,1686.2,9.31,64706.1,772407.7,90,4353,32768,37,285.94,1060544.63,13159838.37
2026-08-04T14:02:45+08:00,1,2,95.6,1682.6,9.40,64322.5,772407.7,96,5019,32768,37,284.48,1060545.26,13159801.74
2026-08-04T14:02:55+08:00,1,2,95.6,1681.9,9.03,64268.9,772407.7,98,5675,32768,37,302.75,1060545.45,13159793.55
2026-08-04T14:03:05+08:00,1,2,95.6,1682.3,9.34,64321.4,772407.7,96,6263,32768,37,260.83,1060545.67,13159797.33
2026-08-04T14:03:15+08:00,1,2,95.6,1686.6,9.00,64911.6,772407.7,98,4433,32768,36,257.26,1060545.91,13159786.09
2026-08-04T14:03:25+08:00,1,2,95.6,1682.9,8.62,64384.1,772407.7,95,5079,32768,38,240.72,1060543.17,13159793.83
2026-08-04T14:03:36+08:00,1,2,95.6,1682.2,7.91,64081.9,772407.7,97,5859,32768,37,219.43,1060545.42,13159819.58
2026-08-04T14:03:46+08:00,1,2,95.6,1682.5,7.69,64248.0,772407.7,97,6443,32768,37,218.03,1060546.73,13159849.27
2026-08-04T14:03:56+08:00,1,2,95.6,1686.7,8.10,64205.9,772407.7,95,4717,32768,37,296.83,1060546.94,13159860.06
2026-08-04T14:04:06+08:00,1,2,95.6,1683.0,10.07,65344.2,772407.7,88,5329,32768,35,214.07,1060546.99,13159879.01
2026-08-04T14:04:16+08:00,1,2,95.7,1682.2,10.13,64350.6,772407.7,94,6059,32768,38,299.35,1060547.03,13159917.97
2026-08-04T14:04:26+08:00,1,2,95.7,1682.5,9.49,64305.9,772407.7,91,4163,32768,36,112.17,1060547.04,13159917.96
2026-08-04T14:04:36+08:00,1,2,95.7,1686.6,9.04,63825.6,772407.7,97,4939,32768,37,259.86,1060547.07,13159931.93
2026-08-04T14:04:46+08:00,1,2,95.7,1685.9,8.50,64230.9,772407.7,96,5675,32768,37,297.80,1060547.12,13159959.88
2026-08-04T14:04:56+08:00,1,2,95.7,1682.1,8.28,64023.3,772407.7,97,6343,32768,38,291.96,1060547.15,13160005.85
2026-08-04T14:05:06+08:00,1,2,95.7,1686.3,7.99,63530.0,772407.7,98,4513,32768,37,255.16,1060543.33,13160028.67
2026-08-04T14:05:16+08:00,1,2,95.7,1686.6,7.93,63940.3,772407.7,93,5079,32768,37,220.21,1060544.98,13160047.02
2026-08-04T14:05:26+08:00,1,2,95.7,1685.7,7.62,63604.9,772407.7,97,5959,32768,38,267.51,1060545.04,13160082.96
2026-08-04T14:05:36+08:00,1,2,95.7,1682.0,7.37,63284.2,772407.7,91,6443,32768,37,227.04,1060541.74,13160113.26
2026-08-04T14:05:46+08:00,1,2,95.7,1682.2,6.93,63632.8,772407.7,97,4879,32768,37,264.76,1060542.15,13160145.85
2026-08-04T14:05:56+08:00,1,2,95.7,1685.6,6.86,63148.1,772407.7,94,5573,32768,37,238.77,1060542.23,13160183.77
2026-08-04T14:06:06+08:00,1,2,95.8,1685.8,6.72,63022.4,772407.7,96,6261,32768,38,279.32,1060542.27,13160214.73
2026-08-04T14:06:16+08:00,1,2,95.8,1682.1,6.76,63143.5,772407.7,94,4513,32768,37,278.53,1060542.33,13160227.67
2026-08-04T14:06:26+08:00,1,2,95.8,1682.2,6.96,62879.5,772407.7,96,5079,32768,37,212.96,1060542.39,13160250.61
2026-08-04T14:06:36+08:00,1,2,95.8,1681.7,6.65,62820.2,772407.7,93,5859,32768,37,266.98,1060542.64,13160264.36
2026-08-04T14:06:46+08:00,1,2,95.8,1685.8,7.25,63960.6,772407.7,97,6443,32768,37,232.44,1060542.67,13160270.33
2026-08-04T14:06:56+08:00,1,2,95.8,1682.1,7.83,63680.3,772407.7,95,4879,32768,38,254.19,1060542.51,13160257.49
2026-08-04T14:07:06+08:00,1,2,95.8,1681.4,9.22,63503.1,772407.7,99,5573,32768,37,292.15,1060542.59,13160257.41
2026-08-04T14:07:17+08:00,1,2,95.8,1685.7,9.43,63352.5,772407.7,97,6261,32768,38,289.04,1060542.63,13160265.37
2026-08-04T14:07:27+08:00,1,2,95.8,1686.0,9.83,63588.8,772407.7,96,4353,32768,36,250.13,1060542.71,13160379.29
2026-08-04T14:07:37+08:00,1,2,95.8,1686.1,9.92,64786.1,772407.7,96,5019,32768,37,270.07,1060542.79,13160395.21
2026-08-04T14:07:47+08:00,1,2,95.8,1681.4,10.89,64366.2,772407.7,98,5775,32768,37,300.03,1060542.83,13160404.17
2026-08-04T14:07:57+08:00,1,2,95.8,1685.6,10.76,65074.2,772407.7,97,6443,32768,37,254.19,1060542.91,13160395.09
2026-08-04T14:08:07+08:00,1,2,95.8,1686.0,10.99,64585.1,772407.7,97,4717,32768,38,292.74,1060543.06,13160416.94
2026-08-04T14:08:17+08:00,1,2,95.9,1685.1,9.84,64612.3,772407.7,85,5333,32768,36,272.51,1060543.14,13160420.86
2026-08-04T14:08:27+08:00,1,2,95.9,1681.2,9.49,65116.8,772407.7,95,6159,32768,37,267.29,1060544.11,13160426.89
2026-08-04T14:08:37+08:00,1,2,95.9,1685.4,8.94,65010.6,772407.7,90,4251,32768,36,279.32,1060543.86,13160416.14
2026-08-04T14:08:47+08:00,1,2,95.9,1685.6,9.11,64697.2,772407.7,96,5019,32768,38,293.04,1060543.94,13160397.06
2026-08-04T14:08:57+08:00,1,2,95.9,1684.8,8.55,64585.8,772407.7,97,5675,32768,37,253.55,1060544.77,13160384.23
2026-08-04T14:09:07+08:00,1,2,95.9,1681.0,7.85,64414.1,772407.7,97,6443,32768,38,245.43,1060545.56,13160368.44
2026-08-04T14:09:17+08:00,1,2,95.9,1685.3,7.72,64904.9,772407.7,97,4575,32768,37,261.80,1060545.92,13160393.08
2026-08-04T14:09:27+08:00,1,2,95.9,1681.7,7.53,64561.0,772407.7,86,5079,32768,36,230.49,1060545.97,13160404.03
2026-08-04T14:09:37+08:00,1,2,95.9,1685.1,7.83,64480.6,772407.7,96,5959,32768,37,246.89,1060546.17,13160402.83
2026-08-04T14:09:47+08:00,1,2,95.9,1681.3,8.24,64129.8,772407.7,90,6443,32768,37,223.19,1060547.91,13160440.09
2026-08-04T14:09:57+08:00,1,2,95.9,1681.6,7.98,63989.8,772407.7,97,4937,32768,38,253.37,1060549.10,13160444.90
2026-08-04T14:10:07+08:00,1,2,96.0,1684.9,7.60,64257.7,772407.7,97,5573,32768,37,249.81,1060549.55,13160468.45
2026-08-04T14:10:17+08:00,1,2,96.0,1685.1,6.94,63602.2,772407.7,98,6341,32768,38,251.10,1060549.96,13160500.04
2026-08-04T14:10:27+08:00,1,2,96.0,1685.2,6.56,63288.1,772407.7,98,4575,32768,37,271.71,1060550.07,13160516.93
2026-08-04T14:10:37+08:00,1,2,96.0,1681.4,6.40,63500.9,772407.7,97,5079,32768,37,198.48,1060550.21,13160545.79
2026-08-04T14:10:47+08:00,1,2,96.0,1684.8,6.18,63477.3,772407.7,97,5959,32768,38,289.72,1060550.48,13160562.52
2026-08-04T14:10:58+08:00,1,2,96.0,1685.0,6.87,63927.6,772407.7,96,6443,32768,37,236.18,1060550.82,13160556.18
2026-08-04T14:11:08+08:00,1,2,96.0,1685.3,6.73,64389.0,772407.7,95,4797,32768,38,298.58,1060550.70,13160566.30
2026-08-04T14:11:18+08:00,1,2,96.0,1680.6,6.69,64048.1,772407.7,93,5473,32768,36,237.64,1060551.38,13160573.62
2026-08-04T14:11:28+08:00,1,2,96.0,1684.8,7.78,64179.6,772407.7,96,6161,32768,37,265.52,1060551.60,13160566.40
2026-08-04T14:11:38+08:00,1,2,96.0,1685.2,7.65,64283.4,772407.7,96,4353,32768,36,268.13,1060551.92,13160569.08
2026-08-04T14:11:48+08:00,1,2,96.0,1685.3,7.32,64396.6,772407.7,96,5079,32768,37,285.45,1060552.46,13160579.54
2026-08-04T14:11:58+08:00,1,2,96.0,1680.7,6.81,63914.1,772407.7,97,5575,32768,37,244.94,1060552.35,13160579.65
2026-08-04T14:12:08+08:00,1,2,96.0,1684.8,7.22,64321.6,772407.7,96,6261,32768,37,250.62,1060552.83,13160578.17
2026-08-04T14:12:18+08:00,1,2,96.0,1685.0,7.20,64297.3,772407.7,90,4353,32768,36,278.34,1060553.36,13160579.64
2026-08-04T14:12:28+08:00,1,2,96.1,1685.1,7.34,64052.2,772407.7,96,4939,32768,37,256.62,1060553.12,13160580.88
2026-08-04T14:12:38+08:00,1,2,96.1,1684.4,7.61,64470.9,772407.7,92,5573,32768,37,305.87,1060553.73,13160580.27
2026-08-04T14:12:48+08:00,1,2,96.1,1684.7,8.66,67196.5,772407.7,96,6161,32768,37,258.08,1060553.83,13160586.17
2026-08-04T14:12:58+08:00,1,2,96.1,1688.8,8.48,65430.6,772407.7,85,1409,32768,34,120.25,1060554.45,13160589.55
2026-08-04T14:13:08+08:00,1,2,96.1,1685.1,8.56,65366.6,772407.7,97,4879,32768,37,265.07,1060554.94,13160586.06
2026-08-04T14:13:18+08:00,1,2,96.1,1684.4,8.76,65146.7,772407.7,83,5333,32768,36,280.47,1060554.89,13160609.11
2026-08-04T14:13:28+08:00,1,2,96.1,1680.7,9.20,65730.3,772407.7,96,6061,32768,37,247.54,1060555.40,13160626.60
2026-08-04T14:13:38+08:00,1,2,96.1,1689.0,9.25,65434.9,772407.7,95,6443,32768,37,223.33,1060555.64,13160643.36
2026-08-04T14:13:48+08:00,1,2,96.1,1685.3,9.37,65489.7,772407.7,94,4797,32768,37,262.61,1060555.90,13160656.10
2026-08-04T14:13:58+08:00,1,2,96.1,1684.4,9.94,64503.9,772407.7,83,5333,32768,35,263.61,1060556.50,13160657.50
2026-08-04T14:14:08+08:00,1,2,96.1,1680.6,9.79,64302.3,772407.7,97,5961,32768,37,254.02,1060556.89,13160691.11
2026-08-04T14:14:18+08:00,1,2,96.1,1685.1,9.98,64564.9,772407.7,93,6443,32768,37,225.96,1060557.45,13160715.55
2026-08-04T14:14:29+08:00,1,2,96.1,1685.4,10.38,64338.8,772407.7,95,4797,32768,37,273.35,1060558.00,13160769.00
2026-08-04T14:14:39+08:00,1,2,96.1,1684.7,10.17,63861.5,772407.7,89,5473,32768,37,294.88,1060558.47,13160782.53
2026-08-04T14:14:49+08:00,1,2,96.1,1681.0,10.39,65054.6,772407.7,97,6161,32768,38,305.66,1060559.20,13160795.80
2026-08-04T14:14:59+08:00,1,2,96.2,1685.3,10.63,64073.1,772407.7,93,4255,32768,35,222.21,1060559.42,13160824.58
2026-08-04T14:15:09+08:00,1,2,96.2,1685.6,10.67,63839.2,772407.7,96,5019,32768,37,293.23,1060559.40,13160865.60
2026-08-04T14:15:19+08:00,1,2,96.2,1684.7,10.49,63786.5,772407.7,97,5675,32768,37,307.89,1060559.81,13160915.19
2026-08-04T14:15:29+08:00,1,2,96.2,1680.9,10.04,64026.7,772407.7,97,6341,32768,38,254.83,1060559.95,13160953.05
2026-08-04T14:15:39+08:00,1,2,96.2,1681.1,9.97,63982.2,772407.7,98,4573,32768,37,256.29,1060560.16,13160985.84
2026-08-04T14:15:49+08:00,1,2,96.2,1685.5,10.28,64656.6,772407.7,95,5079,32768,36,222.70,1060560.65,13161026.35
2026-08-04T14:15:59+08:00,1,2,96.2,1684.7,10.47,64084.9,772407.7,97,5959,32768,38,292.74,1060560.60,13161056.40
2026-08-04T14:16:09+08:00,1,2,96.2,1684.7,10.87,64176.2,772407.7,95,6443,32768,37,217.48,1060560.89,13161055.11
2026-08-04T14:16:19+08:00,1,2,96.2,1681.0,10.90,64245.5,772407.7,96,4877,32768,38,291.58,1060555.96,13160992.04
2026-08-04T14:16:29+08:00,1,2,96.2,1688.3,11.29,64467.1,772407.7,93,5473,32768,37,270.38,1060556.36,13160926.64
2026-08-04T14:16:39+08:00,1,2,96.2,1684.6,10.93,64706.5,772407.7,96,6261,32768,38,298.18,1060556.41,13160885.59
2026-08-04T14:16:49+08:00,1,2,96.2,1684.8,10.95,65203.6,772407.7,93,4353,32768,36,255.33,1060556.74,13160844.26
2026-08-04T14:16:59+08:00,1,2,96.2,1681.0,11.03,64210.2,772407.7,95,5079,32768,38,284.48,1060557.22,13160809.78
2026-08-04T14:17:09+08:00,1,2,96.3,1688.4,10.87,64590.7,772407.7,97,5775,32768,37,292.55,1060558.63,13160817.37
2026-08-04T14:17:19+08:00,1,2,96.3,1684.6,10.81,64664.8,772407.7,94,6443,32768,37,258.57,1060558.67,13160779.33
2026-08-04T14:17:29+08:00,1,2,96.3,1684.8,11.20,64756.3,772407.7,95,4715,32768,38,266.18,1060559.26,13160765.74
2026-08-04T14:17:39+08:00,1,2,96.3,1684.1,10.87,64166.8,772407.7,96,5473,32768,37,253.05,1060559.51,13160747.49
2026-08-04T14:17:49+08:00,1,2,96.3,1684.2,10.74,64566.9,772407.7,96,6161,32768,38,256.45,1060559.76,13160736.24
2026-08-04T14:18:00+08:00,1,2,96.3,1684.5,10.38,64410.6,772407.7,98,4433,32768,37,295.95,1060560.26,13160729.74
2026-08-04T14:18:10+08:00,1,2,96.3,1684.5,10.48,64864.3,772407.7,95,5079,32768,38,290.61,1060560.08,13160734.92
2026-08-04T14:18:20+08:00,1,2,96.3,1684.1,10.69,64246.3,772407.7,97,5775,32768,37,291.28,1060560.20,13160732.80
2026-08-04T14:18:30+08:00,1,2,96.3,1684.2,11.13,64620.5,772407.7,97,6443,32768,38,280.10,1060560.79,13160735.21
2026-08-04T14:18:40+08:00,1,2,96.3,1684.4,10.80,64282.6,772407.7,94,4655,32768,37,268.13,1060560.83,13160712.17
2026-08-04T14:18:50+08:00,1,2,96.3,1683.6,10.53,65206.6,772407.7,85,5331,32768,36,242.51,1060560.95,13160696.05
2026-08-04T14:19:00+08:00,1,2,96.3,1684.1,10.37,65027.7,772407.7,97,6161,32768,37,277.19,1060561.40,13160702.60
2026-08-04T14:19:10+08:00,1,2,96.3,1684.4,10.39,65183.5,772407.7,86,4353,32768,37,285.34,1060560.97,13160690.03
2026-08-04T14:19:20+08:00,1,2,96.3,1684.6,10.79,64730.8,772407.7,96,5019,32768,37,274.76,1060561.53,13160700.47
2026-08-04T14:19:30+08:00,1,2,96.3,1683.9,11.44,65066.9,772407.7,97,5675,32768,37,243.81,1060562.00,13160694.00
2026-08-04T14:19:40+08:00,1,2,96.4,1680.2,11.53,65310.0,772407.7,98,6343,32768,38,279.13,1060562.17,13160696.83
2026-08-04T14:19:50+08:00,1,2,96.4,1684.5,11.14,65178.2,772407.7,96,4575,32768,37,247.38,1060562.65,13160702.35
2026-08-04T14:20:00+08:00,1,2,96.4,1684.8,11.90,65645.4,772407.7,90,5081,32768,36,217.00,1060562.97,13160718.03
2026-08-04T14:20:10+08:00,1,2,96.4,1684.1,12.20,65235.3,772407.7,96,5957,32768,38,262.29,1060563.59,13160673.41
2026-08-04T14:20:20+08:00,1,2,96.4,1684.4,12.02,65328.2,772407.7,88,6443,32768,37,232.77,1060562.93,13160661.07
2026-08-04T14:20:30+08:00,1,2,96.4,1680.6,11.54,64884.3,772407.7,95,4879,32768,37,272.02,1060563.96,13160640.04
2026-08-04T14:20:40+08:00,1,2,96.4,1688.0,11.61,64877.5,772407.7,98,5675,32768,37,292.55,1060564.90,13160652.10
2026-08-04T14:20:50+08:00,1,2,96.4,1684.2,11.37,64747.5,772407.7,96,6343,32768,37,268.92,1060565.27,13160666.73
2026-08-04T14:21:00+08:00,1,2,96.4,1684.3,11.24,64654.8,772407.7,97,4573,32768,37,255.97,1060557.11,13160680.89
2026-08-04T14:21:10+08:00,1,2,96.4,1680.4,11.75,64700.8,772407.7,95,4819,32768,36,181.78,1060558.68,13160685.32
2026-08-04T14:21:20+08:00,1,2,96.4,1687.6,11.62,64240.7,772407.7,97,6059,32768,38,299.35,1060559.23,13160696.77
2026-08-04T14:21:31+08:00,1,2,96.4,1683.8,11.58,63850.8,772407.7,90,4251,32768,36,222.55,1060559.76,13160696.24
2026-08-04T14:21:41+08:00,1,2,96.3,1680.7,11.70,61038.8,772407.7,0,1007,32768,29,56.43,1060566.03,13160749.97
2026-08-04T14:21:51+08:00,1,2,96.2,1680.7,11.60,62179.9,772407.7,0,1007,32768,29,55.94,1060566.11,13160795.89
2026-08-04T14:22:01+08:00,1,2,96.1,1680.7,11.57,62835.0,772407.7,0,1007,32768,29,56.01,1060566.49,13160823.51
2026-08-04T14:22:11+08:00,1,2,95.9,1680.7,14.71,63295.5,772407.7,0,1007,32768,29,55.97,1060568.19,13160850.81
2026-08-04T14:22:21+08:00,1,2,95.8,1680.7,14.09,63967.1,772407.7,0,1007,32768,29,55.94,1060568.29,13160963.71
2026-08-04T14:22:31+08:00,1,2,95.7,1680.7,14.25,64265.3,772407.7,0,1007,32768,29,55.90,1060568.42,13161063.58
2026-08-04T14:22:41+08:00,1,2,95.7,1679.8,14.77,60596.3,772407.7,0,1009,32768,29,55.90,1060569.51,13161105.49
2026-08-04T14:22:51+08:00,1,2,95.6,1679.8,14.41,60799.2,772407.7,0,1009,32768,29,55.94,1060569.18,13161150.82
2026-08-04T14:23:01+08:00,1,2,95.4,1679.8,14.45,61088.7,772407.7,0,1009,32768,29,55.90,1060568.50,13161203.50
2026-08-04T14:23:11+08:00,1,2,95.3,1679.8,13.52,61854.7,772407.7,0,1009,32768,29,55.90,1060568.49,13161198.51
2026-08-04T14:23:21+08:00,1,2,95.2,1679.8,12.91,62900.0,772407.7,0,1009,32768,29,55.90,1060569.04,13161180.96
2026-08-04T14:23:31+08:00,1,2,95.1,1679.8,12.93,63858.4,772407.7,0,1009,32768,29,55.90,1060569.21,13161146.79
2026-08-04T14:23:41+08:00,1,2,95.1,1679.5,12.40,65718.7,772407.7,12,1009,32768,29,59.81,1060569.45,13161109.55
2026-08-04T14:23:51+08:00,1,2,94.9,1677.7,12.53,61687.2,772407.7,0,1009,32768,29,55.90,1060569.98,13161068.02
2026-08-04T14:24:01+08:00,1,2,94.8,1677.7,12.23,62521.7,772407.7,0,1009,32768,29,55.94,1060570.13,13161715.87
2026-08-04T14:24:11+08:00,1,2,94.7,1677.7,12.27,64210.9,772407.7,0,1009,32768,29,55.90,1060570.35,13160992.65
2026-08-04T14:24:21+08:00,1,2,94.6,1677.7,12.62,64356.9,772407.7,0,1009,32768,29,55.90,1060570.95,13160958.05
2026-08-04T14:24:31+08:00,1,2,94.5,1677.7,12.68,65579.4,772407.7,0,1009,32768,29,55.94,1060571.11,13160931.89
2026-08-04T14:24:41+08:00,1,2,94.4,1679.7,12.19,65647.1,772407.7,96,5675,32768,33,249.00,1060571.54,13160906.46
2026-08-04T14:24:51+08:00,1,2,94.4,1688.1,11.87,65713.4,772407.7,97,6341,32768,37,297.41,1060571.85,13160900.15
2026-08-04T14:25:01+08:00,1,2,94.4,1688.2,12.34,65795.9,772407.7,94,4515,32768,37,279.92,1060572.35,13160885.65
2026-08-04T14:25:12+08:00,1,2,94.4,1684.5,12.21,65710.6,772407.7,96,5079,32768,36,187.76,1060572.59,13160849.41
2026-08-04T14:25:22+08:00,1,2,94.4,1683.6,12.65,65302.3,772407.7,97,5857,32768,37,262.29,1060572.85,13160828.15
2026-08-04T14:25:32+08:00,1,2,94.4,1679.8,12.96,65015.1,772407.7,97,6443,32768,37,215.11,1060573.38,13160813.62
2026-08-04T14:25:42+08:00,1,2,94.4,1688.0,12.89,64841.0,772407.7,96,4717,32768,37,250.13,1060573.65,13160821.35
2026-08-04T14:25:52+08:00,1,2,94.4,1683.3,12.36,65548.0,772407.7,87,5473,32768,36,295.17,1060573.88,13160793.12
2026-08-04T14:26:02+08:00,1,2,94.4,1683.5,12.46,64688.1,772407.7,97,6161,32768,38,284.48,1060574.24,13160783.76
2026-08-04T14:26:12+08:00,1,2,94.4,1679.9,12.09,65185.0,772407.7,88,4251,32768,36,259.37,1060574.98,13160784.02
2026-08-04T14:26:22+08:00,1,2,94.5,1688.2,11.84,64590.4,772407.7,97,5017,32768,37,273.48,1060575.39,13160768.61
2026-08-04T14:26:32+08:00,1,2,94.5,1683.5,11.40,65142.8,772407.7,97,5675,32768,37,251.59,1060575.82,13160780.18
2026-08-04T14:26:42+08:00,1,2,94.5,1683.8,11.11,65091.0,772407.7,95,6341,32768,37,243.48,1060576.40,13160798.60
2026-08-04T14:26:52+08:00,1,2,94.5,1680.0,10.71,65185.5,772407.7,96,4573,32768,37,249.65,1060576.69,13160837.31
2026-08-04T14:27:02+08:00,1,2,94.5,1688.4,10.37,65177.4,772407.7,95,5081,32768,37,211.15,1060577.15,13161540.85
2026-08-04T14:27:12+08:00,1,2,94.5,1683.9,10.33,64196.8,772407.7,98,5957,32768,38,290.21,1060578.01,13160866.99
2026-08-04T14:27:22+08:00,1,2,94.5,1684.2,10.36,64539.2,772407.7,95,6443,32768,36,210.87,1060578.33,13160873.67
2026-08-04T14:27:32+08:00,1,2,94.5,1680.5,10.63,64257.6,772407.7,96,4877,32768,37,252.24,1060573.40,13160869.60
2026-08-04T14:27:42+08:00,1,2,94.5,1683.7,10.77,65667.2,772407.7,94,5573,32768,37,300.12,1060573.39,13160860.61
2026-08-04T14:27:52+08:00,1,2,94.5,1684.2,11.03,64990.1,772407.7,96,6163,32768,37,260.83,1060573.23,13160858.77
2026-08-04T14:28:02+08:00,1,2,94.5,1684.3,10.79,64962.5,772407.7,85,4353,32768,36,288.07,1060573.28,13160866.72
2026-08-04T14:28:12+08:00,1,2,94.6,1680.5,10.83,65317.7,772407.7,96,5019,32768,38,246.24,1060573.02,13160888.98
2026-08-04T14:28:22+08:00,1,2,94.6,1683.9,11.24,63786.8,772407.7,97,5775,32768,37,288.85,1060573.46,13160920.54
2026-08-04T14:28:32+08:00,1,2,94.6,1684.3,11.65,63936.1,772407.7,96,6443,32768,37,306.92,1060573.99,13160927.01
2026-08-04T14:28:42+08:00,1,2,94.6,1684.4,10.77,64194.4,772407.7,97,4575,32768,37,260.83,1060574.13,13160952.87
2026-08-04T14:28:53+08:00,1,2,94.6,1680.6,10.50,64321.4,772407.7,92,5079,32768,37,217.69,1060574.36,13160970.64
2026-08-04T14:29:03+08:00,1,2,94.6,1683.8,10.16,64537.3,772407.7,96,5961,32768,38,299.55,1060574.54,13160982.46
2026-08-04T14:29:13+08:00,1,2,94.6,1683.9,10.13,65206.2,772407.7,93,6443,32768,37,222.50,1060574.63,13160992.37
2026-08-04T14:29:23+08:00,1,2,94.6,1684.4,9.89,66550.7,772407.7,95,4717,32768,37,282.05,1060574.95,13161014.05
2026-08-04T14:29:33+08:00,1,2,94.6,1683.7,9.36,65467.5,772407.7,88,5331,32768,35,228.06,1060575.07,13161013.93
2026-08-04T14:29:43+08:00,1,2,94.6,1683.9,9.07,66184.0,772407.7,92,6161,32768,37,276.40,1060575.60,13161046.40
2026-08-04T14:29:53+08:00,1,2,94.6,1684.1,8.91,65902.5,772407.7,86,4351,32768,36,288.18,1060575.97,13161080.03
2026-08-04T14:30:03+08:00,1,2,94.6,1684.6,8.92,66453.4,772407.7,96,5019,32768,37,289.72,1060576.06,13161109.94
2026-08-04T14:30:13+08:00,1,2,94.6,1683.8,8.55,65819.0,772407.7,97,5675,32768,37,299.06,1060576.13,13161269.87
2026-08-04T14:30:23+08:00,1,2,94.7,1684.0,8.25,66312.2,772407.7,98,6343,32768,37,247.38,1060576.48,13161416.52
2026-08-04T14:30:33+08:00,1,2,94.7,1684.1,8.23,66430.7,772407.7,97,4575,32768,37,261.00,1060576.55,13161465.45
2026-08-04T14:30:43+08:00,1,2,94.7,1684.6,8.58,66005.7,772407.7,91,5081,32768,37,207.39,1060576.63,13161483.37
2026-08-04T14:30:53+08:00,1,2,94.7,1683.9,8.18,64910.7,772407.7,97,5777,32768,37,258.25,1060576.93,13161494.07
2026-08-04T14:31:03+08:00,1,2,94.7,1684.1,8.97,65584.5,772407.7,97,6445,32768,37,273.30,1060577.07,13161474.93
2026-08-04T14:31:13+08:00,1,2,94.7,1684.3,8.57,65196.1,772407.7,97,4717,32768,37,287.69,1060577.14,13161435.86
2026-08-04T14:31:23+08:00,1,2,94.7,1684.6,8.18,65671.5,772407.7,88,3789,32768,36,210.04,1060577.46,13161693.54
2026-08-04T14:31:33+08:00,1,2,94.7,1683.9,7.46,65749.4,772407.7,98,6161,32768,38,254.99,1060577.63,13161331.37
2026-08-04T14:31:43+08:00,1,2,94.7,1684.0,7.33,65931.4,772407.7,87,4353,32768,36,245.75,1060577.82,13161286.18
2026-08-04T14:31:53+08:00,1,2,94.7,1684.1,7.65,65471.2,772407.7,96,5019,32768,38,284.96,1060577.89,13161249.11
2026-08-04T14:32:03+08:00,1,2,94.7,1687.5,7.75,65079.0,772407.7,97,5675,32768,37,254.19,1060578.06,13161228.94
2026-08-04T14:32:13+08:00,1,2,94.8,1683.7,7.48,65149.8,772407.7,97,6341,32768,37,254.99,1060578.21,13161503.79
2026-08-04T14:32:24+08:00,1,2,94.8,1687.8,7.63,65178.5,772407.7,97,4515,32768,37,268.92,1060578.72,13161635.28
2026-08-04T14:32:34+08:00,1,2,94.8,1684.1,7.70,64032.5,772407.7,97,5079,32768,37,220.75,1060578.90,13161323.10
2026-08-04T14:32:44+08:00,1,2,94.8,1683.1,7.66,64335.6,772407.7,97,5957,32768,37,301.01,1060579.04,13161295.96
2026-08-04T14:32:54+08:00,1,2,94.8,1683.7,7.25,64455.7,772407.7,95,6443,32768,37,222.65,1060579.18,13161261.82
2026-08-04T14:33:04+08:00,1,2,94.8,1687.8,7.27,63563.8,772407.7,96,4797,32768,37,285.64,1060579.67,13161219.33
2026-08-04T14:33:14+08:00,1,2,94.8,1683.3,7.00,64324.7,772407.7,93,5473,32768,36,235.52,1060579.89,13161192.11
2026-08-04T14:33:24+08:00,1,2,94.8,1683.4,6.92,64783.4,772407.7,98,6159,32768,38,252.41,1060580.02,13161139.98
2026-08-04T14:33:34+08:00,1,2,94.8,1683.8,7.01,64732.4,772407.7,93,4353,32768,36,245.43,1060580.12,13161078.88
2026-08-04T14:33:44+08:00,1,2,94.8,1688.1,7.17,65283.2,772407.7,96,5019,32768,37,253.54,1060581.03,13161042.97
2026-08-04T14:33:54+08:00,1,2,94.8,1683.4,6.84,64821.2,772407.7,96,5775,32768,37,301.49,1060581.27,13161018.73
2026-08-04T14:34:04+08:00,1,2,94.8,1683.6,6.94,65127.7,772407.7,96,6443,32768,37,252.56,1060581.52,13160979.48
2026-08-04T14:34:14+08:00,1,2,94.8,1684.1,7.12,65419.9,772407.7,97,4657,32768,38,226.45,1060581.80,13160986.20
2026-08-04T14:34:24+08:00,1,2,94.9,1684.3,7.86,64388.1,772407.7,86,1007,32768,37,85.69,1060582.07,13160942.93
2026-08-04T14:34:34+08:00,1,2,94.9,1683.8,8.19,64782.3,772407.7,96,5959,32768,37,272.20,1060582.40,13160939.60
2026-08-04T14:34:44+08:00,1,2,94.9,1684.1,7.62,64593.3,772407.7,89,6443,32768,37,210.66,1060582.59,13160920.41
2026-08-04T14:34:54+08:00,1,2,94.9,1680.3,7.45,64186.2,772407.7,97,4715,32768,37,293.71,1060582.85,13160898.15
2026-08-04T14:35:04+08:00,1,2,94.9,1684.6,7.14,64457.6,772407.7,90,1781,32768,36,95.41,1060583.24,13160884.76
2026-08-04T14:35:14+08:00,1,2,94.9,1683.9,6.89,65130.5,772407.7,96,5959,32768,37,297.70,1060579.34,13160826.66
2026-08-04T14:35:24+08:00,1,2,94.9,1684.2,7.51,65463.4,772407.7,97,6443,32768,37,227.23,1060579.63,13160769.37
2026-08-04T14:35:34+08:00,1,2,94.9,1680.6,7.37,65125.8,772407.7,95,4797,32768,38,291.58,1060579.80,13160847.20
2026-08-04T14:35:44+08:00,1,2,94.9,1683.9,7.54,65328.5,772407.7,96,5473,32768,36,295.46,1060580.20,13160802.80
2026-08-04T14:35:54+08:00,1,2,94.9,1684.1,7.52,67313.4,772407.7,95,6159,32768,38,297.60,1060580.20,13160765.80
2026-08-04T14:36:04+08:00,1,2,94.9,1684.2,7.28,65167.5,772407.7,88,4253,32768,36,255.16,1060580.45,13160732.55
2026-08-04T14:36:15+08:00,1,2,94.9,1680.5,6.77,65051.7,772407.7,96,5019,32768,38,287.88,1060580.88,13160696.12
2026-08-04T14:36:25+08:00,1,2,94.9,1683.9,6.43,65170.9,772407.7,97,5675,32768,37,238.13,1060581.12,13160658.88
2026-08-04T14:36:35+08:00,1,2,95.0,1688.0,6.21,65561.5,772407.7,98,6261,32768,38,269.81,1060581.39,13160607.61
2026-08-04T14:36:45+08:00,1,2,95.0,1684.3,6.33,65966.4,772407.7,97,4431,32768,37,266.18,1060581.59,13160568.41
2026-08-04T14:36:55+08:00,1,2,95.0,1680.7,6.20,66008.5,772407.7,95,5079,32768,37,298.09,1060581.86,13160542.14
2026-08-04T14:37:05+08:00,1,2,95.0,1684.0,6.32,65694.6,772407.7,99,5675,32768,37,283.99,1060582.27,13160536.73
2026-08-04T14:37:15+08:00,1,2,95.0,1688.2,5.96,65288.7,772407.7,97,6261,32768,38,249.97,1060582.53,13160481.47
2026-08-04T14:37:25+08:00,1,2,95.0,1684.6,6.04,64982.3,772407.7,89,4353,32768,36,240.56,1060582.82,13160437.18
2026-08-04T14:37:35+08:00,1,2,95.0,1684.6,5.88,65163.0,772407.7,96,4939,32768,37,265.38,1060583.27,13160411.73
2026-08-04T14:37:45+08:00,1,2,95.0,1680.1,5.91,64755.9,772407.7,98,5573,32768,37,299.26,1060583.32,13160393.68
2026-08-04T14:37:55+08:00,1,2,95.0,1688.3,6.53,64080.8,772407.7,96,6161,32768,37,253.54,1060583.53,13160376.47
2026-08-04T14:38:05+08:00,1,2,95.0,1684.5,6.74,64287.5,772407.7,83,2603,32768,36,74.98,1060583.81,13160366.19
2026-08-04T14:38:15+08:00,1,2,95.0,1684.8,6.48,63963.8,772407.7,94,4939,32768,38,259.71,1060583.86,13160348.14
2026-08-04T14:38:25+08:00,1,2,95.0,1680.0,6.57,63132.8,772407.7,98,5573,32768,37,257.77,1060583.91,13160321.09
2026-08-04T14:38:35+08:00,1,2,95.0,1688.4,6.78,63294.6,772407.7,97,6343,32768,37,284.67,1060584.18,13160301.82
2026-08-04T14:38:45+08:00,1,2,95.0,1684.8,6.67,63129.0,772407.7,96,4575,32768,37,270.56,1060584.21,13160308.79
2026-08-04T14:38:55+08:00,1,2,95.1,1685.1,6.42,63407.2,772407.7,85,5079,32768,36,211.43,1060579.01,13160335.99
2026-08-04T14:39:05+08:00,1,2,95.1,1680.5,6.28,63850.6,772407.7,97,5959,32768,37,276.27,1060579.31,13160330.69
2026-08-04T14:39:15+08:00,1,2,95.1,1684.7,6.38,63243.2,772407.7,96,6443,32768,37,220.75,1060579.41,13160359.59
2026-08-04T14:39:25+08:00,1,2,95.1,1685.0,6.17,63652.4,772407.7,97,4879,32768,37,224.31,1060579.48,13160408.52
2026-08-04T14:39:35+08:00,1,2,95.1,1684.1,6.37,63562.7,772407.7,95,5573,32768,37,287.10,1060579.74,13160579.26
2026-08-04T14:39:45+08:00,1,2,95.1,1680.5,6.53,64144.7,772407.7,96,6261,32768,38,301.29,1060579.86,13160607.14
2026-08-04T14:39:55+08:00,1,2,95.1,1684.8,6.70,64669.7,772407.7,94,4433,32768,37,270.25,1060579.92,13160647.08
2026-08-04T14:40:05+08:00,1,2,95.1,1681.1,7.36,65623.7,772407.7,96,5019,32768,37,240.07,1060579.95,13160610.05
2026-08-04T14:40:15+08:00,1,2,95.1,1684.4,7.32,65088.0,772407.7,97,5675,32768,37,254.02,1060579.84,13160593.16
2026-08-04T14:40:25+08:00,1,2,95.1,1680.7,7.20,64695.7,772407.7,97,6443,32768,38,271.53,1060579.84,13160563.16
2026-08-04T14:40:36+08:00,1,2,95.1,1685.0,7.01,65019.2,772407.7,95,4655,32768,37,290.61,1060579.85,13160515.15
2026-08-04T14:40:46+08:00,1,2,95.1,1681.1,6.55,64689.7,772407.7,96,5059,32768,37,197.53,1060579.70,13160475.30
2026-08-04T14:40:56+08:00,1,2,95.1,1684.4,6.15,64515.2,772407.7,98,6161,32768,38,242.51,1060579.79,13160461.21
2026-08-04T14:41:06+08:00,1,2,95.1,1684.5,6.91,64446.9,772407.7,89,4353,32768,37,263.75,1060579.84,13160425.16
2026-08-04T14:41:16+08:00,1,2,95.1,1684.9,6.93,64737.6,772407.7,97,5079,32768,37,290.31,1060579.91,13160408.09
2026-08-04T14:41:26+08:00,1,2,95.2,1684.1,6.70,64577.7,772407.7,97,5777,32768,37,287.21,1060580.22,13160396.78
2026-08-04T14:41:36+08:00,1,2,95.2,1684.6,6.81,64925.6,772407.7,98,6443,32768,37,263.75,1060580.33,13160376.67
2026-08-04T14:41:46+08:00,1,2,95.2,1684.9,6.99,64711.5,772407.7,97,4717,32768,38,298.86,1060580.41,13160360.59
2026-08-04T14:41:56+08:00,1,2,95.2,1684.2,7.23,64896.7,772407.7,85,5331,32768,36,233.26,1060580.70,13160348.30
2026-08-04T14:42:06+08:00,1,2,95.2,1684.4,7.03,64445.6,772407.7,95,6059,32768,37,244.13,1060580.79,13160330.21
2026-08-04T14:42:16+08:00,1,2,95.2,1680.5,6.72,64096.1,772407.7,89,1329,32768,36,119.84,1060581.02,13160335.98
2026-08-04T14:42:26+08:00,1,2,95.2,1684.7,6.92,64302.6,772407.7,93,4939,32768,37,257.43,1060581.10,13160314.90
2026-08-04T14:42:36+08:00,1,2,95.2,1684.1,6.79,64116.3,772407.7,97,5675,32768,37,246.56,1060581.24,13160991.76
2026-08-04T14:42:46+08:00,1,2,95.2,1684.4,7.59,63847.2,772407.7,97,6341,32768,37,255.48,1060581.40,13160304.60
2026-08-04T14:42:56+08:00,1,2,95.2,1680.7,7.64,63086.7,772407.7,97,4515,32768,37,264.58,1060581.52,13160292.48
2026-08-04T14:43:06+08:00,1,2,95.2,1685.1,7.08,63532.8,772407.7,95,5079,32768,37,202.38,1060581.74,13160294.26
2026-08-04T14:43:16+08:00,1,2,95.2,1684.6,7.06,63079.1,772407.7,97,5859,32768,37,284.29,1060581.82,13160291.18
2026-08-04T14:43:26+08:00,1,2,95.2,1684.7,7.21,62999.7,772407.7,97,6443,32768,37,213.24,1060581.92,13160301.08
2026-08-04T14:43:36+08:00,1,2,95.3,1680.9,7.08,63206.1,772407.7,97,4715,32768,37,257.11,1060582.05,13160301.95
2026-08-04T14:43:46+08:00,1,2,95.3,1684.2,6.92,63137.2,772407.7,85,5473,32768,37,291.18,1060582.15,13160302.85
2026-08-04T14:43:56+08:00,1,2,95.3,1684.6,6.63,62991.3,772407.7,98,6161,32768,37,265.70,1060582.28,13160302.72
2026-08-04T14:44:06+08:00,1,2,95.3,1684.9,7.16,63160.3,772407.7,91,4353,32768,36,243.48,1060582.41,13160316.59
2026-08-04T14:44:17+08:00,1,2,95.3,1681.1,6.90,62625.3,772407.7,96,5079,32768,38,245.43,1060582.34,13160322.66
2026-08-04T14:44:27+08:00,1,2,95.3,1684.6,6.68,62940.9,772407.7,96,5775,32768,37,286.12,1060582.47,13160337.53
2026-08-04T14:44:37+08:00,1,2,95.3,1684.8,6.82,62997.8,772407.7,97,6443,32768,38,304.21,1060582.62,13160342.38
2026-08-04T14:44:47+08:00,1,2,95.3,1685.0,8.22,63064.8,772407.7,97,4575,32768,37,258.40,1060582.70,13160343.30
2026-08-04T14:44:57+08:00,1,2,95.3,1681.3,7.87,65279.0,772407.7,89,5079,32768,36,204.81,1060582.87,13160386.13
2026-08-04T14:45:07+08:00,1,2,95.3,1680.6,8.59,64529.1,772407.7,94,5959,32768,38,287.88,1060583.01,13160390.99
2026-08-04T14:45:17+08:00,1,2,95.3,1685.1,8.42,64556.0,772407.7,88,6443,32768,37,238.77,1060583.10,13160405.90
2026-08-04T14:45:27+08:00,1,2,95.3,1685.1,8.89,65131.4,772407.7,96,4939,32768,37,298.77,1060583.34,13160424.66
2026-08-04T14:45:37+08:00,1,2,95.3,1684.4,8.21,64744.8,772407.7,96,5675,32768,37,251.59,1060583.54,13160439.46
2026-08-04T14:45:47+08:00,1,2,95.3,1680.5,7.95,64993.4,772407.7,97,6341,32768,38,248.67,1060583.85,13160455.15
2026-08-04T14:45:57+08:00,1,2,95.3,1688.8,8.43,65103.6,772407.7,99,4575,32768,37,253.05,1060584.08,13160468.92
2026-08-04T14:46:07+08:00,1,2,95.3,1684.9,8.89,64634.6,772407.7,95,5081,32768,37,210.25,1060584.25,13160474.75
2026-08-04T14:46:17+08:00,1,2,95.4,1684.2,8.36,65529.3,772407.7,96,5957,32768,37,251.92,1060584.42,13160488.58
2026-08-04T14:46:27+08:00,1,2,95.4,1680.4,8.53,65041.7,772407.7,97,6443,32768,37,229.85,1060584.62,13160497.38
2026-08-04T14:46:37+08:00,1,2,95.4,1688.6,8.22,64995.6,772407.7,96,4797,32768,37,251.59,1060584.80,13160516.20
2026-08-04T14:46:47+08:00,1,2,95.4,1683.8,7.87,64535.1,772407.7,98,5573,32768,37,303.24,1060584.95,13160511.05
2026-08-04T14:46:57+08:00,1,2,95.4,1684.0,7.82,63581.1,772407.7,97,6261,32768,38,253.22,1060585.16,13160510.84
2026-08-04T14:47:07+08:00,1,2,95.4,1680.2,7.69,64286.6,772407.7,97,4433,32768,37,297.89,1060585.38,13160512.62
2026-08-04T14:47:17+08:00,1,2,95.4,1684.4,7.34,63411.5,772407.7,96,5079,32768,38,244.78,1060585.58,13160656.42
2026-08-04T14:47:27+08:00,1,2,95.4,1687.5,7.07,63621.9,772407.7,96,5857,32768,37,239.43,1060585.76,13160708.24
2026-08-04T14:47:37+08:00,1,2,95.4,1683.7,6.84,63679.0,772407.7,97,6443,32768,37,227.57,1060587.09,13160713.91
2026-08-04T14:47:48+08:00,1,2,95.4,1683.9,6.63,62903.2,772407.7,96,4797,32768,38,288.66,1060587.83,13160739.17
2026-08-04T14:47:58+08:00,1,2,95.4,1683.5,6.76,63428.2,772407.7,88,3791,32768,35,169.46,1060588.05,13160714.95
2026-08-04T14:48:08+08:00,1,2,95.4,1687.6,6.64,63232.1,772407.7,96,6061,32768,37,242.02,1060588.59,13160688.41
2026-08-04T14:48:18+08:00,1,2,95.4,1683.8,6.69,63824.7,772407.7,85,4351,32768,36,276.21,1060590.11,13160652.89
2026-08-04T14:48:28+08:00,1,2,95.4,1684.1,6.81,64310.4,772407.7,95,5019,32768,38,296.14,1060590.36,13160618.64
2026-08-04T14:48:38+08:00,1,2,95.4,1683.4,7.36,63645.1,772407.7,97,5675,32768,37,265.38,1060591.44,13160594.56
2026-08-04T14:48:48+08:00,1,2,95.5,1687.5,7.46,63507.8,772407.7,97,6343,32768,37,270.43,1060592.88,13160586.12
2026-08-04T14:48:58+08:00,1,2,95.5,1683.8,8.02,63976.8,772407.7,97,4575,32768,37,275.73,1060592.94,13160599.06
2026-08-04T14:49:08+08:00,1,2,95.5,1683.9,7.69,63265.8,772407.7,97,5079,32768,37,197.15,1060592.98,13160601.02
2026-08-04T14:49:18+08:00,1,2,95.5,1679.2,7.67,64004.8,772407.7,93,5859,32768,37,273.96,1060593.07,13160565.93
2026-08-04T14:49:28+08:00,1,2,95.5,1687.4,7.73,64317.8,772407.7,95,6443,32768,37,235.36,1060594.55,13160559.45
2026-08-04T14:49:38+08:00,1,2,95.5,1683.7,8.40,63861.3,772407.7,96,4717,32768,38,256.79,1060594.61,13160568.39
2026-08-04T14:49:48+08:00,1,2,95.5,1682.8,8.02,63723.5,772407.7,95,5473,32768,36,283.39,1060594.67,13160563.33
2026-08-04T14:49:58+08:00,1,2,95.5,1682.9,7.95,64112.7,772407.7,96,6159,32768,37,238.61,1060594.71,13160561.29
2026-08-04T14:50:08+08:00,1,2,95.5,1687.3,7.80,63453.1,772407.7,90,4353,32768,36,293.52,1060589.51,13160581.49
2026-08-04T14:50:18+08:00,1,2,95.5,1687.4,7.22,63745.2,772407.7,96,5079,32768,37,254.19,1060589.58,13160600.42
2026-08-04T14:50:28+08:00,1,2,95.5,1682.7,7.04,64295.6,772407.7,98,5857,32768,37,250.30,1060589.66,13161322.34
2026-08-04T14:50:38+08:00,1,2,95.5,1682.8,6.64,63606.4,772407.7,95,6443,32768,37,196.40,1060589.67,13160638.33
2026-08-04T14:50:48+08:00,1,2,95.5,1683.2,6.39,63818.9,772407.7,97,4799,32768,37,255.16,1060589.75,13160643.25
2026-08-04T14:50:58+08:00,1,2,95.5,1686.4,6.41,64099.7,772407.7,95,5575,32768,37,276.21,1060589.97,13160666.03
2026-08-04T14:51:08+08:00,1,2,95.6,1682.7,6.58,63607.9,772407.7,96,6261,32768,38,296.43,1060590.00,13160688.00
2026-08-04T14:51:19+08:00,1,2,95.6,1682.8,6.87,64039.3,772407.7,96,4433,32768,37,244.46,1060590.07,13160699.93
2026-08-04T14:51:29+08:00,1,2,95.6,1683.2,6.97,63849.3,772407.7,95,5081,32768,38,301.49,1060590.13,13160743.87
2026-08-04T14:51:39+08:00,1,2,95.6,1686.4,7.06,63886.8,772407.7,97,5857,32768,38,303.72,1060590.66,13160747.34
2026-08-04T14:51:49+08:00,1,2,95.6,1682.7,6.90,63585.1,772407.7,98,6443,32768,38,290.31,1060583.46,13160773.54
2026-08-04T14:51:59+08:00,1,2,95.6,1682.9,6.77,63862.2,772407.7,96,4797,32768,37,296.83,1060583.30,13160813.70
2026-08-04T14:52:09+08:00,1,2,95.6,1682.2,6.90,64154.1,772407.7,83,5473,32768,36,303.92,1060583.89,13160954.11
2026-08-04T14:52:19+08:00,1,2,95.6,1686.4,6.76,63317.6,772407.7,96,6061,32768,37,247.21,1060583.99,13160987.01
2026-08-04T14:52:29+08:00,1,2,95.6,1686.7,7.08,63575.6,772407.7,90,4083,32768,36,106.86,1060590.33,13160980.67
2026-08-04T14:52:39+08:00,1,2,95.6,1683.0,6.76,63173.1,772407.7,94,4879,32768,37,265.70,1060590.91,13160993.09
2026-08-04T14:52:49+08:00,1,2,95.6,1682.3,7.12,63024.9,772407.7,92,5473,32768,37,255.65,1060591.06,13160984.94
2026-08-04T14:52:59+08:00,1,2,95.6,1686.6,7.20,64045.9,772407.7,96,6159,32768,37,298.77,1060592.35,13160976.65
2026-08-04T14:53:09+08:00,1,2,95.6,1686.7,7.71,63853.9,772407.7,92,6443,32768,37,237.15,1060593.07,13160923.93
2026-08-04T14:53:19+08:00,1,2,95.6,1682.9,7.60,63751.9,772407.7,96,4817,32768,37,263.26,1060593.14,13160869.86
2026-08-04T14:53:29+08:00,1,2,95.6,1682.2,7.89,63466.0,772407.7,89,5473,32768,37,305.09,1060594.25,13160827.75
2026-08-04T14:53:39+08:00,1,2,95.6,1682.5,8.53,65205.9,772407.7,95,6059,32768,38,273.66,1060594.84,13160780.16
2026-08-04T14:53:49+08:00,1,2,95.6,1686.8,9.37,67637.9,772407.7,95,6443,32768,37,212.75,1060594.93,13160741.07
2026-08-04T14:53:59+08:00,1,2,95.7,1683.1,10.15,66803.4,772407.7,95,4655,32768,37,291.77,1060595.57,13160707.43
2026-08-04T14:54:09+08:00,1,2,95.7,1683.2,9.89,66452.2,772407.7,89,5079,32768,37,215.05,1060595.87,13160692.13
2026-08-04T14:54:19+08:00,1,2,95.7,1682.6,9.52,66416.1,772407.7,96,5857,32768,38,240.56,1060596.16,13160663.84
2026-08-04T14:54:29+08:00,1,2,95.7,1686.8,9.21,65463.5,772407.7,96,6443,32768,38,234.54,1060596.96,13160625.04
2026-08-04T14:54:39+08:00,1,2,95.7,1683.0,9.18,66021.8,772407.7,94,4655,32768,37,300.52,1060597.13,13160589.87
2026-08-04T14:54:50+08:00,1,2,95.7,1683.2,9.22,66180.5,772407.7,91,5081,32768,37,209.69,1060597.49,13160574.51
2026-08-04T14:55:00+08:00,1,2,95.7,1686.3,8.80,66031.9,772407.7,98,5857,32768,38,288.85,1060598.29,13160542.71
2026-08-04T14:55:10+08:00,1,2,95.7,1686.6,11.92,66188.5,772407.7,97,6443,32768,37,260.03,1060598.55,13160506.45
2026-08-04T14:55:20+08:00,1,2,95.7,1686.7,11.61,66914.4,772407.7,97,4655,32768,37,265.07,1060598.96,13160481.04
2026-08-04T14:55:30+08:00,1,2,95.7,1682.0,11.12,65834.2,772407.7,85,5331,32768,35,231.80,1060599.70,13160469.30
2026-08-04T14:55:40+08:00,1,2,95.7,1682.0,10.57,65469.7,772407.7,96,6161,32768,38,305.66,1060599.84,13160443.16
2026-08-04T14:55:50+08:00,1,2,95.7,1686.4,10.82,66036.2,772407.7,89,3089,32768,36,204.59,1060600.22,13160428.78
2026-08-04T14:56:00+08:00,1,2,95.7,1686.4,10.17,65314.6,772407.7,95,5019,32768,38,295.46,1060600.94,13160402.06
2026-08-04T14:56:10+08:00,1,2,95.7,1681.8,9.45,64146.9,772407.7,97,5675,32768,37,252.08,1060601.33,13160408.67
2026-08-04T14:56:20+08:00,1,2,95.7,1682.1,9.14,63944.7,772407.7,97,6443,32768,38,287.21,1060601.58,13160408.42
2026-08-04T14:56:30+08:00,1,2,95.7,1686.3,9.12,65393.1,772407.7,96,4655,32768,37,293.71,1060602.39,13160393.61
2026-08-04T14:56:40+08:00,1,2,95.7,1686.5,9.32,63930.4,772407.7,90,5079,32768,37,206.27,1060603.01,13160379.99
2026-08-04T14:56:50+08:00,1,2,95.8,1681.8,9.34,64480.6,772407.7,97,5857,32768,37,304.21,1060603.21,13160383.79
2026-08-04T14:57:00+08:00,1,2,95.8,1682.0,8.82,64500.2,772407.7,97,6443,32768,37,257.91,1060604.19,13160376.81
2026-08-04T14:57:10+08:00,1,2,95.8,1686.3,8.38,64408.4,772407.7,96,4575,32768,37,254.02,1060604.24,13160412.76
2026-08-04T14:57:20+08:00,1,2,95.8,1686.5,7.70,64523.5,772407.7,94,5079,32768,37,199.71,1060604.71,13160436.29
2026-08-04T14:57:30+08:00,1,2,95.8,1682.1,7.51,65065.9,772407.7,98,5775,32768,37,275.24,1060605.65,13160456.35
2026-08-04T14:57:40+08:00,1,2,95.8,1682.2,7.67,65315.5,772407.7,97,6443,32768,38,306.64,1060605.83,13160487.17
2026-08-04T14:57:50+08:00,1,2,95.8,1686.5,7.26,65535.7,772407.7,98,4655,32768,37,270.43,1060606.21,13160451.79
2026-08-04T14:58:00+08:00,1,2,95.8,1686.8,7.21,66077.0,772407.7,96,5079,32768,37,217.34,1060606.91,13160482.09
2026-08-04T14:58:10+08:00,1,2,95.8,1682.0,7.39,66039.1,772407.7,97,5857,32768,37,226.26,1060607.09,13160514.91
2026-08-04T14:58:21+08:00,1,2,95.8,1682.3,7.41,65523.1,772407.7,94,6443,32768,37,230.83,1060607.36,13160508.64
2026-08-04T14:58:31+08:00,1,2,95.8,1682.7,7.59,65907.3,772407.7,95,4877,32768,37,281.56,1060608.10,13160533.90
2026-08-04T14:58:41+08:00,1,2,95.8,1685.9,7.35,66202.1,772407.7,95,5473,32768,36,254.99,1060608.32,13160524.68
2026-08-04T14:58:51+08:00,1,2,95.8,1682.3,6.76,65232.4,772407.7,97,6263,32768,38,300.81,1060608.72,13160525.28
2026-08-04T14:59:01+08:00,1,2,95.8,1682.5,6.66,65076.7,772407.7,98,4433,32768,36,231.31,1060609.76,13160542.24
2026-08-04T14:59:11+08:00,1,2,95.8,1678.8,6.55,64405.8,772407.7,96,5079,32768,38,230.98,1060610.00,13161229.00
2026-08-04T14:59:21+08:00,1,2,95.8,1686.2,7.00,65077.0,772407.7,97,5857,32768,38,303.72,1060610.26,13160571.74
2026-08-04T14:59:31+08:00,1,2,95.8,1686.3,7.47,64735.5,772407.7,97,6443,32768,37,253.05,1060611.02,13160585.98
2026-08-04T14:59:41+08:00,1,2,95.8,1682.7,7.39,64392.9,772407.7,97,4657,32768,37,214.76,1060611.28,13160597.72
2026-08-04T14:59:51+08:00,1,2,95.9,1685.9,7.01,64405.9,772407.7,97,5473,32768,37,290.21,1060611.87,13160601.13
2026-08-04T15:00:01+08:00,1,2,95.9,1686.2,6.47,63801.7,772407.7,96,6263,32768,38,286.91,1060612.10,13160608.90
2026-08-04T15:00:11+08:00,1,2,95.9,1686.4,6.40,63769.6,772407.7,97,4433,32768,37,258.08,1060612.16,13160864.84
2026-08-04T15:00:21+08:00,1,2,95.9,1682.8,6.49,63435.0,772407.7,95,5081,32768,37,228.24,1060612.22,13160874.78
2026-08-04T15:00:31+08:00,1,2,95.9,1682.3,6.49,63369.0,772407.7,96,5777,32768,37,260.35,1060612.24,13160873.76
2026-08-04T15:00:41+08:00,1,2,95.9,1686.7,6.18,63484.2,772407.7,92,6443,32768,38,295.95,1060612.27,13160871.73
2026-08-04T15:00:51+08:00,1,2,95.9,1686.8,6.47,63496.8,772407.7,97,4715,32768,38,285.45,1060612.34,13160830.66
2026-08-04T15:01:01+08:00,1,2,95.9,1681.9,6.25,63825.6,772407.7,88,5331,32768,36,243.15,1060612.39,13160800.61
2026-08-04T15:01:11+08:00,1,2,95.9,1682.2,6.22,64924.8,772407.7,97,6161,32768,38,297.12,1060612.42,13160765.58
2026-08-04T15:01:21+08:00,1,2,95.9,1686.5,7.33,64454.4,772407.7,88,4253,32768,36,261.15,1060607.40,13160751.60
2026-08-04T15:01:31+08:00,1,2,95.9,1686.8,7.44,64508.3,772407.7,95,5019,32768,38,255.65,1060607.47,13160852.53
2026-08-04T15:01:41+08:00,1,2,95.9,1682.2,7.07,65169.3,772407.7,96,5775,32768,37,283.02,1060607.49,13160821.51
2026-08-04T15:01:52+08:00,1,2,95.9,1682.4,6.82,64657.2,772407.7,96,6443,32768,38,268.30,1060607.55,13160821.45
2026-08-04T15:02:02+08:00,1,2,95.9,1682.6,6.86,64605.5,772407.7,97,4655,32768,37,289.15,1060607.61,13160789.39
2026-08-04T15:02:12+08:00,1,2,95.9,1686.9,6.73,64652.4,772407.7,85,3421,32768,36,127.17,1060607.64,13160796.36
2026-08-04T15:02:22+08:00,1,2,95.9,1686.1,7.10,64381.6,772407.7,98,6059,32768,37,264.06,1060607.73,13160788.27
2026-08-04T15:02:32+08:00,1,2,95.9,1682.3,6.85,63922.2,772407.7,90,3943,32768,36,83.73,1060607.79,13160765.21
2026-08-04T15:02:42+08:00,1,2,95.9,1682.6,6.81,63735.3,772407.7,97,4939,32768,37,261.49,1060607.82,13160750.18
2026-08-04T15:02:52+08:00,1,2,95.9,1686.0,6.68,64259.7,772407.7,100,5675,32768,37,297.41,1060607.88,13160720.12
2026-08-04T15:03:02+08:00,1,2,96.0,1686.1,6.56,63781.1,772407.7,97,6341,32768,38,289.04,1060607.95,13160718.05
2026-08-04T15:03:12+08:00,1,2,96.0,1682.4,6.46,63878.3,772407.7,98,4513,32768,37,253.37,1060607.74,13160715.26
2026-08-04T15:03:22+08:00,1,2,96.0,1686.6,6.08,64201.4,772407.7,95,5081,32768,37,224.31,1060607.82,13160734.18
2026-08-04T15:03:32+08:00,1,2,96.0,1686.1,6.00,64747.7,772407.7,97,5959,32768,38,246.40,1060607.91,13160750.09
2026-08-04T15:03:42+08:00,1,2,96.0,1686.2,6.31,65221.6,772407.7,95,6443,32768,37,224.16,1060607.95,13160751.05
2026-08-04T15:03:52+08:00,1,2,96.0,1682.6,6.65,64872.0,772407.7,96,4879,32768,37,254.51,1060608.03,13160742.97
2026-08-04T15:04:02+08:00,1,2,96.0,1685.8,7.02,63805.9,772407.7,93,5675,32768,36,294.10,1060608.24,13160751.76
2026-08-04T15:04:12+08:00,1,2,96.0,1686.2,7.01,63649.6,772407.7,98,6341,32768,38,272.99,1060608.33,13160766.67
2026-08-04T15:04:22+08:00,1,2,96.0,1686.5,7.15,64081.9,772407.7,98,4513,32768,37,252.88,1060608.36,13160777.64
2026-08-04T15:04:32+08:00,1,2,96.0,1682.8,7.20,65165.9,772407.7,93,5079,32768,37,224.99,1060608.44,13160806.56
2026-08-04T15:04:42+08:00,1,2,96.0,1681.9,7.38,64806.3,772407.7,97,5859,32768,37,253.70,1060608.54,13160842.46
2026-08-04T15:04:52+08:00,1,2,96.0,1686.2,6.71,64777.0,772407.7,93,6443,32768,37,228.69,1060608.57,13160856.43
2026-08-04T15:05:02+08:00,1,2,96.0,1686.4,6.77,65082.6,772407.7,96,4799,32768,37,251.92,1060608.65,13160861.35
2026-08-04T15:05:12+08:00,1,2,96.0,1681.9,6.95,64617.2,772407.7,91,5573,32768,37,309.07,1060608.76,13160901.24
2026-08-04T15:05:23+08:00,1,2,96.0,1681.9,6.96,64765.9,772407.7,96,6343,32768,37,272.33,1060608.80,13160901.20
2026-08-04T15:05:33+08:00,1,2,96.0,1682.3,6.81,64917.7,772407.7,98,4575,32768,37,253.54,1060608.87,13160929.13
2026-08-04T15:05:43+08:00,1,2,96.0,1686.5,6.83,64429.9,772407.7,91,5329,32768,35,235.85,1060609.01,13160962.99
2026-08-04T15:05:53+08:00,1,2,96.0,1681.6,6.54,65002.7,772407.7,96,6159,32768,37,249.97,1060609.05,13160988.95
2026-08-04T15:06:03+08:00,1,2,96.0,1681.7,7.30,65821.2,772407.7,94,4433,32768,37,287.88,1060609.59,13161016.41
2026-08-04T15:06:13+08:00,1,2,96.0,1685.8,7.63,65535.6,772407.7,96,5079,32768,37,270.74,1060609.73,13161054.27
2026-08-04T15:06:23+08:00,1,2,96.0,1681.8,8.94,62082.8,772407.7,0,1007,32768,29,55.45,1060609.85,13161081.15
2026-08-04T15:06:33+08:00,1,2,95.9,1681.8,9.43,62510.5,772407.7,0,1007,32768,29,55.94,1060610.03,13161077.97
2026-08-04T15:06:43+08:00,1,2,95.8,1681.8,9.68,63592.2,772407.7,0,1007,32768,29,55.94,1060610.31,13161090.69
2026-08-04T15:06:53+08:00,1,2,95.7,1681.8,9.27,64025.5,772407.7,0,1007,32768,29,55.94,1060610.44,13161117.56
2026-08-04T15:07:03+08:00,1,2,95.6,1681.8,9.41,64596.5,772407.7,0,1007,32768,29,55.90,1060610.56,13161156.44
2026-08-04T15:07:13+08:00,1,2,95.5,1681.8,9.39,65292.4,772407.7,0,1007,32768,29,55.94,1060610.69,13161149.31
2026-08-04T15:07:23+08:00,1,2,95.5,1682.3,9.22,61556.4,772407.7,0,1009,32768,29,55.94,1060610.84,13161166.16
2026-08-04T15:07:33+08:00,1,2,95.4,1682.3,8.86,62101.1,772407.7,0,1009,32768,29,55.94,1060610.94,13161166.06
2026-08-04T15:07:43+08:00,1,2,95.3,1682.3,9.65,62947.1,772407.7,0,1009,32768,29,55.90,1060611.09,13161178.91
2026-08-04T15:07:53+08:00,1,2,95.3,1682.3,9.93,62944.0,772407.7,0,1009,32768,29,55.90,1060611.27,13161158.73
2026-08-04T15:08:03+08:00,1,2,95.2,1682.3,9.56,63008.7,772407.7,0,1009,32768,29,55.97,1060611.41,13161802.59
2026-08-04T15:08:13+08:00,1,2,95.1,1682.3,9.46,64159.1,772407.7,0,1009,32768,29,55.94,1060611.62,13161073.38
2026-08-04T15:08:23+08:00,1,2,95.1,1685.3,9.80,64507.7,772407.7,6,1009,32768,29,55.90,1060611.82,13161074.18
2026-08-04T15:08:33+08:00,1,2,95.0,1683.3,9.60,60886.9,772407.7,0,1009,32768,29,55.94,1060612.04,13161048.96
2026-08-04T15:08:44+08:00,1,2,94.9,1683.3,8.96,61801.6,772407.7,0,1009,32768,29,55.94,1060612.27,13161032.73
2026-08-04T15:08:54+08:00,1,2,94.8,1683.3,8.89,62493.9,772407.7,0,1009,32768,29,55.94,1060612.48,13161027.52
2026-08-04T15:09:04+08:00,1,2,94.7,1683.3,8.42,63293.3,772407.7,0,1009,32768,29,55.97,1060612.62,13161040.38
2026-08-04T15:09:14+08:00,1,2,94.6,1683.3,8.20,64338.2,772407.7,0,1009,32768,29,55.97,1060612.99,13161047.01
2026-08-04T15:09:24+08:00,1,2,94.5,1685.3,11.31,64705.6,772407.7,12,1009,32768,29,66.66,1060613.18,13161057.82
2026-08-04T15:09:34+08:00,1,2,94.5,1751.8,10.24,60533.8,772407.7,0,1009,32768,29,56.01,1060613.35,13161056.65
2026-08-04T15:09:44+08:00,1,2,94.4,1751.8,10.06,61290.9,772407.7,0,1009,32768,29,55.94,1060613.87,13161050.13
2026-08-04T15:09:54+08:00,1,2,94.3,1751.8,12.45,61990.6,772407.7,0,1009,32768,29,55.94,1060614.18,13161049.82
2026-08-04T15:10:04+08:00,1,2,94.2,1751.8,11.60,62778.8,772407.7,0,1009,32768,29,55.90,1060614.43,13161066.57
2026-08-04T15:10:14+08:00,1,2,94.2,1751.8,10.66,63757.8,772407.7,0,1009,32768,29,55.90,1060614.61,13161083.39
2026-08-04T15:10:24+08:00,1,2,94.1,1751.8,9.86,64221.1,772407.7,0,1009,32768,29,55.90,1060614.84,13161102.16
2026-08-04T15:10:34+08:00,1,2,66.6,577.2,9.51,58949.3,772407.7,0,309,32768,29,55.90,1060615.06,13161114.94
2026-08-04T15:10:44+08:00,1,2,43.1,1088.3,8.73,59456.8,772407.7,0,865,32768,29,55.94,1060615.25,13161809.75
2026-08-04T15:10:54+08:00,1,2,26.0,1088.3,8.78,60422.3,772407.7,0,865,32768,29,55.90,1060615.52,13161149.48
2026-08-04T15:11:04+08:00,1,2,18.6,1088.3,8.42,60824.9,772407.7,0,865,32768,29,55.90,1060615.52,13161156.48
2026-08-04T15:11:14+08:00,1,2,14.5,1088.3,8.13,61481.7,772407.7,0,865,32768,29,55.94,1060615.77,13161174.23
2026-08-04T15:11:24+08:00,1,2,11.9,1088.3,8.03,61709.2,772407.7,0,865,32768,29,55.94,1060616.01,13161185.99
2026-08-04T15:11:34+08:00,1,2,10.0,1088.3,7.86,62173.7,772407.7,0,865,32768,29,55.90,1060616.05,13161188.95
2026-08-04T15:11:44+08:00,1,2,20.8,1813.2,7.42,63406.4,772407.7,98,5777,32768,36,275.12,1060616.10,13161191.90
2026-08-04T15:11:54+08:00,1,2,31.5,1814.6,7.80,63426.8,772407.7,99,6059,32768,37,298.09,1060616.11,13161213.89
2026-08-04T15:12:04+08:00,1,2,39.8,1815.3,8.34,63508.5,772407.7,98,6221,32768,37,259.69,1060616.29,13161217.71
2026-08-04T15:12:14+08:00,1,2,46.6,1816.1,8.50,63282.1,772407.7,97,6505,32768,37,256.45,1060616.33,13161353.67
2026-08-04T15:12:24+08:00,1,2,52.2,1816.0,8.50,64748.5,772407.7,95,6361,32768,37,301.58,1060616.34,13161527.66
2026-08-04T15:12:35+08:00,1,2,56.9,1816.0,8.59,63946.8,772407.7,97,6061,32768,36,266.67,1060616.38,13161530.62
2026-08-04T15:12:45+08:00,1,2,60.4,1816.1,8.57,65641.6,772407.7,97,5779,32768,36,248.02,1060611.21,13161550.79
2026-08-04T15:12:55+08:00,1,2,63.9,1816.2,8.78,64998.5,772407.7,78,5637,32768,36,292.06,1060611.27,13161545.73
2026-08-04T15:13:05+08:00,1,2,66.8,1817.8,8.90,64923.2,772407.7,85,1673,32768,33,113.00,1060611.29,13161535.71
2026-08-04T15:13:15+08:00,1,2,69.3,1985.2,8.69,64650.1,772407.7,75,1051,32768,34,72.63,1060611.36,13161561.64
2026-08-04T15:13:25+08:00,1,2,71.7,1912.9,9.07,65046.6,772407.7,88,5483,32768,36,190.43,1060611.43,13161563.57
2026-08-04T15:13:35+08:00,1,2,73.8,1913.3,9.84,65148.3,772407.7,96,5481,32768,37,255.97,1060611.47,13161560.53
2026-08-04T15:13:45+08:00,1,2,75.7,1913.2,9.65,65046.0,772407.7,94,5261,32768,37,275.73,1060611.42,13161560.58
2026-08-04T15:13:55+08:00,1,2,77.4,1912.7,9.61,65091.2,772407.7,95,5041,32768,37,271.71,1060611.50,13161559.50
2026-08-04T15:14:05+08:00,1,2,78.9,1913.3,9.74,65705.3,772407.7,98,4817,32768,37,292.06,1060612.01,13161562.99
2026-08-04T15:14:15+08:00,1,2,80.3,1913.6,8.85,64737.7,772407.7,99,4595,32768,37,256.79,1060612.10,13161662.90
2026-08-04T15:14:25+08:00,1,2,81.6,1913.4,8.35,64544.2,772407.7,82,4497,32768,36,291.18,1060612.20,13161672.80
2026-08-04T15:14:35+08:00,1,2,82.8,1913.2,8.77,65006.7,772407.7,78,4273,32768,35,217.69,1060612.17,13161687.83
2026-08-04T15:14:45+08:00,1,2,83.9,1899.3,9.19,64806.4,772407.7,81,5245,32768,35,75.03,1060612.81,13161687.19
2026-08-04T15:14:55+08:00,1,2,85.0,1816.9,10.19,64441.0,772407.7,88,6947,32768,36,223.19,1060612.91,13161686.09
2026-08-04T15:15:05+08:00,1,2,85.9,1816.8,9.46,64826.6,772407.7,97,6945,32768,37,233.75,1060612.97,13161651.03
2026-08-04T15:15:15+08:00,1,2,86.8,1816.7,9.16,63538.6,772407.7,96,6947,32768,37,223.19,1060613.57,13161637.43
2026-08-04T15:15:25+08:00,1,2,87.6,1816.7,8.96,63703.5,772407.7,96,6945,32768,37,268.44,1060613.65,13161584.35
2026-08-04T15:15:35+08:00,1,2,88.4,1816.9,8.88,64979.4,772407.7,97,6785,32768,37,242.99,1060613.71,13161559.29
2026-08-04T15:15:45+08:00,1,2,89.1,1816.6,8.29,63829.3,772407.7,97,6645,32768,37,281.08,1060614.34,13161547.66
2026-08-04T15:15:55+08:00,1,2,89.8,1816.8,8.17,63714.9,772407.7,97,6643,32768,37,256.79,1060614.43,13161540.57
2026-08-04T15:16:05+08:00,1,2,90.4,1817.1,8.22,63877.2,772407.7,97,6643,32768,37,303.24,1060614.52,13161540.48
2026-08-04T15:16:15+08:00,1,2,91.0,1816.7,7.64,63510.8,772407.7,97,6503,32768,37,258.57,1060615.09,13161551.91
2026-08-04T15:16:25+08:00,1,2,91.6,1816.8,7.46,63603.8,772407.7,97,6503,32768,37,286.23,1060615.18,13161766.82
2026-08-04T15:16:35+08:00,1,2,92.1,1816.7,6.94,63301.4,772407.7,97,6363,32768,37,245.26,1060615.26,13161777.74
2026-08-04T15:16:45+08:00,1,2,92.6,1816.7,7.10,63582.1,772407.7,97,6361,32768,37,292.06,1060615.82,13162451.18
2026-08-04T15:16:56+08:00,1,2,93.1,1816.8,7.38,63077.9,772407.7,97,6221,32768,37,243.48,1060615.91,13161755.09
2026-08-04T15:17:06+08:00,1,2,93.3,1816.7,7.76,63048.9,772407.7,97,6221,32768,37,281.56,1060616.01,13161728.99
2026-08-04T15:17:16+08:00,1,2,93.7,1816.7,8.18,63402.2,772407.7,97,6059,32768,37,285.94,1060616.25,13161698.75
2026-08-04T15:17:26+08:00,1,2,94.1,1816.8,7.69,62833.9,772407.7,97,5919,32768,37,263.26,1060616.90,13161638.10
2026-08-04T15:17:36+08:00,1,2,94.5,1816.8,7.81,63376.9,772407.7,96,5919,32768,37,282.72,1060617.04,13161599.96
2026-08-04T15:17:46+08:00,1,2,94.9,1816.5,8.06,62834.5,772407.7,97,5777,32768,37,252.24,1060617.14,13161577.86
2026-08-04T15:17:56+08:00,1,2,95.3,1816.9,7.58,63642.4,772407.7,88,5637,32768,36,237.15,1060617.83,13161556.17
2026-08-04T15:18:06+08:00,1,2,95.6,1816.8,7.50,63433.6,772407.7,83,5637,32768,36,296.63,1060617.97,13161550.03
2026-08-04T15:18:16+08:00,1,2,95.9,1816.6,7.58,64056.5,772407.7,83,5637,32768,36,293.04,1060618.13,13161523.87
2026-08-04T15:18:26+08:00,1,2,96.2,1816.6,7.67,63724.1,772407.7,88,5495,32768,36,291.77,1060618.74,13161495.26
2026-08-04T15:18:36+08:00,1,2,96.5,1816.9,7.57,63825.4,772407.7,85,5335,32768,34,247.54,1060618.92,13161473.08
2026-08-04T15:18:46+08:00,1,2,96.8,1860.0,7.40,64023.6,772407.7,81,1351,32768,34,73.51,1060619.08,13161455.92
2026-08-04T15:18:56+08:00,1,2,97.1,1912.8,7.26,63924.6,772407.7,92,5361,32768,35,83.84,1060619.69,13161434.31
2026-08-04T15:19:06+08:00,1,2,97.3,1939.5,6.53,64001.2,772407.7,91,3701,32768,36,77.97,1060620.14,13161411.86
2026-08-04T15:19:16+08:00,1,2,97.6,1931.8,6.60,63941.6,772407.7,93,4661,32768,36,81.83,1060620.33,13161353.67
2026-08-04T15:19:26+08:00,1,2,97.8,1913.6,6.66,64053.8,772407.7,95,5481,32768,36,223.67,1060620.74,13161360.26
2026-08-04T15:19:36+08:00,1,2,98.1,1913.2,6.71,64018.0,772407.7,96,5481,32768,37,206.49,1060612.28,13161323.72
2026-08-04T15:19:46+08:00,1,2,98.3,1913.0,6.60,64029.1,772407.7,96,5483,32768,37,218.46,1060613.40,13161300.60
2026-08-04T15:19:56+08:00,1,2,98.5,1913.4,6.88,65084.7,772407.7,95,5361,32768,37,251.27,1060613.95,13161266.05
2026-08-04T15:20:06+08:00,1,2,98.7,1913.3,7.26,65213.5,772407.7,97,5261,32768,37,283.21,1060615.14,13161226.86
2026-08-04T15:20:17+08:00,1,2,98.9,1913.1,7.07,65003.2,772407.7,95,5141,32768,37,260.83,1060620.58,13161207.42
2026-08-04T15:20:27+08:00,1,2,99.0,1913.5,7.14,64628.5,772407.7,96,5141,32768,37,284.96,1060621.33,13161199.67
2026-08-04T15:20:37+08:00,1,2,99.2,1913.4,7.11,64372.8,772407.7,95,5141,32768,37,290.31,1060621.52,13161169.48
2026-08-04T15:20:47+08:00,1,2,99.4,1913.2,7.11,64057.7,772407.7,96,5041,32768,37,250.46,1060622.70,13161153.30
2026-08-04T15:20:57+08:00,1,2,99.5,1913.4,7.00,64112.4,772407.7,96,5039,32768,37,298.48,1060623.44,13161145.56
2026-08-04T15:21:07+08:00,1,2,99.7,1913.4,7.09,64659.3,772407.7,93,4941,32768,37,248.68,1060623.66,13161109.34
2026-08-04T15:21:17+08:00,1,2,99.9,1913.2,7.08,65132.7,772407.7,97,4821,32768,36,203.84,1060624.51,13161078.49
2026-08-04T15:21:27+08:00,1,2,100.0,1913.3,6.68,65476.6,772407.7,95,4819,32768,37,255.33,1060625.44,13161051.56
2026-08-04T15:21:37+08:00,1,2,100.0,1913.2,6.67,65028.1,772407.7,97,4817,32768,37,263.26,1060625.66,13161040.34
2026-08-04T15:21:47+08:00,1,2,100.0,1913.4,7.10,65783.7,772407.7,99,4717,32768,37,300.43,1060625.89,13161051.11
2026-08-04T15:21:57+08:00,1,2,100.0,1913.3,6.63,64730.9,772407.7,84,4595,32768,36,297.31,1060626.66,13161045.34
2026-08-04T15:22:07+08:00,1,2,100.0,1913.2,6.38,64168.5,772407.7,81,4497,32768,37,260.83,1060627.35,13161044.65
2026-08-04T15:22:17+08:00,1,2,100.0,1913.4,6.79,65033.7,772407.7,76,4393,32768,36,242.67,1060627.59,13161058.41
2026-08-04T15:22:27+08:00,1,2,101.0,1913.3,7.37,64360.2,772407.7,78,4395,32768,36,286.91,1060628.34,13161072.66
2026-08-04T15:22:37+08:00,1,2,101.0,1816.9,7.32,65070.8,772407.7,97,6945,32768,37,220.90,1060628.53,13161093.47
2026-08-04T15:22:47+08:00,1,2,101.0,1816.9,7.17,64594.8,772407.7,97,6945,32768,37,289.34,1060628.58,13161121.42
2026-08-04T15:22:57+08:00,1,2,101.0,1816.8,7.14,64281.4,772407.7,96,6945,32768,37,253.22,1060628.79,13161139.21
2026-08-04T15:23:07+08:00,1,2,101.0,1816.5,7.19,64254.9,772407.7,98,6785,32768,37,267.15,1060629.17,13161152.83
2026-08-04T15:23:17+08:00,1,2,101.0,1816.9,6.86,64327.2,772407.7,96,6643,32768,37,265.38,1060629.19,13161216.81
2026-08-04T15:23:27+08:00,1,2,101.0,1816.8,6.67,63717.4,772407.7,97,6645,32768,37,262.78,1060629.25,13161416.75
2026-08-04T15:23:37+08:00,1,2,101.0,1816.8,6.26,63482.2,772407.7,97,6645,32768,37,263.58,1060629.81,13161425.19
2026-08-04T15:23:47+08:00,1,2,102.0,1816.5,6.21,63989.3,772407.7,97,6785,32768,38,278.64,1060624.59,13161471.41
2026-08-04T15:23:58+08:00,1,2,102.0,1816.9,6.26,63480.2,772407.7,97,6645,32768,37,264.72,1060624.77,13161494.23
2026-08-04T15:24:08+08:00,1,2,102.0,1816.8,6.62,63864.7,772407.7,97,6643,32768,38,294.88,1060625.27,13161492.73
2026-08-04T15:24:18+08:00,1,2,102.0,1816.6,7.24,64241.6,772407.7,97,6503,32768,37,258.40,1060625.30,13161454.70
2026-08-04T15:24:28+08:00,1,2,102.0,1816.9,6.89,64032.1,772407.7,97,6361,32768,37,254.99,1060625.39,13161410.61
2026-08-04T15:24:38+08:00,1,2,102.0,1816.8,6.75,66164.6,772407.7,95,6063,32768,37,281.63,1060625.45,13161386.55
2026-08-04T15:24:48+08:00,1,2,102.0,1816.6,7.11,65240.5,772407.7,97,5919,32768,37,297.51,1060625.96,13161345.04
2026-08-04T15:24:58+08:00,1,2,102.0,1816.7,6.93,65158.7,772407.7,96,5637,32768,36,263.75,1060626.18,13161339.82
2026-08-04T15:25:08+08:00,1,2,102.0,1816.9,6.57,65437.3,772407.7,91,5495,32768,36,252.41,1060626.24,13161335.76
2026-08-04T15:25:18+08:00,1,2,102.0,1816.6,6.55,65177.1,772407.7,87,5495,32768,36,252.73,1060626.31,13161341.69
2026-08-04T15:25:28+08:00,1,2,102.0,1816.8,6.54,65243.6,772407.7,85,5335,32768,35,242.35,1060626.35,13161326.65
2026-08-04T15:25:38+08:00,1,2,102.0,1818.3,6.46,65170.1,772407.7,80,3033,32768,34,224.31,1060626.19,13161317.81
2026-08-04T15:25:48+08:00,1,2,103.0,1818.2,6.09,64755.0,772407.7,79,1675,32768,34,98.34,1060626.28,13161299.72
2026-08-04T15:25:58+08:00,1,2,103.0,1860.3,5.91,65249.5,772407.7,84,1531,32768,34,73.03,1060626.36,13161305.64
2026-08-04T15:26:08+08:00,1,2,103.0,1984.7,6.91,64725.9,772407.7,90,1171,32768,34,75.47,1060626.44,13161296.56
2026-08-04T15:26:18+08:00,1,2,103.0,1914.0,7.57,64651.5,772407.7,92,5483,32768,36,91.62,1060626.53,13161304.47
2026-08-04T15:26:28+08:00,1,2,103.0,1913.6,7.72,64911.8,772407.7,94,5483,32768,37,212.61,1060626.56,13161274.44
2026-08-04T15:26:38+08:00,1,2,103.0,1913.6,8.22,64931.4,772407.7,95,5481,32768,38,235.05,1060626.64,13161266.36
2026-08-04T15:26:48+08:00,1,2,103.0,1913.3,8.10,64466.0,772407.7,96,5481,32768,37,248.84,1060626.74,13161273.26
2026-08-04T15:26:58+08:00,1,2,103.0,1913.2,7.69,64554.3,772407.7,97,5361,32768,37,241.86,1060626.78,13161280.22
2026-08-04T15:27:09+08:00,1,2,103.0,1913.4,7.36,64808.9,772407.7,95,5261,32768,37,256.77,1060626.87,13161269.13
2026-08-04T15:27:19+08:00,1,2,103.0,1913.3,7.46,65582.1,772407.7,95,5261,32768,37,263.44,1060626.95,13161270.05
2026-08-04T15:27:29+08:00,1,2,103.0,1913.3,7.68,66206.8,772407.7,91,5141,32768,38,292.45,1060627.07,13161283.93
2026-08-04T15:27:39+08:00,1,2,103.0,1913.4,7.42,65355.8,772407.7,96,5039,32768,37,282.91,1060627.22,13161294.78
2026-08-04T15:27:49+08:00,1,2,103.0,1913.4,7.26,64026.4,772407.7,95,4937,32768,37,293.52,1060627.73,13161309.27
2026-08-04T15:27:59+08:00,1,2,104.0,1913.1,6.91,64101.9,772407.7,97,4819,32768,37,219.43,1060627.82,13161331.18
2026-08-04T15:28:09+08:00,1,2,104.0,1913.4,6.69,64354.1,772407.7,98,4817,32768,37,273.48,1060627.87,13161342.13
2026-08-04T15:28:19+08:00,1,2,104.0,1913.4,6.90,64164.7,772407.7,97,4717,32768,37,251.59,1060627.99,13161371.01
2026-08-04T15:28:29+08:00,1,2,104.0,1913.1,6.29,64117.0,772407.7,99,4717,32768,37,259.06,1060628.14,13161399.86
2026-08-04T15:28:39+08:00,1,2,104.0,1913.1,6.48,64100.5,772407.7,95,4597,32768,37,266.67,1060628.25,13161455.75
2026-08-04T15:28:49+08:00,1,2,104.0,1913.5,6.88,63698.7,772407.7,76,4497,32768,36,301.01,1060628.38,13161493.62
2026-08-04T15:28:59+08:00,1,2,104.0,1913.4,7.58,63794.7,772407.7,85,4273,32768,35,233.75,1060628.55,13161523.45
2026-08-04T15:29:09+08:00,1,2,104.0,1913.1,7.12,64352.1,772407.7,84,4273,32768,34,193.86,1060628.67,13161894.33
2026-08-04T15:29:19+08:00,1,2,104.0,1913.5,6.79,64111.4,772407.7,91,4273,32768,34,207.74,1060628.81,13161920.19
2026-08-04T15:29:29+08:00,1,2,104.0,1816.8,8.02,64007.4,772407.7,95,6945,32768,37,231.62,1060628.94,13161599.06
2026-08-04T15:29:39+08:00,1,2,104.0,1816.5,8.41,64270.2,772407.7,89,6945,32768,37,219.63,1060629.10,13161616.90
2026-08-04T15:29:49+08:00,1,2,104.0,1816.7,8.82,63824.8,772407.7,97,6945,32768,37,222.41,1060629.22,13161643.78
2026-08-04T15:29:59+08:00,1,2,104.0,1816.9,8.97,62937.5,772407.7,97,6945,32768,38,236.98,1060629.36,13161668.64
2026-08-04T15:30:09+08:00,1,2,104.0,1816.6,8.69,63044.8,772407.7,96,6945,32768,37,289.34,1060629.74,13161683.26
2026-08-04T15:30:19+08:00,1,2,104.0,1816.8,8.67,63617.0,772407.7,96,6945,32768,38,292.74,1060629.88,13161694.12
2026-08-04T15:30:29+08:00,1,2,104.0,1816.5,8.99,62706.5,772407.7,96,6785,32768,37,247.21,1060630.08,13161705.92
2026-08-04T15:30:39+08:00,1,2,104.0,1816.6,8.38,62899.7,772407.7,96,6785,32768,38,297.60,1060630.28,13161720.72
2026-08-04T15:30:50+08:00,1,2,105.0,1816.4,8.17,63059.1,772407.7,97,6643,32768,38,262.29,1060630.42,13161748.58
2026-08-04T15:31:00+08:00,1,2,104.0,1816.2,8.15,63511.6,772407.7,97,6503,32768,37,238.61,1060630.61,13161806.39
2026-08-04T15:31:10+08:00,1,2,105.0,1816.2,7.88,63824.0,772407.7,95,6503,32768,37,266.18,1060630.82,13161806.18
2026-08-04T15:31:20+08:00,1,2,105.0,1816.2,7.82,63674.2,772407.7,97,6363,32768,38,288.85,1060631.02,13161829.98
2026-08-04T15:31:30+08:00,1,2,105.0,1816.2,7.62,64149.3,772407.7,97,6221,32768,37,252.56,1060631.18,13161929.82
2026-08-04T15:31:40+08:00,1,2,105.0,1816.2,7.53,63828.9,772407.7,98,6221,32768,37,249.32,1060631.37,13162003.63
2026-08-04T15:31:50+08:00,1,2,105.0,1816.2,7.44,64527.0,772407.7,97,6059,32768,37,252.56,1060631.61,13162032.39
2026-08-04T15:32:00+08:00,1,2,105.0,1816.3,7.38,64289.3,772407.7,97,5919,32768,37,262.61,1060631.86,13162040.14
2026-08-04T15:32:10+08:00,1,2,105.0,1816.1,7.94,64530.5,772407.7,97,5919,32768,37,269.90,1060632.09,13162069.91
2026-08-04T15:32:20+08:00,1,2,105.0,1817.3,8.18,64483.1,772407.7,97,5779,32768,37,256.30,1060632.35,13162085.65
2026-08-04T15:32:30+08:00,1,2,105.0,1817.3,8.46,65118.2,772407.7,82,5637,32768,36,307.40,1060632.54,13162090.46
2026-08-04T15:32:40+08:00,1,2,105.0,1816.3,8.46,64551.2,772407.7,85,5337,32768,35,281.26,1060632.92,13162043.08
2026-08-04T15:32:50+08:00,1,2,105.0,1859.6,8.78,65323.2,772407.7,79,1491,32768,33,74.00,1060633.14,13162055.86
2026-08-04T15:33:00+08:00,1,2,105.0,1817.6,8.88,63935.7,772407.7,77,1351,32768,34,84.77,1060633.39,13162054.61
2026-08-04T15:33:10+08:00,1,2,105.0,1985.5,8.50,63705.2,772407.7,88,1171,32768,35,77.43,1060633.60,13162040.40
2026-08-04T15:33:20+08:00,1,2,105.0,1859.8,8.11,63529.2,772407.7,85,1351,32768,34,73.51,1060633.92,13162057.08
2026-08-04T15:33:30+08:00,1,2,105.0,1985.2,7.80,64773.2,772407.7,89,1051,32768,35,73.51,1060634.08,13162063.92
2026-08-04T15:33:40+08:00,1,2,105.0,1965.3,7.46,64532.5,772407.7,92,1883,32768,35,74.98,1060634.13,13162061.87
2026-08-04T15:33:50+08:00,1,2,105.0,1913.4,7.39,63658.3,772407.7,93,5483,32768,37,221.24,1060634.13,13162061.87
2026-08-04T15:34:01+08:00,1,2,105.0,1913.2,7.32,64247.6,772407.7,94,5481,32768,37,216.65,1060634.18,13162057.82
2026-08-04T15:34:11+08:00,1,2,105.0,1913.4,8.28,64199.4,772407.7,95,5483,32768,37,295.46,1060634.21,13162052.79
2026-08-04T15:34:21+08:00,1,2,105.0,1913.3,8.22,63602.6,772407.7,96,5483,32768,38,262.15,1060634.26,13162058.74
2026-08-04T15:34:31+08:00,1,2,105.0,1913.1,7.72,63872.1,772407.7,97,5483,32768,37,300.61,1060634.26,13162061.74
2026-08-04T15:34:41+08:00,1,2,105.0,1913.4,8.23,64775.1,772407.7,97,5363,32768,37,251.27,1060634.33,13162057.67
2026-08-04T15:34:51+08:00,1,2,105.0,1913.3,8.57,64496.8,772407.7,96,5361,32768,37,286.42,1060629.15,13162078.85
2026-08-04T15:35:01+08:00,1,2,105.0,1913.1,8.47,64503.6,772407.7,97,5261,32768,38,250.78,1060629.35,13162100.65
2026-08-04T15:35:11+08:00,1,2,105.0,1913.2,8.47,64580.8,772407.7,96,5141,32768,38,255.65,1060629.36,13162105.64
2026-08-04T15:35:21+08:00,1,2,106.0,1913.4,8.09,64075.0,772407.7,97,5041,32768,37,252.56,1060629.44,13162136.56
2026-08-04T15:35:31+08:00,1,2,106.0,1913.1,8.20,63820.6,772407.7,98,4939,32768,37,241.85,1060629.50,13162159.50
2026-08-04T15:35:41+08:00,1,2,106.0,1913.3,7.62,63857.8,772407.7,97,4821,32768,37,249.65,1060629.58,13162853.42
2026-08-04T15:35:51+08:00,1,2,106.0,1913.2,7.92,64779.4,772407.7,95,4817,32768,37,286.12,1060629.66,13162176.34
2026-08-04T15:36:01+08:00,1,2,106.0,1913.2,8.65,63474.1,772407.7,96,4817,32768,37,288.85,1060629.68,13162198.32
2026-08-04T15:36:11+08:00,1,2,106.0,1913.2,8.79,64057.1,772407.7,97,4717,32768,37,267.15,1060629.78,13162197.22
2026-08-04T15:36:21+08:00,1,2,106.0,1913.0,8.43,63551.1,772407.7,91,4595,32768,37,253.22,1060629.83,13162185.17
2026-08-04T15:36:31+08:00,1,2,106.0,1912.8,7.90,63906.4,772407.7,82,4597,32768,36,279.50,1060629.88,13162176.12
2026-08-04T15:36:41+08:00,1,2,106.0,1912.8,7.68,66214.7,772407.7,76,4495,32768,37,296.92,1060629.76,13162197.24
2026-08-04T15:36:51+08:00,1,2,106.0,1913.8,7.73,64430.4,772407.7,79,4497,32768,36,293.23,1060629.82,13162191.18
2026-08-04T15:37:01+08:00,1,2,106.0,1913.3,7.61,64761.2,772407.7,76,4397,32768,36,287.58,1060629.89,13162218.11
2026-08-04T15:37:11+08:00,1,2,106.0,1913.7,7.68,65020.7,772407.7,85,3331,32768,34,206.27,1060629.97,13162263.03
2026-08-04T15:37:21+08:00,1,2,106.0,1885.4,7.65,64575.0,772407.7,86,3927,32768,35,73.47,1060630.24,13162302.76
2026-08-04T15:37:32+08:00,1,2,106.0,1816.9,7.69,64475.6,772407.7,91,6945,32768,37,230.34,1060630.29,13162317.71
2026-08-04T15:37:42+08:00,1,2,106.0,1816.5,7.28,65326.9,772407.7,95,6945,32768,37,211.15,1060630.37,13162332.63
2026-08-04T15:37:52+08:00,1,2,106.0,1816.9,7.01,65089.4,772407.7,97,6945,32768,38,268.92,1060630.45,13162357.55
2026-08-04T15:38:02+08:00,1,2,106.0,1816.8,7.24,65930.0,772407.7,95,6945,32768,37,247.21,1060630.54,13162368.46
2026-08-04T15:38:12+08:00,1,2,106.0,1816.6,6.82,65790.4,772407.7,97,6945,32768,38,294.98,1060630.63,13162396.37
2026-08-04T15:38:22+08:00,1,2,106.0,1817.1,6.63,65469.6,772407.7,97,6945,32768,38,265.56,1060631.99,13162417.01
2026-08-04T15:38:32+08:00,1,2,106.0,1816.8,6.52,65033.8,772407.7,97,6945,32768,37,300.32,1060632.72,13162417.28
2026-08-04T15:38:42+08:00,1,2,106.0,1816.5,6.66,65092.6,772407.7,98,6785,32768,37,272.99,1060633.44,13162553.56
2026-08-04T15:38:52+08:00,1,2,106.0,1816.7,6.87,64872.6,772407.7,96,6785,32768,38,297.41,1060633.97,13162581.03
2026-08-04T15:39:02+08:00,1,2,106.0,1816.9,6.43,64854.4,772407.7,95,6643,32768,37,267.15,1060633.45,13162646.55
2026-08-04T15:39:12+08:00,1,2,106.0,1816.6,6.21,64598.3,772407.7,96,6503,32768,38,272.68,1060634.10,13162656.90
2026-08-04T15:39:22+08:00,1,2,106.0,1816.8,6.18,64633.2,772407.7,96,6361,32768,38,276.70,1060634.23,13162642.77
2026-08-04T15:39:32+08:00,1,2,106.0,1817.2,6.46,64270.8,772407.7,97,6223,32768,37,293.23,1060634.52,13163323.48
2026-08-04T15:39:42+08:00,1,2,106.0,1816.7,6.47,64662.3,772407.7,97,6061,32768,37,250.13,1060634.65,13162641.35
2026-08-04T15:39:52+08:00,1,2,106.0,1816.8,6.78,64620.7,772407.7,98,5919,32768,37,255.80,1060634.80,13162612.20
2026-08-04T15:40:02+08:00,1,2,106.0,1816.7,7.42,64903.8,772407.7,97,5919,32768,37,299.64,1060634.87,13162602.13
2026-08-04T15:40:12+08:00,1,2,106.0,1816.7,7.21,65718.0,772407.7,97,5777,32768,36,251.43,1060634.77,13162602.23
2026-08-04T15:40:22+08:00,1,2,106.0,1816.8,7.26,65974.6,772407.7,97,5777,32768,36,305.18,1060634.52,13162577.48
2026-08-04T15:40:32+08:00,1,2,106.0,1816.7,7.35,65077.1,772407.7,90,5637,32768,36,228.06,1060635.29,13162559.71
2026-08-04T15:40:42+08:00,1,2,106.0,1816.7,7.30,65905.9,772407.7,88,5497,32768,36,251.76,1060635.43,13162555.57
2026-08-04T15:40:52+08:00,1,2,106.0,1816.8,7.34,65737.4,772407.7,87,5495,32768,36,279.13,1060635.50,13162553.50
2026-08-04T15:41:03+08:00,1,2,106.0,1816.8,7.77,65711.6,772407.7,84,5335,32768,34,233.75,1060635.62,13162552.38
2026-08-04T15:41:13+08:00,1,2,106.0,1860.2,7.98,65761.3,772407.7,85,1673,32768,33,150.43,1060635.73,13162571.27
2026-08-04T15:41:23+08:00,1,2,106.0,1818.5,8.36,64738.9,772407.7,87,1651,32768,34,82.81,1060635.84,13162566.16
2026-08-04T15:41:33+08:00,1,2,106.0,1823.2,7.77,64272.9,772407.7,85,1491,32768,34,72.09,1060635.94,13162548.06
2026-08-04T15:41:43+08:00,1,2,106.0,1860.2,7.57,63930.9,772407.7,81,1351,32768,34,73.47,1060636.10,13162539.90
2026-08-04T15:41:53+08:00,1,2,106.0,1860.2,7.98,63750.7,772407.7,83,1491,32768,34,74.54,1060636.40,13162546.60
2026-08-04T15:42:03+08:00,1,2,106.0,1818.2,8.29,63483.8,772407.7,81,1351,32768,34,73.61,1060636.61,13162560.39
2026-08-04T15:42:13+08:00,1,2,106.0,1985.4,8.48,64924.8,772407.7,77,1173,32768,34,74.98,1060636.79,13162524.21
2026-08-04T15:42:23+08:00,1,2,106.0,1927.1,8.87,64302.9,772407.7,87,4603,32768,36,80.31,1060636.95,13162524.05
2026-08-04T15:42:33+08:00,1,2,107.0,1913.4,9.03,64699.5,772407.7,87,5483,32768,36,115.93,1060637.14,13162512.86
2026-08-04T15:42:43+08:00,1,2,107.0,1913.3,9.10,64102.1,772407.7,91,5483,32768,37,218.95,1060637.35,13162532.65
2026-08-04T15:42:53+08:00,1,2,107.0,1913.4,8.78,64352.4,772407.7,97,5483,32768,37,245.43,1060637.66,13162496.34
2026-08-04T15:43:03+08:00,1,2,107.0,1913.2,8.27,64078.8,772407.7,97,5361,32768,37,257.11,1060637.62,13162482.38
2026-08-04T15:43:13+08:00,1,2,107.0,1913.1,8.17,63931.5,772407.7,95,5261,32768,37,279.01,1060637.90,13162474.10
2026-08-04T15:43:23+08:00,1,2,107.0,1912.9,8.14,64749.9,772407.7,96,4941,32768,37,245.75,1060638.13,13162461.87
2026-08-04T15:43:33+08:00,1,2,107.0,1912.8,8.27,64887.8,772407.7,99,4717,32768,37,271.84,1060638.38,13162460.62
2026-08-04T15:43:43+08:00,1,2,107.0,1913.0,8.05,64296.2,772407.7,81,4597,32768,37,252.08,1060638.62,13162472.38
2026-08-04T15:43:53+08:00,1,2,107.0,1912.7,8.05,64736.3,772407.7,75,4395,32768,36,243.97,1060638.80,13162473.20
2026-08-04T15:44:03+08:00,1,2,107.0,1908.8,8.08,64617.6,772407.7,88,2907,32768,35,72.54,1060639.19,13162473.81
2026-08-04T15:44:14+08:00,1,2,107.0,1816.3,8.06,63365.3,772407.7,94,6945,32768,37,235.85,1060639.43,13162472.57
2026-08-04T15:44:24+08:00,1,2,107.0,1816.3,7.52,64017.7,772407.7,97,6945,32768,37,220.75,1060639.64,13162483.36
2026-08-04T15:44:34+08:00,1,2,107.0,1816.0,7.22,64486.6,772407.7,95,6945,32768,38,296.43,1060639.92,13162490.08
2026-08-04T15:44:44+08:00,1,2,107.0,1816.2,6.96,64730.6,772407.7,95,6785,32768,38,295.95,1060639.80,13162500.20
2026-08-04T15:44:54+08:00,1,2,107.0,1816.3,6.58,64629.8,772407.7,96,6643,32768,37,298.67,1060640.39,13162526.61
2026-08-04T15:45:04+08:00,1,2,107.0,1816.1,6.56,64581.4,772407.7,97,6363,32768,37,246.73,1060640.62,13162560.38
2026-08-04T15:45:14+08:00,1,2,107.0,1816.2,6.39,64457.6,772407.7,97,6223,32768,37,242.51,1060640.66,13162578.34
2026-08-04T15:45:24+08:00,1,2,107.0,1816.5,6.49,64821.2,772407.7,96,6061,32768,37,242.02,1060640.71,13162715.29
2026-08-04T15:45:34+08:00,1,2,107.0,1816.0,6.87,64821.4,772407.7,95,5919,32768,37,297.41,1060640.24,13162773.76
2026-08-04T15:45:44+08:00,1,2,107.0,1816.3,7.19,63874.1,772407.7,96,5637,32768,36,261.32,1060640.93,13162779.07
2026-08-04T15:45:54+08:00,1,2,107.0,1816.2,7.08,63638.4,772407.7,84,5335,32768,35,284.96,1060640.58,13162801.42
2026-08-04T15:46:04+08:00,1,2,107.0,1816.1,6.83,63525.9,772407.7,84,5333,32768,34,229.67,1060640.98,13162819.02
2026-08-04T15:46:14+08:00,1,2,107.0,1845.7,7.64,63674.6,772407.7,84,1591,32768,34,74.44,1060641.07,13162840.93
2026-08-04T15:46:24+08:00,1,2,107.0,1985.3,8.31,63528.6,772407.7,79,1171,32768,35,79.88,1060636.12,13163170.88
2026-08-04T15:46:34+08:00,1,2,107.0,1939.2,8.94,64187.6,772407.7,79,5481,32768,36,88.25,1060636.17,13162811.83
2026-08-04T15:46:44+08:00,1,2,107.0,1913.2,8.50,62860.7,772407.7,87,5481,32768,36,214.91,1060636.24,13162802.76
2026-08-04T15:46:54+08:00,1,2,107.0,1913.3,8.58,63201.6,772407.7,91,5481,32768,37,226.11,1060627.73,13162794.27
2026-08-04T15:47:04+08:00,1,2,107.0,1913.4,9.10,62554.5,772407.7,92,5483,32768,37,213.45,1060627.73,13162786.27
2026-08-04T15:47:14+08:00,1,2,107.0,1913.7,9.16,62068.7,772407.7,92,5483,32768,37,245.27,1060628.53,13162773.47
2026-08-04T15:47:24+08:00,1,2,107.0,1913.4,10.14,63161.1,772407.7,95,5361,32768,37,245.75,1060629.02,13162763.98
2026-08-04T15:47:34+08:00,1,2,107.0,1913.4,9.57,62515.1,772407.7,97,5261,32768,38,289.72,1060630.47,13162765.53
2026-08-04T15:47:44+08:00,1,2,107.0,1913.1,9.50,63471.5,772407.7,94,5141,32768,37,255.82,1060637.21,13162728.79
2026-08-04T15:47:55+08:00,1,2,107.0,1913.3,9.04,62843.6,772407.7,95,5141,32768,37,272.33,1060637.57,13162727.43
2026-08-04T15:48:05+08:00,1,2,107.0,1913.3,8.35,62835.7,772407.7,94,5039,32768,37,296.43,1060638.25,13162721.75
2026-08-04T15:48:15+08:00,1,2,107.0,1913.4,7.91,62519.7,772407.7,96,4939,32768,37,265.87,1060637.96,13162716.04
2026-08-04T15:48:25+08:00,1,2,107.0,1913.0,7.53,62786.1,772407.7,98,4939,32768,37,292.74,1060638.76,13162701.24
2026-08-04T15:48:35+08:00,1,2,107.0,1913.4,7.14,63191.0,772407.7,99,4819,32768,37,263.61,1060638.81,13162676.19
2026-08-04T15:48:45+08:00,1,2,107.0,1913.4,6.98,63500.4,772407.7,98,4717,32768,37,260.66,1060638.92,13163702.08
2026-08-04T15:48:55+08:00,1,2,107.0,1913.1,6.83,64546.4,772407.7,90,4595,32768,37,296.34,1060639.83,13162674.17
2026-08-04T15:49:05+08:00,1,2,107.0,1913.5,6.78,64873.1,772407.7,81,4495,32768,36,273.79,1060640.04,13162678.96
2026-08-04T15:49:15+08:00,1,2,107.0,1913.4,6.58,64625.8,772407.7,79,4397,32768,36,259.86,1060639.44,13162679.56
2026-08-04T15:49:25+08:00,1,2,107.0,1913.1,6.82,65050.9,772407.7,77,4273,32768,35,211.77,1060640.16,13162684.84
2026-08-04T15:49:35+08:00,1,2,107.0,1903.2,6.83,64849.6,772407.7,84,4365,32768,35,73.56,1060640.19,13162688.81
2026-08-04T15:49:45+08:00,1,2,107.0,1816.9,6.69,65270.6,772407.7,82,6945,32768,36,174.83,1060640.23,13162668.77
2026-08-04T15:49:55+08:00,1,2,107.0,1816.6,6.73,65357.2,772407.7,96,6945,32768,37,233.26,1060639.86,13162673.14
2026-08-04T15:50:05+08:00,1,2,107.0,1816.6,6.46,65032.8,772407.7,96,6947,32768,38,298.38,1060640.32,13162665.68
2026-08-04T15:50:15+08:00,1,2,107.0,1816.7,6.62,64880.2,772407.7,95,6785,32768,37,282.91,1060640.36,13162682.64
2026-08-04T15:50:25+08:00,1,2,107.0,1816.9,6.68,65226.6,772407.7,96,6503,32768,37,236.34,1060640.39,13162697.61
2026-08-04T15:50:35+08:00,1,2,107.0,1816.7,6.96,64968.9,772407.7,98,6503,32768,37,297.89,1060640.46,13162674.54
2026-08-04T15:50:45+08:00,1,2,107.0,1816.7,7.66,64971.8,772407.7,95,6503,32768,37,307.40,1060640.56,13162665.44
2026-08-04T15:50:55+08:00,1,2,107.0,1816.7,7.80,65198.2,772407.7,96,6361,32768,38,296.92,1060640.64,13162676.36
2026-08-04T15:51:05+08:00,1,2,107.0,1816.8,8.04,63707.9,772407.7,97,6221,32768,37,239.10,1060640.85,13162694.15
2026-08-04T15:51:15+08:00,1,2,107.0,1816.8,7.90,63566.8,772407.7,97,6221,32768,37,269.10,1060640.85,13162710.15
2026-08-04T15:51:25+08:00,1,2,107.0,1817.0,7.61,63490.4,772407.7,96,6221,32768,37,264.72,1060640.89,13162716.11
2026-08-04T15:51:35+08:00,1,2,107.0,1816.7,7.37,63097.2,772407.7,96,6223,32768,37,244.46,1060640.73,13162728.27
2026-08-04T15:51:46+08:00,1,2,107.0,1816.8,7.09,63262.2,772407.7,95,6221,32768,37,243.31,1060640.78,13162748.22
2026-08-04T15:51:56+08:00,1,2,107.0,1816.7,7.62,63705.9,772407.7,98,6221,32768,37,281.75,1060640.85,13162769.15
2026-08-04T15:52:06+08:00,1,2,107.0,1816.7,8.00,64300.7,772407.7,97,6061,32768,37,264.72,1060640.63,13162758.37
2026-08-04T15:52:16+08:00,1,2,107.0,1816.8,8.39,64543.4,772407.7,96,6061,32768,37,277.67,1060640.97,13162774.03
2026-08-04T15:52:26+08:00,1,2,107.0,1816.5,8.56,64209.4,772407.7,98,6059,32768,37,290.31,1060641.07,13162793.93
2026-08-04T15:52:36+08:00,1,2,107.0,1816.9,7.85,63578.1,772407.7,97,6059,32768,37,220.75,1060641.21,13162943.79
2026-08-04T15:52:46+08:00,1,2,107.0,1816.8,7.49,64062.7,772407.7,96,6059,32768,37,276.21,1060641.29,13162948.71
2026-08-04T15:52:56+08:00,1,2,107.0,1816.5,7.04,64020.2,772407.7,97,6059,32768,37,292.55,1060641.34,13162960.66
2026-08-04T15:53:06+08:00,1,2,107.0,1816.7,7.02,64341.2,772407.7,97,5919,32768,37,259.71,1060641.17,13163035.83
2026-08-04T15:53:16+08:00,1,2,107.0,1816.8,7.03,64703.4,772407.7,96,5919,32768,37,295.85,1060641.40,13163214.60
2026-08-04T15:53:26+08:00,1,2,107.0,1816.3,8.25,65098.9,772407.7,87,5777,32768,37,297.89,1060642.38,13163401.62
2026-08-04T15:53:36+08:00,1,2,107.0,1816.4,8.13,64495.7,772407.7,73,5637,32768,36,257.60,1060642.46,13163644.54
2026-08-04T15:53:46+08:00,1,2,107.0,1816.6,8.19,64772.9,772407.7,80,5637,32768,36,287.88,1060642.21,13163822.79
2026-08-04T15:53:56+08:00,1,2,107.0,1816.6,9.36,64218.1,772407.7,90,5637,32768,36,257.77,1060642.54,13163960.46
2026-08-04T15:54:06+08:00,1,2,107.0,1816.6,9.37,64203.8,772407.7,90,5495,32768,36,244.46,1060642.58,13164076.42
2026-08-04T15:54:16+08:00,1,2,107.0,1817.1,9.15,62954.5,772407.7,83,5499,32768,36,297.12,1060642.63,13164135.37
2026-08-04T15:54:26+08:00,1,2,107.0,1818.0,12.43,63030.2,772407.7,79,3035,32768,34,187.63,1060642.65,13164143.35
2026-08-04T15:54:36+08:00,1,2,107.0,1860.0,11.37,62912.5,772407.7,81,1351,32768,34,80.80,1060642.69,13164128.31
2026-08-04T15:54:46+08:00,1,2,107.0,1913.4,10.46,62917.8,772407.7,91,5483,32768,36,220.90,1060642.73,13164121.27
2026-08-04T15:54:56+08:00,1,2,107.0,1914.0,10.02,63467.8,772407.7,96,5481,32768,38,206.76,1060642.78,13164136.22
2026-08-04T15:55:07+08:00,1,2,107.0,1913.7,9.70,62838.0,772407.7,94,5361,32768,37,236.18,1060642.83,13164096.17
2026-08-04T15:55:17+08:00,1,2,107.0,1913.4,9.44,62700.3,772407.7,95,5261,32768,37,294.10,1060642.87,13164089.13
2026-08-04T15:55:27+08:00,1,2,107.0,1913.4,9.23,62687.1,772407.7,96,5141,32768,38,293.04,1060642.89,13164075.11
2026-08-04T15:55:37+08:00,1,2,107.0,1913.5,8.81,63046.0,772407.7,95,5139,32768,37,277.01,1060643.07,13164055.93
2026-08-04T15:55:47+08:00,1,2,107.0,1913.2,8.30,63442.8,772407.7,95,5041,32768,37,252.90,1060643.11,13164036.89
2026-08-04T15:55:57+08:00,1,2,108.0,1913.3,8.10,63007.4,772407.7,97,5041,32768,37,243.48,1060643.21,13164024.79
2026-08-04T15:56:07+08:00,1,2,108.0,1913.5,8.40,64247.8,772407.7,95,5039,32768,38,291.58,1060643.15,13164023.85
2026-08-04T15:56:17+08:00,1,2,108.0,1913.2,8.03,64395.4,772407.7,96,5039,32768,37,299.83,1060643.20,13164009.80
2026-08-04T15:56:27+08:00,1,2,107.0,1653.7,8.68,60414.1,772407.7,0,1051,32768,29,56.39,1060643.26,13163985.74
2026-08-04T15:56:37+08:00,1,2,107.0,1653.7,8.11,61521.8,772407.7,0,1051,32768,29,55.90,1060643.32,13163964.68
2026-08-04T15:56:47+08:00,1,2,106.0,1653.7,7.63,61690.3,772407.7,0,1051,32768,29,56.01,1060643.38,13163921.62
2026-08-04T15:56:57+08:00,1,2,106.0,1653.7,7.15,62343.0,772407.7,0,1051,32768,29,55.90,1060643.42,13163910.58
2026-08-04T15:57:07+08:00,1,2,106.0,1653.7,6.90,63069.3,772407.7,0,1051,32768,29,56.01,1060643.48,13163908.52
2026-08-04T15:57:17+08:00,1,2,105.0,1653.7,6.67,63392.8,772407.7,0,1051,32768,29,55.94,1060643.57,13163892.43
2026-08-04T15:57:27+08:00,1,2,105.0,1687.0,6.57,60276.9,772407.7,0,1051,32768,29,55.94,1060643.64,13163866.36
2026-08-04T15:57:37+08:00,1,2,105.0,1687.0,7.14,60629.7,772407.7,0,1051,32768,29,55.90,1060643.73,13163858.27
2026-08-04T15:57:47+08:00,1,2,104.0,1687.0,6.67,61683.5,772407.7,0,1051,32768,29,55.90,1060643.72,13163858.28
2026-08-04T15:57:57+08:00,1,2,104.0,1687.0,6.96,62636.8,772407.7,0,1051,32768,29,55.97,1060643.77,13163845.23
2026-08-04T15:58:07+08:00,1,2,104.0,1687.0,6.88,62694.3,772407.7,0,1051,32768,29,55.90,1060643.85,13163843.15
2026-08-04T15:58:17+08:00,1,2,103.0,1687.0,6.60,63367.0,772407.7,0,1051,32768,29,55.90,1060643.90,13163881.10
2026-08-04T15:58:27+08:00,1,2,103.0,1687.5,7.22,59188.8,772407.7,0,1051,32768,29,55.94,1060643.93,13163850.07
2026-08-04T15:58:37+08:00,1,2,103.0,1686.0,7.19,60539.6,772407.7,0,1051,32768,29,55.90,1060643.97,13163854.03
2026-08-04T15:58:47+08:00,1,2,102.0,1686.0,7.62,60701.1,772407.7,0,1051,32768,29,55.94,1060644.03,13163843.97
2026-08-04T15:58:58+08:00,1,2,102.0,1686.0,7.44,62885.0,772407.7,0,1051,32768,29,55.90,1060644.08,13163883.92
2026-08-04T15:59:08+08:00,1,2,102.0,1686.0,7.44,63162.4,772407.7,0,1051,32768,29,55.94,1060643.72,13163882.28
2026-08-04T15:59:18+08:00,1,2,101.0,1686.0,7.45,64259.8,772407.7,0,1051,32768,29,55.94,1060644.66,13163892.34
2026-08-04T15:59:28+08:00,1,2,101.0,1784.9,7.38,64741.4,772407.7,98,4715,32768,36,290.02,1060644.70,13163877.30
2026-08-04T15:59:38+08:00,1,2,101.0,1944.8,7.41,64884.3,772407.7,98,4717,32768,36,256.29,1060644.77,13163832.23
2026-08-04T15:59:48+08:00,1,2,101.0,1944.8,7.82,64755.3,772407.7,100,4597,32768,36,298.09,1060644.81,13163770.19
2026-08-04T15:59:58+08:00,1,2,101.0,1944.7,8.09,65573.0,772407.7,100,4597,32768,36,285.26,1060645.28,13163731.72
2026-08-04T16:00:08+08:00,1,2,101.0,1944.6,8.14,64815.0,772407.7,89,4497,32768,37,278.64,1060645.82,13163712.18
2026-08-04T16:00:18+08:00,1,2,101.0,1944.8,7.89,64861.2,772407.7,86,4495,32768,37,290.61,1060645.74,13163692.26
2026-08-04T16:00:28+08:00,1,2,101.0,1945.1,7.75,63685.8,772407.7,83,4395,32768,36,242.02,1060645.73,13163678.27
2026-08-04T16:00:38+08:00,1,2,101.0,1944.6,8.23,63347.2,772407.7,80,4397,32768,36,283.88,1060645.77,13163648.23
2026-08-04T16:00:48+08:00,1,2,101.0,1944.7,8.45,63661.4,772407.7,79,4273,32768,35,171.41,1060645.97,13163625.03
2026-08-04T16:00:58+08:00,1,2,101.0,1850.0,8.36,63506.2,772407.7,95,6945,32768,36,83.73,1060646.02,13163646.98
2026-08-04T16:01:08+08:00,1,2,101.0,1848.1,8.38,62811.0,772407.7,90,6945,32768,37,224.50,1060646.51,13163593.49
2026-08-04T16:01:18+08:00,1,2,101.0,1848.2,9.00,62960.6,772407.7,97,6947,32768,37,235.52,1060646.22,13163581.78
2026-08-04T16:01:28+08:00,1,2,101.0,1848.1,8.82,63437.6,772407.7,98,6945,32768,37,227.57,1060646.30,13163590.70
2026-08-04T16:01:38+08:00,1,2,102.0,1848.1,8.45,63044.4,772407.7,97,6945,32768,37,292.93,1060646.38,13163609.62
2026-08-04T16:01:48+08:00,1,2,102.0,1848.1,8.24,63417.6,772407.7,97,6945,32768,37,259.37,1060646.44,13163601.56
2026-08-04T16:01:58+08:00,1,2,102.0,1848.1,7.72,63362.7,772407.7,97,6945,32768,37,241.38,1060646.52,13163613.48
2026-08-04T16:02:08+08:00,1,2,102.0,1848.3,7.61,64112.3,772407.7,97,6945,32768,37,295.46,1060646.31,13163652.69
2026-08-04T16:02:18+08:00,1,2,102.0,1848.2,7.51,64100.9,772407.7,97,6945,32768,38,270.07,1060646.82,13163660.18
2026-08-04T16:02:29+08:00,1,2,102.0,1848.2,7.42,65010.6,772407.7,95,6785,32768,38,261.80,1060646.96,13163681.04
2026-08-04T16:02:39+08:00,1,2,102.0,1847.9,7.21,64989.1,772407.7,97,6645,32768,37,264.90,1060647.32,13163711.68
2026-08-04T16:02:49+08:00,1,2,102.0,1848.2,6.93,65125.7,772407.7,96,6645,32768,37,233.90,1060647.44,13163745.56
2026-08-04T16:02:59+08:00,1,2,102.0,1848.2,7.14,65270.3,772407.7,97,6645,32768,38,295.17,1060647.58,13163769.42
2026-08-04T16:03:09+08:00,1,2,102.0,1847.8,6.81,64784.1,772407.7,96,6505,32768,37,252.24,1060647.08,13163775.92
2026-08-04T16:03:19+08:00,1,2,102.0,1848.5,6.99,65123.6,772407.7,96,6363,32768,37,263.75,1060647.85,13163795.15
2026-08-04T16:03:29+08:00,1,2,102.0,1848.2,7.16,64836.5,772407.7,95,6361,32768,37,254.99,1060648.14,13163802.86
2026-08-04T16:03:39+08:00,1,2,102.0,1847.9,7.13,64243.7,772407.7,97,6221,32768,37,261.00,1060648.29,13163820.71
2026-08-04T16:03:49+08:00,1,2,102.0,1849.1,6.72,64477.7,772407.7,97,6221,32768,37,254.51,1060648.44,13163843.56
2026-08-04T16:03:59+08:00,1,2,102.0,1849.2,6.84,64831.4,772407.7,96,6221,32768,37,274.45,1060648.60,13163834.40
2026-08-04T16:04:09+08:00,1,2,102.0,1847.9,6.78,64405.0,772407.7,98,6061,32768,37,267.33,1060648.75,13164167.25
2026-08-04T16:04:19+08:00,1,2,102.0,1848.1,6.89,64446.0,772407.7,97,6059,32768,37,276.09,1060648.85,13163810.15
2026-08-04T16:04:29+08:00,1,2,102.0,1849.4,8.42,64315.2,772407.7,96,5919,32768,36,298.86,1060649.03,13163805.97
2026-08-04T16:04:39+08:00,1,2,102.0,1848.9,8.26,63621.4,772407.7,98,5637,32768,36,266.36,1060649.38,13163933.62
2026-08-04T16:04:49+08:00,1,2,102.0,1849.2,8.22,64438.9,772407.7,87,5495,32768,35,262.12,1060649.60,13163984.40
2026-08-04T16:04:59+08:00,1,2,102.0,1848.9,8.20,64372.8,772407.7,80,5335,32768,35,277.55,1060649.76,13163993.24
2026-08-04T16:05:09+08:00,1,2,102.0,1848.4,8.17,63366.4,772407.7,78,5335,32768,33,227.08,1060650.29,13163984.71
2026-08-04T16:05:19+08:00,1,2,102.0,1891.5,7.83,64627.6,772407.7,76,1651,32768,33,77.87,1060650.51,13163966.49
2026-08-04T16:05:29+08:00,1,2,102.0,1891.7,7.80,63950.1,772407.7,78,1651,32768,33,77.92,1060650.70,13163923.30
2026-08-04T16:05:39+08:00,1,2,102.0,1891.4,7.23,63508.4,772407.7,77,1571,32768,34,75.47,1060650.90,13163886.10
2026-08-04T16:05:50+08:00,1,2,102.0,1891.5,7.85,63073.6,772407.7,87,1351,32768,34,74.49,1060651.08,13163834.92
2026-08-04T16:06:00+08:00,1,2,102.0,1849.7,7.56,62940.9,772407.7,89,1351,32768,34,75.03,1060651.25,13163802.75
2026-08-04T16:06:10+08:00,1,2,102.0,1891.5,7.64,62900.1,772407.7,86,1351,32768,34,73.51,1060651.48,13163782.52
2026-08-04T16:06:20+08:00,1,2,102.0,1891.5,7.77,62715.2,772407.7,89,1351,32768,34,73.96,1060651.28,13163782.72
2026-08-04T16:06:30+08:00,1,2,102.0,1891.7,7.62,62483.0,772407.7,88,1351,32768,34,76.50,1060651.93,13163750.07
2026-08-04T16:06:40+08:00,1,2,102.0,1891.3,6.91,62515.2,772407.7,82,1351,32768,34,73.51,1060652.18,13163741.82
2026-08-04T16:06:50+08:00,1,2,102.0,2009.2,6.70,63059.7,772407.7,90,1361,32768,35,74.49,1060652.56,13163736.44
2026-08-04T16:07:00+08:00,1,2,102.0,1945.2,6.68,62758.2,772407.7,93,5481,32768,36,147.79,1060652.77,13163735.23
2026-08-04T16:07:10+08:00,1,2,102.0,1945.3,6.50,63422.9,772407.7,94,5481,32768,37,220.75,1060652.99,13163709.01
2026-08-04T16:07:20+08:00,1,2,102.0,1945.2,6.50,63420.1,772407.7,97,5483,32768,37,225.43,1060653.21,13163710.79
2026-08-04T16:07:30+08:00,1,2,102.0,1945.0,6.90,63588.2,772407.7,96,5483,32768,38,242.51,1060653.50,13163715.50
2026-08-04T16:07:40+08:00,1,2,102.0,1945.2,7.92,64474.3,772407.7,97,5481,32768,38,294.49,1060654.01,13163707.99
2026-08-04T16:07:50+08:00,1,2,102.0,1945.2,8.77,64952.4,772407.7,95,5483,32768,38,255.80,1060654.25,13163702.75
2026-08-04T16:08:00+08:00,1,2,102.0,1945.0,9.04,64420.8,772407.7,94,5481,32768,38,256.94,1060654.46,13163746.54
2026-08-04T16:08:10+08:00,1,2,102.0,1945.3,8.34,63877.4,772407.7,96,5483,32768,38,263.75,1060654.53,13163770.47
2026-08-04T16:08:20+08:00,1,2,103.0,1945.2,7.91,63881.0,772407.7,95,5483,32768,38,294.49,1060656.65,13163795.35
2026-08-04T16:08:30+08:00,1,2,103.0,1945.1,7.91,64256.6,772407.7,97,5361,32768,38,256.94,1060657.21,13163803.79
2026-08-04T16:08:40+08:00,1,2,103.0,1945.3,7.98,64685.1,772407.7,96,5361,32768,38,282.23,1060657.26,13163855.74
2026-08-04T16:08:50+08:00,1,2,103.0,1945.2,7.60,64079.2,772407.7,94,5261,32768,37,266.36,1060657.23,13163867.77
2026-08-04T16:09:00+08:00,1,2,103.0,1945.1,7.66,64635.4,772407.7,96,5261,32768,37,257.60,1060657.49,13163898.51
2026-08-04T16:09:11+08:00,1,2,103.0,1945.2,7.80,65281.1,772407.7,95,5141,32768,37,258.89,1060657.49,13163930.51
2026-08-04T16:09:21+08:00,1,2,103.0,1945.3,7.90,64608.6,772407.7,97,5141,32768,38,260.35,1060657.53,13163909.47
2026-08-04T16:09:31+08:00,1,2,103.0,1945.0,8.57,64806.1,772407.7,97,5041,32768,38,274.45,1060657.42,13163954.58
2026-08-04T16:09:41+08:00,1,2,103.0,1945.2,8.47,65429.8,772407.7,97,4939,32768,37,283.21,1060657.66,13163950.34
2026-08-04T16:09:51+08:00,1,2,103.0,1945.3,8.02,64287.4,772407.7,98,4819,32768,37,252.08,1060652.48,13163954.52
2026-08-04T16:10:01+08:00,1,2,103.0,1944.8,8.27,64208.6,772407.7,97,4817,32768,37,265.52,1060652.34,13163969.66
2026-08-04T16:10:11+08:00,1,2,103.0,1944.8,7.76,64084.4,772407.7,97,4717,32768,37,294.20,1060652.24,13163977.76
2026-08-04T16:10:21+08:00,1,2,103.0,1944.7,7.32,64537.6,772407.7,98,4597,32768,36,279.80,1060652.96,13163985.04
2026-08-04T16:10:31+08:00,1,2,103.0,1944.7,7.27,64320.6,772407.7,81,4395,32768,36,241.37,1060653.01,13163988.99
2026-08-04T16:10:41+08:00,1,2,103.0,1944.7,7.94,64624.3,772407.7,78,4275,32768,35,263.12,1060653.07,13164115.93
2026-08-04T16:10:51+08:00,1,2,103.0,1934.6,8.49,64409.8,772407.7,89,2925,32768,35,73.12,1060653.89,13164130.11
2026-08-04T16:11:01+08:00,1,2,103.0,1848.2,8.51,64326.9,772407.7,93,6945,32768,36,134.50,1060653.67,13164154.33
2026-08-04T16:11:11+08:00,1,2,103.0,1847.9,8.35,64257.6,772407.7,97,6945,32768,37,237.62,1060653.75,13164182.25
2026-08-04T16:11:21+08:00,1,2,103.0,1849.1,7.85,64387.2,772407.7,97,6945,32768,37,219.49,1060653.98,13164208.02
2026-08-04T16:11:31+08:00,1,2,103.0,1849.0,7.65,64822.9,772407.7,96,6947,32768,37,197.99,1060654.02,13164229.98
2026-08-04T16:11:41+08:00,1,2,103.0,1848.8,8.09,65127.9,772407.7,97,6945,32768,37,258.89,1060653.42,13164218.58
2026-08-04T16:11:51+08:00,1,2,103.0,1848.7,8.06,65656.4,772407.7,98,6947,32768,38,289.83,1060654.13,13164221.87
2026-08-04T16:12:01+08:00,1,2,103.0,1848.8,7.76,65993.6,772407.7,96,6945,32768,38,260.03,1060654.18,13164216.82
2026-08-04T16:12:11+08:00,1,2,103.0,1848.6,7.86,64731.3,772407.7,95,6785,32768,37,251.76,1060654.04,13164204.96
2026-08-04T16:12:21+08:00,1,2,103.0,1848.7,8.35,66364.6,772407.7,97,6645,32768,37,273.79,1060654.09,13164191.91
2026-08-04T16:12:31+08:00,1,2,103.0,1848.4,8.47,65241.1,772407.7,96,6643,32768,37,294.20,1060654.18,13164188.82
2026-08-04T16:12:42+08:00,1,2,103.0,1848.5,8.16,65026.1,772407.7,95,6645,32768,37,260.52,1060654.60,13164186.40
2026-08-04T16:12:52+08:00,1,2,103.0,1848.7,7.75,64573.0,772407.7,97,6503,32768,37,272.20,1060654.55,13164213.45
2026-08-04T16:13:02+08:00,1,2,103.0,1848.4,7.41,64665.4,772407.7,96,6361,32768,37,260.35,1060654.56,13164215.44
2026-08-04T16:13:12+08:00,1,2,103.0,1848.6,7.33,63672.4,772407.7,96,6363,32768,37,278.46,1060654.38,13164187.62
2026-08-04T16:13:22+08:00,1,2,103.0,1848.8,6.89,63075.8,772407.7,97,6221,32768,37,272.99,1060654.30,13164214.70
2026-08-04T16:13:32+08:00,1,2,103.0,1848.7,6.85,63218.0,772407.7,96,6059,32768,37,258.40,1060654.37,13164210.63
2026-08-04T16:13:42+08:00,1,2,103.0,1848.4,6.89,62915.9,772407.7,97,6059,32768,37,295.85,1060654.46,13164207.54
2026-08-04T16:13:52+08:00,1,2,103.0,1848.6,7.61,62826.5,772407.7,95,5919,32768,37,268.61,1060654.53,13164209.47
2026-08-04T16:14:02+08:00,1,2,103.0,1848.7,7.91,62515.1,772407.7,97,5779,32768,36,261.49,1060654.49,13164196.51
2026-08-04T16:14:12+08:00,1,2,103.0,1848.4,7.55,62769.1,772407.7,83,5779,32768,37,289.83,1060654.68,13164197.32
2026-08-04T16:14:22+08:00,1,2,103.0,1848.6,7.15,62569.5,772407.7,83,5637,32768,36,272.81,1060654.71,13164188.29
2026-08-04T16:14:32+08:00,1,2,103.0,1848.5,7.13,62405.3,772407.7,89,5637,32768,36,294.69,1060654.71,13164174.29
2026-08-04T16:14:42+08:00,1,2,103.0,1848.6,6.72,63446.9,772407.7,90,5637,32768,36,286.42,1060654.95,13164167.05
2026-08-04T16:14:52+08:00,1,2,103.0,1848.6,6.77,62883.9,772407.7,85,5495,32768,36,289.63,1060655.01,13164147.99
2026-08-04T16:15:02+08:00,1,2,103.0,1848.6,6.87,62917.0,772407.7,83,5335,32768,35,268.92,1060655.07,13164122.93
2026-08-04T16:15:12+08:00,1,2,103.0,1848.5,7.14,63452.7,772407.7,77,5333,32768,33,234.72,1060655.54,13164119.46
2026-08-04T16:15:22+08:00,1,2,103.0,1892.2,7.50,63736.9,772407.7,82,1351,32768,34,77.38,1060655.70,13164117.30
2026-08-04T16:15:32+08:00,1,2,103.0,2017.3,8.19,63355.8,772407.7,89,1171,32768,34,76.50,1060655.87,13164126.13
2026-08-04T16:15:42+08:00,1,2,103.0,2017.1,8.77,63452.9,772407.7,93,1321,32768,35,74.00,1060655.96,13164126.04
2026-08-04T16:15:52+08:00,1,2,103.0,2017.1,8.18,63509.5,772407.7,91,1171,32768,35,77.04,1060656.23,13164334.77
2026-08-04T16:16:03+08:00,1,2,103.0,2169.5,7.54,64007.8,772407.7,90,1173,32768,34,74.98,1060648.59,13164142.41
2026-08-04T16:16:13+08:00,1,2,103.0,2017.1,7.39,64043.4,772407.7,90,1171,32768,34,77.92,1060648.88,13164146.12
2026-08-04T16:16:23+08:00,1,2,103.0,2016.6,7.78,64324.4,772407.7,94,1173,32768,34,80.36,1060649.22,13164160.78
2026-08-04T16:16:33+08:00,1,2,103.0,2017.0,7.52,64403.6,772407.7,91,1171,32768,34,76.94,1060649.31,13164203.69
2026-08-04T16:16:43+08:00,1,2,103.0,1892.0,7.06,64326.5,772407.7,89,1351,32768,34,74.00,1060655.12,13164225.88
2026-08-04T16:16:53+08:00,1,2,103.0,1872.1,7.67,64632.3,772407.7,85,1351,32768,34,81.83,1060655.31,13164268.69
2026-08-04T16:17:03+08:00,1,2,103.0,2016.8,8.46,65114.8,772407.7,93,1171,32768,35,76.01,1060655.27,13164302.73
2026-08-04T16:17:13+08:00,1,2,104.0,2016.9,8.17,65769.1,772407.7,80,1051,32768,35,73.07,1060655.97,13164323.03
2026-08-04T16:17:23+08:00,1,2,104.0,1944.4,8.13,65540.4,772407.7,85,5483,32768,36,190.68,1060656.78,13164352.22
2026-08-04T16:17:33+08:00,1,2,104.0,1944.6,8.05,65898.7,772407.7,96,5483,32768,36,184.83,1060656.94,13164355.06
2026-08-04T16:17:43+08:00,1,2,104.0,1944.8,11.08,65969.2,772407.7,96,5481,32768,37,202.38,1060658.10,13164361.90
2026-08-04T16:17:53+08:00,1,2,104.0,1944.5,10.76,65406.1,772407.7,96,5481,32768,37,292.74,1060658.64,13164398.36
2026-08-04T16:18:03+08:00,1,2,104.0,1944.7,10.26,65775.9,772407.7,98,5481,32768,37,252.73,1060658.83,13164408.17
2026-08-04T16:18:13+08:00,1,2,104.0,1945.8,10.38,65294.8,772407.7,95,5481,32768,37,263.26,1060659.00,13164433.00
2026-08-04T16:18:23+08:00,1,2,104.0,1945.3,10.70,65863.4,772407.7,96,5363,32768,37,251.59,1060659.18,13164436.82
2026-08-04T16:18:33+08:00,1,2,104.0,1945.3,11.74,65203.1,772407.7,96,5361,32768,37,281.75,1060659.37,13164452.63
2026-08-04T16:18:43+08:00,1,2,104.0,1945.1,11.62,64977.1,772407.7,95,5261,32768,38,249.16,1060660.88,13164459.12
2026-08-04T16:18:53+08:00,1,2,104.0,1945.0,11.07,65037.1,772407.7,96,5241,32768,37,256.29,1060661.47,13164467.53
2026-08-04T16:19:03+08:00,1,2,104.0,1945.1,11.16,65131.4,772407.7,96,5139,32768,38,287.39,1060661.94,13164480.06
2026-08-04T16:19:14+08:00,1,2,104.0,1945.1,10.68,64873.4,772407.7,94,5141,32768,37,285.26,1060662.80,13164540.20
2026-08-04T16:19:24+08:00,1,2,104.0,1945.5,10.44,66440.7,772407.7,96,5039,32768,37,293.61,1060663.01,13164623.99
2026-08-04T16:19:34+08:00,1,2,104.0,1945.0,11.22,65873.0,772407.7,97,4939,32768,37,237.31,1060663.23,13164667.77
2026-08-04T16:19:44+08:00,1,2,104.0,1945.2,10.81,65678.0,772407.7,97,4817,32768,37,262.95,1060663.93,13164703.07
2026-08-04T16:19:54+08:00,1,2,104.0,1945.1,9.99,65710.5,772407.7,98,4717,32768,37,252.09,1060663.67,13164720.33
2026-08-04T16:20:04+08:00,1,2,104.0,1945.0,10.24,65430.0,772407.7,99,4717,32768,37,250.78,1060663.90,13164711.10
2026-08-04T16:20:14+08:00,1,2,104.0,1945.2,9.60,66016.1,772407.7,98,4717,32768,37,286.91,1060664.53,13164666.47
2026-08-04T16:20:24+08:00,1,2,104.0,1945.1,8.89,65338.8,772407.7,99,4617,32768,37,261.32,1060664.88,13164616.12
2026-08-04T16:20:34+08:00,1,2,104.0,1944.9,8.04,65516.5,772407.7,98,4717,32768,37,241.85,1060665.12,13164579.88
2026-08-04T16:20:44+08:00,1,2,104.0,1945.2,8.13,64896.0,772407.7,97,4819,32768,37,264.86,1060665.11,13164515.89
2026-08-04T16:20:54+08:00,1,2,104.0,1945.2,7.88,65103.2,772407.7,97,4717,32768,37,262.78,1060665.17,13164477.83
2026-08-04T16:21:04+08:00,1,2,104.0,1944.9,8.13,65450.1,772407.7,97,4717,32768,37,286.42,1060665.21,13164449.79
2026-08-04T16:21:14+08:00,1,2,104.0,1944.9,7.86,64923.1,772407.7,98,4595,32768,37,257.91,1060665.28,13164448.72
2026-08-04T16:21:24+08:00,1,2,104.0,1945.2,7.82,63834.4,772407.7,98,4597,32768,37,259.20,1060665.20,13164424.80
2026-08-04T16:21:34+08:00,1,2,104.0,1945.1,7.70,64096.9,772407.7,75,4497,32768,36,300.52,1060665.19,13164384.81
2026-08-04T16:21:44+08:00,1,2,104.0,1944.9,7.97,64407.1,772407.7,87,4271,32768,35,197.15,1060665.23,13164347.77
2026-08-04T16:21:54+08:00,1,2,104.0,1848.7,8.45,63920.1,772407.7,94,6945,32768,36,212.61,1060665.27,13164334.73
2026-08-04T16:22:04+08:00,1,2,104.0,1848.7,8.85,63454.4,772407.7,97,6945,32768,37,201.76,1060665.32,13164312.68
2026-08-04T16:22:14+08:00,1,2,104.0,1848.4,8.27,63400.2,772407.7,97,6945,32768,37,296.92,1060660.14,13164301.86
2026-08-04T16:22:24+08:00,1,2,104.0,1848.5,7.85,63640.6,772407.7,97,6945,32768,38,309.35,1060660.15,13164284.85
2026-08-04T16:22:34+08:00,1,2,104.0,1848.8,7.88,63831.7,772407.7,96,6785,32768,38,243.48,1060660.35,13164262.65
2026-08-04T16:22:44+08:00,1,2,104.0,1848.6,7.98,64205.6,772407.7,97,6643,32768,38,252.08,1060659.97,13164232.03
2026-08-04T16:22:55+08:00,1,2,104.0,1848.6,7.82,64241.8,772407.7,95,6503,32768,37,243.97,1060659.97,13164203.03
2026-08-04T16:23:05+08:00,1,2,104.0,1848.5,8.23,64387.3,772407.7,93,6361,32768,37,255.48,1060660.84,13164177.16
2026-08-04T16:23:15+08:00,1,2,104.0,1848.6,8.42,63926.4,772407.7,97,6363,32768,37,291.28,1060660.91,13164164.09
2026-08-04T16:23:25+08:00,1,2,104.0,1848.6,8.54,64125.3,772407.7,97,6221,32768,37,243.97,1060660.93,13164145.07
2026-08-04T16:23:35+08:00,1,2,104.0,1848.6,7.69,63528.2,772407.7,98,6061,32768,37,215.54,1060660.51,13164128.49
2026-08-04T16:23:45+08:00,1,2,104.0,1848.7,7.44,62936.4,772407.7,97,6059,32768,37,250.78,1060661.05,13164782.95
2026-08-04T16:23:55+08:00,1,2,104.0,1848.6,7.45,63414.9,772407.7,97,5777,32768,37,247.05,1060661.12,13164094.88
2026-08-04T16:24:05+08:00,1,2,104.0,1848.3,7.62,64049.7,772407.7,85,5639,32768,36,240.39,1060661.19,13164063.81
2026-08-04T16:24:15+08:00,1,2,104.0,1848.5,7.98,64206.1,772407.7,83,5495,32768,36,254.36,1060661.24,13164055.76
2026-08-04T16:24:25+08:00,1,2,104.0,1848.4,8.52,65076.0,772407.7,80,5335,32768,34,223.19,1060661.30,13164025.70
2026-08-04T16:24:35+08:00,1,2,104.0,1891.9,8.66,63909.2,772407.7,75,1671,32768,33,111.04,1060661.06,13164014.94
2026-08-04T16:24:45+08:00,1,2,104.0,1850.1,9.03,64421.4,772407.7,85,1351,32768,34,75.47,1060661.19,13164006.81
2026-08-04T16:24:55+08:00,1,2,104.0,2017.5,8.57,65199.3,772407.7,87,1051,32768,35,73.03,1060661.46,13164013.54
2026-08-04T16:25:05+08:00,1,2,104.0,1945.5,11.05,63849.8,772407.7,90,5483,32768,36,209.96,1060661.50,13164013.50
2026-08-04T16:25:15+08:00,1,2,104.0,2017.3,9.80,63712.7,772407.7,90,2523,32768,36,75.08,1060661.94,13164031.06
2026-08-04T16:25:25+08:00,1,2,104.0,1977.1,9.23,63928.0,772407.7,87,5481,32768,36,87.21,1060667.61,13164084.39
2026-08-04T16:25:35+08:00,1,2,104.0,1945.2,8.90,64202.6,772407.7,89,5481,32768,36,217.48,1060671.04,13164108.96
2026-08-04T16:25:45+08:00,1,2,104.0,1945.2,9.14,63610.0,772407.7,93,5481,32768,37,207.74,1060676.86,13164102.14
2026-08-04T16:25:55+08:00,1,2,104.0,1944.9,9.13,64084.3,772407.7,93,5481,32768,37,229.97,1060682.98,13164081.02
2026-08-04T16:26:05+08:00,1,2,104.0,1945.3,9.02,63689.1,772407.7,95,5483,32768,37,294.30,1060673.35,13164075.65
2026-08-04T16:26:15+08:00,1,2,104.0,1945.3,8.62,63637.7,772407.7,96,5481,32768,38,246.40,1060679.11,13164037.89
2026-08-04T16:26:25+08:00,1,2,104.0,1945.1,8.29,63748.4,772407.7,96,5481,32768,37,274.45,1060679.94,13163993.06
2026-08-04T16:26:35+08:00,1,2,104.0,1945.3,7.78,63034.7,772407.7,95,5483,32768,38,289.63,1060685.21,13163958.79
2026-08-04T16:26:45+08:00,1,2,104.0,1945.2,8.14,63101.2,772407.7,95,5361,32768,37,240.56,1060670.91,13163935.09
2026-08-04T16:26:55+08:00,1,2,104.0,1945.0,7.88,62661.0,772407.7,96,5361,32768,37,277.67,1060675.38,13163932.62
2026-08-04T16:27:05+08:00,1,2,104.0,1945.1,8.63,63205.9,772407.7,93,5261,32768,38,288.85,1060669.54,13163891.46
2026-08-04T16:27:16+08:00,1,2,104.0,1945.3,8.00,63095.9,772407.7,97,5141,32768,37,267.64,1060671.67,13163883.33
2026-08-04T16:27:26+08:00,1,2,104.0,1945.1,8.00,63742.4,772407.7,95,5141,32768,38,303.43,1060668.50,13163892.50
2026-08-04T16:27:36+08:00,1,2,104.0,1945.1,7.83,63649.3,772407.7,97,4939,32768,37,291.77,1060670.30,13163886.70
2026-08-04T16:27:46+08:00,1,2,104.0,1945.3,8.17,63783.9,772407.7,97,4819,32768,37,292.26,1060669.42,13163878.58
2026-08-04T16:27:56+08:00,1,2,104.0,1945.4,7.93,63640.8,772407.7,96,4717,32768,37,266.18,1060671.46,13163863.54
2026-08-04T16:28:06+08:00,1,2,104.0,1945.2,7.95,63615.2,772407.7,96,4717,32768,37,261.49,1060673.56,13163861.44
2026-08-04T16:28:16+08:00,1,2,104.0,1945.1,7.73,64507.9,772407.7,97,4597,32768,37,261.80,1060675.57,13163849.43
2026-08-04T16:28:26+08:00,1,2,104.0,1945.2,8.13,64485.6,772407.7,100,4597,32768,37,300.81,1060677.33,13163846.67
2026-08-04T16:28:36+08:00,1,2,104.0,1945.2,7.81,63859.7,772407.7,90,4497,32768,36,294.98,1060674.25,13163858.75
2026-08-04T16:28:46+08:00,1,2,104.0,1945.2,9.17,64111.3,772407.7,84,4395,32768,35,276.88,1060675.90,13163854.10
2026-08-04T16:28:56+08:00,1,2,105.0,1945.0,8.98,64440.0,772407.7,77,4273,32768,34,212.61,1060677.85,13163878.15
2026-08-04T16:29:06+08:00,1,2,105.0,1945.3,8.67,64067.1,772407.7,92,3265,32768,35,73.03,1060679.96,13163874.04
2026-08-04T16:29:16+08:00,1,2,105.0,1848.6,8.49,64037.4,772407.7,93,6945,32768,36,217.00,1060681.85,13163892.15
2026-08-04T16:29:26+08:00,1,2,105.0,1848.8,8.42,63755.1,772407.7,95,6945,32768,37,222.50,1060678.80,13163902.20
2026-08-04T16:29:36+08:00,1,2,105.0,1848.7,8.74,64759.1,772407.7,97,6945,32768,37,205.65,1060680.77,13163906.23
2026-08-04T16:29:46+08:00,1,2,105.0,1848.6,8.40,64572.0,772407.7,97,6945,32768,37,228.06,1060682.77,13163909.23
2026-08-04T16:29:56+08:00,1,2,105.0,1848.3,7.95,64348.1,772407.7,97,6947,32768,37,226.11,1060684.70,13164605.30
2026-08-04T16:30:06+08:00,1,2,105.0,1847.9,7.65,64577.8,772407.7,96,6945,32768,37,223.19,1060671.36,13163946.64
2026-08-04T16:30:16+08:00,1,2,105.0,1848.3,7.79,64030.7,772407.7,95,6945,32768,37,225.62,1060667.97,13163967.03
2026-08-04T16:30:26+08:00,1,2,105.0,1848.1,8.43,65160.9,772407.7,96,6945,32768,37,281.14,1060669.59,13163987.41
2026-08-04T16:30:36+08:00,1,2,105.0,1847.8,8.35,64214.5,772407.7,97,6945,32768,37,303.72,1060671.00,13164002.00
2026-08-04T16:30:46+08:00,1,2,105.0,1848.2,8.21,63918.4,772407.7,96,6785,32768,37,252.73,1060672.51,13163999.49
2026-08-04T16:30:57+08:00,1,2,105.0,1848.1,8.26,63672.0,772407.7,97,6645,32768,37,238.61,1060669.19,13164025.81
2026-08-04T16:31:07+08:00,1,2,105.0,1848.9,7.75,62756.6,772407.7,97,6505,32768,37,266.67,1060670.54,13164049.46
2026-08-04T16:31:17+08:00,1,2,105.0,1848.9,7.73,63846.1,772407.7,97,6361,32768,37,247.21,1060671.90,13164176.10
2026-08-04T16:31:27+08:00,1,2,105.0,1849.0,7.71,63488.8,772407.7,93,6361,32768,37,307.61,1060673.31,13164191.69
2026-08-04T16:31:37+08:00,1,2,105.0,1848.5,7.30,63607.5,772407.7,95,6221,32768,37,243.97,1060669.64,13164233.36
2026-08-04T16:31:47+08:00,1,2,105.0,1848.8,7.33,64127.8,772407.7,97,6061,32768,37,243.32,1060671.56,13164151.44
2026-08-04T16:31:57+08:00,1,2,105.0,1848.8,7.21,63664.7,772407.7,97,6059,32768,37,271.53,1060670.02,13164167.98
2026-08-04T16:32:07+08:00,1,2,105.0,1848.4,7.33,62701.3,772407.7,97,5919,32768,37,256.30,1060670.24,13164173.76
2026-08-04T16:32:17+08:00,1,2,105.0,1848.6,7.12,63293.4,772407.7,97,5777,32768,37,270.07,1060670.44,13164114.56
2026-08-04T16:32:27+08:00,1,2,105.0,1848.6,8.39,63428.0,772407.7,97,5777,32768,37,274.27,1060670.67,13164035.33
2026-08-04T16:32:37+08:00,1,2,105.0,1848.6,8.09,63194.3,772407.7,95,5639,32768,36,238.77,1060670.89,13163978.11
2026-08-04T16:32:47+08:00,1,2,105.0,1848.7,7.85,63568.6,772407.7,83,5637,32768,36,299.15,1060671.09,13163917.91
2026-08-04T16:32:57+08:00,1,2,105.0,1848.6,7.63,63546.4,772407.7,89,5495,32768,36,229.85,1060671.37,13163888.63
2026-08-04T16:33:07+08:00,1,2,105.0,1848.4,7.31,63411.6,772407.7,88,5335,32768,34,254.99,1060671.95,13163864.05
2026-08-04T16:33:17+08:00,1,2,105.0,1850.2,7.96,62999.4,772407.7,90,3815,32768,34,210.52,1060672.20,13163833.80
2026-08-04T16:33:27+08:00,1,2,105.0,1892.2,7.88,63769.2,772407.7,86,1491,32768,33,75.47,1060672.11,13163808.89
2026-08-04T16:33:37+08:00,1,2,105.0,1891.9,8.52,63787.5,772407.7,83,1491,32768,34,73.07,1060672.06,13163793.94
2026-08-04T16:33:47+08:00,1,2,105.0,1892.0,8.67,63890.8,772407.7,79,1351,32768,34,76.45,1060672.29,13163776.71
2026-08-04T16:33:57+08:00,1,2,105.0,2017.0,8.41,63989.3,772407.7,77,1171,32768,34,78.41,1060672.34,13163765.66
2026-08-04T16:34:07+08:00,1,2,105.0,1945.1,8.58,63587.3,772407.7,90,5483,32768,35,95.96,1060672.46,13163737.54
2026-08-04T16:34:18+08:00,1,2,105.0,1945.1,8.64,63342.4,772407.7,95,5481,32768,36,90.58,1060672.47,13163737.53
2026-08-04T16:34:28+08:00,1,2,105.0,1945.1,8.46,64039.7,772407.7,81,5481,32768,36,204.68,1060672.53,13163714.47
2026-08-04T16:34:38+08:00,1,2,105.0,1945.0,8.09,63896.4,772407.7,95,5483,32768,38,290.31,1060672.58,13163704.42
2026-08-04T16:34:48+08:00,1,2,105.0,1945.1,8.13,63491.8,772407.7,95,5483,32768,37,297.60,1060666.93,13163712.07
2026-08-04T16:34:58+08:00,1,2,105.0,1944.7,7.66,63455.1,772407.7,97,5261,32768,37,257.74,1060667.46,13163686.54
2026-08-04T16:35:08+08:00,1,2,105.0,1945.0,7.87,63943.4,772407.7,94,5141,32768,37,263.26,1060667.49,13163709.51
2026-08-04T16:35:18+08:00,1,2,105.0,1944.8,8.12,64527.1,772407.7,95,4939,32768,37,281.56,1060667.54,13163689.46
2026-08-04T16:35:28+08:00,1,2,105.0,1944.4,8.49,63723.2,772407.7,99,4595,32768,37,267.82,1060667.60,13163696.40
2026-08-04T16:35:38+08:00,1,2,105.0,1944.9,8.40,63711.5,772407.7,76,4395,32768,36,257.60,1060667.75,13163682.25
2026-08-04T16:35:48+08:00,1,2,105.0,1848.2,8.35,64472.9,772407.7,86,6947,32768,36,89.11,1060668.05,13163661.95
2026-08-04T16:35:58+08:00,1,2,105.0,1847.9,8.20,64521.5,772407.7,97,6947,32768,37,219.43,1060668.28,13163647.72
2026-08-04T16:36:08+08:00,1,2,105.0,1849.0,7.96,64788.8,772407.7,97,6945,32768,37,265.21,1060668.51,13163605.49
2026-08-04T16:36:18+08:00,1,2,105.0,1849.1,8.26,64795.3,772407.7,97,6785,32768,37,280.29,1060668.61,13163581.39
2026-08-04T16:36:28+08:00,1,2,105.0,1848.7,7.76,64330.9,772407.7,97,6645,32768,37,273.96,1060668.67,13163621.33
2026-08-04T16:36:38+08:00,1,2,105.0,1848.6,7.50,64546.2,772407.7,96,6645,32768,37,265.38,1060668.74,13163688.26
2026-08-04T16:36:48+08:00,1,2,105.0,1848.8,7.35,65234.4,772407.7,96,6645,32768,37,240.56,1060668.81,13163671.19
2026-08-04T16:36:58+08:00,1,2,105.0,1848.4,7.69,64969.2,772407.7,96,6505,32768,37,281.26,1060668.83,13163662.17
2026-08-04T16:37:08+08:00,1,2,105.0,1848.6,7.41,64866.2,772407.7,98,6503,32768,37,252.08,1060668.86,13163656.14
2026-08-04T16:37:18+08:00,1,2,105.0,1848.6,7.28,64940.8,772407.7,96,6503,32768,37,248.02,1060668.76,13163644.24
2026-08-04T16:37:28+08:00,1,2,105.0,1848.5,7.01,64769.3,772407.7,96,6503,32768,37,261.98,1060668.85,13163599.15
2026-08-04T16:37:38+08:00,1,2,105.0,1848.6,8.10,64869.5,772407.7,97,6361,32768,37,257.60,1060669.13,13163565.87
2026-08-04T16:37:49+08:00,1,2,105.0,1848.6,8.32,64869.8,772407.7,96,6221,32768,37,248.84,1060669.22,13163525.78
2026-08-04T16:37:59+08:00,1,2,105.0,1848.7,8.65,64200.4,772407.7,98,6221,32768,38,279.80,1060669.26,13163491.74
2026-08-04T16:38:09+08:00,1,2,105.0,1848.7,9.16,64908.2,772407.7,96,6061,32768,37,260.52,1060669.46,13164144.54
2026-08-04T16:38:19+08:00,1,2,105.0,1848.6,10.31,64255.2,772407.7,95,5777,32768,36,271.89,1060669.93,13163448.07
2026-08-04T16:38:29+08:00,1,2,105.0,1848.6,9.50,64551.5,772407.7,89,5637,32768,36,293.71,1060670.00,13163419.00
2026-08-04T16:38:39+08:00,1,2,105.0,1848.6,8.81,64206.4,772407.7,85,5335,32768,35,252.08,1060670.06,13163409.94
2026-08-04T16:38:49+08:00,1,2,105.0,1892.2,8.85,64808.2,772407.7,78,1351,32768,34,74.59,1060670.17,13163381.83
2026-08-04T16:38:59+08:00,1,2,105.0,2185.6,9.28,64790.0,772407.7,73,1351,32768,34,80.31,1060670.13,13163392.87
2026-08-04T16:39:09+08:00,1,2,105.0,1997.2,8.62,64379.3,772407.7,88,3101,32768,35,75.42,1060670.32,13163406.68
2026-08-04T16:39:19+08:00,1,2,105.0,1944.7,8.39,64890.9,772407.7,84,5481,32768,36,89.11,1060670.42,13163426.58
2026-08-04T16:39:29+08:00,1,2,105.0,1944.9,7.95,64791.1,772407.7,92,5481,32768,36,222.70,1060670.82,13163438.18
2026-08-04T16:39:39+08:00,1,2,105.0,1944.8,7.78,64415.5,772407.7,92,5481,32768,37,218.46,1060672.77,13163436.23
2026-08-04T16:39:49+08:00,1,2,105.0,1944.5,7.52,64316.9,772407.7,93,5481,32768,37,225.13,1060673.22,13163430.78
2026-08-04T16:39:59+08:00,1,2,105.0,1944.9,6.90,64329.8,772407.7,95,5483,32768,37,209.20,1060673.17,13163454.83
2026-08-04T16:40:09+08:00,1,2,105.0,1944.7,6.83,64579.2,772407.7,96,5481,32768,37,227.57,1060673.52,13163471.48
2026-08-04T16:40:19+08:00,1,2,105.0,1944.4,6.69,64835.9,772407.7,97,5483,32768,37,235.21,1060673.92,13163480.08
2026-08-04T16:40:29+08:00,1,2,105.0,1944.7,6.83,64390.0,772407.7,96,5481,32768,38,250.62,1060673.80,13163491.20
2026-08-04T16:40:39+08:00,1,2,105.0,1945.7,6.76,64129.6,772407.7,95,5361,32768,37,267.82,1060674.14,13163525.86
2026-08-04T16:40:49+08:00,1,2,105.0,1945.4,6.26,64321.4,772407.7,96,5481,32768,37,291.77,1060674.63,13163522.37
2026-08-04T16:40:59+08:00,1,2,105.0,1945.3,6.30,63571.3,772407.7,97,5361,32768,38,249.97,1060674.77,13163569.23
2026-08-04T16:41:09+08:00,1,2,105.0,1945.4,6.02,63058.1,772407.7,95,5261,32768,37,272.20,1060674.86,13163535.14
2026-08-04T16:41:20+08:00,1,2,105.0,1945.2,6.17,63841.4,772407.7,95,5261,32768,37,299.83,1060675.02,13163540.98
2026-08-04T16:41:30+08:00,1,2,105.0,1945.1,6.46,63522.4,772407.7,93,5141,32768,37,298.09,1060675.14,13163550.86
2026-08-04T16:41:40+08:00,1,2,105.0,1945.2,7.11,63455.8,772407.7,94,5043,32768,37,243.48,1060674.70,13163538.30
2026-08-04T16:41:50+08:00,1,2,105.0,1945.4,6.86,63060.1,772407.7,94,5041,32768,37,240.56,1060675.54,13163553.46
2026-08-04T16:42:00+08:00,1,2,105.0,1945.3,6.67,63451.0,772407.7,95,5039,32768,37,276.21,1060675.69,13163563.31
2026-08-04T16:42:10+08:00,1,2,105.0,1945.3,7.02,63633.4,772407.7,96,5039,32768,37,273.48,1060675.87,13163593.13
2026-08-04T16:42:20+08:00,1,2,105.0,1945.1,7.09,64012.5,772407.7,98,4821,32768,37,270.56,1060675.80,13163596.20
2026-08-04T16:42:30+08:00,1,2,105.0,1945.4,6.99,63774.8,772407.7,98,4817,32768,37,278.64,1060676.25,13163599.75
2026-08-04T16:42:40+08:00,1,2,105.0,1945.1,7.45,63973.1,772407.7,99,4717,32768,37,239.43,1060676.56,13163590.44
2026-08-04T16:42:50+08:00,1,2,105.0,1945.2,7.76,63903.8,772407.7,84,4597,32768,37,253.85,1060676.71,13163585.29
2026-08-04T16:43:00+08:00,1,2,105.0,1945.2,7.57,64437.1,772407.7,100,4495,32768,37,277.86,1060677.11,13163572.89
2026-08-04T16:43:10+08:00,1,2,105.0,1945.1,7.56,64084.8,772407.7,75,4395,32768,36,235.36,1060677.10,13163559.90
2026-08-04T16:43:20+08:00,1,2,105.0,1945.2,7.57,63759.7,772407.7,78,4395,32768,36,288.85,1060677.36,13163559.64
2026-08-04T16:43:30+08:00,1,2,105.0,1945.1,8.34,64361.3,772407.7,85,4273,32768,35,137.34,1060677.83,13163551.17
2026-08-04T16:43:40+08:00,1,2,105.0,1921.1,8.20,64453.6,772407.7,89,3625,32768,35,73.07,1060677.96,13163549.04
2026-08-04T16:43:50+08:00,1,2,105.0,1913.1,7.79,64352.3,772407.7,90,4305,32768,35,74.00,1060678.10,13163529.90
2026-08-04T16:44:00+08:00,1,2,105.0,1913.0,8.14,64235.0,772407.7,91,4247,32768,35,74.00,1060678.44,13163530.56
2026-08-04T16:44:10+08:00,1,2,105.0,1678.2,8.34,60328.3,772407.7,0,1051,32768,29,56.43,1060678.73,13163531.27
2026-08-04T16:44:20+08:00,1,2,105.0,1678.2,8.35,60710.9,772407.7,0,1051,32768,29,55.94,1060678.54,13163522.46
2026-08-04T16:44:30+08:00,1,2,105.0,1678.2,7.61,61368.3,772407.7,0,1051,32768,29,55.90,1060679.25,13163539.75
2026-08-04T16:44:40+08:00,1,2,105.0,1678.2,7.05,62361.4,772407.7,0,1051,32768,29,55.90,1060679.44,13163554.56
2026-08-04T16:44:51+08:00,1,2,105.0,1678.2,7.28,64106.5,772407.7,0,1051,32768,29,55.90,1060679.06,13163688.94
2026-08-04T16:45:01+08:00,1,2,104.0,1678.2,10.49,64465.4,772407.7,0,1051,32768,29,55.94,1060680.03,13163766.97
2026-08-04T16:45:11+08:00,1,2,104.0,1684.7,10.29,60922.9,772407.7,0,1051,32768,29,56.01,1060680.27,13163803.73
2026-08-04T16:45:21+08:00,1,2,104.0,1684.7,9.62,61198.6,772407.7,0,1051,32768,29,55.94,1060680.44,13163784.56
2026-08-04T16:45:31+08:00,1,2,104.0,1684.7,9.51,61175.0,772407.7,0,1051,32768,29,56.01,1060680.73,13163771.27
2026-08-04T16:45:41+08:00,1,2,104.0,1684.7,11.85,62619.0,772407.7,0,1051,32768,29,55.97,1060680.86,13163736.14
2026-08-04T16:45:51+08:00,1,2,104.0,1684.7,12.24,62331.2,772407.7,0,1051,32768,29,55.97,1060681.06,13163668.94
2026-08-04T16:46:01+08:00,1,2,103.0,1684.7,12.49,63349.4,772407.7,0,1051,32768,29,55.94,1060681.55,13163607.45
2026-08-04T16:46:11+08:00,1,2,103.0,1687.9,12.33,63322.7,772407.7,0,1051,32768,29,55.90,1060681.32,13163573.68
2026-08-04T16:46:21+08:00,1,2,103.0,1687.8,11.12,59664.5,772407.7,0,1051,32768,29,55.90,1060681.42,13163520.58
2026-08-04T16:46:31+08:00,1,2,103.0,1687.8,10.26,60555.9,772407.7,0,1051,32768,29,55.94,1060681.47,13163483.53
2026-08-04T16:46:41+08:00,1,2,103.0,1687.8,9.67,61954.7,772407.7,0,1051,32768,29,55.94,1060673.66,13163440.34
2026-08-04T16:46:51+08:00,1,2,103.0,1687.8,9.35,61797.1,772407.7,0,1051,32768,29,56.01,1060674.12,13163411.88
2026-08-04T16:47:01+08:00,1,2,102.0,1687.8,10.13,63923.0,772407.7,0,1051,32768,29,55.94,1060674.15,13163383.85
2026-08-04T16:47:11+08:00,1,2,102.0,1687.8,10.79,63043.6,772407.7,0,1051,32768,29,55.90,1060669.16,13163358.84
2026-08-04T16:47:21+08:00,1,2,102.0,1860.7,10.73,63753.0,772407.7,96,6785,32768,37,261.66,1060674.85,13163327.15
2026-08-04T16:47:31+08:00,1,2,102.0,1860.8,10.40,63959.6,772407.7,96,6785,32768,37,302.75,1060674.90,13163306.10
2026-08-04T16:47:41+08:00,1,2,102.0,1861.0,10.35,64370.7,772407.7,97,6785,32768,37,305.18,1060674.96,13163284.04
2026-08-04T16:47:51+08:00,1,2,102.0,1860.8,10.05,63861.4,772407.7,97,6645,32768,37,242.18,1060675.99,13163266.01
2026-08-04T16:48:01+08:00,1,2,102.0,1860.9,9.89,63605.2,772407.7,90,6505,32768,36,244.78,1060676.02,13163254.98
2026-08-04T16:48:11+08:00,1,2,102.0,1860.8,9.28,63766.1,772407.7,97,6503,32768,37,272.38,1060676.09,13163261.91
2026-08-04T16:48:21+08:00,1,2,102.0,1861.0,8.99,63502.9,772407.7,97,6505,32768,37,292.93,1060676.71,13163282.29
2026-08-04T16:48:31+08:00,1,2,102.0,1860.7,8.68,64001.1,772407.7,97,6503,32768,37,279.32,1060677.31,13163286.69
2026-08-04T16:48:42+08:00,1,2,102.0,1860.9,8.28,63349.3,772407.7,96,6361,32768,37,263.26,1060677.41,13163272.59
2026-08-04T16:48:52+08:00,1,2,102.0,1861.0,8.16,63697.4,772407.7,91,6363,32768,37,295.95,1060677.43,13163259.57
2026-08-04T16:49:02+08:00,1,2,102.0,1860.7,7.83,63788.9,772407.7,96,6223,32768,37,258.72,1060677.51,13163286.49
2026-08-04T16:49:12+08:00,1,2,102.0,1860.9,7.69,63815.2,772407.7,97,6221,32768,37,252.90,1060677.57,13163287.43
2026-08-04T16:49:22+08:00,1,2,102.0,1860.8,7.51,63763.2,772407.7,96,6221,32768,37,239.59,1060677.76,13163314.24
2026-08-04T16:49:32+08:00,1,2,102.0,1860.8,7.73,63740.0,772407.7,96,6061,32768,37,240.23,1060677.82,13163324.18
2026-08-04T16:49:42+08:00,1,2,102.0,1860.9,7.69,63749.6,772407.7,97,6059,32768,37,243.64,1060677.64,13163321.36
2026-08-04T16:49:52+08:00,1,2,102.0,1860.9,8.70,64115.2,772407.7,97,6059,32768,37,291.58,1060677.72,13163306.28
2026-08-04T16:50:02+08:00,1,2,102.0,1860.9,8.67,63498.6,772407.7,96,6059,32768,37,285.45,1060677.80,13163301.20
2026-08-04T16:50:12+08:00,1,2,102.0,1861.0,8.79,63734.1,772407.7,97,6059,32768,37,295.66,1060677.89,13163299.11
2026-08-04T16:50:22+08:00,1,2,102.0,1860.9,8.59,63806.8,772407.7,96,5919,32768,37,262.64,1060678.00,13163324.00
2026-08-04T16:50:32+08:00,1,2,102.0,1860.6,8.58,64043.0,772407.7,96,5919,32768,36,284.48,1060678.47,13163363.53
2026-08-04T16:50:42+08:00,1,2,103.0,1861.0,8.49,63421.1,772407.7,86,5637,32768,36,245.91,1060678.53,13163395.47
2026-08-04T16:50:52+08:00,1,2,103.0,1860.9,8.79,63320.1,772407.7,83,5495,32768,35,292.74,1060678.63,13163408.37
2026-08-04T16:51:02+08:00,1,2,103.0,1904.3,8.44,63110.8,772407.7,74,1673,32768,33,99.74,1060678.70,13163404.30
2026-08-04T16:51:12+08:00,1,2,103.0,1904.5,8.30,63670.3,772407.7,89,1351,32768,34,76.40,1060678.79,13163376.21
2026-08-04T16:51:22+08:00,1,2,103.0,2029.0,8.48,63830.5,772407.7,79,1171,32768,34,84.71,1060678.83,13163456.17
2026-08-04T16:51:32+08:00,1,2,103.0,2029.1,8.24,63862.1,772407.7,78,1051,32768,35,73.03,1060679.07,13163566.93
2026-08-04T16:51:42+08:00,1,2,103.0,1994.8,8.21,65034.8,772407.7,76,3843,32768,35,75.42,1060679.17,13163519.83
2026-08-04T16:51:53+08:00,1,2,103.0,1957.1,7.88,64740.4,772407.7,84,5483,32768,36,196.17,1060679.25,13163486.75
2026-08-04T16:52:03+08:00,1,2,103.0,1957.0,7.88,64506.1,772407.7,92,5481,32768,37,212.26,1060679.33,13163472.67
2026-08-04T16:52:13+08:00,1,2,103.0,1956.8,7.82,65057.6,772407.7,94,5481,32768,37,242.99,1060679.40,13163421.60
2026-08-04T16:52:23+08:00,1,2,103.0,1956.9,8.06,64249.2,772407.7,97,5361,32768,38,253.54,1060679.72,13163355.28
2026-08-04T16:52:33+08:00,1,2,103.0,1958.0,7.96,64514.9,772407.7,95,5261,32768,37,261.00,1060680.13,13163298.87
2026-08-04T16:52:43+08:00,1,2,103.0,1957.5,7.97,63984.8,772407.7,96,5141,32768,37,264.55,1060680.33,13163247.67
2026-08-04T16:52:53+08:00,1,2,103.0,1957.5,8.11,64683.2,772407.7,95,5039,32768,37,292.26,1060680.60,13163247.40
2026-08-04T16:53:03+08:00,1,2,103.0,1957.6,8.24,64029.8,772407.7,98,4819,32768,37,279.68,1060680.82,13163238.18
2026-08-04T16:53:13+08:00,1,2,103.0,1957.3,8.75,63972.3,772407.7,80,4495,32768,36,252.73,1060681.05,13163215.95
2026-08-04T16:53:23+08:00,1,2,103.0,1957.4,8.39,64172.9,772407.7,72,4397,32768,36,294.01,1060681.26,13163204.74
2026-08-04T16:53:33+08:00,1,2,103.0,1871.2,8.42,64463.2,772407.7,88,6945,32768,35,82.27,1060681.60,13163194.40
2026-08-04T16:53:43+08:00,1,2,103.0,1861.2,8.51,64322.3,772407.7,96,6947,32768,36,218.95,1060681.88,13163210.12
2026-08-04T16:53:53+08:00,1,2,103.0,1860.8,8.27,64243.2,772407.7,98,6947,32768,37,222.50,1060682.18,13163218.82
2026-08-04T16:54:03+08:00,1,2,103.0,1860.9,8.14,63703.7,772407.7,96,6945,32768,37,210.52,1060682.71,13163236.29
2026-08-04T16:54:13+08:00,1,2,103.0,1861.1,10.62,63683.4,772407.7,97,6945,32768,37,211.98,1060682.91,13163255.09
2026-08-04T16:54:23+08:00,1,2,103.0,1860.8,9.97,63736.4,772407.7,97,6945,32768,37,200.78,1060683.10,13163268.90
2026-08-04T16:54:33+08:00,1,2,103.0,1860.9,10.22,63726.5,772407.7,97,6945,32768,38,295.46,1060683.34,13163288.66
2026-08-04T16:54:43+08:00,1,2,103.0,1860.8,9.80,63191.0,772407.7,96,6947,32768,37,253.22,1060683.58,13163998.42
2026-08-04T16:54:53+08:00,1,2,103.0,1860.7,9.51,63212.6,772407.7,98,6945,32768,37,250.13,1060683.73,13163315.27
2026-08-04T16:55:03+08:00,1,2,103.0,1860.9,9.96,63890.8,772407.7,97,6947,32768,38,276.21,1060683.92,13163333.08
2026-08-04T16:55:13+08:00,1,2,103.0,1860.9,9.87,63894.3,772407.7,97,6947,32768,38,302.95,1060684.10,13163370.90
2026-08-04T16:55:24+08:00,1,2,103.0,1860.9,9.36,64758.0,772407.7,97,6785,32768,37,261.98,1060684.29,13163384.71
2026-08-04T16:55:34+08:00,1,2,103.0,1861.0,9.75,64456.3,772407.7,97,6785,32768,37,247.86,1060684.46,13163417.54
2026-08-04T16:55:44+08:00,1,2,103.0,1860.9,10.16,64852.5,772407.7,97,6783,32768,37,275.91,1060684.59,13163427.41
2026-08-04T16:55:54+08:00,1,2,103.0,1860.7,10.72,64993.8,772407.7,97,6645,32768,37,257.60,1060684.53,13163436.47
2026-08-04T16:56:04+08:00,1,2,103.0,1861.0,10.45,64555.2,772407.7,97,6643,32768,38,246.89,1060684.89,13163449.11
2026-08-04T16:56:14+08:00,1,2,103.0,1860.9,9.82,64774.0,772407.7,97,6645,32768,37,283.32,1060685.10,13163465.90
2026-08-04T16:56:24+08:00,1,2,103.0,1861.1,9.38,65225.7,772407.7,98,6505,32768,37,269.10,1060685.33,13163459.67
2026-08-04T16:56:34+08:00,1,2,103.0,1860.7,10.09,64543.3,772407.7,97,6503,32768,38,292.93,1060685.49,13163450.51
2026-08-04T16:56:44+08:00,1,2,103.0,1861.0,9.74,64447.0,772407.7,97,6503,32768,38,277.19,1060685.73,13163448.27
2026-08-04T16:56:54+08:00,1,2,103.0,1860.9,9.31,64070.2,772407.7,97,6363,32768,38,257.91,1060686.29,13163471.71
2026-08-04T16:57:04+08:00,1,2,103.0,1860.7,9.41,63358.2,772407.7,93,6221,32768,37,241.05,1060686.53,13163462.47
2026-08-04T16:57:14+08:00,1,2,103.0,1861.0,9.90,63417.4,772407.7,96,6221,32768,37,306.15,1060686.74,13163482.26
2026-08-04T16:57:24+08:00,1,2,103.0,1861.0,9.60,63669.2,772407.7,96,6059,32768,37,287.88,1060687.34,13163507.66
2026-08-04T16:57:34+08:00,1,2,103.0,1860.7,9.65,63989.7,772407.7,95,5919,32768,37,249.32,1060687.75,13163546.25
2026-08-04T16:57:44+08:00,1,2,103.0,1860.8,9.40,63951.4,772407.7,96,5919,32768,37,273.35,1060687.98,13163547.02
2026-08-04T16:57:54+08:00,1,2,103.0,1861.0,9.25,64492.3,772407.7,96,5919,32768,37,297.41,1060688.21,13163883.79
2026-08-04T16:58:04+08:00,1,2,103.0,1860.7,9.20,63697.8,772407.7,96,5779,32768,36,264.06,1060688.21,13163522.79
2026-08-04T16:58:14+08:00,1,2,103.0,1860.9,9.80,64311.8,772407.7,97,5777,32768,36,292.26,1060688.25,13163521.75
2026-08-04T16:58:24+08:00,1,2,103.0,1861.0,9.15,63698.9,772407.7,96,5637,32768,36,223.19,1060688.44,13163513.56
2026-08-04T16:58:34+08:00,1,2,103.0,1860.8,8.68,63866.6,772407.7,96,5779,32768,36,300.32,1060688.47,13163523.53
2026-08-04T16:58:44+08:00,1,2,103.0,1860.9,8.44,63194.4,772407.7,97,5637,32768,36,245.75,1060688.47,13163615.53
2026-08-04T16:58:54+08:00,1,2,103.0,1861.2,9.24,63378.5,772407.7,87,5495,32768,36,243.48,1060688.51,13163674.49
2026-08-04T16:59:04+08:00,1,2,103.0,1860.8,10.04,63394.1,772407.7,86,5495,32768,36,235.69,1060688.56,13163690.44
2026-08-04T16:59:15+08:00,1,2,103.0,1860.9,9.71,63462.4,772407.7,88,5495,32768,36,299.83,1060688.63,13163702.37
2026-08-04T16:59:25+08:00,1,2,103.0,1860.8,9.36,63591.1,772407.7,85,5335,32768,35,276.52,1060688.63,13163677.37
2026-08-04T16:59:35+08:00,1,2,103.0,1860.8,9.55,64343.1,772407.7,85,5335,32768,33,226.26,1060688.67,13163663.33
2026-08-04T16:59:45+08:00,1,2,103.0,1904.4,9.48,63748.9,772407.7,83,1651,32768,33,78.46,1060683.48,13163632.52
2026-08-04T16:59:55+08:00,1,2,103.0,1904.3,9.66,63571.0,772407.7,83,1491,32768,34,75.96,1060683.54,13163611.46
2026-08-04T17:00:05+08:00,1,2,103.0,2028.8,9.39,64344.7,772407.7,73,1171,32768,34,81.40,1060683.59,13163594.41
2026-08-04T17:00:15+08:00,1,2,103.0,2004.9,9.02,64406.7,772407.7,80,3963,32768,35,77.92,1060683.61,13163599.39
2026-08-04T17:00:25+08:00,1,2,103.0,1957.1,8.97,64893.6,772407.7,90,5481,32768,37,221.38,1060683.68,13163602.32
2026-08-04T17:00:35+08:00,1,2,103.0,1957.2,9.06,65411.8,772407.7,93,5483,32768,37,274.45,1060683.91,13163580.09
2026-08-04T17:00:45+08:00,1,2,103.0,1957.3,9.54,65000.6,772407.7,95,5361,32768,38,261.98,1060683.98,13163591.02
2026-08-04T17:00:55+08:00,1,2,103.0,1957.5,9.06,64621.7,772407.7,97,5141,32768,37,263.75,1060684.04,13163599.96
2026-08-04T17:01:05+08:00,1,2,103.0,1957.5,9.36,65129.2,772407.7,96,5041,32768,37,277.37,1060684.06,13163583.94
2026-08-04T17:01:15+08:00,1,2,103.0,1957.5,8.84,64636.9,772407.7,96,4817,32768,37,257.11,1060683.63,13163559.37
2026-08-04T17:01:25+08:00,1,2,103.0,1957.6,8.18,64579.6,772407.7,97,4717,32768,37,297.89,1060683.79,13163555.21
2026-08-04T17:01:35+08:00,1,2,103.0,1957.5,8.00,64684.8,772407.7,99,4495,32768,36,250.62,1060683.86,13163602.14
2026-08-04T17:01:45+08:00,1,2,103.0,1957.2,7.92,64407.1,772407.7,77,4275,32768,36,240.07,1060683.91,13163618.09
2026-08-04T17:01:55+08:00,1,2,103.0,1957.6,7.39,64162.9,772407.7,78,4273,32768,35,213.45,1060683.92,13163618.08
2026-08-04T17:02:05+08:00,1,2,103.0,1957.6,7.85,64013.1,772407.7,88,4273,32768,35,219.29,1060683.79,13163657.21
2026-08-04T17:02:15+08:00,1,2,103.0,1917.2,8.18,64429.2,772407.7,89,6705,32768,35,77.43,1060683.87,13163662.13
2026-08-04T17:02:25+08:00,1,2,103.0,1861.0,9.39,64435.7,772407.7,88,6945,32768,36,114.88,1060683.99,13163684.01
2026-08-04T17:02:35+08:00,1,2,103.0,1860.9,9.45,64288.7,772407.7,96,6947,32768,37,245.27,1060684.33,13163673.67
2026-08-04T17:02:45+08:00,1,2,103.0,1860.7,8.93,64210.4,772407.7,97,6945,32768,37,243.81,1060684.51,13163685.49
2026-08-04T17:02:55+08:00,1,2,103.0,1861.0,9.04,64463.4,772407.7,96,6945,32768,38,249.16,1060684.58,13163711.42
2026-08-04T17:03:05+08:00,1,2,103.0,1861.0,9.42,64632.3,772407.7,98,6785,32768,37,258.89,1060684.65,13163709.35
2026-08-04T17:03:15+08:00,1,2,103.0,1860.7,8.80,63963.7,772407.7,98,6785,32768,37,302.26,1060684.82,13163707.18
2026-08-04T17:03:26+08:00,1,2,103.0,1860.9,8.16,64322.8,772407.7,96,6785,32768,38,300.52,1060684.97,13163690.03
2026-08-04T17:03:36+08:00,1,2,103.0,1861.0,8.13,64874.9,772407.7,97,6645,32768,37,286.12,1060685.07,13163686.93
2026-08-04T17:03:46+08:00,1,2,103.0,1860.8,7.80,65055.7,772407.7,96,6503,32768,37,259.86,1060685.10,13163717.90
2026-08-04T17:03:56+08:00,1,2,103.0,1860.9,7.67,64841.8,772407.7,97,6503,32768,37,290.12,1060685.19,13163732.81
2026-08-04T17:04:06+08:00,1,2,103.0,1860.8,7.65,64446.4,772407.7,96,6363,32768,37,250.62,1060685.70,13163719.30
2026-08-04T17:04:16+08:00,1,2,103.0,1861.0,8.31,64357.6,772407.7,96,6361,32768,37,274.94,1060686.12,13163742.88
2026-08-04T17:04:26+08:00,1,2,103.0,1860.7,8.34,63398.2,772407.7,97,6221,32768,37,252.56,1060685.97,13163729.03
2026-08-04T17:04:36+08:00,1,2,103.0,1860.9,7.82,63492.6,772407.7,98,6223,32768,37,294.69,1060686.00,13163710.00
2026-08-04T17:04:46+08:00,1,2,103.0,1861.1,8.23,64504.6,772407.7,96,6063,32768,37,230.34,1060686.08,13163666.92
2026-08-04T17:04:56+08:00,1,2,103.0,1860.5,8.57,63949.6,772407.7,97,5939,32768,36,275.24,1060686.15,13163606.85
2026-08-04T17:05:06+08:00,1,2,103.0,1860.6,9.48,64898.2,772407.7,96,5917,32768,37,293.71,1060686.49,13163571.51
2026-08-04T17:05:16+08:00,1,2,103.0,1860.4,9.88,64577.1,772407.7,98,5777,32768,37,256.94,1060686.61,13163538.39
2026-08-04T17:05:26+08:00,1,2,103.0,1860.4,9.13,63993.8,772407.7,96,5777,32768,37,300.32,1060686.71,13163511.29
2026-08-04T17:05:36+08:00,1,2,103.0,1860.4,8.65,64265.3,772407.7,96,5637,32768,36,271.84,1060686.85,13163487.15
2026-08-04T17:05:46+08:00,1,2,103.0,1860.4,7.94,64423.9,772407.7,97,5637,32768,36,281.26,1060686.98,13163498.02
2026-08-04T17:05:56+08:00,1,2,104.0,1860.3,7.41,64901.8,772407.7,89,5637,32768,36,290.31,1060687.12,13163495.88
2026-08-04T17:06:06+08:00,1,2,104.0,1860.5,8.47,64517.0,772407.7,82,5637,32768,35,281.08,1060687.25,13163490.75
2026-08-04T17:06:16+08:00,1,2,104.0,1860.3,7.94,63944.2,772407.7,85,5495,32768,36,248.35,1060687.33,13163482.67
2026-08-04T17:06:26+08:00,1,2,104.0,1861.0,7.65,63975.8,772407.7,89,5497,32768,35,242.99,1060687.50,13163484.50
2026-08-04T17:06:36+08:00,1,2,104.0,1861.1,7.45,64325.1,772407.7,86,5495,32768,35,247.21,1060687.64,13163473.36
2026-08-04T17:06:47+08:00,1,2,104.0,1861.0,7.16,63821.4,772407.7,84,5495,32768,36,239.10,1060687.77,13163472.23
2026-08-04T17:06:57+08:00,1,2,104.0,1860.8,6.69,64438.4,772407.7,87,5495,32768,36,237.95,1060687.93,13163466.07
2026-08-04T17:07:07+08:00,1,2,104.0,1861.1,6.58,63471.9,772407.7,85,5495,32768,35,300.52,1060688.08,13163463.92
2026-08-04T17:07:17+08:00,1,2,104.0,1861.0,9.30,63881.4,772407.7,84,5335,32768,35,278.16,1060688.42,13163500.58
2026-08-04T17:07:27+08:00,1,2,104.0,1862.4,9.02,64344.4,772407.7,80,1673,32768,34,85.75,1060688.62,13163488.38
2026-08-04T17:07:37+08:00,1,2,104.0,1903.9,8.56,64548.1,772407.7,75,1591,32768,33,73.56,1060688.60,13163502.40
2026-08-04T17:07:47+08:00,1,2,104.0,1903.8,8.60,64010.4,772407.7,76,1351,32768,34,73.51,1060688.30,13163546.70
2026-08-04T17:07:57+08:00,1,2,104.0,2127.4,8.19,64614.4,772407.7,87,1051,32768,34,72.54,1060688.49,13163530.51
2026-08-04T17:08:07+08:00,1,2,104.0,2029.4,8.55,64034.9,772407.7,90,1171,32768,34,79.88,1060688.63,13163535.37
2026-08-04T17:08:17+08:00,1,2,104.0,1903.7,8.39,63694.3,772407.7,89,1351,32768,34,73.07,1060688.80,13163541.20
2026-08-04T17:08:27+08:00,1,2,104.0,1903.7,7.95,63208.0,772407.7,89,1351,32768,34,73.03,1060689.03,13163557.97
2026-08-04T17:08:37+08:00,1,2,104.0,2017.3,7.73,63952.6,772407.7,90,1843,32768,35,73.61,1060689.24,13163586.76
2026-08-04T17:08:47+08:00,1,2,104.0,1957.4,7.15,64144.1,772407.7,95,5483,32768,37,199.45,1060689.93,13163607.07
2026-08-04T17:08:57+08:00,1,2,104.0,1957.5,6.98,64315.4,772407.7,96,5483,32768,37,216.37,1060690.15,13163604.85
2026-08-04T17:09:07+08:00,1,2,104.0,1957.4,7.29,64140.5,772407.7,97,5483,32768,37,292.45,1060690.94,13163592.06
2026-08-04T17:09:17+08:00,1,2,104.0,1957.4,7.35,64310.9,772407.7,95,5483,32768,38,287.21,1060691.17,13163577.83
2026-08-04T17:09:27+08:00,1,2,104.0,1957.9,7.14,63771.8,772407.7,97,5483,32768,38,286.23,1060691.92,13163582.08
2026-08-04T17:09:37+08:00,1,2,104.0,1957.3,7.51,64262.6,772407.7,96,5361,32768,37,294.98,1060692.20,13163601.80
2026-08-04T17:09:47+08:00,1,2,104.0,1957.4,7.34,63482.9,772407.7,96,5261,32768,37,273.84,1060692.69,13163598.31
2026-08-04T17:09:57+08:00,1,2,104.0,1957.4,6.91,63704.3,772407.7,96,5261,32768,37,297.60,1060692.99,13163593.01
2026-08-04T17:10:08+08:00,1,2,104.0,1957.3,7.39,64468.1,772407.7,95,5141,32768,37,260.35,1060693.52,13163592.48
2026-08-04T17:10:18+08:00,1,2,104.0,1957.5,8.01,64180.3,772407.7,96,5141,32768,37,257.43,1060693.86,13163588.14
2026-08-04T17:10:28+08:00,1,2,104.0,1957.4,7.70,64281.1,772407.7,96,5139,32768,37,265.38,1060694.42,13163602.58
2026-08-04T17:10:38+08:00,1,2,104.0,1957.6,7.51,64102.5,772407.7,96,5141,32768,37,283.32,1060694.82,13163585.18
2026-08-04T17:10:48+08:00,1,2,104.0,1957.4,7.20,63490.4,772407.7,95,5041,32768,37,293.23,1060694.86,13163579.14
2026-08-04T17:10:58+08:00,1,2,104.0,1957.4,7.71,63777.4,772407.7,95,4717,32768,37,280.10,1060695.26,13163551.74
2026-08-04T17:11:08+08:00,1,2,104.0,1957.4,7.83,64068.8,772407.7,75,4497,32768,37,267.15,1060695.31,13163580.69
2026-08-04T17:11:18+08:00,1,2,104.0,1957.5,8.09,63997.0,772407.7,86,4397,32768,36,294.39,1060695.74,13163580.26
2026-08-04T17:11:28+08:00,1,2,104.0,1949.5,8.00,64290.9,772407.7,85,3485,32768,35,73.03,1060695.81,13163670.19
2026-08-04T17:11:38+08:00,1,2,104.0,1861.0,7.69,63965.5,772407.7,97,6945,32768,36,238.13,1060696.36,13163948.64
2026-08-04T17:11:48+08:00,1,2,104.0,1861.0,7.29,63326.2,772407.7,96,6945,32768,37,214.56,1060696.48,13164075.52
2026-08-04T17:11:58+08:00,1,2,104.0,1861.0,7.08,63374.3,772407.7,97,6945,32768,37,300.23,1060696.82,13164100.18
2026-08-04T17:12:08+08:00,1,2,104.0,1860.7,7.30,63799.1,772407.7,97,6945,32768,37,274.94,1060691.72,13164100.28
2026-08-04T17:12:18+08:00,1,2,104.0,1860.8,7.56,64489.7,772407.7,97,6945,32768,37,285.34,1060692.08,13164054.92
2026-08-04T17:12:28+08:00,1,2,104.0,1861.0,7.87,64013.6,772407.7,96,6785,32768,38,291.77,1060692.33,13164022.67
2026-08-04T17:12:38+08:00,1,2,104.0,1860.9,7.65,63928.1,772407.7,96,6643,32768,37,246.40,1060692.85,13163970.15
2026-08-04T17:12:48+08:00,1,2,104.0,1860.6,7.62,63449.5,772407.7,98,6503,32768,37,274.09,1060692.93,13163934.07
2026-08-04T17:12:58+08:00,1,2,104.0,1861.2,7.60,63655.8,772407.7,97,6503,32768,37,295.17,1060692.98,13163865.02
2026-08-04T17:13:08+08:00,1,2,104.0,1861.0,7.05,63427.3,772407.7,97,6503,32768,37,304.69,1060693.05,13163836.95
2026-08-04T17:13:18+08:00,1,2,104.0,1860.7,7.27,63221.8,772407.7,93,6363,32768,37,255.48,1060693.12,13163804.88
2026-08-04T17:13:28+08:00,1,2,104.0,1860.9,6.85,63021.2,772407.7,96,6361,32768,37,305.18,1060693.14,13163815.86
2026-08-04T17:13:39+08:00,1,2,104.0,1860.8,6.71,63401.5,772407.7,97,6221,32768,37,260.52,1060693.21,13163777.79
2026-08-04T17:13:49+08:00,1,2,104.0,1860.3,6.45,63285.8,772407.7,97,6221,32768,37,250.95,1060693.44,13163766.56
2026-08-04T17:13:59+08:00,1,2,104.0,1860.4,6.16,62861.6,772407.7,97,6221,32768,37,258.89,1060693.50,13163752.50
2026-08-04T17:14:09+08:00,1,2,104.0,1860.3,5.73,38729.0,772407.7,98,6221,32768,37,273.35,1060693.55,13163722.45
2026-08-04T17:14:19+08:00,1,2,104.0,1861.2,5.00,38668.0,772407.7,98,6505,32768,37,242.50,1060693.95,13163692.05
2026-08-04T17:14:29+08:00,1,2,104.0,1861.1,4.39,38666.1,772407.7,98,6785,32768,38,287.77,1060693.82,13163660.18
2026-08-04T17:14:39+08:00,1,2,104.0,1860.9,4.03,38694.9,772407.7,98,6947,32768,37,296.53,1060693.95,13163629.05
2026-08-04T17:14:49+08:00,1,2,104.0,1861.0,3.56,38649.4,772407.7,98,6945,32768,37,215.82,1060694.08,13163612.92
2026-08-04T17:14:59+08:00,1,2,104.0,1957.5,3.17,38840.0,772407.7,92,4145,32768,35,74.59,1060694.21,13163598.79
2026-08-04T17:15:09+08:00,1,2,104.0,1957.4,3.07,38801.3,772407.7,78,4397,32768,36,252.57,1060694.28,13163580.72
2026-08-04T17:15:19+08:00,1,2,104.0,1957.2,2.75,38750.0,772407.7,100,4717,32768,37,292.64,1060694.41,13163541.59
2026-08-04T17:15:29+08:00,1,2,104.0,1957.5,2.48,38805.2,772407.7,97,4939,32768,37,260.37,1060685.70,13163536.30
2026-08-04T17:15:39+08:00,1,2,104.0,1957.5,2.33,38760.2,772407.7,96,5141,32768,37,262.81,1060687.08,13163512.92
2026-08-04T17:15:49+08:00,1,2,104.0,1957.2,2.20,38756.5,772407.7,97,5481,32768,37,282.61,1060687.19,13163848.81
2026-08-04T17:15:59+08:00,1,2,104.0,1957.6,2.48,38781.4,772407.7,97,5483,32768,37,229.63,1060687.31,13163498.69
2026-08-04T17:16:09+08:00,1,2,104.0,2029.5,2.84,38860.2,772407.7,87,1051,32768,35,72.68,1060690.14,13163486.86
2026-08-04T17:16:19+08:00,1,2,104.0,1860.9,2.64,38647.6,772407.7,86,5335,32768,34,253.72,1060693.41,13163478.59
2026-08-04T17:16:29+08:00,1,2,104.0,1861.1,2.46,38698.8,772407.7,85,5637,32768,36,296.24,1060693.51,13163471.49
2026-08-04T17:16:39+08:00,1,2,104.0,1860.8,2.55,38661.4,772407.7,98,5779,32768,36,262.15,1060694.31,13163456.69
2026-08-04T17:16:49+08:00,1,2,104.0,1860.9,2.39,38647.2,772407.7,98,6061,32768,37,242.34,1060696.19,13163447.81
2026-08-04T17:17:00+08:00,1,2,104.0,1860.8,2.25,38779.8,772407.7,97,6361,32768,37,290.21,1060696.36,13163442.64
2026-08-04T17:17:10+08:00,1,2,104.0,1860.8,2.58,38738.6,772407.7,98,6643,32768,37,306.76,1060696.62,13163437.38
2026-08-04T17:17:20+08:00,1,2,104.0,1860.9,2.34,38675.1,772407.7,98,6785,32768,37,284.07,1060698.10,13163440.90
2026-08-04T17:17:30+08:00,1,2,104.0,1860.9,2.29,38699.9,772407.7,96,6945,32768,37,232.41,1060699.11,13163423.89
2026-08-04T17:17:40+08:00,1,2,104.0,1860.8,2.24,39044.2,772407.7,89,6945,32768,36,173.70,1060699.38,13163427.62
2026-08-04T17:17:50+08:00,1,2,104.0,1957.5,2.20,39261.7,772407.7,80,4397,32768,36,271.09,1060699.57,13163402.43
2026-08-04T17:18:00+08:00,1,2,104.0,1957.5,2.25,39431.2,772407.7,96,4597,32768,37,258.91,1060700.41,13163398.59
2026-08-04T17:18:10+08:00,1,2,104.0,1957.7,3.74,47861.3,772407.7,86,4597,32768,37,288.85,1060702.61,13163382.39
2026-08-04T17:18:20+08:00,1,2,104.0,1957.6,3.70,48215.6,772407.7,100,4717,32768,37,305.18,1060703.12,13163360.88
2026-08-04T17:18:30+08:00,1,2,104.0,1957.4,3.52,48278.8,772407.7,98,4939,32768,37,258.57,1060703.29,13163370.71
2026-08-04T17:18:40+08:00,1,2,104.0,1957.4,3.28,48285.6,772407.7,97,5141,32768,37,258.25,1060704.32,13163371.68
2026-08-04T17:18:50+08:00,1,2,104.0,1957.6,3.17,48871.6,772407.7,96,5361,32768,37,252.41,1060704.65,13163387.35
2026-08-04T17:19:00+08:00,1,2,104.0,1957.4,3.23,49285.9,772407.7,97,5481,32768,37,272.81,1060704.81,13163492.19
2026-08-04T17:19:10+08:00,1,2,104.0,1957.4,3.50,50381.7,772407.7,95,5481,32768,37,236.82,1060705.00,13163476.00
2026-08-04T17:19:20+08:00,1,2,104.0,1957.6,4.11,52175.5,772407.7,96,5361,32768,37,248.99,1060705.23,13163483.77
2026-08-04T17:19:30+08:00,1,2,104.0,1957.4,4.54,53527.4,772407.7,96,5361,32768,38,255.97,1060706.16,13163569.84
2026-08-04T17:19:40+08:00,1,2,104.0,1957.5,4.61,54644.0,772407.7,95,5261,32768,37,278.04,1060707.93,13163784.07
2026-08-04T17:19:50+08:00,1,2,104.0,1957.6,4.68,56834.9,772407.7,93,5261,32768,37,298.86,1060708.10,13163960.90
2026-08-04T17:20:00+08:00,1,2,104.0,1957.3,5.43,57302.1,772407.7,95,5141,32768,37,262.12,1060708.33,13164152.67
2026-08-04T17:20:10+08:00,1,2,104.0,1957.5,5.67,58878.0,772407.7,95,5141,32768,37,288.66,1060708.52,13164152.48
2026-08-04T17:20:21+08:00,1,2,104.0,1957.4,5.65,59764.6,772407.7,96,5039,32768,37,251.76,1060708.79,13164165.21
2026-08-04T17:20:31+08:00,1,2,104.0,1957.5,6.49,62383.3,772407.7,95,4939,32768,37,257.11,1060709.45,13164167.55
2026-08-04T17:20:41+08:00,1,2,104.0,1957.6,6.73,61405.9,772407.7,95,4819,32768,37,285.04,1060709.73,13164193.27
2026-08-04T17:20:51+08:00,1,2,104.0,1957.5,7.15,61529.2,772407.7,97,4717,32768,37,291.96,1060707.67,13164206.33
2026-08-04T17:21:01+08:00,1,2,104.0,1957.4,7.37,60897.3,772407.7,98,4595,32768,37,299.26,1060708.31,13164297.69
2026-08-04T17:21:11+08:00,1,2,104.0,1957.5,7.85,60761.3,772407.7,76,4497,32768,36,300.81,1060708.51,13164308.49
2026-08-04T17:21:21+08:00,1,2,104.0,1957.4,8.02,61222.1,772407.7,85,4275,32768,35,272.51,1060708.74,13164321.26
2026-08-04T17:21:31+08:00,1,2,104.0,1957.1,7.95,60662.8,772407.7,89,2553,32768,34,176.17,1060708.92,13164336.08
2026-08-04T17:21:41+08:00,1,2,104.0,1860.4,7.97,60423.8,772407.7,92,6945,32768,36,97.91,1060709.23,13164370.77
2026-08-04T17:21:51+08:00,1,2,104.0,1860.5,8.50,60467.5,772407.7,95,6945,32768,36,236.34,1060709.41,13164389.59
2026-08-04T17:22:01+08:00,1,2,104.0,1860.4,7.97,59928.4,772407.7,97,6945,32768,37,215.88,1060709.64,13164428.36
2026-08-04T17:22:11+08:00,1,2,104.0,1860.0,7.59,59496.0,772407.7,97,6947,32768,37,202.24,1060709.95,13164488.05
2026-08-04T17:22:21+08:00,1,2,104.0,1860.5,7.19,60090.0,772407.7,97,6945,32768,37,200.56,1060710.18,13164642.82
2026-08-04T17:22:31+08:00,1,2,104.0,1860.4,7.24,59144.5,772407.7,97,6945,32768,37,303.43,1060710.49,13164653.51
2026-08-04T17:22:41+08:00,1,2,104.0,1860.2,6.82,58963.0,772407.7,96,6945,32768,37,289.34,1060710.97,13164658.03
2026-08-04T17:22:51+08:00,1,2,104.0,1860.4,6.61,59398.7,772407.7,97,6945,32768,37,297.89,1060711.83,13164644.17
2026-08-04T17:23:01+08:00,1,2,104.0,1860.4,6.75,59226.8,772407.7,97,6785,32768,37,255.16,1060711.96,13164568.04
2026-08-04T17:23:11+08:00,1,2,104.0,1860.1,7.05,58929.6,772407.7,97,6785,32768,37,236.34,1060712.08,13164553.92
2026-08-04T17:23:21+08:00,1,2,104.0,1860.3,7.27,59600.8,772407.7,97,6645,32768,37,265.87,1060712.07,13164491.93
2026-08-04T17:23:31+08:00,1,2,104.0,1861.4,7.06,59751.9,772407.7,98,6645,32768,37,257.43,1060712.20,13164459.80
2026-08-04T17:23:41+08:00,1,2,104.0,1861.0,6.60,60448.5,772407.7,97,6785,32768,38,287.88,1060712.20,13164431.80
2026-08-04T17:23:52+08:00,1,2,104.0,1860.9,6.58,60298.8,772407.7,97,6645,32768,37,270.25,1060712.35,13164391.65
2026-08-04T17:24:02+08:00,1,2,104.0,1861.0,6.96,61030.9,772407.7,97,6645,32768,38,301.29,1060712.41,13164364.59
2026-08-04T17:24:12+08:00,1,2,104.0,1860.7,7.20,60064.0,772407.7,97,6505,32768,37,264.06,1060712.53,13164355.47
2026-08-04T17:24:22+08:00,1,2,104.0,1860.9,7.17,60113.0,772407.7,98,6505,32768,37,274.63,1060712.53,13164374.47
2026-08-04T17:24:32+08:00,1,2,104.0,1860.8,7.15,61238.1,772407.7,97,6503,32768,37,306.64,1060707.48,13164350.52
2026-08-04T17:24:42+08:00,1,2,104.0,1860.8,7.60,60517.3,772407.7,97,6361,32768,37,261.35,1060707.53,13164309.47
2026-08-04T17:24:52+08:00,1,2,104.0,1860.9,7.73,60406.9,772407.7,97,6221,32768,37,280.77,1060708.00,13164271.00
2026-08-04T17:25:02+08:00,1,2,104.0,1860.9,7.54,60262.1,772407.7,97,6223,32768,37,247.86,1060708.39,13164231.61
2026-08-04T17:25:12+08:00,1,2,104.0,1861.0,7.23,60449.9,772407.7,98,6223,32768,37,282.42,1060708.71,13164162.29
2026-08-04T17:25:22+08:00,1,2,104.0,1861.0,7.03,60153.8,772407.7,97,6221,32768,37,255.97,1060709.79,13164106.21
2026-08-04T17:25:32+08:00,1,2,104.0,1860.9,6.94,60766.0,772407.7,96,6063,32768,37,225.47,1060709.83,13164060.17
2026-08-04T17:25:42+08:00,1,2,104.0,1860.7,6.72,60791.1,772407.7,97,5919,32768,36,262.78,1060709.93,13164016.07
2026-08-04T17:25:52+08:00,1,2,104.0,1861.0,7.40,60811.3,772407.7,97,5777,32768,37,289.15,1060710.10,13163994.90
2026-08-04T17:26:02+08:00,1,2,105.0,1861.0,7.81,60783.3,772407.7,84,5495,32768,36,273.79,1060710.15,13163957.85
2026-08-04T17:26:12+08:00,1,2,105.0,1860.9,7.22,60680.4,772407.7,84,5335,32768,34,244.94,1060710.21,13163957.79
2026-08-04T17:26:22+08:00,1,2,105.0,1904.2,7.36,60542.3,772407.7,81,1491,32768,33,76.01,1060710.25,13163881.75
2026-08-04T17:26:32+08:00,1,2,105.0,1957.2,7.29,61070.5,772407.7,89,5483,32768,36,87.16,1060710.37,13163841.63
2026-08-04T17:26:42+08:00,1,2,105.0,1957.1,6.86,61101.1,772407.7,95,5481,32768,37,221.73,1060710.42,13163808.58
2026-08-04T17:26:52+08:00,1,2,105.0,1957.2,6.89,61213.1,772407.7,96,5483,32768,37,285.34,1060710.68,13163772.32
2026-08-04T17:27:02+08:00,1,2,105.0,1956.8,7.37,61187.1,772407.7,95,5361,32768,37,287.39,1060710.90,13163736.10
2026-08-04T17:27:13+08:00,1,2,105.0,1957.2,7.54,60861.8,772407.7,95,5141,32768,37,258.40,1060711.02,13163709.98
2026-08-04T17:27:23+08:00,1,2,105.0,1957.1,7.30,60026.0,772407.7,96,4939,32768,37,253.22,1060711.08,13163678.92
2026-08-04T17:27:33+08:00,1,2,105.0,1956.6,6.94,60108.1,772407.7,95,4959,32768,37,255.80,1060708.66,13163637.34
2026-08-04T17:27:43+08:00,1,2,105.0,1957.0,7.03,60132.2,772407.7,96,4939,32768,37,256.62,1060709.18,13163603.82
2026-08-04T17:27:53+08:00,1,2,105.0,1957.0,7.03,59633.4,772407.7,96,4819,32768,37,264.72,1060709.46,13163555.54
2026-08-04T17:28:03+08:00,1,2,105.0,1956.7,7.42,59683.3,772407.7,97,4817,32768,37,254.51,1060709.72,13163516.28
2026-08-04T17:28:13+08:00,1,2,105.0,1957.8,7.60,58996.1,772407.7,96,4817,32768,37,287.69,1060709.98,13163480.02
2026-08-04T17:28:23+08:00,1,2,105.0,1957.9,8.20,58734.4,772407.7,98,4717,32768,37,266.05,1060710.33,13163452.67
2026-08-04T17:28:33+08:00,1,2,105.0,1957.6,7.63,58841.1,772407.7,98,4717,32768,37,299.83,1060710.66,13163417.34
2026-08-04T17:28:43+08:00,1,2,105.0,1957.8,7.39,58757.2,772407.7,82,4495,32768,36,299.83,1060710.88,13163394.12
2026-08-04T17:28:53+08:00,1,2,105.0,1958.1,7.02,59343.6,772407.7,72,4277,32768,35,252.24,1060710.94,13163367.06
2026-08-04T17:29:03+08:00,1,2,105.0,1860.3,7.49,59523.7,772407.7,86,6945,32768,36,197.01,1060711.45,13163356.55
2026-08-04T17:29:13+08:00,1,2,105.0,1860.4,8.03,59659.6,772407.7,94,6945,32768,37,214.42,1060711.66,13163356.34
2026-08-04T17:29:23+08:00,1,2,105.0,1860.3,8.64,61532.8,772407.7,97,6785,32768,37,253.05,1060712.10,13163318.90
2026-08-04T17:29:33+08:00,1,2,105.0,1861.2,8.62,60226.7,772407.7,96,6643,32768,37,293.91,1060712.41,13163316.59
2026-08-04T17:29:43+08:00,1,2,105.0,1861.4,9.16,60450.3,772407.7,96,6361,32768,37,304.61,1060712.77,13163301.23
2026-08-04T17:29:53+08:00,1,2,105.0,1861.2,8.68,60601.2,772407.7,96,6059,32768,37,281.93,1060713.08,13163274.92
2026-08-04T17:30:03+08:00,1,2,105.0,1861.2,8.80,60607.8,772407.7,96,5919,32768,37,281.45,1060713.52,13163247.48
2026-08-04T17:30:13+08:00,1,2,105.0,1861.0,8.22,60423.6,772407.7,81,5777,32768,36,295.66,1060713.95,13163228.05
2026-08-04T17:30:23+08:00,1,2,105.0,1861.0,7.88,60078.5,772407.7,85,5637,32768,36,298.38,1060714.41,13163229.59
2026-08-04T17:30:33+08:00,1,2,105.0,1860.9,8.13,59707.9,772407.7,91,5497,32768,36,245.75,1060714.90,13163230.10
2026-08-04T17:30:44+08:00,1,2,105.0,1860.8,7.66,59900.2,772407.7,85,5495,32768,36,248.35,1060715.00,13163234.00
2026-08-04T17:30:54+08:00,1,2,105.0,1860.9,7.39,60517.6,772407.7,85,5335,32768,35,272.68,1060715.38,13163234.62
2026-08-04T17:31:04+08:00,1,2,105.0,1860.9,7.26,60309.8,772407.7,85,5335,32768,35,283.99,1060715.54,13163218.46
2026-08-04T17:31:14+08:00,1,2,105.0,1861.0,7.08,60396.5,772407.7,84,5335,32768,34,252.56,1060715.64,13163220.36
2026-08-04T17:31:24+08:00,1,2,105.0,1862.6,7.04,59934.6,772407.7,85,5335,32768,34,234.72,1060715.93,13163216.07
2026-08-04T17:31:34+08:00,1,2,105.0,1904.3,6.81,62372.6,772407.7,80,1651,32768,33,73.96,1060716.13,13163213.87
2026-08-04T17:31:44+08:00,1,2,105.0,1862.3,6.54,62147.1,772407.7,85,5335,32768,34,238.61,1060716.31,13163217.69
2026-08-04T17:31:54+08:00,1,2,105.0,1676.7,6.61,60165.4,772407.7,0,1051,32768,29,55.94,1060716.47,13163210.53
2026-08-04T17:32:04+08:00,1,2,105.0,1676.7,7.07,66897.9,772407.7,0,1051,32768,29,56.01,1060716.60,13163210.40
2026-08-04T17:32:14+08:00,1,2,104.0,1676.7,7.27,70953.8,772407.7,0,1051,32768,29,56.01,1060716.75,13163232.25
2026-08-04T17:32:24+08:00,1,2,104.0,1676.7,10.03,71984.9,772407.7,0,1051,32768,29,55.86,1060716.96,13163380.04
2026-08-04T17:32:34+08:00,1,2,104.0,1676.7,9.71,74247.0,772407.7,0,1051,32768,29,55.86,1060717.16,13163395.84
2026-08-04T17:32:44+08:00,1,2,104.0,1676.7,9.45,74612.9,772407.7,0,1051,32768,29,55.86,1060717.40,13163419.60
2026-08-04T17:32:54+08:00,1,2,104.0,1687.9,10.25,71056.2,772407.7,0,1051,32768,29,55.86,1060718.00,13163426.00
2026-08-04T17:33:04+08:00,1,2,104.0,1687.9,10.21,71529.1,772407.7,0,1051,32768,29,55.94,1060718.18,13163400.82
2026-08-04T17:33:14+08:00,1,2,104.0,1687.9,9.70,72275.6,772407.7,0,1051,32768,29,55.90,1060718.37,13163366.63
2026-08-04T17:33:24+08:00,1,2,104.0,1687.9,8.98,72853.8,772407.7,0,1051,32768,29,55.86,1060718.37,13163342.63
2026-08-04T17:33:34+08:00,1,2,103.0,1687.9,8.97,73575.5,772407.7,0,1051,32768,29,55.90,1060718.53,13163334.47
2026-08-04T17:33:44+08:00,1,2,103.0,1687.9,8.74,74663.2,772407.7,0,1051,32768,29,55.90,1060718.91,13163322.09
2026-08-04T17:33:54+08:00,1,2,103.0,1684.4,8.56,72325.4,772407.7,0,1051,32768,29,55.90,1060719.13,13163302.87
2026-08-04T17:34:04+08:00,1,2,103.0,1682.3,8.47,71951.2,772407.7,0,1051,32768,29,55.86,1060719.35,13163283.65
2026-08-04T17:34:14+08:00,1,2,103.0,1682.3,8.40,72642.8,772407.7,0,1051,32768,29,55.90,1060719.82,13163270.18
2026-08-04T17:34:24+08:00,1,2,103.0,1682.3,8.34,74058.0,772407.7,0,1051,32768,29,55.90,1060720.01,13163265.99
2026-08-04T17:34:35+08:00,1,2,103.0,1682.3,8.52,74245.1,772407.7,0,1051,32768,29,55.90,1060720.20,13163255.80
2026-08-04T17:34:45+08:00,1,2,103.0,1682.3,8.44,75247.8,772407.7,0,1051,32768,29,55.90,1060720.46,13163258.54
2026-08-04T17:34:55+08:00,1,2,103.0,1682.3,8.22,75679.3,772407.7,0,1051,32768,29,55.90,1060720.70,13163931.30
2026-08-04T17:35:05+08:00,1,2,103.0,1958.3,8.20,76546.8,772407.7,96,5261,32768,37,252.40,1060720.96,13163237.04
2026-08-04T17:35:15+08:00,1,2,103.0,1957.7,8.15,75652.9,772407.7,96,5039,32768,37,244.62,1060720.98,13163227.02
2026-08-04T17:35:25+08:00,1,2,103.0,1957.2,8.05,76113.4,772407.7,95,4939,32768,37,277.79,1060721.06,13163243.94
2026-08-04T17:35:35+08:00,1,2,103.0,1957.4,7.97,76271.6,772407.7,97,4939,32768,37,297.21,1060721.15,13163268.85
2026-08-04T17:35:45+08:00,1,2,103.0,1957.9,7.58,75600.8,772407.7,98,4817,32768,37,274.27,1060721.14,13163274.86
2026-08-04T17:35:55+08:00,1,2,103.0,1957.6,7.28,74945.4,772407.7,98,4717,32768,37,290.90,1060721.37,13163291.63
2026-08-04T17:36:05+08:00,1,2,103.0,1957.2,7.88,75645.1,772407.7,83,4597,32768,37,301.69,1060721.53,13163313.47
2026-08-04T17:36:15+08:00,1,2,103.0,1957.4,8.52,76366.4,772407.7,78,4497,32768,36,297.89,1060721.53,13163368.47
2026-08-04T17:36:25+08:00,1,2,103.0,1957.6,8.35,75824.7,772407.7,77,4277,32768,35,269.41,1060722.00,13163383.00
2026-08-04T17:36:35+08:00,1,2,103.0,1957.2,8.06,76169.6,772407.7,77,4273,32768,35,213.24,1060722.07,13163416.93
2026-08-04T17:36:45+08:00,1,2,103.0,1921.3,8.06,76094.4,772407.7,74,6805,32768,35,74.44,1060722.11,13163473.89
2026-08-04T17:36:55+08:00,1,2,103.0,1861.8,8.28,76350.8,772407.7,96,6945,32768,36,207.11,1060722.14,13163518.86
2026-08-04T17:37:05+08:00,1,2,103.0,1861.6,8.07,75682.6,772407.7,97,6945,32768,37,278.95,1060717.01,13163566.99
2026-08-04T17:37:15+08:00,1,2,103.0,1861.5,7.99,76415.7,772407.7,95,6785,32768,37,248.99,1060717.00,13163567.00
2026-08-04T17:37:25+08:00,1,2,103.0,1861.3,8.23,76303.9,772407.7,96,6503,32768,37,300.81,1060717.10,13163602.90
2026-08-04T17:37:35+08:00,1,2,103.0,1861.3,8.74,77054.6,772407.7,96,6221,32768,37,287.02,1060717.13,13163634.87
2026-08-04T17:37:45+08:00,1,2,103.0,1861.4,8.53,76620.0,772407.7,97,5919,32768,37,246.24,1060717.19,13163667.81
2026-08-04T17:37:55+08:00,1,2,103.0,1861.4,8.20,76440.1,772407.7,97,5777,32768,37,307.32,1060715.48,13163698.52
2026-08-04T17:38:05+08:00,1,2,103.0,1861.1,7.86,76379.3,772407.7,82,5495,32768,35,245.11,1060713.70,13163718.30
2026-08-04T17:38:15+08:00,1,2,103.0,1904.4,7.82,76598.4,772407.7,82,1571,32768,33,76.01,1060713.71,13163736.29
2026-08-04T17:38:25+08:00,1,2,103.0,1958.0,7.91,76593.6,772407.7,93,5481,32768,37,189.94,1060713.83,13163751.17
2026-08-04T17:38:35+08:00,1,2,103.0,1957.9,7.84,75433.0,772407.7,96,5481,32768,37,282.83,1060713.94,13163746.06
2026-08-04T17:38:46+08:00,1,2,103.0,1957.7,7.86,75067.6,772407.7,95,5261,32768,37,276.82,1060714.02,13163736.98
2026-08-04T17:38:56+08:00,1,2,103.0,1958.1,7.81,75374.8,772407.7,95,5141,32768,37,280.89,1060714.14,13163714.86
2026-08-04T17:39:06+08:00,1,2,103.0,1958.0,8.05,74861.6,772407.7,97,5039,32768,37,286.53,1060714.20,13163707.80
2026-08-04T17:39:16+08:00,1,2,103.0,1957.7,7.98,74767.5,772407.7,99,4817,32768,37,285.94,1060714.31,13163688.69
2026-08-04T17:39:26+08:00,1,2,103.0,1958.1,9.07,75192.7,772407.7,100,4717,32768,37,247.86,1060714.62,13163680.38
2026-08-04T17:39:36+08:00,1,2,103.0,1958.0,9.61,74959.0,772407.7,87,4597,32768,37,254.51,1060714.69,13163687.31
2026-08-04T17:39:46+08:00,1,2,103.0,1958.0,9.88,75349.8,772407.7,78,4497,32768,36,247.54,1060714.84,13163687.16
2026-08-04T17:39:56+08:00,1,2,103.0,1957.7,9.60,75717.6,772407.7,85,4275,32768,35,199.45,1060714.99,13163683.01
2026-08-04T17:40:06+08:00,1,2,103.0,1861.5,9.64,74885.7,772407.7,91,6945,32768,36,89.49,1060715.10,13163690.90
2026-08-04T17:40:16+08:00,1,2,103.0,1861.4,9.78,75161.3,772407.7,91,6947,32768,37,216.02,1060715.36,13163709.64
2026-08-04T17:40:26+08:00,1,2,103.0,1861.1,9.59,75508.9,772407.7,97,6945,32768,37,226.30,1060715.48,13163727.52
2026-08-04T17:40:36+08:00,1,2,103.0,1861.3,10.04,75168.8,772407.7,94,6945,32768,37,268.92,1060715.61,13163745.39
2026-08-04T17:40:46+08:00,1,2,103.0,1861.1,9.58,75464.7,772407.7,97,6947,32768,37,247.21,1060715.72,13163773.28
2026-08-04T17:40:56+08:00,1,2,103.0,1861.0,9.49,75039.9,772407.7,95,6947,32768,37,292.06,1060715.65,13163813.35
2026-08-04T17:41:06+08:00,1,2,103.0,1861.1,9.77,75246.8,772407.7,96,6785,32768,38,301.58,1060715.83,13163944.17
2026-08-04T17:41:16+08:00,1,2,103.0,1861.1,9.36,75789.7,772407.7,95,6645,32768,37,294.30,1060715.93,13164100.07
2026-08-04T17:41:26+08:00,1,2,103.0,1860.7,8.93,75612.3,772407.7,94,6221,32768,37,244.13,1060716.08,13164132.92
2026-08-04T17:41:36+08:00,1,2,103.0,1861.0,8.72,75202.5,772407.7,97,6059,32768,37,299.64,1060716.38,13164169.62
2026-08-04T17:41:46+08:00,1,2,103.0,1861.0,8.91,75762.1,772407.7,96,5777,32768,36,296.24,1060716.48,13164205.52
2026-08-04T17:41:56+08:00,1,2,103.0,1860.8,10.07,76230.1,772407.7,88,5495,32768,35,258.06,1060716.99,13164173.01
2026-08-04T17:42:06+08:00,1,2,103.0,1904.4,10.35,76879.6,772407.7,84,1651,32768,34,81.34,1060717.03,13164129.97
2026-08-04T17:42:16+08:00,1,2,103.0,2023.9,10.37,76516.9,772407.7,84,1741,32768,35,73.91,1060717.17,13164067.83
2026-08-04T17:42:27+08:00,1,2,103.0,1958.1,10.83,76176.4,772407.7,95,5481,32768,36,222.89,1060717.46,13164034.54
2026-08-04T17:42:37+08:00,1,2,103.0,1957.7,10.71,76317.1,772407.7,90,5483,32768,37,210.04,1060717.56,13164012.44
2026-08-04T17:42:47+08:00,1,2,103.0,1957.9,9.90,75810.0,772407.7,95,5483,32768,38,210.87,1060709.53,13164023.47
2026-08-04T17:42:57+08:00,1,2,103.0,1957.8,9.16,75673.7,772407.7,96,5483,32768,38,283.99,1060709.74,13164034.26
2026-08-04T17:43:07+08:00,1,2,103.0,1957.8,9.06,76008.7,772407.7,95,5361,32768,37,280.40,1060709.92,13164139.08
2026-08-04T17:43:17+08:00,1,2,103.0,1957.9,8.97,75895.7,772407.7,95,5261,32768,37,299.15,1060712.30,13164144.70
2026-08-04T17:43:27+08:00,1,2,103.0,1957.9,9.12,75431.4,772407.7,95,5041,32768,37,251.76,1060716.62,13164141.38
2026-08-04T17:43:37+08:00,1,2,103.0,1957.8,8.56,76133.0,772407.7,98,4819,32768,37,287.99,1060716.77,13164135.23
2026-08-04T17:43:47+08:00,1,2,103.0,1957.9,8.32,76226.3,772407.7,98,4717,32768,37,248.35,1060716.91,13164121.09
2026-08-04T17:43:57+08:00,1,2,103.0,1957.9,8.25,76452.2,772407.7,99,4595,32768,37,254.02,1060718.11,13164817.89
2026-08-04T17:44:07+08:00,1,2,103.0,1957.6,8.05,76403.8,772407.7,83,4495,32768,37,253.05,1060718.27,13164136.73
2026-08-04T17:44:17+08:00,1,2,103.0,1958.0,7.65,75610.3,772407.7,81,4497,32768,36,281.86,1060718.79,13164104.21
2026-08-04T17:44:27+08:00,1,2,103.0,1957.9,7.25,75497.3,772407.7,79,4397,32768,36,285.26,1060719.80,13164099.20
2026-08-04T17:44:37+08:00,1,2,103.0,1957.7,7.36,75591.6,772407.7,78,4275,32768,35,254.34,1060720.36,13164099.64
2026-08-04T17:44:47+08:00,1,2,103.0,1877.9,7.23,75018.0,772407.7,94,6945,32768,36,81.29,1060720.58,13164120.42
2026-08-04T17:44:57+08:00,1,2,103.0,1861.4,7.11,75576.9,772407.7,96,6945,32768,36,221.43,1060720.81,13164101.19
2026-08-04T17:45:07+08:00,1,2,103.0,1861.2,7.02,75501.6,772407.7,97,6945,32768,37,231.65,1060721.43,13164119.57
2026-08-04T17:45:17+08:00,1,2,103.0,1861.8,7.18,75495.2,772407.7,97,6945,32768,37,244.78,1060721.77,13164102.23
2026-08-04T17:45:27+08:00,1,2,103.0,1861.4,7.39,75628.7,772407.7,98,6945,32768,38,262.78,1060722.01,13164087.99
2026-08-04T17:45:37+08:00,1,2,103.0,1861.2,7.71,75707.3,772407.7,98,6785,32768,37,303.04,1060722.54,13164113.46
2026-08-04T17:45:47+08:00,1,2,103.0,1861.3,7.52,75689.2,772407.7,98,6645,32768,37,256.77,1060722.82,13164178.18
2026-08-04T17:45:58+08:00,1,2,103.0,1861.5,7.21,75509.5,772407.7,96,6503,32768,37,248.19,1060723.32,13164173.68
2026-08-04T17:46:08+08:00,1,2,103.0,1861.2,7.33,75689.7,772407.7,98,6363,32768,37,254.34,1060724.11,13164172.89
2026-08-04T17:46:18+08:00,1,2,103.0,1861.4,7.59,76066.9,772407.7,97,6361,32768,38,272.63,1060724.53,13164267.47
2026-08-04T17:46:28+08:00,1,2,103.0,1861.2,8.26,76284.1,772407.7,96,6221,32768,37,262.12,1060725.22,13164260.78
2026-08-04T17:46:38+08:00,1,2,103.0,1861.0,8.52,75354.3,772407.7,96,6221,32768,37,304.49,1060725.43,13164236.57
2026-08-04T17:46:48+08:00,1,2,103.0,1861.0,8.53,75351.4,772407.7,97,6059,32768,37,267.47,1060726.39,13164209.61
2026-08-04T17:46:58+08:00,1,2,103.0,1861.0,8.62,74879.3,772407.7,97,5779,32768,36,243.16,1060726.82,13164200.18
2026-08-04T17:47:08+08:00,1,2,103.0,1861.4,9.02,75011.6,772407.7,97,5777,32768,36,268.57,1060727.43,13164173.57
2026-08-04T17:47:18+08:00,1,2,103.0,1861.0,8.33,74913.8,772407.7,98,5637,32768,36,280.59,1060727.80,13164151.20
2026-08-04T17:47:28+08:00,1,2,103.0,1861.1,7.97,74835.4,772407.7,89,5637,32768,35,277.49,1060728.33,13164141.67
2026-08-04T17:47:38+08:00,1,2,103.0,1861.0,8.77,74523.7,772407.7,83,5495,32768,36,259.69,1060728.59,13164113.41
2026-08-04T17:47:48+08:00,1,2,103.0,1860.9,8.79,74603.3,772407.7,81,5335,32768,34,165.93,1060728.92,13164087.08
2026-08-04T17:47:58+08:00,1,2,103.0,1860.9,8.37,75330.6,772407.7,80,5335,32768,34,240.24,1060729.39,13164060.61
2026-08-04T17:48:08+08:00,1,2,103.0,1862.5,7.85,74659.5,772407.7,89,5335,32768,34,239.43,1060729.42,13164024.58
2026-08-04T17:48:18+08:00,1,2,103.0,1862.4,7.80,75135.2,772407.7,83,1351,32768,34,72.98,1060729.94,13163980.06
2026-08-04T17:48:28+08:00,1,2,103.0,1957.8,8.37,76699.9,772407.7,82,5483,32768,36,206.41,1060730.00,13163938.00
2026-08-04T17:48:38+08:00,1,2,103.0,1958.0,8.86,76370.2,772407.7,95,5483,32768,37,260.17,1060730.40,13163912.60
2026-08-04T17:48:48+08:00,1,2,103.0,1957.9,9.35,75703.7,772407.7,95,5261,32768,37,293.52,1060730.56,13163882.44
2026-08-04T17:48:58+08:00,1,2,103.0,1958.0,9.30,75259.4,772407.7,96,4939,32768,37,275.73,1060731.42,13163855.58
2026-08-04T17:49:08+08:00,1,2,103.0,1958.0,9.49,75423.6,772407.7,99,4819,32768,37,262.92,1060727.06,13163834.94
2026-08-04T17:49:19+08:00,1,2,103.0,1958.0,9.41,75373.8,772407.7,100,4717,32768,37,293.81,1060727.27,13163829.73
2026-08-04T17:49:29+08:00,1,2,103.0,1957.8,9.50,75204.7,772407.7,80,4495,32768,36,228.88,1060727.58,13163843.42
2026-08-04T17:49:39+08:00,1,2,103.0,1958.1,9.04,75885.1,772407.7,76,4395,32768,36,249.65,1060727.57,13164189.43
2026-08-04T17:49:49+08:00,1,2,103.0,1958.0,8.58,75539.3,772407.7,82,4397,32768,36,293.04,1060727.66,13163853.34
2026-08-04T17:49:59+08:00,1,2,103.0,1957.8,8.48,75325.1,772407.7,87,4505,32768,35,73.47,1060727.88,13163880.12
2026-08-04T17:50:09+08:00,1,2,103.0,1861.3,8.47,75354.8,772407.7,89,6945,32768,37,227.12,1060727.92,13163887.08
2026-08-04T17:50:19+08:00,1,2,103.0,1861.5,8.72,75445.2,772407.7,95,6945,32768,37,230.19,1060727.99,13163886.01
2026-08-04T17:50:29+08:00,1,2,103.0,1861.5,8.31,75365.9,772407.7,96,6945,32768,37,225.32,1060728.03,13163892.97
2026-08-04T17:50:39+08:00,1,2,103.0,1861.1,8.51,75914.6,772407.7,98,6945,32768,37,265.83,1060728.12,13163917.88
2026-08-04T17:50:49+08:00,1,2,103.0,1860.9,8.75,76024.5,772407.7,97,6945,32768,38,301.78,1060728.21,13163919.79
2026-08-04T17:50:59+08:00,1,2,103.0,1860.9,8.47,75791.2,772407.7,97,6785,32768,38,250.13,1060728.23,13163912.77
2026-08-04T17:51:09+08:00,1,2,103.0,1860.6,8.42,76743.5,772407.7,96,6785,32768,38,298.38,1060728.45,13163918.55
2026-08-04T17:51:19+08:00,1,2,103.0,1860.7,8.49,77112.4,772407.7,97,6645,32768,37,271.66,1060728.52,13163930.48
2026-08-04T17:51:29+08:00,1,2,103.0,1861.8,8.41,76546.8,772407.7,97,6643,32768,37,240.89,1060728.90,13163932.10
2026-08-04T17:51:39+08:00,1,2,103.0,1861.4,8.42,76387.2,772407.7,94,6503,32768,37,272.15,1060728.73,13163964.27
2026-08-04T17:51:49+08:00,1,2,103.0,1861.4,8.38,76617.8,772407.7,97,6503,32768,38,293.71,1060728.93,13163989.07
2026-08-04T17:51:59+08:00,1,2,103.0,1861.9,8.39,75791.8,772407.7,97,6363,32768,37,296.24,1060728.91,13163993.09
2026-08-04T17:52:09+08:00,1,2,103.0,1861.6,8.27,75177.4,772407.7,97,6221,32768,37,249.32,1060729.14,13163990.86
2026-08-04T17:52:19+08:00,1,2,103.0,1861.8,8.62,75861.3,772407.7,97,6221,32768,37,292.36,1060729.60,13163977.40
2026-08-04T17:52:29+08:00,1,2,103.0,1861.4,8.98,75230.9,772407.7,96,6059,32768,37,290.31,1060729.68,13163974.32
2026-08-04T17:52:39+08:00,1,2,103.0,1861.6,8.43,75249.9,772407.7,98,5919,32768,37,271.71,1060729.77,13164639.23
2026-08-04T17:52:50+08:00,1,2,103.0,1861.5,7.98,74842.8,772407.7,98,5919,32768,37,257.91,1060729.85,13163947.15
2026-08-04T17:53:00+08:00,1,2,103.0,1861.4,7.92,75394.0,772407.7,96,5637,32768,36,255.97,1060729.92,13163952.08
2026-08-04T17:53:10+08:00,1,2,103.0,1861.1,7.93,75428.4,772407.7,89,5335,32768,34,268.79,1060729.99,13163950.01
2026-08-04T17:53:20+08:00,1,2,103.0,1904.5,7.71,75110.1,772407.7,79,1351,32768,34,73.51,1060730.20,13163953.80
2026-08-04T17:53:30+08:00,1,2,103.0,1958.0,7.97,74571.2,772407.7,94,5483,32768,37,220.75,1060730.23,13163967.77
2026-08-04T17:53:40+08:00,1,2,103.0,1957.9,8.37,74911.4,772407.7,95,5483,32768,37,199.55,1060730.31,13163962.69
2026-08-04T17:53:50+08:00,1,2,103.0,1957.8,8.61,75492.5,772407.7,96,5481,32768,38,260.66,1060730.40,13164048.60
2026-08-04T17:54:00+08:00,1,2,103.0,1958.0,8.51,74917.3,772407.7,93,5361,32768,37,273.91,1060730.55,13164065.45
2026-08-04T17:54:10+08:00,1,2,103.0,1958.0,8.52,75217.7,772407.7,96,5141,32768,37,249.16,1060730.63,13164075.37
2026-08-04T17:54:20+08:00,1,2,103.0,1957.6,8.21,75135.1,772407.7,95,5141,32768,37,297.70,1060730.66,13164063.34
2026-08-04T17:54:30+08:00,1,2,103.0,1958.0,8.01,75197.9,772407.7,98,4939,32768,37,285.26,1060730.79,13164038.21
2026-08-04T17:54:40+08:00,1,2,103.0,1957.9,7.80,75366.7,772407.7,98,4819,32768,37,291.87,1060730.85,13164022.15
2026-08-04T17:54:50+08:00,1,2,103.0,1957.7,7.76,75000.5,772407.7,98,4717,32768,37,243.15,1060731.00,13163999.00
2026-08-04T17:55:00+08:00,1,2,103.0,1958.1,8.56,74867.3,772407.7,90,4497,32768,36,246.40,1060731.11,13163973.89
2026-08-04T17:55:10+08:00,1,2,103.0,1958.0,8.69,75404.9,772407.7,78,4397,32768,36,246.24,1060731.31,13163971.69
2026-08-04T17:55:20+08:00,1,2,103.0,1957.7,8.50,75874.0,772407.7,75,4275,32768,35,249.97,1060731.39,13163971.61
2026-08-04T17:55:30+08:00,1,2,103.0,1957.9,8.12,75280.5,772407.7,85,1927,32768,34,72.00,1060731.92,13164330.08
2026-08-04T17:55:40+08:00,1,2,103.0,1861.5,8.41,75540.6,772407.7,86,6945,32768,36,131.48,1060732.32,13163969.68
2026-08-04T17:55:50+08:00,1,2,103.0,1861.5,8.12,75315.9,772407.7,93,6945,32768,37,230.68,1060732.48,13163999.52
2026-08-04T17:56:00+08:00,1,2,103.0,1861.2,8.43,75115.7,772407.7,94,6945,32768,37,231.47,1060719.84,13164021.16
2026-08-04T17:56:10+08:00,1,2,103.0,1861.3,9.43,75473.6,772407.7,97,6945,32768,37,247.05,1060719.94,13164068.06
2026-08-04T17:56:21+08:00,1,2,103.0,1861.5,10.66,75683.5,772407.7,97,6945,32768,37,251.76,1060720.13,13164092.87
2026-08-04T17:56:31+08:00,1,2,104.0,1861.2,10.87,75986.9,772407.7,94,6785,32768,37,274.58,1060720.29,13164121.71
2026-08-04T17:56:41+08:00,1,2,103.0,1861.3,10.44,76541.4,772407.7,96,6503,32768,37,252.73,1060720.51,13164138.49
2026-08-04T17:56:51+08:00,1,2,104.0,1861.5,9.75,75824.1,772407.7,96,6363,32768,37,234.23,1060720.74,13164179.26
2026-08-04T17:57:01+08:00,1,2,104.0,1861.2,10.17,76480.7,772407.7,97,6221,32768,37,277.49,1060720.93,13164216.07
2026-08-04T17:57:11+08:00,1,2,104.0,1861.3,9.83,75846.9,772407.7,98,6059,32768,37,296.73,1060721.04,13164247.96
2026-08-04T17:57:21+08:00,1,2,104.0,1861.2,9.77,75240.5,772407.7,97,5919,32768,37,298.38,1060721.22,13164259.78
2026-08-04T17:57:31+08:00,1,2,104.0,1860.8,9.33,75494.1,772407.7,97,5919,32768,37,278.16,1060721.45,13164291.55
2026-08-04T17:57:41+08:00,1,2,104.0,1860.9,9.22,76011.7,772407.7,96,5779,32768,37,257.60,1060722.04,13164336.96
2026-08-04T17:57:51+08:00,1,2,104.0,1860.9,9.27,78483.8,772407.7,85,5637,32768,36,236.67,1060722.24,13164376.76
2026-08-04T17:58:01+08:00,1,2,104.0,1860.5,8.75,76374.2,772407.7,86,5639,32768,36,296.73,1060722.87,13164388.13
2026-08-04T17:58:11+08:00,1,2,104.0,1861.0,8.48,76562.4,772407.7,83,5497,32768,36,251.91,1060723.05,13164399.95
2026-08-04T17:58:21+08:00,1,2,104.0,1860.9,8.02,76475.8,772407.7,86,5335,32768,34,213.45,1060723.24,13164399.76
2026-08-04T17:58:31+08:00,1,2,104.0,1904.3,8.16,76912.0,772407.7,76,1371,32768,34,74.44,1060723.44,13164400.56
2026-08-04T17:58:41+08:00,1,2,104.0,1904.3,8.75,76270.5,772407.7,84,1351,32768,34,75.03,1060723.74,13164428.26
2026-08-04T17:58:51+08:00,1,2,104.0,2196.6,9.33,77200.2,772407.7,88,1351,32768,34,74.54,1060723.95,13164389.05
2026-08-04T17:59:01+08:00,1,2,104.0,2014.0,9.29,76521.7,772407.7,90,2723,32768,35,74.93,1060717.25,13164388.75
2026-08-04T17:59:11+08:00,1,2,104.0,2001.9,9.18,75924.1,772407.7,92,2881,32768,35,74.93,1060717.45,13164383.55
2026-08-04T17:59:22+08:00,1,2,104.0,1957.9,9.00,76020.9,772407.7,96,5483,32768,37,243.97,1060717.87,13164378.13
2026-08-04T17:59:32+08:00,1,2,104.0,1958.0,8.91,75839.9,772407.7,95,5361,32768,37,290.61,1060718.17,13164384.83
2026-08-04T17:59:42+08:00,1,2,104.0,1958.0,8.62,74946.9,772407.7,98,5261,32768,37,266.49,1060718.46,13164486.54
2026-08-04T17:59:52+08:00,1,2,104.0,1957.6,8.52,74998.1,772407.7,94,5261,32768,37,295.85,1060718.96,13164503.04
2026-08-04T18:00:02+08:00,1,2,104.0,1958.1,8.92,75009.0,772407.7,95,5141,32768,37,293.42,1060719.04,13164507.96
2026-08-04T18:00:12+08:00,1,2,104.0,1958.1,8.92,74715.1,772407.7,95,4939,32768,37,258.74,1060719.09,13164525.91
2026-08-04T18:00:22+08:00,1,2,104.0,1958.0,9.48,74854.3,772407.7,95,4817,32768,37,263.44,1060719.37,13164542.63
2026-08-04T18:00:32+08:00,1,2,104.0,1957.7,9.95,75374.6,772407.7,97,4717,32768,37,288.18,1060719.37,13164592.63
2026-08-04T18:00:42+08:00,1,2,104.0,1958.0,9.94,74015.1,772407.7,98,4595,32768,37,291.39,1060719.39,13164589.61
2026-08-04T18:00:52+08:00,1,2,104.0,1958.0,9.74,73286.1,772407.7,89,4497,32768,36,293.04,1060719.43,13164590.57
2026-08-04T18:01:02+08:00,1,2,104.0,1957.7,9.54,73966.9,772407.7,91,4495,32768,36,289.63,1060719.46,13164588.54
2026-08-04T18:01:12+08:00,1,2,104.0,1958.1,10.52,74406.7,772407.7,80,4395,32768,36,298.18,1060719.53,13164588.47
2026-08-04T18:01:22+08:00,1,2,104.0,1958.0,10.04,73774.2,772407.7,90,4277,32768,35,224.99,1060719.57,13164587.43
2026-08-04T18:01:32+08:00,1,2,104.0,1919.6,9.81,74188.5,772407.7,89,4785,32768,35,73.91,1060719.62,13164586.38
2026-08-04T18:01:42+08:00,1,2,104.0,1861.3,9.22,74298.0,772407.7,92,6945,32768,36,176.17,1060714.44,13164596.56
2026-08-04T18:01:52+08:00,1,2,104.0,1861.5,9.03,73819.3,772407.7,97,6945,32768,37,199.55,1060714.66,13164621.34
2026-08-04T18:02:02+08:00,1,2,104.0,1861.2,8.87,74033.7,772407.7,97,6945,32768,38,252.08,1060714.80,13165263.20
2026-08-04T18:02:12+08:00,1,2,104.0,1861.4,8.50,74075.8,772407.7,97,6785,32768,38,290.41,1060715.24,13164601.76
2026-08-04T18:02:22+08:00,1,2,104.0,1861.3,8.04,73847.4,772407.7,97,6643,32768,37,254.84,1060715.31,13164589.69
2026-08-04T18:02:32+08:00,1,2,104.0,1861.5,7.42,74000.8,772407.7,96,6503,32768,37,255.31,1060715.78,13164601.22
2026-08-04T18:02:42+08:00,1,2,104.0,1861.2,7.19,74096.4,772407.7,96,6361,32768,37,262.12,1060715.89,13164605.11
2026-08-04T18:02:53+08:00,1,2,104.0,1861.3,7.39,74444.4,772407.7,96,6223,32768,37,298.38,1060716.27,13164596.73
2026-08-04T18:03:03+08:00,1,2,104.0,1861.5,7.63,74477.6,772407.7,97,6059,32768,37,237.64,1060716.42,13164584.58
2026-08-04T18:03:13+08:00,1,2,104.0,1861.2,7.76,74803.1,772407.7,95,5919,32768,36,260.98,1060716.74,13164586.26
2026-08-04T18:03:23+08:00,1,2,104.0,1861.4,7.34,74765.8,772407.7,97,5919,32768,37,257.26,1060716.92,13164601.08
2026-08-04T18:03:33+08:00,1,2,104.0,1861.3,7.75,74634.9,772407.7,97,5777,32768,37,273.12,1060717.25,13164592.75
2026-08-04T18:03:43+08:00,1,2,104.0,1861.2,7.93,75644.5,772407.7,89,5637,32768,36,265.52,1060717.65,13164596.35
2026-08-04T18:03:53+08:00,1,2,104.0,1861.4,8.33,75809.0,772407.7,84,5495,32768,35,296.73,1060718.20,13164583.80
2026-08-04T18:04:03+08:00,1,2,104.0,1904.6,8.90,76705.4,772407.7,84,1351,32768,34,73.47,1060718.57,13164600.43
2026-08-04T18:04:13+08:00,1,2,104.0,1957.3,9.23,76049.5,772407.7,94,5481,32768,36,212.61,1060718.69,13164599.31
2026-08-04T18:04:23+08:00,1,2,104.0,1958.2,9.34,76091.5,772407.7,95,5483,32768,37,285.26,1060719.16,13164573.84
2026-08-04T18:04:33+08:00,1,2,104.0,1958.4,8.98,75986.6,772407.7,96,5361,32768,37,255.80,1060719.36,13164576.64
2026-08-04T18:04:43+08:00,1,2,104.0,1958.1,8.52,75947.1,772407.7,91,5261,32768,37,290.41,1060719.70,13164589.30
2026-08-04T18:04:53+08:00,1,2,104.0,1958.1,8.12,76008.5,772407.7,95,5141,32768,37,288.47,1060720.18,13164623.82
2026-08-04T18:05:03+08:00,1,2,104.0,1958.1,8.11,75480.0,772407.7,97,4939,32768,37,252.88,1060720.19,13164934.81
2026-08-04T18:05:13+08:00,1,2,104.0,1957.9,8.56,78522.5,772407.7,96,4817,32768,37,281.56,1060720.84,13164622.16
2026-08-04T18:05:23+08:00,1,2,104.0,1957.6,9.63,78454.2,772407.7,98,4717,32768,37,298.38,1060720.95,13164622.05
2026-08-04T18:05:33+08:00,1,2,104.0,1958.0,10.22,77485.9,772407.7,83,4497,32768,36,291.58,1060721.02,13164653.98
2026-08-04T18:05:43+08:00,1,2,104.0,1957.9,10.25,76900.3,772407.7,72,4277,32768,35,264.90,1060721.09,13164650.91
2026-08-04T18:05:53+08:00,1,2,104.0,1957.7,9.84,76238.4,772407.7,77,1705,32768,35,72.09,1060721.17,13164641.83
2026-08-04T18:06:03+08:00,1,2,104.0,1861.5,9.23,75822.7,772407.7,88,6945,32768,36,221.92,1060721.26,13164640.74
2026-08-04T18:06:13+08:00,1,2,104.0,1861.4,8.88,76674.1,772407.7,91,6945,32768,37,236.03,1060721.46,13164663.54
2026-08-04T18:06:24+08:00,1,2,104.0,1861.1,8.59,77101.5,772407.7,96,6945,32768,37,219.63,1060713.61,13164671.39
2026-08-04T18:06:34+08:00,1,2,104.0,1861.3,8.60,77199.1,772407.7,96,6945,32768,38,305.66,1060713.67,13164683.33
2026-08-04T18:06:44+08:00,1,2,104.0,1861.5,9.42,77059.2,772407.7,97,6785,32768,37,293.52,1060713.81,13164698.19
2026-08-04T18:06:54+08:00,1,2,104.0,1861.2,9.34,76747.9,772407.7,97,6503,32768,37,257.40,1060716.09,13164742.91
2026-08-04T18:07:04+08:00,1,2,104.0,1861.4,9.83,77534.2,772407.7,93,6223,32768,37,254.99,1060720.15,13164759.85
2026-08-04T18:07:14+08:00,1,2,104.0,1861.6,9.85,77465.9,772407.7,97,6059,32768,37,309.07,1060720.29,13164795.71
2026-08-04T18:07:24+08:00,1,2,104.0,1861.2,9.26,77666.8,772407.7,96,5919,32768,37,282.53,1060720.42,13164841.58
2026-08-04T18:07:34+08:00,1,2,104.0,1861.4,8.91,77477.4,772407.7,96,5777,32768,36,246.73,1060721.57,13164860.43
2026-08-04T18:07:44+08:00,1,2,104.0,1861.3,8.63,77440.0,772407.7,86,5637,32768,36,227.27,1060721.69,13164882.31
2026-08-04T18:07:54+08:00,1,2,104.0,1861.3,8.37,77263.6,772407.7,83,5495,32768,35,257.74,1060721.80,13164899.20
2026-08-04T18:08:04+08:00,1,2,104.0,1861.4,8.25,77077.5,772407.7,80,5335,32768,34,147.40,1060722.55,13164916.45
2026-08-04T18:08:14+08:00,1,2,104.0,1862.9,7.90,76137.7,772407.7,81,1351,32768,34,73.51,1060722.87,13164982.13
2026-08-04T18:08:24+08:00,1,2,104.0,2011.5,7.60,76006.6,772407.7,81,2143,32768,35,73.96,1060723.12,13165049.88
2026-08-04T18:08:34+08:00,1,2,104.0,1957.4,7.74,75991.1,772407.7,91,5481,32768,36,191.04,1060723.26,13165113.74
2026-08-04T18:08:44+08:00,1,2,104.0,1957.7,7.91,76141.9,772407.7,94,5483,32768,37,223.38,1060723.45,13165137.55
2026-08-04T18:08:54+08:00,1,2,104.0,1957.5,7.91,75573.3,772407.7,95,5481,32768,37,293.81,1060723.61,13165126.39
2026-08-04T18:09:04+08:00,1,2,104.0,1957.4,8.15,76120.1,772407.7,95,5361,32768,37,294.78,1060725.73,13165118.27
2026-08-04T18:09:14+08:00,1,2,104.0,1957.5,8.98,76547.7,772407.7,96,5141,32768,37,300.81,1060725.73,13165092.27
2026-08-04T18:09:24+08:00,1,2,104.0,1957.3,9.52,76740.2,772407.7,97,5039,32768,37,297.98,1060726.71,13165069.29
2026-08-04T18:09:34+08:00,1,2,104.0,1957.8,9.60,76175.6,772407.7,97,4939,32768,37,282.65,1060726.76,13165066.24
2026-08-04T18:09:44+08:00,1,2,104.0,1957.3,9.52,75825.4,772407.7,97,4717,32768,37,258.72,1060727.15,13165016.85
2026-08-04T18:09:54+08:00,1,2,104.0,1958.3,9.52,76382.6,772407.7,100,4595,32768,37,289.44,1060727.08,13164995.92
2026-08-04T18:10:04+08:00,1,2,104.0,1958.2,8.89,75828.2,772407.7,90,4495,32768,37,292.36,1060727.22,13164967.78
2026-08-04T18:10:15+08:00,1,2,104.0,1958.1,8.61,76657.3,772407.7,83,4395,32768,36,289.93,1060727.45,13164939.55
2026-08-04T18:10:25+08:00,1,2,104.0,1958.0,8.65,76369.6,772407.7,91,3533,32768,34,210.87,1060727.72,13164916.28
2026-08-04T18:10:35+08:00,1,2,104.0,1861.4,8.87,76074.0,772407.7,94,6945,32768,36,213.30,1060727.86,13164900.14
2026-08-04T18:10:45+08:00,1,2,104.0,1861.1,9.51,76038.8,772407.7,96,6945,32768,37,221.09,1060728.28,13164881.72
2026-08-04T18:10:55+08:00,1,2,104.0,1861.5,9.50,75823.5,772407.7,96,6945,32768,38,216.02,1060728.48,13164852.52
2026-08-04T18:11:05+08:00,1,2,104.0,1861.4,9.65,76039.5,772407.7,96,6945,32768,37,296.92,1060728.66,13164829.34
2026-08-04T18:11:15+08:00,1,2,104.0,1861.2,9.01,75684.8,772407.7,96,6783,32768,37,258.23,1060728.91,13164801.09
2026-08-04T18:11:25+08:00,1,2,104.0,1861.6,8.47,75422.1,772407.7,97,6785,32768,38,290.41,1060729.05,13164804.95
2026-08-04T18:11:35+08:00,1,2,104.0,1861.4,8.16,75826.9,772407.7,98,6645,32768,37,267.29,1060729.06,13164808.94
2026-08-04T18:11:45+08:00,1,2,104.0,1861.3,8.14,75898.8,772407.7,98,6645,32768,37,290.61,1060729.53,13164808.47
2026-08-04T18:11:55+08:00,1,2,104.0,1861.3,7.81,75928.9,772407.7,97,6643,32768,37,284.48,1060729.75,13164818.25
2026-08-04T18:12:05+08:00,1,2,104.0,1861.5,7.45,75992.4,772407.7,96,6503,32768,37,255.31,1060729.97,13165465.03
2026-08-04T18:12:15+08:00,1,2,104.0,1861.3,7.23,76139.9,772407.7,96,6363,32768,37,238.77,1060730.25,13164945.75
2026-08-04T18:12:25+08:00,1,2,104.0,1861.3,7.27,76078.1,772407.7,97,6221,32768,37,248.84,1060730.46,13164928.54
2026-08-04T18:12:35+08:00,1,2,104.0,1861.5,8.15,75939.3,772407.7,96,6221,32768,37,291.58,1060730.51,13164930.49
2026-08-04T18:12:45+08:00,1,2,104.0,1861.3,8.43,75132.0,772407.7,97,6059,32768,37,244.46,1060730.58,13164899.42
2026-08-04T18:12:55+08:00,1,2,104.0,1861.3,8.28,75335.6,772407.7,96,5919,32768,37,245.11,1060730.79,13164859.21
2026-08-04T18:13:05+08:00,1,2,104.0,1861.5,8.40,75571.0,772407.7,97,5919,32768,37,276.52,1060730.24,13164816.76
2026-08-04T18:13:15+08:00,1,2,104.0,1861.2,8.25,75322.7,772407.7,87,5777,32768,37,290.41,1060730.83,13164759.17
2026-08-04T18:13:25+08:00,1,2,104.0,1861.4,7.83,75595.6,772407.7,84,5637,32768,36,243.32,1060730.90,13164729.10
2026-08-04T18:13:35+08:00,1,2,104.0,1861.3,7.61,75354.5,772407.7,87,5495,32768,36,255.31,1060730.97,13164728.03
2026-08-04T18:13:45+08:00,1,2,104.0,1861.3,7.99,75521.9,772407.7,86,5495,32768,35,306.92,1060730.92,13164721.08
2026-08-04T18:13:55+08:00,1,2,104.0,1861.4,8.35,75617.4,772407.7,86,5335,32768,34,246.08,1060725.76,13164740.24
2026-08-04T18:14:05+08:00,1,2,104.0,1862.8,8.29,75146.1,772407.7,84,1675,32768,33,86.72,1060725.81,13164741.19
2026-08-04T18:14:16+08:00,1,2,104.0,2029.6,8.31,75478.1,772407.7,85,1059,32768,34,73.47,1060726.09,13164752.91
2026-08-04T18:14:26+08:00,1,2,104.0,1957.3,7.80,75701.1,772407.7,93,5481,32768,36,88.14,1060726.29,13164730.71
2026-08-04T18:14:36+08:00,1,2,104.0,1957.5,7.76,76017.8,772407.7,94,5483,32768,36,190.55,1060719.79,13164737.21
2026-08-04T18:14:46+08:00,1,2,104.0,1957.4,7.74,76812.7,772407.7,95,5483,32768,37,281.56,1060720.27,13164762.73
2026-08-04T18:14:56+08:00,1,2,104.0,1957.2,7.64,77809.2,772407.7,94,5361,32768,37,241.86,1060720.33,13164798.67
2026-08-04T18:15:06+08:00,1,2,104.0,1957.5,8.39,76776.6,772407.7,93,5141,32768,37,262.61,1060720.83,13164816.17
2026-08-04T18:15:16+08:00,1,2,104.0,1957.4,9.10,77384.6,772407.7,96,5039,32768,37,294.49,1060720.91,13164810.09
2026-08-04T18:15:26+08:00,1,2,104.0,1957.3,9.22,76654.7,772407.7,95,4821,32768,37,257.26,1060720.95,13164820.05
2026-08-04T18:15:36+08:00,1,2,104.0,1958.4,8.86,76515.8,772407.7,98,4717,32768,37,295.17,1060720.97,13164846.03
2026-08-04T18:15:46+08:00,1,2,104.0,1958.1,9.03,76879.9,772407.7,98,4495,32768,36,236.51,1060721.00,13164860.00
2026-08-04T18:15:56+08:00,1,2,104.0,1957.8,8.79,76802.5,772407.7,79,4395,32768,36,247.70,1060721.07,13164855.93
2026-08-04T18:16:06+08:00,1,2,104.0,1958.2,8.20,76699.1,772407.7,82,4397,32768,36,295.75,1060721.13,13164864.87
2026-08-04T18:16:16+08:00,1,2,104.0,1958.2,7.70,76867.1,772407.7,91,4277,32768,35,250.94,1060721.05,13164870.95
2026-08-04T18:16:26+08:00,1,2,104.0,1957.7,7.51,76648.8,772407.7,75,2745,32768,35,73.03,1060721.06,13164869.94
2026-08-04T18:16:36+08:00,1,2,104.0,1861.5,7.13,76473.3,772407.7,92,6945,32768,36,95.90,1060720.49,13164886.51
2026-08-04T18:16:46+08:00,1,2,104.0,1861.4,7.02,75668.7,772407.7,98,6947,32768,38,235.54,1060720.52,13164884.48
2026-08-04T18:16:56+08:00,1,2,104.0,1861.2,6.96,75859.9,772407.7,96,6785,32768,37,251.43,1060721.19,13164875.81
2026-08-04T18:17:06+08:00,1,2,104.0,1861.6,7.56,75901.0,772407.7,97,6645,32768,37,255.48,1060721.39,13164869.61
2026-08-04T18:17:16+08:00,1,2,104.0,1861.2,7.56,75453.8,772407.7,96,6503,32768,37,251.76,1060721.40,13164845.60
2026-08-04T18:17:26+08:00,1,2,104.0,1861.4,7.63,76196.3,772407.7,95,6361,32768,38,290.12,1060721.43,13164833.57
2026-08-04T18:17:36+08:00,1,2,104.0,1861.3,7.46,76242.9,772407.7,96,6221,32768,37,290.12,1060721.50,13164815.50
2026-08-04T18:17:47+08:00,1,2,104.0,1861.3,7.63,76628.5,772407.7,97,6059,32768,37,273.96,1060721.57,13164803.43
2026-08-04T18:17:57+08:00,1,2,104.0,1861.4,7.52,76255.1,772407.7,97,5919,32768,36,274.09,1060721.58,13164792.42
2026-08-04T18:18:07+08:00,1,2,104.0,1861.3,7.75,76167.8,772407.7,97,5637,32768,36,223.82,1060721.63,13164798.37
2026-08-04T18:18:17+08:00,1,2,104.0,1861.3,7.56,76026.5,772407.7,80,5495,32768,36,242.84,1060723.03,13165612.97
2026-08-04T18:18:27+08:00,1,2,104.0,1861.4,8.42,76283.2,772407.7,78,5335,32768,34,244.62,1060723.60,13164967.40
2026-08-04T18:18:37+08:00,1,2,104.0,1904.9,8.28,75409.6,772407.7,83,1491,32768,34,75.91,1060723.70,13164978.30
2026-08-04T18:18:47+08:00,1,2,104.0,1957.9,8.24,75727.6,772407.7,86,5483,32768,36,129.53,1060724.46,13164983.54
2026-08-04T18:18:57+08:00,1,2,104.0,1957.9,7.89,75484.8,772407.7,89,5483,32768,36,200.29,1060724.44,13164989.56
2026-08-04T18:19:07+08:00,1,2,104.0,1957.9,7.99,76145.3,772407.7,94,5481,32768,37,236.67,1060724.48,13164950.52
2026-08-04T18:19:17+08:00,1,2,104.0,1957.7,8.07,75918.0,772407.7,97,5361,32768,37,254.83,1060724.73,13164920.27
2026-08-04T18:19:27+08:00,1,2,104.0,1957.5,8.13,77207.6,772407.7,93,5141,32768,37,254.83,1060717.89,13164854.11
2026-08-04T18:19:37+08:00,1,2,104.0,1957.5,8.19,76861.6,772407.7,96,4939,32768,37,260.52,1060718.08,13164811.92
2026-08-04T18:19:47+08:00,1,2,104.0,1689.3,8.41,72115.5,772407.7,0,1051,32768,29,56.35,1060718.07,13164796.93
2026-08-04T18:19:57+08:00,1,2,104.0,1689.3,7.97,72991.6,772407.7,0,1051,32768,29,55.90,1060718.12,13164780.88
2026-08-04T18:20:07+08:00,1,2,104.0,1689.3,8.37,74887.5,772407.7,0,1051,32768,29,55.90,1060718.15,13164751.85
2026-08-04T18:20:17+08:00,1,2,104.0,1689.3,8.38,76255.9,772407.7,0,1051,32768,29,55.97,1060718.20,13164723.80
2026-08-04T18:20:27+08:00,1,2,104.0,1689.3,8.31,76836.8,772407.7,0,1051,32768,29,55.86,1060718.26,13164710.74
2026-08-04T18:20:37+08:00,1,2,104.0,1689.3,8.04,77611.1,772407.7,0,1051,32768,29,55.90,1060718.31,13164681.69
2026-08-04T18:20:47+08:00,1,2,104.0,1686.9,8.03,77726.4,772407.7,0,1051,32768,29,55.86,1060717.89,13164686.11
2026-08-04T18:20:57+08:00,1,2,104.0,1684.8,7.96,73935.7,772407.7,0,1051,32768,29,55.97,1060717.85,13164664.15
2026-08-04T18:21:07+08:00,1,2,104.0,1684.8,8.11,73991.9,772407.7,0,1051,32768,29,55.94,1060718.23,13164653.77
2026-08-04T18:21:18+08:00,1,2,103.0,1684.8,7.70,75468.4,772407.7,0,1051,32768,29,55.90,1060718.78,13164645.22
2026-08-04T18:21:28+08:00,1,2,103.0,1684.8,7.82,75922.4,772407.7,0,1051,32768,29,55.86,1060719.14,13164635.86
2026-08-04T18:21:38+08:00,1,2,103.0,1684.8,7.68,76694.0,772407.7,0,1051,32768,29,55.86,1060719.42,13164631.58
2026-08-04T18:21:48+08:00,1,2,103.0,1685.2,7.97,76618.4,772407.7,12,1051,32768,29,62.26,1060719.61,13164625.39
2026-08-04T18:21:58+08:00,1,2,103.0,1691.2,8.48,73255.0,772407.7,0,1051,32768,29,55.86,1060720.04,13164616.96
2026-08-04T18:22:08+08:00,1,2,103.0,1691.2,8.47,72879.0,772407.7,0,1051,32768,29,55.86,1060720.20,13164625.80
2026-08-04T18:22:18+08:00,1,2,103.0,1691.2,8.49,74224.6,772407.7,0,1051,32768,29,55.90,1060720.57,13164660.43
2026-08-04T18:22:28+08:00,1,2,103.0,1691.2,8.81,75479.9,772407.7,0,1051,32768,29,55.86,1060721.00,13164656.00
2026-08-04T18:22:38+08:00,1,2,103.0,1691.2,8.54,74255.0,772407.7,0,1051,32768,29,55.90,1060721.43,13164660.57
2026-08-04T18:22:48+08:00,1,2,103.0,1691.2,8.30,75635.3,772407.7,0,1051,32768,29,55.94,1060722.17,13164666.83
2026-08-04T18:22:58+08:00,1,2,103.0,1758.6,8.58,72116.8,772407.7,0,1051,32768,29,55.90,1060721.69,13164701.31
2026-08-04T18:23:08+08:00,1,2,103.0,1758.6,8.25,72495.0,772407.7,0,1051,32768,29,55.86,1060722.06,13164707.94
2026-08-04T18:23:18+08:00,1,2,103.0,1758.6,8.15,73836.6,772407.7,0,1051,32768,29,55.86,1060722.17,13164702.83
2026-08-04T18:23:28+08:00,1,2,102.0,1758.6,7.89,74115.2,772407.7,0,1051,32768,29,55.90,1060722.52,13164695.48
2026-08-04T18:23:38+08:00,1,2,102.0,1758.6,7.89,75410.4,772407.7,0,1051,32768,29,55.90,1060722.36,13164695.64
2026-08-04T18:23:48+08:00,1,2,102.0,1758.6,7.83,77155.9,772407.7,0,1051,32768,29,55.86,1060723.66,13165359.34
2026-08-04T18:23:58+08:00,1,2,79.5,414.1,8.29,71777.0,772407.7,0,309,32768,29,55.94,1060723.43,13165355.57
2026-08-04T18:24:08+08:00,1,2,53.1,1087.7,8.55,72415.3,772407.7,0,865,32768,29,55.94,1060723.64,13164714.36
2026-08-04T18:24:18+08:00,1,2,29.0,1087.7,8.38,72771.1,772407.7,0,865,32768,29,55.86,1060724.07,13164721.93
2026-08-04T18:24:28+08:00,1,2,20.0,1087.7,8.76,73266.2,772407.7,0,865,32768,29,55.97,1060724.14,13164765.86
2026-08-04T18:24:38+08:00,1,2,15.3,1087.7,8.87,74131.2,772407.7,0,865,32768,29,55.86,1060724.55,13164777.45
2026-08-04T18:24:48+08:00,1,2,12.4,1087.7,8.64,74315.6,772407.7,0,865,32768,29,55.90,1060724.93,13164809.07
2026-08-04T18:24:58+08:00,1,2,10.4,1087.7,8.54,74378.2,772407.7,0,865,32768,29,55.86,1060725.19,13164810.81
2026-08-04T18:25:09+08:00,1,2,17.0,1822.2,8.55,75634.3,772407.7,93,1351,32768,33,73.91,1060725.17,13164809.83
2026-08-04T18:25:19+08:00,1,2,28.3,1811.0,8.30,75024.6,772407.7,87,5495,32768,35,298.67,1060725.22,13164965.78
2026-08-04T18:25:29+08:00,1,2,37.2,1812.0,8.41,75468.8,772407.7,93,5777,32768,36,261.32,1060725.31,13164975.69
2026-08-04T18:25:39+08:00,1,2,44.3,1812.6,8.05,75166.8,772407.7,98,6061,32768,37,275.91,1060725.33,13164983.67
2026-08-04T18:25:49+08:00,1,2,50.2,1812.9,8.04,75058.2,772407.7,97,6061,32768,37,245.75,1060725.12,13164952.88
2026-08-04T18:25:59+08:00,1,2,55.1,1812.9,7.73,74820.7,772407.7,94,6059,32768,37,280.40,1060725.71,13164883.29
2026-08-04T18:26:09+08:00,1,2,59.3,1813.2,8.24,75150.2,772407.7,96,6059,32768,37,287.21,1060725.80,13164836.20
2026-08-04T18:26:19+08:00,1,2,62.9,1813.3,8.68,75104.3,772407.7,96,5919,32768,37,280.89,1060725.84,13164806.16
2026-08-04T18:26:29+08:00,1,2,66.0,1813.5,8.73,74918.4,772407.7,87,5637,32768,36,278.64,1060725.91,13164742.09
2026-08-04T18:26:39+08:00,1,2,68.7,1813.3,8.40,75105.1,772407.7,86,5495,32768,35,237.31,1060726.05,13164703.95
2026-08-04T18:26:49+08:00,1,2,71.2,1813.5,8.42,74767.3,772407.7,85,5335,32768,34,254.68,1060725.91,13164697.09
2026-08-04T18:26:59+08:00,1,2,73.3,1814.8,8.27,74952.9,772407.7,87,1651,32768,33,72.09,1060726.19,13164666.81
2026-08-04T18:27:09+08:00,1,2,75.1,1856.8,9.09,74975.9,772407.7,78,1349,32768,34,74.93,1060717.43,13164658.57
2026-08-04T18:27:19+08:00,1,2,76.9,1908.8,9.16,74845.4,772407.7,91,5481,32768,36,184.46,1060718.70,13164734.30
2026-08-04T18:27:29+08:00,1,2,78.4,1908.9,8.91,74776.4,772407.7,91,5481,32768,36,215.74,1060718.81,13164732.19
2026-08-04T18:27:39+08:00,1,2,79.9,1909.0,8.94,75451.9,772407.7,94,5481,32768,37,249.16,1060718.88,13164728.12
2026-08-04T18:27:49+08:00,1,2,81.2,1908.8,9.02,74904.2,772407.7,96,5361,32768,37,291.39,1060721.31,13164717.69
2026-08-04T18:27:59+08:00,1,2,82.4,1909.2,8.56,74306.0,772407.7,98,5261,32768,37,282.35,1060724.99,13164692.01
2026-08-04T18:28:09+08:00,1,2,83.5,1909.0,7.94,74426.7,772407.7,96,5261,32768,37,296.24,1060724.99,13164668.01
2026-08-04T18:28:19+08:00,1,2,84.6,1909.3,7.48,74321.2,772407.7,95,5261,32768,37,274.58,1060725.42,13164661.58
2026-08-04T18:28:29+08:00,1,2,85.5,1909.0,7.64,74068.0,772407.7,95,4939,32768,37,267.77,1060726.51,13164640.49
2026-08-04T18:28:40+08:00,1,2,86.4,1908.9,7.61,74399.3,772407.7,98,4819,32768,37,234.57,1060726.65,13164653.35
2026-08-04T18:28:50+08:00,1,2,86.9,1909.0,7.67,74794.6,772407.7,99,4717,32768,37,259.20,1060727.30,13164655.70
2026-08-04T18:29:00+08:00,1,2,87.7,1908.7,8.10,75341.1,772407.7,84,4595,32768,36,251.91,1060724.46,13164681.54
2026-08-04T18:29:10+08:00,1,2,88.4,1909.1,9.30,75546.9,772407.7,81,4597,32768,36,302.26,1060725.46,13164708.54
2026-08-04T18:29:20+08:00,1,2,89.1,1909.2,8.87,75358.8,772407.7,78,4395,32768,36,250.78,1060725.63,13164724.37
2026-08-04T18:29:30+08:00,1,2,89.8,1909.3,8.50,75610.2,772407.7,87,4275,32768,35,253.54,1060725.74,13164727.26
2026-08-04T18:29:40+08:00,1,2,90.4,1909.3,8.11,75592.8,772407.7,88,1973,32768,34,147.89,1060725.77,13164745.23
2026-08-04T18:29:50+08:00,1,2,90.9,1813.0,8.10,75586.4,772407.7,88,6945,32768,36,171.67,1060726.00,13165445.00
2026-08-04T18:30:00+08:00,1,2,91.5,1813.4,8.32,75888.6,772407.7,96,6945,32768,37,232.13,1060726.01,13165417.99
2026-08-04T18:30:10+08:00,1,2,92.0,1813.3,8.58,75197.3,772407.7,96,6945,32768,37,293.23,1060726.66,13164733.34
2026-08-04T18:30:20+08:00,1,2,92.5,1813.0,9.20,75199.5,772407.7,98,6945,32768,38,296.24,1060726.80,13164732.20
2026-08-04T18:30:30+08:00,1,2,92.9,1813.2,8.71,75342.5,772407.7,98,6785,32768,37,257.74,1060726.97,13164755.03
2026-08-04T18:30:40+08:00,1,2,93.3,1813.4,8.29,75448.3,772407.7,98,6947,32768,37,293.71,1060727.20,13164759.80
2026-08-04T18:30:50+08:00,1,2,93.7,1813.5,8.12,75227.3,772407.7,94,6645,32768,37,278.34,1060727.62,13164780.38
2026-08-04T18:31:00+08:00,1,2,94.2,1813.4,8.87,75839.4,772407.7,97,6645,32768,37,294.30,1060727.90,13164801.10
2026-08-04T18:31:10+08:00,1,2,94.5,1813.7,9.13,76226.4,772407.7,96,6505,32768,37,252.40,1060728.01,13164814.99
2026-08-04T18:31:20+08:00,1,2,94.9,1813.8,9.60,75505.2,772407.7,97,6361,32768,37,296.24,1060728.19,13164800.81
2026-08-04T18:31:30+08:00,1,2,95.3,1813.5,9.42,76004.8,772407.7,96,6221,32768,37,268.26,1060728.36,13164797.64
2026-08-04T18:31:40+08:00,1,2,95.6,1813.8,9.12,75810.0,772407.7,98,6221,32768,37,252.08,1060728.57,13164798.43
2026-08-04T18:31:50+08:00,1,2,95.9,1813.8,9.57,76430.8,772407.7,96,6061,32768,37,265.83,1060728.76,13164795.24
2026-08-04T18:32:01+08:00,1,2,96.2,1813.7,10.09,76433.1,772407.7,96,5919,32768,36,285.26,1060729.00,13164789.00
2026-08-04T18:32:11+08:00,1,2,96.5,1813.4,10.00,76529.1,772407.7,90,5637,32768,36,290.12,1060729.32,13164790.68
2026-08-04T18:32:21+08:00,1,2,96.6,1813.7,10.16,76990.3,772407.7,85,5495,32768,36,292.45,1060729.49,13164799.51
2026-08-04T18:32:31+08:00,1,2,96.9,1857.2,10.82,77008.7,772407.7,76,2273,32768,34,206.49,1060729.66,13164932.34
2026-08-04T18:32:41+08:00,1,2,97.1,1857.1,9.92,76469.2,772407.7,90,1351,32768,34,79.33,1060729.81,13164980.19
2026-08-04T18:32:51+08:00,1,2,97.3,1909.0,9.78,76735.9,772407.7,94,5483,32768,36,199.32,1060729.50,13164982.50
2026-08-04T18:33:01+08:00,1,2,97.6,1909.1,9.28,76678.4,772407.7,96,5481,32768,36,217.54,1060729.62,13164998.38
2026-08-04T18:33:11+08:00,1,2,97.8,1909.2,9.01,76601.4,772407.7,95,5481,32768,36,211.98,1060728.67,13164999.33
2026-08-04T18:33:21+08:00,1,2,98.0,1909.4,8.86,76826.1,772407.7,96,5481,32768,37,239.12,1060728.92,13165009.08
2026-08-04T18:33:31+08:00,1,2,98.2,1909.0,8.89,76623.4,772407.7,95,5481,32768,37,295.27,1060729.49,13164979.51
2026-08-04T18:33:41+08:00,1,2,98.5,1909.2,9.06,77191.6,772407.7,94,5361,32768,37,290.41,1060729.71,13164953.29
2026-08-04T18:33:51+08:00,1,2,98.7,1909.2,9.75,77852.4,772407.7,94,5141,32768,38,266.98,1060729.99,13164868.01
2026-08-04T18:34:01+08:00,1,2,98.9,1909.1,10.32,77204.8,772407.7,95,4939,32768,37,277.31,1060730.26,13164846.74
2026-08-04T18:34:11+08:00,1,2,99.0,1909.5,10.06,77247.6,772407.7,98,4717,32768,37,266.01,1060729.67,13164817.33
2026-08-04T18:34:21+08:00,1,2,99.2,1909.3,10.21,77259.4,772407.7,82,4495,32768,36,266.84,1060730.43,13164786.57
2026-08-04T18:34:31+08:00,1,2,99.4,1909.1,9.55,76738.3,772407.7,81,4273,32768,35,185.68,1060730.47,13164751.53
2026-08-04T18:34:41+08:00,1,2,99.6,1871.4,9.24,76900.0,772407.7,89,5005,32768,35,74.39,1060730.55,13164737.45
2026-08-04T18:34:51+08:00,1,2,99.7,1813.4,9.20,76695.8,772407.7,91,6947,32768,37,224.35,1060730.60,13164720.40
2026-08-04T18:35:01+08:00,1,2,99.9,1813.2,8.87,76035.5,772407.7,96,6945,32768,37,212.47,1060730.58,13164709.42
2026-08-04T18:35:11+08:00,1,2,100.0,1813.4,8.50,75905.0,772407.7,97,6945,32768,37,298.95,1060730.65,13164687.35
2026-08-04T18:35:21+08:00,1,2,100.0,1813.5,7.89,75673.8,772407.7,98,6945,32768,38,264.24,1060730.65,13164669.35
2026-08-04T18:35:32+08:00,1,2,100.0,1813.1,8.14,75596.8,772407.7,97,6783,32768,37,252.88,1060730.67,13164645.33
2026-08-04T18:35:42+08:00,1,2,100.0,1813.3,7.96,75703.9,772407.7,95,6645,32768,37,242.35,1060725.51,13164620.49
2026-08-04T18:35:52+08:00,1,2,100.0,1813.2,7.98,75536.5,772407.7,97,6643,32768,37,302.55,1060725.92,13164581.08
2026-08-04T18:36:02+08:00,1,2,100.0,1813.2,8.43,76014.0,772407.7,95,6363,32768,37,254.02,1060725.97,13164548.03
2026-08-04T18:36:12+08:00,1,2,100.0,1812.9,8.05,75398.8,772407.7,97,6059,32768,37,299.35,1060726.04,13164538.96
2026-08-04T18:36:22+08:00,1,2,100.0,1813.2,8.28,75153.5,772407.7,93,5777,32768,36,246.40,1060726.21,13164503.79
2026-08-04T18:36:32+08:00,1,2,101.0,1813.2,7.85,74795.5,772407.7,87,5777,32768,37,252.56,1060726.28,13164487.72
2026-08-04T18:36:42+08:00,1,2,101.0,1813.0,8.19,75129.7,772407.7,84,5639,32768,36,303.81,1060726.24,13164489.76
2026-08-04T18:36:52+08:00,1,2,101.0,1813.4,8.16,75364.8,772407.7,83,5335,32768,35,283.62,1060726.36,13164491.64
2026-08-04T18:37:02+08:00,1,2,101.0,1815.0,7.67,74315.8,772407.7,86,5333,32768,34,246.08,1060726.42,13164496.58
2026-08-04T18:37:12+08:00,1,2,101.0,1856.6,7.65,74582.9,772407.7,76,1371,32768,34,75.86,1060726.52,13164501.48
2026-08-04T18:37:22+08:00,1,2,101.0,1856.8,7.32,74202.9,772407.7,75,1351,32768,34,76.35,1060698.70,13164513.30
2026-08-04T18:37:32+08:00,1,2,101.0,1909.8,7.87,75228.5,772407.7,90,5481,32768,36,102.67,1060698.75,13164508.25
2026-08-04T18:37:42+08:00,1,2,101.0,1910.0,7.89,74690.6,772407.7,93,5481,32768,36,210.87,1060697.36,13164506.64
2026-08-04T18:37:52+08:00,1,2,101.0,1910.0,8.06,74859.7,772407.7,96,5483,32768,37,230.68,1060575.97,13164628.03
2026-08-04T18:38:02+08:00,1,2,102.0,1909.7,8.52,75211.2,772407.7,97,5481,32768,38,252.41,1060575.99,13164627.01
2026-08-04T18:38:12+08:00,1,2,102.0,1909.7,8.97,75141.7,772407.7,95,5361,32768,37,289.74,1060576.17,13164653.83
2026-08-04T18:38:22+08:00,1,2,102.0,1909.7,8.98,75332.4,772407.7,96,5141,32768,37,258.55,1060576.93,13164685.07
2026-08-04T18:38:32+08:00,1,2,102.0,1909.7,8.97,75163.6,772407.7,96,5041,32768,37,289.44,1060577.21,13164697.79
2026-08-04T18:38:42+08:00,1,2,102.0,1909.5,9.19,75050.2,772407.7,97,4939,32768,37,303.04,1060577.65,13164696.35
2026-08-04T18:38:53+08:00,1,2,102.0,1909.9,9.32,76440.7,772407.7,96,4717,32768,37,258.89,1060579.06,13164681.94
2026-08-04T18:39:03+08:00,1,2,102.0,1910.0,9.72,75778.0,772407.7,99,4497,32768,36,264.24,1060580.11,13164668.89
2026-08-04T18:39:13+08:00,1,2,102.0,1893.8,10.49,76349.9,772407.7,71,5045,32768,35,72.93,1060580.69,13164758.31
2026-08-04T18:39:23+08:00,1,2,102.0,1813.3,9.86,75650.4,772407.7,96,6947,32768,37,212.96,1060581.36,13164766.64
2026-08-04T18:39:33+08:00,1,2,102.0,1813.5,9.50,75845.0,772407.7,96,6947,32768,37,252.08,1060581.47,13164794.53
2026-08-04T18:39:43+08:00,1,2,102.0,1814.1,9.58,76286.8,772407.7,96,6785,32768,38,254.68,1060582.11,13164856.89
2026-08-04T18:39:53+08:00,1,2,102.0,1813.9,9.65,76151.6,772407.7,96,6643,32768,37,271.84,1060582.27,13165006.73
2026-08-04T18:40:03+08:00,1,2,103.0,1814.0,8.94,76002.6,772407.7,97,6645,32768,37,290.12,1060582.42,13165207.58
2026-08-04T18:40:13+08:00,1,2,103.0,1814.0,8.48,75376.3,772407.7,96,6503,32768,38,279.73,1060582.82,13165287.18
2026-08-04T18:40:23+08:00,1,2,103.0,1813.7,8.20,75157.2,772407.7,97,6503,32768,37,309.35,1060582.89,13165299.11
2026-08-04T18:40:33+08:00,1,2,103.0,1814.0,8.72,75255.1,772407.7,98,6361,32768,37,261.63,1060583.00,13165302.00
2026-08-04T18:40:43+08:00,1,2,103.0,1813.9,8.37,75489.1,772407.7,97,6221,32768,37,242.68,1060583.56,13165303.44
2026-08-04T18:40:53+08:00,1,2,103.0,1813.7,8.16,75980.9,772407.7,97,6059,32768,37,240.56,1060583.96,13165317.04
2026-08-04T18:41:03+08:00,1,2,103.0,1813.3,8.06,75771.4,772407.7,97,6059,32768,37,296.63,1060584.21,13165327.79
2026-08-04T18:41:13+08:00,1,2,103.0,1813.7,8.58,75319.7,772407.7,97,5919,32768,37,298.47,1060584.64,13165332.36
2026-08-04T18:41:23+08:00,1,2,103.0,1813.7,8.11,75232.8,772407.7,96,5777,32768,37,276.52,1060584.92,13165334.08
2026-08-04T18:41:33+08:00,1,2,103.0,1813.4,8.43,75504.3,772407.7,91,5637,32768,36,250.45,1060585.27,13165343.73
2026-08-04T18:41:43+08:00,1,2,103.0,1813.6,9.03,75630.1,772407.7,81,5495,32768,36,248.51,1060585.58,13165352.42
2026-08-04T18:41:53+08:00,1,2,103.0,1813.8,8.80,75966.6,772407.7,92,5495,32768,36,301.58,1060585.88,13165395.12
2026-08-04T18:42:03+08:00,1,2,103.0,1813.8,8.59,75540.5,772407.7,88,5335,32768,34,249.65,1060585.88,13165519.12
2026-08-04T18:42:14+08:00,1,2,103.0,1856.5,8.44,75255.6,772407.7,85,1651,32768,33,77.87,1060586.52,13165527.48
2026-08-04T18:42:24+08:00,1,2,103.0,1856.8,8.53,75460.7,772407.7,83,1351,32768,34,74.44,1060586.65,13165549.35
2026-08-04T18:42:34+08:00,1,2,103.0,1909.8,8.90,75462.9,772407.7,91,5483,32768,37,209.90,1060586.32,13165549.68
2026-08-04T18:42:44+08:00,1,2,104.0,1909.8,8.60,75233.4,772407.7,90,5481,32768,37,205.65,1060586.94,13165549.06
2026-08-04T18:42:54+08:00,1,2,104.0,1909.6,8.36,75034.6,772407.7,94,5483,32768,37,222.89,1060587.24,13165527.76
2026-08-04T18:43:04+08:00,1,2,104.0,1909.4,8.64,74947.0,772407.7,96,5481,32768,37,265.52,1060587.42,13165477.58
2026-08-04T18:43:14+08:00,1,2,104.0,1909.7,9.53,76191.8,772407.7,95,5363,32768,37,249.81,1060587.64,13165439.36
2026-08-04T18:43:24+08:00,1,2,104.0,1909.7,9.37,75380.3,772407.7,96,5261,32768,37,265.52,1060587.74,13165419.26
2026-08-04T18:43:34+08:00,1,2,104.0,1909.5,8.93,75584.9,772407.7,96,5141,32768,37,277.31,1060587.98,13165376.02
2026-08-04T18:43:44+08:00,1,2,104.0,1909.8,8.58,75860.0,772407.7,94,5141,32768,37,245.75,1060588.15,13165353.85
2026-08-04T18:43:54+08:00,1,2,104.0,1909.8,8.96,77943.5,772407.7,95,5041,32768,37,262.92,1060588.28,13165303.72
2026-08-04T18:44:04+08:00,1,2,104.0,1909.6,9.49,76454.2,772407.7,95,4939,32768,37,261.49,1060588.65,13165274.35
2026-08-04T18:44:14+08:00,1,2,104.0,1909.8,9.42,76001.9,772407.7,97,4939,32768,37,291.58,1060588.70,13165245.30
2026-08-04T18:44:24+08:00,1,2,104.0,1909.8,9.42,76866.0,772407.7,97,4717,32768,37,268.13,1060588.96,13165241.04
2026-08-04T18:44:34+08:00,1,2,104.0,1909.4,9.06,77123.9,772407.7,99,4717,32768,37,271.00,1060588.57,13165241.43
2026-08-04T18:44:44+08:00,1,2,104.0,1909.7,9.68,76766.1,772407.7,96,4497,32768,36,240.24,1060589.31,13165206.69
2026-08-04T18:44:54+08:00,1,2,104.0,1909.7,9.63,76693.0,772407.7,78,4395,32768,36,246.73,1060589.52,13165172.48
2026-08-04T18:45:04+08:00,1,2,104.0,1909.7,8.92,77271.7,772407.7,81,4397,32768,36,293.81,1060589.89,13165150.11
2026-08-04T18:45:14+08:00,1,2,104.0,1909.5,8.71,77102.7,772407.7,79,1973,32768,34,127.49,1060590.07,13165144.93
2026-08-04T18:45:24+08:00,1,2,104.0,1813.8,8.60,76475.5,772407.7,85,6945,32768,37,149.94,1060590.30,13165229.70
2026-08-04T18:45:34+08:00,1,2,104.0,1813.8,8.66,77519.6,772407.7,97,6947,32768,37,231.65,1060589.95,13165207.05
2026-08-04T18:45:44+08:00,1,2,104.0,1813.6,8.33,77391.9,772407.7,98,6947,32768,37,299.15,1060590.77,13165184.23
2026-08-04T18:45:54+08:00,1,2,104.0,1813.8,8.05,76948.0,772407.7,91,6945,32768,38,253.85,1060590.93,13165161.07
2026-08-04T18:46:04+08:00,1,2,105.0,1813.6,7.65,76513.2,772407.7,97,6785,32768,38,274.58,1060591.16,13165104.84
2026-08-04T18:46:15+08:00,1,2,105.0,1813.7,7.63,77245.6,772407.7,97,6643,32768,37,294.78,1060590.74,13165054.26
2026-08-04T18:46:25+08:00,1,2,105.0,1813.5,8.50,77441.3,772407.7,96,6503,32768,38,290.50,1060591.70,13164998.30
2026-08-04T18:46:35+08:00,1,2,105.0,1813.7,8.50,77483.8,772407.7,98,6361,32768,37,247.38,1060591.88,13164946.12
2026-08-04T18:46:45+08:00,1,2,105.0,1813.8,8.25,76982.4,772407.7,95,6221,32768,37,240.89,1060591.92,13164910.08
2026-08-04T18:46:55+08:00,1,2,105.0,1813.6,8.21,76573.7,772407.7,98,6061,32768,37,257.43,1060591.94,13164815.06
2026-08-04T18:47:05+08:00,1,2,105.0,1813.8,7.87,75878.1,772407.7,96,6061,32768,37,290.41,1060591.99,13164784.01
2026-08-04T18:47:15+08:00,1,2,105.0,1813.8,7.96,75413.8,772407.7,96,5777,32768,36,252.88,1060592.20,13164739.80
2026-08-04T18:47:25+08:00,1,2,105.0,1813.9,9.05,75613.6,772407.7,88,5497,32768,36,274.09,1060592.18,13164705.82
2026-08-04T18:47:35+08:00,1,2,105.0,1827.1,8.72,75112.1,772407.7,83,1491,32768,33,75.03,1060592.12,13164676.88
2026-08-04T18:47:45+08:00,1,2,105.0,1909.5,9.15,75415.4,772407.7,87,5483,32768,36,212.82,1060592.26,13164651.74
2026-08-04T18:47:55+08:00,1,2,105.0,1909.8,9.14,75035.7,772407.7,96,5481,32768,37,293.33,1060592.30,13164633.70
2026-08-04T18:48:05+08:00,1,2,105.0,1909.8,8.99,74952.8,772407.7,96,5141,32768,37,259.69,1060592.32,13164601.68
2026-08-04T18:48:15+08:00,1,2,105.0,1909.8,8.61,75373.1,772407.7,96,4939,32768,37,294.30,1060587.13,13164590.87
2026-08-04T18:48:25+08:00,1,2,105.0,1909.4,8.72,74924.6,772407.7,96,4597,32768,37,252.90,1060578.39,13164595.61
2026-08-04T18:48:35+08:00,1,2,105.0,1909.7,8.83,75336.2,772407.7,83,1313,32768,34,98.27,1060578.32,13164572.68
2026-08-04T18:48:45+08:00,1,2,105.0,1813.7,8.64,74640.4,772407.7,94,6947,32768,37,230.83,1060578.95,13164559.05
2026-08-04T18:48:55+08:00,1,2,105.0,1813.4,8.79,75818.4,772407.7,93,6947,32768,37,240.89,1060580.90,13164545.10
2026-08-04T18:49:05+08:00,1,2,105.0,1813.8,8.66,75977.1,772407.7,97,6785,32768,38,288.37,1060585.17,13164526.83
2026-08-04T18:49:15+08:00,1,2,105.0,1813.8,8.56,76194.7,772407.7,98,6645,32768,37,304.78,1060585.41,13164547.59
2026-08-04T18:49:25+08:00,1,2,105.0,1813.6,8.16,76417.7,772407.7,97,6503,32768,38,241.86,1060585.50,13164562.50
2026-08-04T18:49:35+08:00,1,2,105.0,1813.8,8.29,76368.9,772407.7,97,6363,32768,37,241.05,1060586.83,13164569.17
2026-08-04T18:49:45+08:00,1,2,105.0,1813.6,7.93,76483.2,772407.7,97,6363,32768,37,255.31,1060586.89,13164602.11
2026-08-04T18:49:55+08:00,1,2,105.0,1813.8,8.04,77117.2,772407.7,95,6361,32768,37,288.66,1060586.98,13164623.02
2026-08-04T18:50:05+08:00,1,2,105.0,1813.6,7.80,76779.2,772407.7,97,6221,32768,37,274.27,1060588.96,13164644.04
2026-08-04T18:50:15+08:00,1,2,105.0,1813.7,7.99,77183.6,772407.7,97,6061,32768,37,236.34,1060589.71,13164669.29
2026-08-04T18:50:25+08:00,1,2,105.0,1813.7,9.84,75986.8,772407.7,98,5919,32768,37,260.66,1060590.62,13164707.38
2026-08-04T18:50:36+08:00,1,2,105.0,1813.6,9.55,76014.8,772407.7,96,5777,32768,36,250.45,1060590.70,13164837.30
2026-08-04T18:50:46+08:00,1,2,105.0,1813.8,9.01,76419.6,772407.7,79,5637,32768,36,295.27,1060590.54,13164855.46
2026-08-04T18:50:56+08:00,1,2,105.0,1813.8,8.62,75667.4,772407.7,81,5495,32768,35,248.02,1060590.63,13164859.37
2026-08-04T18:51:06+08:00,1,2,105.0,1813.5,8.53,75829.7,772407.7,88,5335,32768,35,284.10,1060590.78,13164845.22
2026-08-04T18:51:16+08:00,1,2,105.0,1857.2,8.51,75984.8,772407.7,86,1675,32768,34,101.20,1060590.78,13164816.22
2026-08-04T18:51:26+08:00,1,2,105.0,2026.4,8.37,76074.3,772407.7,75,1051,32768,34,72.58,1060591.00,13164792.00
2026-08-04T18:51:36+08:00,1,2,105.0,1909.8,8.95,76068.9,772407.7,96,5481,32768,36,202.11,1060591.20,13164781.80
2026-08-04T18:51:46+08:00,1,2,106.0,1909.6,8.88,76150.4,772407.7,97,5483,32768,37,224.84,1060591.61,13164781.39
2026-08-04T18:51:56+08:00,1,2,106.0,1909.7,8.67,77477.9,772407.7,95,5481,32768,37,289.15,1060591.70,13164755.30
2026-08-04T18:52:06+08:00,1,2,106.0,1909.8,8.81,76894.8,772407.7,94,5261,32768,37,267.95,1060591.75,13164716.25
2026-08-04T18:52:16+08:00,1,2,106.0,1909.6,8.75,77104.6,772407.7,96,5139,32768,37,251.91,1060591.78,13164692.22
2026-08-04T18:52:26+08:00,1,2,106.0,1909.5,8.64,77708.5,772407.7,96,5039,32768,37,265.52,1060591.87,13164661.13
2026-08-04T18:52:36+08:00,1,2,106.0,1909.7,8.45,77032.6,772407.7,96,4879,32768,37,277.98,1060592.16,13164629.84
2026-08-04T18:52:46+08:00,1,2,106.0,1909.7,8.07,76945.1,772407.7,98,4717,32768,37,258.72,1060592.05,13164623.95
2026-08-04T18:52:56+08:00,1,2,106.0,1909.5,7.67,76890.8,772407.7,98,4717,32768,37,287.39,1060592.14,13164583.86
2026-08-04T18:53:06+08:00,1,2,106.0,1909.8,7.78,77180.4,772407.7,99,4595,32768,36,298.09,1060591.91,13164564.09
2026-08-04T18:53:16+08:00,1,2,106.0,1909.8,7.82,76509.8,772407.7,82,4395,32768,36,247.86,1060592.22,13164538.78
2026-08-04T18:53:26+08:00,1,2,106.0,1909.8,7.78,76360.1,772407.7,78,4395,32768,36,295.27,1060592.30,13164517.70
2026-08-04T18:53:36+08:00,1,2,106.0,1813.4,7.88,75604.5,772407.7,87,6945,32768,36,102.67,1060592.51,13164504.49
2026-08-04T18:53:46+08:00,1,2,106.0,1813.6,8.35,75065.0,772407.7,96,6945,32768,37,226.93,1060593.15,13164496.85
2026-08-04T18:53:56+08:00,1,2,106.0,1813.7,8.15,74955.1,772407.7,96,6945,32768,37,236.18,1060593.36,13164493.64
2026-08-04T18:54:07+08:00,1,2,106.0,1813.5,7.90,74718.1,772407.7,97,6945,32768,37,253.37,1060593.95,13164487.05
2026-08-04T18:54:17+08:00,1,2,106.0,1813.7,7.92,74640.8,772407.7,97,6785,32768,37,248.51,1060594.11,13164474.89
2026-08-04T18:54:27+08:00,1,2,106.0,1813.8,8.54,75319.2,772407.7,96,6645,32768,37,258.72,1060594.62,13164454.38
2026-08-04T18:54:37+08:00,1,2,106.0,1813.9,8.24,74543.6,772407.7,95,6645,32768,37,278.76,1060594.80,13164435.20
2026-08-04T18:54:47+08:00,1,2,106.0,1813.6,8.11,75977.4,772407.7,94,6505,32768,37,300.12,1060595.28,13164423.72
2026-08-04T18:54:57+08:00,1,2,106.0,1813.8,8.34,76594.8,772407.7,97,6361,32768,37,290.80,1060595.49,13164419.51
2026-08-04T18:55:07+08:00,1,2,106.0,1813.6,8.67,76286.7,772407.7,97,6061,32768,37,253.54,1060595.89,13164426.11
2026-08-04T18:55:17+08:00,1,2,106.0,1813.4,8.65,75986.0,772407.7,96,5919,32768,37,258.08,1060596.39,13164436.61
2026-08-04T18:55:27+08:00,1,2,106.0,1813.7,8.76,75707.3,772407.7,95,5777,32768,36,256.45,1060596.47,13164436.53
2026-08-04T18:55:37+08:00,1,2,106.0,1813.7,8.57,76849.5,772407.7,85,5637,32768,36,252.40,1060597.15,13164440.85
2026-08-04T18:55:47+08:00,1,2,106.0,1813.8,8.86,76894.4,772407.7,83,5495,32768,35,233.93,1060597.22,13164465.78
2026-08-04T18:55:57+08:00,1,2,106.0,1813.6,9.04,76957.9,772407.7,84,3813,32768,33,232.29,1060598.10,13164837.90
2026-08-04T18:56:07+08:00,1,2,106.0,1856.7,8.96,77566.0,772407.7,75,1351,32768,34,74.44,1060598.65,13164490.35
2026-08-04T18:56:17+08:00,1,2,106.0,2026.4,8.57,77709.1,772407.7,77,1171,32768,34,79.33,1060598.87,13164519.13
2026-08-04T18:56:27+08:00,1,2,106.0,1909.7,8.48,76729.9,772407.7,91,5483,32768,36,211.01,1060598.97,13164524.03
2026-08-04T18:56:37+08:00,1,2,106.0,1909.4,8.73,76568.4,772407.7,94,5483,32768,37,201.18,1060599.16,13164556.84
2026-08-04T18:56:47+08:00,1,2,106.0,1909.8,8.68,76371.0,772407.7,94,5481,32768,37,217.20,1060599.32,13164569.68
2026-08-04T18:56:57+08:00,1,2,106.0,1909.8,9.13,76629.7,772407.7,94,5481,32768,37,292.36,1060599.12,13164568.88
2026-08-04T18:57:07+08:00,1,2,106.0,1909.6,9.40,76425.9,772407.7,95,5483,32768,37,294.30,1060599.74,13164577.26
2026-08-04T18:57:17+08:00,1,2,106.0,1909.5,8.87,76210.9,772407.7,98,5361,32768,37,265.52,1060599.95,13164565.05
2026-08-04T18:57:28+08:00,1,2,106.0,1909.6,8.43,76616.2,772407.7,96,5361,32768,37,275.37,1060600.16,13164583.84
2026-08-04T18:57:38+08:00,1,2,106.0,1909.7,8.06,75961.5,772407.7,96,5261,32768,37,263.75,1060600.38,13164591.62
2026-08-04T18:57:48+08:00,1,2,106.0,1909.5,8.21,77468.0,772407.7,95,5141,32768,37,297.89,1060600.71,13164596.29
2026-08-04T18:57:58+08:00,1,2,106.0,1909.7,8.88,77463.2,772407.7,96,5041,32768,37,251.27,1060600.94,13164606.06
2026-08-04T18:58:08+08:00,1,2,106.0,1909.7,9.19,77013.4,772407.7,96,4941,32768,37,252.88,1060601.16,13164602.84
2026-08-04T18:58:18+08:00,1,2,106.0,1909.5,8.77,76946.2,772407.7,98,4719,32768,37,248.35,1060601.36,13164604.64
2026-08-04T18:58:28+08:00,1,2,106.0,1909.8,8.65,76576.8,772407.7,79,4497,32768,36,295.95,1060601.54,13164620.46
2026-08-04T18:58:38+08:00,1,2,106.0,1909.8,8.17,76670.3,772407.7,87,4273,32768,35,167.77,1060601.70,13164633.30
2026-08-04T18:58:48+08:00,1,2,106.0,1814.0,9.43,77176.5,772407.7,93,6945,32768,36,231.65,1060602.04,13164616.96
2026-08-04T18:58:58+08:00,1,2,106.0,1813.3,9.28,77378.9,772407.7,97,6945,32768,37,286.72,1060602.29,13165274.71
2026-08-04T18:59:08+08:00,1,2,106.0,1813.7,9.23,77741.6,772407.7,95,6785,32768,37,298.86,1060602.47,13164602.53
2026-08-04T18:59:18+08:00,1,2,106.0,1813.7,8.89,77222.5,772407.7,96,6645,32768,37,295.75,1060602.86,13164612.14
2026-08-04T18:59:28+08:00,1,2,106.0,1813.5,8.58,77201.2,772407.7,97,6365,32768,37,256.29,1060603.56,13164609.44
2026-08-04T18:59:38+08:00,1,2,106.0,1813.8,8.49,76933.4,772407.7,96,6223,32768,37,264.86,1060604.29,13164625.71
2026-08-04T18:59:48+08:00,1,2,106.0,1813.8,8.58,77312.7,772407.7,96,6063,32768,37,243.81,1060604.66,13164637.34
2026-08-04T18:59:58+08:00,1,2,106.0,1813.9,8.50,76533.9,772407.7,97,5919,32768,37,243.16,1060604.82,13164644.18
2026-08-04T19:00:08+08:00,1,2,106.0,1813.6,8.27,76273.3,772407.7,96,5919,32768,37,299.64,1060602.32,13164653.68
2026-08-04T19:00:18+08:00,1,2,106.0,1813.8,8.60,76726.6,772407.7,98,5777,32768,36,308.38,1060601.19,13164658.81
2026-08-04T19:00:28+08:00,1,2,106.0,1813.6,8.74,75926.0,772407.7,87,5637,32768,36,233.75,1060601.24,13164690.76
2026-08-04T19:00:38+08:00,1,2,107.0,1813.4,8.84,76203.9,772407.7,93,5637,32768,35,264.38,1060595.08,13164718.92
2026-08-04T19:00:48+08:00,1,2,107.0,1813.7,9.57,75921.9,772407.7,80,5335,32768,35,268.08,1060595.10,13164738.90
2026-08-04T19:00:59+08:00,1,2,107.0,1856.9,9.47,76130.1,772407.7,86,1491,32768,33,74.88,1060595.18,13164766.82
2026-08-04T19:01:09+08:00,1,2,107.0,1856.7,9.02,75434.1,772407.7,83,1351,32768,34,74.93,1060595.26,13164766.74
2026-08-04T19:01:19+08:00,1,2,107.0,1978.5,8.87,76342.4,772407.7,77,2483,32768,35,73.96,1060595.44,13164822.56
2026-08-04T19:01:29+08:00,1,2,107.0,1909.6,8.65,76428.0,772407.7,87,5481,32768,36,195.43,1060596.83,13164857.17
2026-08-04T19:01:39+08:00,1,2,107.0,1909.7,8.39,76066.7,772407.7,96,5483,32768,37,223.87,1060598.06,13164952.94
2026-08-04T19:01:49+08:00,1,2,107.0,1909.7,8.56,75110.2,772407.7,97,5483,32768,37,211.85,1060599.34,13165080.66
2026-08-04T19:01:59+08:00,1,2,107.0,1909.6,8.55,75558.3,772407.7,94,5483,32768,37,285.75,1060600.79,13165194.21
2026-08-04T19:02:09+08:00,1,2,107.0,1909.8,8.78,75971.5,772407.7,95,5261,32768,37,282.35,1060602.30,13165235.70
2026-08-04T19:02:19+08:00,1,2,107.0,1909.8,8.88,75663.9,772407.7,96,5141,32768,37,259.06,1060603.68,13165272.32
2026-08-04T19:02:29+08:00,1,2,107.0,1910.0,9.04,75919.0,772407.7,96,5141,32768,37,274.76,1060605.13,13165285.87
2026-08-04T19:02:39+08:00,1,2,107.0,1909.4,8.96,75955.1,772407.7,95,5039,32768,37,295.27,1060606.46,13165276.54
2026-08-04T19:02:49+08:00,1,2,107.0,1909.7,9.44,75855.0,772407.7,97,4939,32768,37,241.06,1060607.83,13165243.17
2026-08-04T19:02:59+08:00,1,2,107.0,1909.7,8.98,76841.3,772407.7,97,4817,32768,37,262.43,1060609.10,13165207.90
2026-08-04T19:03:09+08:00,1,2,107.0,1909.5,8.91,76083.8,772407.7,96,4717,32768,37,289.04,1060610.59,13165175.41
2026-08-04T19:03:19+08:00,1,2,107.0,1909.7,8.84,77179.8,772407.7,80,4497,32768,36,290.31,1060612.19,13165184.81
2026-08-04T19:03:29+08:00,1,2,107.0,1909.8,8.86,76517.3,772407.7,78,4275,32768,36,271.66,1060613.49,13165154.51
2026-08-04T19:03:39+08:00,1,2,107.0,1867.5,9.40,75803.5,772407.7,88,4965,32768,35,74.49,1060614.71,13165147.29
2026-08-04T19:03:49+08:00,1,2,107.0,1813.8,9.81,76682.4,772407.7,88,6945,32768,36,219.49,1060616.54,13165147.46
2026-08-04T19:03:59+08:00,1,2,107.0,1813.8,9.22,75861.8,772407.7,91,6945,32768,37,234.39,1060618.10,13165132.90
2026-08-04T19:04:09+08:00,1,2,107.0,1813.8,8.80,75492.8,772407.7,95,6945,32768,37,232.62,1060619.78,13165277.22
2026-08-04T19:04:19+08:00,1,2,107.0,1813.6,8.77,75620.4,772407.7,97,6945,32768,38,242.84,1060621.21,13165289.79
2026-08-04T19:04:30+08:00,1,2,107.0,1813.7,8.63,75998.4,772407.7,96,6945,32768,37,241.38,1060622.51,13165280.49
2026-08-04T19:04:40+08:00,1,2,107.0,1813.7,8.84,75101.6,772407.7,97,6945,32768,37,287.02,1060624.02,13165269.98
2026-08-04T19:04:50+08:00,1,2,107.0,1813.6,8.87,74628.3,772407.7,97,6785,32768,38,251.10,1060625.39,13165231.61
2026-08-04T19:05:00+08:00,1,2,107.0,1813.8,9.36,75183.1,772407.7,96,6645,32768,37,269.23,1060626.37,13165164.63
2026-08-04T19:05:10+08:00,1,2,107.0,1813.8,9.76,74749.4,772407.7,96,6643,32768,37,292.06,1060626.90,13165097.10
2026-08-04T19:05:20+08:00,1,2,107.0,1813.6,10.34,75851.2,772407.7,97,6503,32768,37,289.93,1060627.17,13165040.83
2026-08-04T19:05:30+08:00,1,2,107.0,1813.8,10.58,75307.0,772407.7,96,6221,32768,37,266.01,1060627.26,13164988.74
2026-08-04T19:05:40+08:00,1,2,107.0,1813.8,10.18,75066.9,772407.7,96,6221,32768,37,284.10,1060627.34,13164961.66
2026-08-04T19:05:50+08:00,1,2,107.0,1813.4,9.38,75012.9,772407.7,98,6061,32768,37,274.45,1060627.23,13164940.77
2026-08-04T19:06:00+08:00,1,2,107.0,1813.7,9.02,74809.7,772407.7,97,6059,32768,37,279.80,1060627.47,13164905.53
2026-08-04T19:06:10+08:00,1,2,107.0,1813.7,8.93,75026.2,772407.7,97,5919,32768,37,251.59,1060627.63,13164879.37
2026-08-04T19:06:20+08:00,1,2,107.0,1813.7,8.70,75011.7,772407.7,97,5919,32768,37,292.55,1060627.94,13164879.06
2026-08-04T19:06:30+08:00,1,2,107.0,1813.6,8.22,74934.0,772407.7,96,5779,32768,37,265.70,1060628.06,13164843.94
2026-08-04T19:06:40+08:00,1,2,107.0,1813.8,8.19,75150.4,772407.7,97,5777,32768,36,279.43,1060628.19,13164832.81
2026-08-04T19:06:50+08:00,1,2,107.0,1813.8,8.08,75501.3,772407.7,87,5637,32768,36,301.87,1060628.31,13164808.69
2026-08-04T19:07:00+08:00,1,2,107.0,1813.5,7.91,75459.7,772407.7,88,5495,32768,35,254.84,1060628.46,13164773.54
2026-08-04T19:07:10+08:00,1,2,107.0,1813.6,7.84,75149.7,772407.7,85,5495,32768,36,291.09,1060628.57,13164744.43
2026-08-04T19:07:20+08:00,1,2,107.0,1813.7,8.17,75227.7,772407.7,82,5335,32768,35,275.55,1060628.69,13164711.31
2026-08-04T19:07:30+08:00,1,2,107.0,1857.3,8.38,75512.0,772407.7,88,2273,32768,34,133.83,1060628.23,13164676.77
2026-08-04T19:07:40+08:00,1,2,107.0,1857.2,8.18,75922.6,772407.7,85,1491,32768,33,74.39,1060629.02,13164626.98
2026-08-04T19:07:51+08:00,1,2,107.0,1909.4,8.14,76398.8,772407.7,95,5483,32768,36,105.60,1060629.13,13164537.87
2026-08-04T19:08:01+08:00,1,2,107.0,1909.7,8.36,77665.5,772407.7,94,4817,32768,37,256.45,1060629.31,13164501.69
2026-08-04T19:08:11+08:00,1,2,107.0,1813.7,8.79,77726.7,772407.7,96,6945,32768,36,219.49,1060629.54,13164475.46
2026-08-04T19:08:21+08:00,1,2,107.0,1813.7,8.51,77623.9,772407.7,97,6643,32768,37,248.02,1060629.62,13164438.38
2026-08-04T19:08:31+08:00,1,2,107.0,1813.5,8.37,77228.6,772407.7,95,6503,32768,37,278.46,1060629.55,13164449.45
2026-08-04T19:08:41+08:00,1,2,107.0,1813.8,8.45,76294.6,772407.7,97,6361,32768,37,288.96,1060630.23,13164436.77
2026-08-04T19:08:51+08:00,1,2,107.0,1813.8,8.89,76428.7,772407.7,96,6059,32768,37,264.72,1060630.45,13164394.55
2026-08-04T19:09:01+08:00,1,2,107.0,1814.0,8.51,76446.1,772407.7,97,6059,32768,37,299.26,1060622.19,13164385.81
2026-08-04T19:09:11+08:00,1,2,107.0,1813.4,8.13,76542.3,772407.7,97,5919,32768,37,256.45,1060622.94,13164383.06
2026-08-04T19:09:21+08:00,1,2,107.0,1813.7,8.50,77296.4,772407.7,96,5777,32768,37,249.48,1060623.13,13164312.87
2026-08-04T19:09:31+08:00,1,2,107.0,1813.7,8.50,77694.5,772407.7,88,5495,32768,35,254.83,1060623.09,13164287.91
2026-08-04T19:09:41+08:00,1,2,107.0,1815.1,8.42,76912.6,772407.7,86,1651,32768,33,70.04,1060627.67,13164224.33
2026-08-04T19:09:51+08:00,1,2,107.0,1857.0,8.13,76652.5,772407.7,81,1351,32768,34,72.44,1060630.03,13164185.97
2026-08-04T19:10:01+08:00,1,2,107.0,1652.7,8.03,72478.0,772407.7,0,1051,32768,29,56.35,1060630.24,13164156.76
2026-08-04T19:10:11+08:00,1,2,106.0,1652.7,7.79,73180.9,772407.7,0,1051,32768,29,55.90,1060630.45,13164156.55
2026-08-04T19:10:21+08:00,1,2,106.0,1652.7,7.67,74230.6,772407.7,0,1051,32768,29,55.86,1060631.71,13164119.29
2026-08-04T19:10:31+08:00,1,2,106.0,1652.7,7.56,75282.0,772407.7,0,1051,32768,29,55.86,1060633.20,13164105.80
2026-08-04T19:10:41+08:00,1,2,105.0,1652.7,7.94,76831.3,772407.7,0,1051,32768,29,55.90,1060634.75,13164091.25
2026-08-04T19:10:51+08:00,1,2,105.0,1652.7,8.09,76811.0,772407.7,0,1051,32768,29,55.90,1060636.79,13164080.21
2026-08-04T19:11:01+08:00,1,2,105.0,1686.5,8.58,72548.1,772407.7,0,1051,32768,29,55.86,1060637.19,13164053.81
2026-08-04T19:11:11+08:00,1,2,104.0,1686.5,11.20,74121.4,772407.7,0,1051,32768,29,55.90,1060637.47,13164038.53
2026-08-04T19:11:21+08:00,1,2,104.0,1686.5,11.00,75146.1,772407.7,0,1051,32768,29,55.94,1060637.70,13164029.30
2026-08-04T19:11:32+08:00,1,2,104.0,1686.5,10.23,74879.6,772407.7,0,1051,32768,29,55.86,1060636.94,13164032.06
2026-08-04T19:11:42+08:00,1,2,103.0,1686.5,9.73,75218.5,772407.7,0,1051,32768,29,55.90,1060637.05,13164016.95
2026-08-04T19:11:52+08:00,1,2,103.0,1686.5,9.62,76646.4,772407.7,0,1051,32768,29,55.90,1060637.12,13164001.88
2026-08-04T19:12:02+08:00,1,2,103.0,1685.0,10.10,74580.6,772407.7,0,1051,32768,29,55.90,1060637.15,13163991.85
2026-08-04T19:12:12+08:00,1,2,102.0,1683.0,9.85,73030.6,772407.7,0,1051,32768,29,55.86,1060637.17,13163986.83
2026-08-04T19:12:22+08:00,1,2,102.0,1683.0,9.17,73028.2,772407.7,0,1051,32768,29,55.94,1060637.21,13164012.79
2026-08-04T19:12:32+08:00,1,2,102.0,1683.0,9.47,73672.9,772407.7,0,1051,32768,29,55.86,1060637.30,13163985.70
2026-08-04T19:12:42+08:00,1,2,101.0,1683.0,10.15,75555.0,772407.7,0,1051,32768,29,55.90,1060637.46,13163978.54
2026-08-04T19:12:52+08:00,1,2,101.0,1683.0,9.88,75925.4,772407.7,0,1051,32768,29,55.86,1060637.48,13163963.52
2026-08-04T19:13:02+08:00,1,2,101.0,1683.0,9.21,75804.7,772407.7,0,1051,32768,29,55.90,1060637.52,13163944.48
2026-08-04T19:13:12+08:00,1,2,101.0,1947.1,8.63,76272.1,772407.7,96,4941,32768,37,284.96,1060632.36,13163918.64
2026-08-04T19:13:22+08:00,1,2,101.0,1947.0,8.78,77105.5,772407.7,99,4817,32768,36,227.42,1060631.93,13163897.07
2026-08-04T19:13:32+08:00,1,2,101.0,1947.1,8.58,77078.2,772407.7,83,4597,32768,36,261.63,1060632.41,13163872.59
2026-08-04T19:13:42+08:00,1,2,101.0,1947.3,7.96,76994.9,772407.7,79,4497,32768,36,282.83,1060632.49,13163865.51
2026-08-04T19:13:52+08:00,1,2,101.0,1946.8,7.81,77842.3,772407.7,78,4395,32768,36,239.10,1060632.57,13163849.43
2026-08-04T19:14:02+08:00,1,2,101.0,1946.9,8.31,77544.1,772407.7,88,4277,32768,34,230.49,1060633.00,13163829.00
2026-08-04T19:14:12+08:00,1,2,101.0,1893.0,9.66,77053.0,772407.7,87,5905,32768,35,75.42,1060633.02,13163807.98
2026-08-04T19:14:22+08:00,1,2,101.0,1851.1,10.80,77253.6,772407.7,97,6945,32768,37,223.67,1060633.09,13163798.91
2026-08-04T19:14:32+08:00,1,2,101.0,1850.8,10.66,77249.3,772407.7,94,6947,32768,37,248.84,1060633.12,13163772.88
2026-08-04T19:14:42+08:00,1,2,101.0,1851.1,10.41,77203.0,772407.7,95,6645,32768,37,243.32,1060633.22,13163779.78
2026-08-04T19:14:52+08:00,1,2,101.0,1851.1,10.93,76305.5,772407.7,96,6505,32768,37,252.23,1060633.46,13163753.54
2026-08-04T19:15:03+08:00,1,2,101.0,1850.9,10.80,75454.5,772407.7,97,6361,32768,37,272.15,1060633.20,13163747.80
2026-08-04T19:15:13+08:00,1,2,101.0,1851.1,10.44,75411.9,772407.7,97,6061,32768,36,278.16,1060633.54,13163738.46
2026-08-04T19:15:23+08:00,1,2,101.0,1851.0,10.16,75254.4,772407.7,97,6059,32768,37,299.15,1060633.61,13163771.39
2026-08-04T19:15:33+08:00,1,2,101.0,1851.1,9.36,75418.1,772407.7,98,5919,32768,37,290.41,1060633.33,13163760.67
2026-08-04T19:15:43+08:00,1,2,101.0,1850.8,9.07,76104.9,772407.7,92,5777,32768,36,283.51,1060633.48,13163769.52
2026-08-04T19:15:53+08:00,1,2,101.0,1851.1,8.76,76357.6,772407.7,76,5637,32768,36,291.87,1060633.59,13163765.41
2026-08-04T19:16:03+08:00,1,2,101.0,1851.1,8.72,75985.9,772407.7,90,5495,32768,35,297.70,1060633.68,13163796.32
2026-08-04T19:16:13+08:00,1,2,101.0,1894.5,8.99,75775.2,772407.7,84,3033,32768,34,226.78,1060633.73,13163791.27
2026-08-04T19:16:23+08:00,1,2,101.0,1894.3,9.16,76355.3,772407.7,82,1491,32768,33,78.90,1060633.83,13163779.17
2026-08-04T19:16:33+08:00,1,2,101.0,1947.0,9.74,77299.8,772407.7,89,5481,32768,36,214.91,1060633.93,13163823.07
2026-08-04T19:16:43+08:00,1,2,101.0,1947.1,9.63,76803.9,772407.7,95,5483,32768,37,252.72,1060634.01,13163863.99
2026-08-04T19:16:53+08:00,1,2,101.0,1946.8,10.31,76732.6,772407.7,96,5361,32768,37,245.10,1060634.01,13163887.99
2026-08-04T19:17:03+08:00,1,2,101.0,1947.1,10.62,77571.8,772407.7,95,5141,32768,38,305.46,1060634.08,13163910.92
2026-08-04T19:17:13+08:00,1,2,101.0,1947.1,9.82,76958.5,772407.7,96,4939,32768,37,272.81,1060634.31,13163947.69
2026-08-04T19:17:23+08:00,1,2,101.0,1947.1,9.47,77303.2,772407.7,98,4819,32768,37,283.32,1060634.40,13163979.60
2026-08-04T19:17:33+08:00,1,2,101.0,1946.9,9.69,77623.6,772407.7,97,4817,32768,37,299.64,1060634.51,13163991.49
2026-08-04T19:17:43+08:00,1,2,101.0,1947.0,9.05,77507.1,772407.7,79,4497,32768,36,265.83,1060634.28,13164032.72
2026-08-04T19:17:53+08:00,1,2,101.0,1947.0,9.93,77759.2,772407.7,75,4495,32768,36,263.58,1060634.36,13164084.64
2026-08-04T19:18:03+08:00,1,2,101.0,1946.9,9.69,76970.4,772407.7,89,4273,32768,35,211.98,1060634.47,13164102.53
2026-08-04T19:18:13+08:00,1,2,102.0,1851.1,9.04,76607.8,772407.7,97,6945,32768,36,221.24,1060634.62,13164122.38
2026-08-04T19:18:24+08:00,1,2,102.0,1851.1,8.67,77304.9,772407.7,97,6947,32768,37,286.23,1060634.22,13164173.78
2026-08-04T19:18:34+08:00,1,2,102.0,1851.1,8.42,77355.6,772407.7,97,6645,32768,37,265.04,1060634.77,13164232.23
2026-08-04T19:18:44+08:00,1,2,102.0,1850.9,8.68,77233.5,772407.7,97,6503,32768,37,296.14,1060635.28,13164356.72
2026-08-04T19:18:54+08:00,1,2,102.0,1851.1,8.57,77135.2,772407.7,96,6221,32768,37,272.45,1060635.42,13164365.58
2026-08-04T19:19:04+08:00,1,2,102.0,1851.0,8.17,77269.4,772407.7,97,5919,32768,37,281.08,1060635.58,13164391.42
2026-08-04T19:19:14+08:00,1,2,102.0,1850.9,8.00,76868.9,772407.7,95,5777,32768,36,301.58,1060635.87,13164404.13
2026-08-04T19:19:24+08:00,1,2,102.0,1851.1,8.46,77008.9,772407.7,89,5637,32768,35,302.95,1060635.97,13164421.03
2026-08-04T19:19:34+08:00,1,2,102.0,1894.2,8.07,76867.2,772407.7,81,1351,32768,34,73.07,1060636.11,13164402.89
2026-08-04T19:19:44+08:00,1,2,102.0,1947.2,8.23,77883.6,772407.7,85,5481,32768,36,121.15,1060636.26,13164400.74
2026-08-04T19:19:54+08:00,1,2,102.0,1947.0,8.51,77126.1,772407.7,95,5481,32768,37,294.98,1060636.18,13164400.82
2026-08-04T19:20:04+08:00,1,2,102.0,1946.8,8.35,77164.4,772407.7,96,5361,32768,37,276.21,1060636.47,13164379.53
2026-08-04T19:20:14+08:00,1,2,102.0,1947.0,8.13,76941.0,772407.7,95,5261,32768,37,297.21,1060636.62,13164375.38
2026-08-04T19:20:24+08:00,1,2,102.0,1947.1,8.65,77221.7,772407.7,96,5041,32768,37,297.41,1060637.80,13164402.20
2026-08-04T19:20:34+08:00,1,2,102.0,1946.9,8.41,77741.8,772407.7,96,4819,32768,37,234.88,1060637.86,13164385.14
2026-08-04T19:20:44+08:00,1,2,102.0,1947.0,9.76,78623.0,772407.7,98,4717,32768,37,284.78,1060638.12,13164387.88
2026-08-04T19:20:54+08:00,1,2,102.0,1947.1,9.40,76934.8,772407.7,77,4497,32768,36,279.32,1060638.29,13164375.71
2026-08-04T19:21:04+08:00,1,2,102.0,1911.1,9.04,77919.6,772407.7,89,6945,32768,36,78.95,1060638.53,13164366.47
2026-08-04T19:21:14+08:00,1,2,102.0,1850.7,9.35,77804.1,772407.7,97,6945,32768,37,229.07,1060638.71,13164360.29
2026-08-04T19:21:24+08:00,1,2,102.0,1851.0,9.52,78260.8,772407.7,96,6645,32768,37,242.84,1060638.54,13164395.46
2026-08-04T19:21:34+08:00,1,2,102.0,1851.5,9.50,78137.9,772407.7,96,6221,32768,37,298.38,1060638.73,13164410.27
2026-08-04T19:21:44+08:00,1,2,102.0,1850.6,9.02,77626.9,772407.7,97,5919,32768,36,241.86,1060638.89,13164401.11
2026-08-04T19:21:54+08:00,1,2,102.0,1850.4,8.86,77815.4,772407.7,63,5495,32768,35,289.63,1060639.05,13164392.95
2026-08-04T19:22:05+08:00,1,2,102.0,2174.3,9.70,78107.0,772407.7,76,1171,32768,34,74.93,1060639.30,13164415.70
2026-08-04T19:22:15+08:00,1,2,102.0,1947.1,9.05,77725.7,772407.7,85,5483,32768,36,211.01,1060639.51,13164407.49
2026-08-04T19:22:25+08:00,1,2,102.0,1947.5,9.05,77749.0,772407.7,95,5481,32768,37,251.10,1060639.71,13164417.29
2026-08-04T19:22:35+08:00,1,2,102.0,1946.7,8.67,77308.4,772407.7,95,5261,32768,37,266.98,1060639.85,13164457.15
2026-08-04T19:22:45+08:00,1,2,102.0,1946.6,9.16,77620.1,772407.7,97,4939,32768,37,246.24,1060640.07,13164526.93
2026-08-04T19:22:55+08:00,1,2,102.0,1946.6,8.99,77340.6,772407.7,92,4597,32768,37,304.49,1060640.30,13164566.70
2026-08-04T19:23:05+08:00,1,2,102.0,1940.4,9.69,78083.3,772407.7,88,4625,32768,35,73.96,1060640.55,13164566.45
2026-08-04T19:23:15+08:00,1,2,102.0,1850.2,10.25,77539.8,772407.7,97,6945,32768,37,235.36,1060640.74,13164601.26
2026-08-04T19:23:25+08:00,1,2,102.0,1850.4,10.82,77235.8,772407.7,96,6645,32768,37,258.40,1060640.95,13164610.05
2026-08-04T19:23:35+08:00,1,2,102.0,1850.6,10.92,78767.7,772407.7,95,6361,32768,37,286.23,1060641.34,13164617.66
2026-08-04T19:23:45+08:00,1,2,102.0,1850.8,10.85,78349.0,772407.7,97,5919,32768,37,248.99,1060641.58,13164635.42
2026-08-04T19:23:55+08:00,1,2,102.0,1850.6,10.88,78980.4,772407.7,77,5637,32768,36,239.26,1060641.73,13164755.27
2026-08-04T19:24:05+08:00,1,2,102.0,1850.6,10.81,77704.3,772407.7,80,5495,32768,36,293.81,1060641.95,13164855.05
2026-08-04T19:24:15+08:00,1,2,102.0,1893.9,11.07,78109.7,772407.7,79,1351,32768,34,74.39,1060642.45,13164884.55
2026-08-04T19:24:25+08:00,1,2,102.0,1947.1,11.06,77829.8,772407.7,96,5481,32768,36,201.14,1060642.50,13164913.50
2026-08-04T19:24:35+08:00,1,2,102.0,1946.9,10.36,78439.4,772407.7,96,5361,32768,38,279.92,1060642.50,13164913.50
2026-08-04T19:24:45+08:00,1,2,102.0,1947.1,10.20,77725.6,772407.7,95,5039,32768,37,282.35,1060642.53,13165572.47
2026-08-04T19:24:55+08:00,1,2,102.0,1947.3,9.62,77160.9,772407.7,96,4819,32768,36,267.29,1060642.93,13164843.07
2026-08-04T19:25:05+08:00,1,2,102.0,1947.3,9.36,76866.5,772407.7,81,4277,32768,35,229.52,1060642.99,13164781.01
2026-08-04T19:25:15+08:00,1,2,102.0,1851.2,9.21,76831.0,772407.7,96,6947,32768,37,222.85,1060643.04,13164738.96
2026-08-04T19:25:25+08:00,1,2,102.0,1850.6,8.72,77054.6,772407.7,97,6785,32768,38,294.01,1060643.08,13164696.92
2026-08-04T19:25:35+08:00,1,2,102.0,1851.6,8.69,77819.4,772407.7,96,6505,32768,37,284.18,1060643.25,13164662.75
2026-08-04T19:25:45+08:00,1,2,103.0,1851.4,8.96,77840.5,772407.7,96,6221,32768,37,277.37,1060638.16,13164647.84
2026-08-04T19:25:55+08:00,1,2,103.0,1850.7,8.97,77667.0,772407.7,97,6059,32768,37,255.80,1060638.16,13164630.84
2026-08-04T19:26:05+08:00,1,2,103.0,1850.7,8.90,78479.3,772407.7,95,5777,32768,36,291.39,1060638.35,13164697.65
2026-08-04T19:26:15+08:00,1,2,103.0,1850.6,8.91,77841.3,772407.7,73,5495,32768,35,284.59,1060638.55,13164668.45
2026-08-04T19:26:26+08:00,1,2,103.0,1852.1,8.85,77760.6,772407.7,74,1491,32768,33,74.93,1060638.63,13164617.37
2026-08-04T19:26:36+08:00,1,2,103.0,1946.3,8.71,78249.3,772407.7,94,5481,32768,37,223.53,1060638.67,13164590.33
2026-08-04T19:26:46+08:00,1,2,103.0,1946.6,8.88,78689.9,772407.7,95,5361,32768,37,243.81,1060639.10,13164576.90
2026-08-04T19:26:56+08:00,1,2,103.0,1946.4,9.43,79725.9,772407.7,96,5041,32768,37,261.46,1060639.18,13164528.82
2026-08-04T19:27:06+08:00,1,2,103.0,1946.5,9.74,78305.3,772407.7,97,4817,32768,37,275.06,1060639.22,13164488.78
2026-08-04T19:27:16+08:00,1,2,103.0,1946.4,9.63,78434.0,772407.7,97,4715,32768,37,266.49,1060639.32,13164467.68
2026-08-04T19:27:26+08:00,1,2,103.0,1946.6,9.61,77957.2,772407.7,90,5265,32768,35,74.39,1060639.37,13164446.63
2026-08-04T19:27:36+08:00,1,2,103.0,1850.7,9.75,78411.1,772407.7,96,6945,32768,37,213.10,1060639.44,13164409.56
2026-08-04T19:27:46+08:00,1,2,103.0,1850.9,9.62,77806.3,772407.7,96,6645,32768,37,252.23,1060639.69,13164618.31
2026-08-04T19:27:56+08:00,1,2,103.0,1850.9,9.28,78072.0,772407.7,97,6645,32768,38,283.02,1060639.70,13164370.30
2026-08-04T19:28:06+08:00,1,2,103.0,1850.9,8.70,77928.5,772407.7,95,6503,32768,37,253.05,1060639.77,13164366.23
2026-08-04T19:28:16+08:00,1,2,103.0,1850.9,8.82,79047.6,772407.7,96,6221,32768,37,271.97,1060639.64,13164350.36
2026-08-04T19:28:26+08:00,1,2,103.0,1850.8,8.69,78767.3,772407.7,98,5777,32768,36,259.69,1060639.69,13164329.31
2026-08-04T19:28:36+08:00,1,2,103.0,1851.0,8.80,78544.6,772407.7,71,5495,32768,35,253.37,1060639.77,13164321.23
2026-08-04T19:28:46+08:00,1,2,103.0,1894.7,8.98,77882.0,772407.7,77,1571,32768,33,72.98,1060639.86,13164316.14
2026-08-04T19:28:56+08:00,1,2,103.0,2019.1,9.14,78214.3,772407.7,77,1681,32768,35,73.42,1060639.90,13164291.10
2026-08-04T19:29:06+08:00,1,2,103.0,1946.6,9.02,78127.5,772407.7,93,5483,32768,37,225.96,1060639.99,13164291.01
2026-08-04T19:29:16+08:00,1,2,103.0,1946.4,8.89,77873.3,772407.7,97,5261,32768,37,249.48,1060640.45,13164418.55
2026-08-04T19:29:26+08:00,1,2,103.0,1946.7,8.67,77647.1,772407.7,95,4939,32768,37,253.70,1060631.98,13164690.02
2026-08-04T19:29:36+08:00,1,2,103.0,1946.6,8.72,77542.1,772407.7,98,4717,32768,37,273.30,1060632.40,13164452.60
2026-08-04T19:29:46+08:00,1,2,103.0,1946.9,8.71,77728.9,772407.7,75,4397,32768,36,268.75,1060632.45,13164449.55
2026-08-04T19:29:56+08:00,1,2,103.0,1850.6,8.84,77028.4,772407.7,89,6945,32768,36,210.25,1060634.85,13164376.15
2026-08-04T19:30:06+08:00,1,2,103.0,1851.0,9.24,76911.4,772407.7,96,6945,32768,37,241.05,1060639.91,13164312.09
2026-08-04T19:30:16+08:00,1,2,103.0,1851.0,9.53,77519.8,772407.7,97,6643,32768,38,281.38,1060640.24,13164287.76
2026-08-04T19:30:26+08:00,1,2,103.0,1850.9,9.58,77168.0,772407.7,96,6221,32768,37,306.35,1060640.32,13164256.68
2026-08-04T19:30:36+08:00,1,2,103.0,1851.1,9.05,76629.2,772407.7,96,5919,32768,37,259.86,1060641.67,13164240.33
2026-08-04T19:30:46+08:00,1,2,103.0,1851.1,9.20,77430.2,772407.7,42,5637,32768,36,287.21,1060641.75,13164225.25
2026-08-04T19:30:57+08:00,1,2,103.0,1894.5,9.78,78157.3,772407.7,63,1673,32768,33,80.85,1060641.73,13164203.27
2026-08-04T19:31:07+08:00,1,2,103.0,2017.5,9.67,80382.6,772407.7,73,1171,32768,35,83.68,1060641.40,13164193.60
2026-08-04T19:31:17+08:00,1,2,103.0,1946.4,9.96,79520.0,772407.7,96,5481,32768,37,227.91,1060641.83,13164176.17
2026-08-04T19:31:27+08:00,1,2,103.0,1946.6,9.89,79608.0,772407.7,94,5481,32768,37,287.02,1060642.00,13164157.00
2026-08-04T19:31:37+08:00,1,2,103.0,1946.8,9.92,80146.7,772407.7,95,5141,32768,37,248.99,1060642.09,13164151.91
2026-08-04T19:31:47+08:00,1,2,103.0,1946.3,9.40,79451.4,772407.7,97,4939,32768,37,255.80,1060642.62,13164134.38
2026-08-04T19:31:57+08:00,1,2,103.0,1946.6,9.04,79274.3,772407.7,98,4817,32768,37,264.86,1060642.91,13164127.09
2026-08-04T19:32:07+08:00,1,2,103.0,1946.5,8.81,79711.0,772407.7,85,4597,32768,37,276.52,1060643.02,13164106.98
2026-08-04T19:32:17+08:00,1,2,103.0,1946.7,8.77,79167.9,772407.7,76,4397,32768,36,240.40,1060643.17,13164125.83
2026-08-04T19:32:27+08:00,1,2,103.0,1870.5,8.35,78550.2,772407.7,93,6945,32768,35,79.82,1060643.31,13164128.69
2026-08-04T19:32:37+08:00,1,2,103.0,1851.0,8.45,78351.1,772407.7,96,6945,32768,37,247.21,1060643.46,13164116.54
2026-08-04T19:32:47+08:00,1,2,103.0,1851.1,7.92,78339.6,772407.7,97,6945,32768,38,282.35,1060643.63,13164115.37
2026-08-04T19:32:57+08:00,1,2,103.0,1850.9,7.87,78765.6,772407.7,95,6785,32768,38,256.94,1060643.74,13164108.26
2026-08-04T19:33:07+08:00,1,2,103.0,1851.1,7.67,77842.5,772407.7,96,6503,32768,37,276.52,1060643.87,13164093.13
2026-08-04T19:33:17+08:00,1,2,103.0,1851.0,8.12,78751.9,772407.7,97,6363,32768,37,279.43,1060644.08,13164098.92
2026-08-04T19:33:27+08:00,1,2,103.0,1850.8,8.56,78303.0,772407.7,95,6221,32768,37,303.52,1060644.26,13164113.74
2026-08-04T19:33:37+08:00,1,2,103.0,1851.0,9.24,77865.4,772407.7,95,5919,32768,37,287.58,1060644.41,13164115.59
2026-08-04T19:33:47+08:00,1,2,103.0,1851.0,10.14,77194.2,772407.7,97,5637,32768,36,267.33,1060645.35,13164111.65
2026-08-04T19:33:57+08:00,1,2,103.0,1851.1,10.80,77173.6,772407.7,84,5335,32768,34,278.95,1060645.54,13164119.46
2026-08-04T19:34:07+08:00,1,2,103.0,1894.5,10.97,77186.1,772407.7,83,1491,32768,33,76.35,1060645.91,13164122.09
2026-08-04T19:34:18+08:00,1,2,103.0,1961.3,10.67,77779.2,772407.7,91,4501,32768,35,79.33,1060646.44,13164135.56
2026-08-04T19:34:28+08:00,1,2,103.0,1946.9,10.25,77235.0,772407.7,96,5481,32768,37,222.55,1060647.72,13164144.28
2026-08-04T19:34:38+08:00,1,2,103.0,1946.9,9.61,77278.3,772407.7,95,5483,32768,37,272.63,1060647.93,13164158.07
2026-08-04T19:34:48+08:00,1,2,103.0,1946.9,9.37,76826.8,772407.7,94,5261,32768,37,278.16,1060648.09,13164158.91
2026-08-04T19:34:58+08:00,1,2,103.0,1947.1,9.02,77674.8,772407.7,96,5039,32768,37,243.64,1060648.34,13164131.66
2026-08-04T19:35:08+08:00,1,2,104.0,1947.1,8.71,77311.2,772407.7,98,4817,32768,37,249.81,1060648.55,13164127.45
2026-08-04T19:35:18+08:00,1,2,104.0,1947.3,9.16,80135.6,772407.7,99,4597,32768,37,305.75,1060648.76,13164130.24
2026-08-04T19:35:28+08:00,1,2,104.0,1946.7,9.65,78780.5,772407.7,84,2485,32768,34,72.00,1060648.94,13164173.06
2026-08-04T19:35:38+08:00,1,2,104.0,1851.0,10.11,78475.0,772407.7,96,6945,32768,36,212.96,1060649.16,13164200.84
2026-08-04T19:35:48+08:00,1,2,104.0,1851.0,9.88,78404.8,772407.7,96,6945,32768,37,303.52,1060649.40,13164197.60
2026-08-04T19:35:58+08:00,1,2,104.0,1850.8,9.05,77822.6,772407.7,97,6785,32768,37,287.99,1060649.60,13164195.40
2026-08-04T19:36:08+08:00,1,2,104.0,1851.1,8.89,78396.7,772407.7,97,6505,32768,38,303.52,1060649.81,13164191.19
2026-08-04T19:36:18+08:00,1,2,104.0,1851.1,9.06,78389.3,772407.7,98,6221,32768,37,265.52,1060650.19,13164163.81
2026-08-04T19:36:28+08:00,1,2,104.0,1850.8,9.21,78705.7,772407.7,97,6059,32768,37,298.18,1060650.40,13164112.60
2026-08-04T19:36:38+08:00,1,2,104.0,1851.0,9.27,77996.5,772407.7,97,5777,32768,36,299.44,1060650.64,13164059.36
2026-08-04T19:36:48+08:00,1,2,104.0,1851.0,9.31,77561.4,772407.7,68,5495,32768,35,237.00,1060650.74,13164010.26
2026-08-04T19:36:58+08:00,1,2,104.0,1894.4,9.75,77976.4,772407.7,78,1351,32768,34,78.36,1060650.83,13163974.17
2026-08-04T19:37:08+08:00,1,2,104.0,1947.1,9.56,78155.2,772407.7,91,5483,32768,37,220.12,1060650.79,13163951.21
2026-08-04T19:37:18+08:00,1,2,104.0,1947.1,9.56,77980.2,772407.7,96,5361,32768,37,299.15,1060650.86,13163926.14
2026-08-04T19:37:28+08:00,1,2,104.0,1946.9,9.64,78499.7,772407.7,96,5139,32768,37,275.91,1060650.91,13163949.09
2026-08-04T19:37:39+08:00,1,2,104.0,1947.0,8.92,78019.5,772407.7,98,4939,32768,37,257.91,1060650.98,13163929.02
2026-08-04T19:37:49+08:00,1,2,104.0,1947.0,8.72,78145.6,772407.7,97,4817,32768,37,290.12,1060650.99,13163926.01
2026-08-04T19:37:59+08:00,1,2,104.0,1946.9,9.23,78262.5,772407.7,75,4495,32768,36,274.58,1060651.03,13163911.97
2026-08-04T19:38:09+08:00,1,2,104.0,1851.1,9.20,76948.5,772407.7,95,6945,32768,37,226.60,1060651.07,13163888.93
2026-08-04T19:38:19+08:00,1,2,104.0,1851.1,9.47,77636.6,772407.7,97,6945,32768,38,294.78,1060646.06,13163877.94
2026-08-04T19:38:29+08:00,1,2,104.0,1850.9,9.31,77302.2,772407.7,98,6945,32768,38,296.92,1060646.06,13163868.94
2026-08-04T19:38:39+08:00,1,2,104.0,1851.2,8.88,77768.0,772407.7,96,6785,32768,37,283.32,1060646.08,13163861.92
2026-08-04T19:38:49+08:00,1,2,104.0,1851.0,8.75,78228.6,772407.7,95,6785,32768,38,293.52,1060646.17,13163861.83
2026-08-04T19:38:59+08:00,1,2,104.0,1850.8,8.49,77815.5,772407.7,97,6643,32768,38,250.94,1060646.24,13163864.76
2026-08-04T19:39:09+08:00,1,2,104.0,1851.0,8.19,77673.0,772407.7,95,6525,32768,37,286.72,1060646.25,13163885.75
2026-08-04T19:39:19+08:00,1,2,104.0,1851.1,8.17,78072.1,772407.7,96,6363,32768,37,208.57,1060646.33,13163877.67
2026-08-04T19:39:29+08:00,1,2,104.0,1851.1,8.36,78850.8,772407.7,96,6059,32768,37,239.59,1060646.41,13163886.59
2026-08-04T19:39:39+08:00,1,2,104.0,1850.9,8.61,78453.0,772407.7,97,5917,32768,37,296.73,1060646.44,13163890.56
2026-08-04T19:39:49+08:00,1,2,104.0,1851.1,8.81,78772.1,772407.7,79,5495,32768,35,280.40,1060646.47,13163924.53
2026-08-04T19:39:59+08:00,1,2,104.0,1852.7,9.00,78640.5,772407.7,86,2155,32768,33,116.34,1060646.54,13163937.46
2026-08-04T19:40:09+08:00,1,2,104.0,2019.7,8.69,77915.2,772407.7,78,1171,32768,34,76.35,1060647.45,13163974.55
2026-08-04T19:40:19+08:00,1,2,104.0,1946.9,8.74,77766.2,772407.7,94,5481,32768,37,216.85,1060647.79,13164015.21
2026-08-04T19:40:29+08:00,1,2,104.0,1946.9,8.54,77583.0,772407.7,95,5483,32768,37,264.55,1060648.19,13164057.81
2026-08-04T19:40:39+08:00,1,2,104.0,1947.1,8.16,76873.5,772407.7,95,5261,32768,37,246.89,1060648.22,13164085.78
2026-08-04T19:40:49+08:00,1,2,104.0,1946.9,8.22,76624.6,772407.7,97,5141,32768,37,276.52,1060648.05,13164100.95
2026-08-04T19:40:59+08:00,1,2,104.0,1946.8,7.80,76918.6,772407.7,95,5141,32768,37,272.33,1060648.14,13164118.86
2026-08-04T19:41:10+08:00,1,2,104.0,1947.0,7.68,77175.9,772407.7,96,4941,32768,37,288.96,1060648.16,13164136.84
2026-08-04T19:41:20+08:00,1,2,104.0,1947.0,7.42,76668.1,772407.7,98,4821,32768,37,257.74,1060647.28,13164155.72
2026-08-04T19:41:30+08:00,1,2,104.0,1947.2,7.37,76863.1,772407.7,98,4817,32768,37,299.55,1060647.35,13164193.65
2026-08-04T19:41:40+08:00,1,2,104.0,1947.0,7.55,76535.4,772407.7,100,4717,32768,37,287.21,1060647.50,13164220.50
2026-08-04T19:41:50+08:00,1,2,104.0,1947.1,7.69,76510.6,772407.7,87,4597,32768,36,302.55,1060647.57,13164245.43
2026-08-04T19:42:00+08:00,1,2,104.0,1947.1,7.75,77647.8,772407.7,78,4395,32768,36,245.43,1060647.66,13164282.34
2026-08-04T19:42:10+08:00,1,2,104.0,1947.0,7.80,76860.9,772407.7,88,1451,32768,34,98.27,1060647.72,13164288.28
2026-08-04T19:42:20+08:00,1,2,104.0,1851.0,7.68,76948.2,772407.7,97,6945,32768,37,227.91,1060647.79,13164282.21
2026-08-04T19:42:30+08:00,1,2,104.0,1851.0,8.20,76299.0,772407.7,98,6947,32768,37,302.46,1060647.90,13164302.10
2026-08-04T19:42:40+08:00,1,2,104.0,1850.9,8.03,78135.3,772407.7,96,6643,32768,37,257.74,1060648.18,13164314.82
2026-08-04T19:42:50+08:00,1,2,104.0,1851.1,8.35,78404.9,772407.7,97,6363,32768,37,278.76,1060648.22,13164316.78
2026-08-04T19:43:00+08:00,1,2,104.0,1851.1,8.85,77712.9,772407.7,98,6059,32768,37,277.98,1060648.27,13164335.73
2026-08-04T19:43:10+08:00,1,2,104.0,1851.1,8.63,77542.6,772407.7,96,5637,32768,36,268.08,1060648.38,13164306.62
2026-08-04T19:43:20+08:00,1,2,104.0,1850.9,8.23,78079.7,772407.7,83,5495,32768,35,241.38,1060648.42,13164325.58
2026-08-04T19:43:30+08:00,1,2,104.0,1851.1,8.44,78508.9,772407.7,69,3035,32768,33,176.55,1060648.50,13164328.50
2026-08-04T19:43:40+08:00,1,2,104.0,2019.7,9.00,78322.7,772407.7,77,1051,32768,34,72.49,1060648.59,13164341.41
2026-08-04T19:43:50+08:00,1,2,104.0,1947.1,9.08,78684.2,772407.7,95,5481,32768,38,210.73,1060648.76,13164364.24
2026-08-04T19:44:00+08:00,1,2,104.0,1947.2,9.14,78469.8,772407.7,96,5363,32768,37,246.40,1060648.84,13164381.16
2026-08-04T19:44:10+08:00,1,2,104.0,1947.2,9.19,77598.0,772407.7,96,5263,32768,37,275.55,1060648.98,13164400.02
2026-08-04T19:44:20+08:00,1,2,104.0,1947.0,8.94,77879.9,772407.7,96,5141,32768,37,295.27,1060649.13,13164405.87
2026-08-04T19:44:31+08:00,1,2,104.0,1947.1,8.95,77233.4,772407.7,98,4939,32768,37,283.32,1060649.25,13164448.75
2026-08-04T19:44:41+08:00,1,2,104.0,1946.8,9.37,78103.4,772407.7,100,4717,32768,37,263.89,1060649.53,13164456.47
2026-08-04T19:44:51+08:00,1,2,104.0,1947.2,9.54,78311.2,772407.7,98,4495,32768,36,254.66,1060649.69,13164475.31
2026-08-04T19:45:01+08:00,1,2,104.0,1947.2,9.38,77670.9,772407.7,95,4397,32768,36,257.74,1060649.79,13164490.21
2026-08-04T19:45:11+08:00,1,2,104.0,1946.9,9.17,77848.6,772407.7,85,4273,32768,35,212.82,1060649.89,13164505.11
2026-08-04T19:45:21+08:00,1,2,104.0,1850.6,9.16,78729.2,772407.7,94,6947,32768,37,232.62,1060650.02,13164528.98
2026-08-04T19:45:31+08:00,1,2,104.0,1850.5,9.22,77782.2,772407.7,95,6947,32768,37,214.62,1060650.15,13164765.85
2026-08-04T19:45:41+08:00,1,2,104.0,1850.6,9.50,76944.5,772407.7,96,6945,32768,38,296.43,1060650.36,13164811.64
2026-08-04T19:45:51+08:00,1,2,104.0,1851.4,9.20,77244.5,772407.7,99,6785,32768,38,251.59,1060650.60,13164851.40
2026-08-04T19:46:01+08:00,1,2,104.0,1850.5,8.63,78334.2,772407.7,97,6645,32768,37,262.29,1060650.75,13164855.25
2026-08-04T19:46:11+08:00,1,2,104.0,1850.6,8.84,78157.3,772407.7,97,6503,32768,38,238.94,1060650.91,13164981.09
2026-08-04T19:46:21+08:00,1,2,104.0,1850.4,8.87,77756.3,772407.7,97,6503,32768,37,264.72,1060651.03,13164966.97
2026-08-04T19:46:31+08:00,1,2,104.0,1850.8,9.13,78486.2,772407.7,97,6223,32768,37,255.31,1060651.25,13164940.75
2026-08-04T19:46:41+08:00,1,2,104.0,1850.7,9.19,78367.0,772407.7,97,6221,32768,37,292.26,1060651.45,13164929.55
2026-08-04T19:46:51+08:00,1,2,104.0,1850.8,9.32,77603.9,772407.7,97,5919,32768,37,274.76,1060651.81,13164930.19
2026-08-04T19:47:01+08:00,1,2,104.0,1851.1,8.96,77749.2,772407.7,85,5639,32768,36,278.16,1060652.03,13164910.97
2026-08-04T19:47:11+08:00,1,2,104.0,1851.0,8.44,77782.0,772407.7,88,5495,32768,35,296.92,1060652.19,13165560.81
2026-08-04T19:47:21+08:00,1,2,104.0,1894.5,8.36,77223.1,772407.7,81,1351,32768,34,74.39,1060652.37,13164853.63
2026-08-04T19:47:31+08:00,1,2,104.0,2164.2,8.22,77662.0,772407.7,78,1311,32768,34,90.58,1060652.57,13164837.43
2026-08-04T19:47:41+08:00,1,2,104.0,1946.7,8.56,78534.9,772407.7,94,5483,32768,37,234.08,1060652.81,13164833.19
2026-08-04T19:47:52+08:00,1,2,105.0,1947.0,9.25,80064.1,772407.7,95,5141,32768,37,250.94,1060653.05,13164838.95
2026-08-04T19:48:02+08:00,1,2,105.0,1947.0,9.36,80488.2,772407.7,96,4819,32768,37,281.75,1060653.23,13164848.77
2026-08-04T19:48:12+08:00,1,2,105.0,1947.2,9.22,79762.9,772407.7,99,4597,32768,36,299.64,1060653.42,13164861.58
2026-08-04T19:48:22+08:00,1,2,105.0,1947.0,8.79,79665.7,772407.7,83,4395,32768,36,245.27,1060653.62,13164861.38
2026-08-04T19:48:32+08:00,1,2,105.0,1947.1,8.66,79774.7,772407.7,90,1305,32768,34,72.49,1060654.32,13164860.68
2026-08-04T19:48:42+08:00,1,2,105.0,1851.0,12.27,79484.1,772407.7,96,6945,32768,36,238.28,1060654.52,13164890.48
2026-08-04T19:48:52+08:00,1,2,105.0,1850.8,11.92,79989.8,772407.7,90,6945,32768,37,201.27,1060654.92,13164896.08
2026-08-04T19:49:02+08:00,1,2,105.0,1850.9,11.31,78435.3,772407.7,97,6945,32768,37,268.44,1060655.20,13164907.80
2026-08-04T19:49:12+08:00,1,2,105.0,1850.9,10.80,78912.7,772407.7,96,6945,32768,37,292.55,1060655.31,13164918.69
2026-08-04T19:49:22+08:00,1,2,105.0,1850.5,11.14,78271.5,772407.7,96,6645,32768,37,299.83,1060655.34,13164923.66
2026-08-04T19:49:32+08:00,1,2,105.0,1850.9,11.34,77321.4,772407.7,97,6361,32768,37,248.67,1060655.41,13164913.59
2026-08-04T19:49:42+08:00,1,2,105.0,1850.9,12.08,77464.4,772407.7,98,6059,32768,37,259.69,1060655.45,13164896.55
2026-08-04T19:49:52+08:00,1,2,105.0,1851.3,12.15,77586.2,772407.7,56,5635,32768,36,278.64,1060655.50,13164897.50
2026-08-04T19:50:02+08:00,1,2,105.0,1850.8,11.81,77515.0,772407.7,84,5335,32768,34,260.17,1060656.55,13164912.45
2026-08-04T19:50:12+08:00,1,2,105.0,2019.1,11.60,77025.0,772407.7,90,1051,32768,34,72.44,1060656.70,13164900.30
2026-08-04T19:50:22+08:00,1,2,105.0,1946.7,10.97,77289.1,772407.7,96,5481,32768,37,193.84,1060656.75,13165221.25
2026-08-04T19:50:32+08:00,1,2,105.0,1946.8,10.29,77233.0,772407.7,95,5361,32768,37,254.02,1060656.74,13164835.26
2026-08-04T19:50:42+08:00,1,2,105.0,1946.6,9.70,77011.4,772407.7,96,5261,32768,37,265.83,1060656.78,13164814.22
2026-08-04T19:50:52+08:00,1,2,105.0,1946.8,9.75,77594.3,772407.7,97,5041,32768,37,262.12,1060642.83,13164800.17
2026-08-04T19:51:02+08:00,1,2,105.0,1946.7,10.34,78294.9,772407.7,94,4941,32768,37,261.15,1060642.28,13164774.72
2026-08-04T19:51:13+08:00,1,2,105.0,1946.5,9.96,78050.6,772407.7,96,4817,32768,37,273.30,1060642.81,13164751.19
2026-08-04T19:51:23+08:00,1,2,105.0,1946.8,9.35,78035.5,772407.7,92,4495,32768,36,257.26,1060642.94,13164733.06
2026-08-04T19:51:33+08:00,1,2,105.0,1946.9,9.42,77685.0,772407.7,74,4275,32768,35,240.89,1060649.17,13164712.83
2026-08-04T19:51:43+08:00,1,2,105.0,1899.1,9.14,77330.7,772407.7,87,5365,32768,35,73.91,1060649.20,13164680.80
2026-08-04T19:51:53+08:00,1,2,105.0,1850.9,8.86,77199.1,772407.7,94,6945,32768,37,235.69,1060649.30,13164673.70
2026-08-04T19:52:03+08:00,1,2,105.0,1851.1,8.50,77324.2,772407.7,97,6945,32768,38,296.43,1060650.66,13164668.34
2026-08-04T19:52:13+08:00,1,2,105.0,1851.1,8.81,77657.1,772407.7,97,6645,32768,37,288.18,1060650.78,13164665.22
2026-08-04T19:52:23+08:00,1,2,105.0,1850.8,8.60,77674.6,772407.7,98,6363,32768,37,142.04,1060650.78,13164648.22
2026-08-04T19:52:33+08:00,1,2,105.0,1851.0,8.45,77918.3,772407.7,97,6061,32768,37,267.29,1060648.94,13164666.06
2026-08-04T19:52:43+08:00,1,2,105.0,1851.0,8.92,78036.7,772407.7,95,5779,32768,37,239.74,1060649.64,13164645.36
2026-08-04T19:52:53+08:00,1,2,105.0,1850.9,8.77,78447.6,772407.7,89,5495,32768,36,241.22,1060649.93,13164642.07
2026-08-04T19:53:03+08:00,1,2,105.0,1880.7,8.81,78278.7,772407.7,86,1571,32768,34,72.93,1060649.95,13164661.05
2026-08-04T19:53:13+08:00,1,2,105.0,1947.0,9.78,78851.9,772407.7,95,5483,32768,36,182.51,1060650.00,13164667.00
2026-08-04T19:53:23+08:00,1,2,105.0,1947.0,9.75,78652.8,772407.7,95,5483,32768,37,221.73,1060650.04,13164644.96
2026-08-04T19:53:33+08:00,1,2,105.0,1946.9,9.55,79631.0,772407.7,95,5361,32768,37,258.23,1060650.16,13164651.84
2026-08-04T19:53:43+08:00,1,2,105.0,1946.9,9.08,78767.8,772407.7,96,5361,32768,38,287.21,1060650.15,13164657.85
2026-08-04T19:53:53+08:00,1,2,105.0,1947.1,9.08,79144.4,772407.7,95,5141,32768,37,271.84,1060650.24,13164660.76
2026-08-04T19:54:03+08:00,1,2,105.0,1947.1,8.99,77608.6,772407.7,97,4819,32768,37,265.21,1060650.32,13164662.68
2026-08-04T19:54:13+08:00,1,2,105.0,1947.0,9.24,78228.3,772407.7,98,4597,32768,37,272.15,1060650.40,13164649.60
2026-08-04T19:54:23+08:00,1,2,105.0,1947.0,9.34,78670.7,772407.7,87,1351,32768,34,94.86,1060650.47,13164640.53
2026-08-04T19:54:34+08:00,1,2,105.0,1851.0,9.44,79122.0,772407.7,95,6947,32768,37,213.93,1060650.55,13164620.45
2026-08-04T19:54:44+08:00,1,2,105.0,1851.1,9.29,79047.6,772407.7,96,6945,32768,37,288.18,1060650.65,13164605.35
2026-08-04T19:54:54+08:00,1,2,105.0,1850.9,9.16,78745.1,772407.7,96,6645,32768,37,289.15,1060650.74,13164575.26
2026-08-04T19:55:04+08:00,1,2,105.0,1851.1,8.98,79271.8,772407.7,96,6365,32768,37,252.88,1060650.79,13164557.21
2026-08-04T19:55:14+08:00,1,2,105.0,1851.2,9.00,80082.5,772407.7,96,6221,32768,37,294.20,1060650.87,13164518.13
2026-08-04T19:55:24+08:00,1,2,105.0,1850.9,8.84,78095.8,772407.7,97,5919,32768,37,247.54,1060651.11,13164495.89
2026-08-04T19:55:34+08:00,1,2,105.0,1851.1,9.42,78182.6,772407.7,97,5777,32768,37,290.90,1060651.14,13164489.86
2026-08-04T19:55:44+08:00,1,2,105.0,1851.0,9.89,77749.7,772407.7,79,5495,32768,35,236.82,1060651.23,13164497.77
2026-08-04T19:55:54+08:00,1,2,105.0,1894.0,10.21,77288.4,772407.7,79,1351,32768,34,75.47,1060651.30,13164480.70
2026-08-04T19:56:04+08:00,1,2,105.0,1947.1,10.41,77636.2,772407.7,91,5483,32768,36,219.15,1060651.42,13164466.58
2026-08-04T19:56:14+08:00,1,2,105.0,1946.9,10.11,77731.5,772407.7,90,5481,32768,37,191.65,1060651.70,13164443.30
2026-08-04T19:56:24+08:00,1,2,105.0,1947.0,9.70,78353.4,772407.7,97,5481,32768,37,271.84,1060651.90,13165128.10
2026-08-04T19:56:34+08:00,1,2,105.0,1947.0,9.13,78389.1,772407.7,95,5141,32768,37,259.69,1060652.10,13164447.90
2026-08-04T19:56:44+08:00,1,2,105.0,1947.2,8.87,78303.3,772407.7,97,4939,32768,37,294.98,1060652.17,13164448.83
2026-08-04T19:56:54+08:00,1,2,105.0,1947.0,8.67,78777.6,772407.7,100,4717,32768,37,248.02,1060652.36,13164450.64
2026-08-04T19:57:04+08:00,1,2,105.0,1947.1,9.11,79460.0,772407.7,82,4397,32768,36,286.42,1060652.46,13164458.54
2026-08-04T19:57:14+08:00,1,2,105.0,1851.1,9.32,78817.8,772407.7,97,6945,32768,37,207.33,1060652.95,13164467.05
2026-08-04T19:57:24+08:00,1,2,105.0,1839.7,8.88,79021.9,772407.7,98,6787,32768,37,258.23,1060653.14,13164466.86
2026-08-04T19:57:34+08:00,1,2,105.0,1839.8,8.74,78914.1,772407.7,97,6645,32768,37,246.73,1060653.84,13164469.16
2026-08-04T19:57:44+08:00,1,2,105.0,1839.8,8.62,78893.5,772407.7,97,6505,32768,38,267.77,1060653.90,13164479.10
2026-08-04T19:57:54+08:00,1,2,105.0,1839.6,9.15,79221.0,772407.7,96,6361,32768,37,294.39,1060654.04,13164489.96
2026-08-04T19:58:04+08:00,1,2,105.0,1839.9,9.34,78886.2,772407.7,96,6221,32768,37,283.32,1060654.20,13164516.80
2026-08-04T19:58:15+08:00,1,2,105.0,1671.4,9.43,74789.6,772407.7,0,1051,32768,29,56.35,1060654.37,13164548.63
2026-08-04T19:58:25+08:00,1,2,105.0,1671.4,9.52,75808.1,772407.7,0,1051,32768,29,55.90,1060654.53,13164586.47
2026-08-04T19:58:35+08:00,1,2,105.0,1671.4,9.29,76094.0,772407.7,0,1051,32768,29,55.90,1060654.72,13164605.28
2026-08-04T19:58:45+08:00,1,2,104.0,1671.4,9.64,76882.5,772407.7,0,1051,32768,29,55.90,1060654.95,13164610.05
2026-08-04T19:58:55+08:00,1,2,104.0,1671.4,9.55,76842.8,772407.7,0,1051,32768,29,55.90,1060655.29,13164635.71
2026-08-04T19:59:05+08:00,1,2,104.0,1671.4,12.43,77826.4,772407.7,0,1051,32768,29,55.97,1060655.46,13164658.54
2026-08-04T19:59:15+08:00,1,2,104.0,1685.3,12.79,73075.8,772407.7,0,1051,32768,29,55.86,1060655.58,13164703.42
2026-08-04T19:59:25+08:00,1,2,104.0,1685.3,11.82,74425.6,772407.7,0,1051,32768,29,55.90,1060655.75,13164739.25
2026-08-04T19:59:35+08:00,1,2,104.0,1685.3,11.56,74538.3,772407.7,0,1051,32768,29,55.90,1060655.92,13164799.08
2026-08-04T19:59:45+08:00,1,2,103.0,1685.3,10.94,75452.1,772407.7,0,1051,32768,29,55.94,1060656.31,13164923.69
2026-08-04T19:59:55+08:00,1,2,103.0,1685.3,10.48,76330.5,772407.7,0,1051,32768,29,55.97,1060658.48,13164978.52
2026-08-04T20:00:05+08:00,1,2,103.0,1685.3,10.26,77192.1,772407.7,0,1051,32768,29,55.97,1060658.93,13164998.07
2026-08-04T20:00:15+08:00,1,2,103.0,1679.8,9.91,77607.6,772407.7,0,1051,32768,29,55.90,1060659.22,13165057.78
2026-08-04T20:00:25+08:00,1,2,103.0,1677.8,10.07,73975.5,772407.7,0,1051,32768,29,55.86,1060659.40,13165099.60
2026-08-04T20:00:35+08:00,1,2,103.0,1677.8,9.45,74318.6,772407.7,0,1051,32768,29,55.86,1060659.61,13165132.39
2026-08-04T20:00:45+08:00,1,2,103.0,1677.8,10.08,75159.3,772407.7,0,1051,32768,29,55.94,1060659.56,13165152.44
2026-08-04T20:00:55+08:00,1,2,102.0,1677.8,11.03,75882.4,772407.7,0,1051,32768,29,55.90,1060658.89,13165156.11
2026-08-04T20:01:05+08:00,1,2,102.0,1677.8,10.94,76718.0,772407.7,0,1051,32768,29,55.90,1060659.26,13165123.74
2026-08-04T20:01:15+08:00,1,2,102.0,1685.6,10.40,78239.2,772407.7,0,5333,32768,29,159.70,1060659.51,13165133.49
2026-08-04T20:01:25+08:00,1,2,102.0,2008.4,9.72,78467.1,772407.7,77,1051,32768,34,72.98,1060659.71,13165094.29
2026-08-04T20:01:35+08:00,1,2,102.0,1935.9,9.46,78488.6,772407.7,94,5483,32768,37,253.37,1060659.96,13165101.04
2026-08-04T20:01:45+08:00,1,2,102.0,1935.9,9.37,78339.0,772407.7,98,5483,32768,37,298.38,1060660.39,13165084.61
2026-08-04T20:01:55+08:00,1,2,102.0,1935.8,9.25,78650.1,772407.7,96,5481,32768,37,296.14,1060660.42,13165072.58
2026-08-04T20:02:05+08:00,1,2,102.0,1936.1,9.50,78962.0,772407.7,96,5261,32768,37,298.58,1060660.40,13165097.60
2026-08-04T20:02:16+08:00,1,2,102.0,1935.8,9.72,79661.1,772407.7,96,5041,32768,37,250.13,1060660.48,13165050.52
2026-08-04T20:02:26+08:00,1,2,102.0,1935.8,9.83,78867.9,772407.7,98,4717,32768,37,259.20,1060660.50,13165020.50
2026-08-04T20:02:36+08:00,1,2,102.0,1935.9,10.17,78934.5,772407.7,75,4395,32768,36,242.84,1060660.59,13164985.41
2026-08-04T20:02:46+08:00,1,2,102.0,1840.2,9.91,79067.9,772407.7,95,6945,32768,36,213.45,1060660.62,13164951.38
2026-08-04T20:02:56+08:00,1,2,102.0,1840.1,10.46,80001.9,772407.7,98,6785,32768,37,283.80,1060660.66,13164886.34
2026-08-04T20:03:06+08:00,1,2,102.0,1839.8,10.47,78322.8,772407.7,97,6505,32768,37,278.46,1060660.74,13164864.26
2026-08-04T20:03:16+08:00,1,2,102.0,1840.2,10.76,78486.4,772407.7,95,6221,32768,37,252.40,1060660.77,13164831.23
2026-08-04T20:03:26+08:00,1,2,102.0,1840.2,10.79,79052.2,772407.7,97,5779,32768,36,263.75,1060655.53,13164781.47
2026-08-04T20:03:36+08:00,1,2,102.0,1839.1,10.58,79535.7,772407.7,80,5637,32768,36,293.71,1060655.57,13164743.43
2026-08-04T20:03:46+08:00,1,2,102.0,1840.4,10.19,80185.3,772407.7,88,5495,32768,36,285.75,1060655.61,13164711.39
2026-08-04T20:03:56+08:00,1,2,102.0,1841.0,9.86,79567.7,772407.7,79,1673,32768,33,151.01,1060655.80,13164690.20
2026-08-04T20:04:06+08:00,1,2,102.0,1840.8,9.35,79748.1,772407.7,77,1351,32768,34,74.00,1060655.85,13165015.15
2026-08-04T20:04:16+08:00,1,2,102.0,2004.5,9.22,80308.9,772407.7,85,1543,32768,35,73.47,1060655.91,13165655.09
2026-08-04T20:04:26+08:00,1,2,102.0,1935.6,9.87,79003.1,772407.7,92,5483,32768,36,147.40,1060655.98,13164604.02
2026-08-04T20:04:36+08:00,1,2,102.0,1935.9,10.03,78979.2,772407.7,95,5481,32768,37,229.67,1060655.99,13164572.01
2026-08-04T20:04:46+08:00,1,2,102.0,1935.9,9.95,79531.8,772407.7,94,5483,32768,38,217.00,1060656.08,13164528.92
2026-08-04T20:04:56+08:00,1,2,102.0,1935.8,9.80,78925.5,772407.7,98,5261,32768,37,276.58,1060656.16,13164498.84
2026-08-04T20:05:06+08:00,1,2,102.0,1935.9,9.22,79225.3,772407.7,94,4817,32768,37,256.29,1060656.23,13164436.77
2026-08-04T20:05:16+08:00,1,2,102.0,1935.9,9.11,78595.5,772407.7,78,4495,32768,36,229.70,1060656.23,13164402.77
2026-08-04T20:05:26+08:00,1,2,102.0,1840.0,8.86,78586.1,772407.7,96,6945,32768,36,215.39,1060656.31,13164371.69
2026-08-04T20:05:37+08:00,1,2,102.0,1839.1,8.88,78288.8,772407.7,97,6787,32768,37,246.73,1060656.36,13164330.64
2026-08-04T20:05:47+08:00,1,2,102.0,1839.4,8.83,78230.4,772407.7,95,6503,32768,37,296.63,1060656.41,13164310.59
2026-08-04T20:05:57+08:00,1,2,102.0,1839.5,9.07,78030.9,772407.7,97,6059,32768,37,279.73,1060656.35,13164303.65
2026-08-04T20:06:07+08:00,1,2,102.0,1839.2,8.67,77823.9,772407.7,98,5919,32768,36,289.34,1060656.53,13164292.47
2026-08-04T20:06:17+08:00,1,2,102.0,1839.5,8.33,77955.4,772407.7,91,5637,32768,36,254.02,1060656.62,13164286.38
2026-08-04T20:06:27+08:00,1,2,102.0,1839.5,8.53,78212.5,772407.7,73,5495,32768,36,238.46,1060656.73,13164293.27
2026-08-04T20:06:37+08:00,1,2,102.0,1883.1,8.66,78056.9,772407.7,79,1351,32768,33,76.01,1060656.71,13164300.29
2026-08-04T20:06:47+08:00,1,2,102.0,1935.5,8.34,78589.1,772407.7,83,5483,32768,36,206.84,1060656.82,13164300.18
2026-08-04T20:06:57+08:00,1,2,102.0,1935.2,8.05,77843.1,772407.7,97,5481,32768,38,262.61,1060657.34,13164304.66
2026-08-04T20:07:07+08:00,1,2,102.0,1935.6,8.03,77010.6,772407.7,95,5141,32768,37,252.40,1060657.39,13164321.61
2026-08-04T20:07:17+08:00,1,2,103.0,1935.4,7.55,77310.8,772407.7,98,4817,32768,37,269.90,1060657.54,13164375.46
2026-08-04T20:07:27+08:00,1,2,103.0,1935.5,7.87,78791.5,772407.7,89,4495,32768,36,232.93,1060657.59,13164379.41
2026-08-04T20:07:37+08:00,1,2,103.0,1839.6,8.11,77701.1,772407.7,90,6947,32768,36,210.52,1060657.69,13164405.31
2026-08-04T20:07:47+08:00,1,2,103.0,1839.8,8.49,77930.6,772407.7,96,6945,32768,37,251.91,1060657.73,13164436.27
2026-08-04T20:07:57+08:00,1,2,103.0,1839.8,8.34,78508.9,772407.7,96,6643,32768,38,289.63,1060657.85,13164427.15
2026-08-04T20:08:07+08:00,1,2,103.0,1839.7,8.43,77459.6,772407.7,96,6221,32768,37,255.63,1060658.04,13164415.96
2026-08-04T20:08:17+08:00,1,2,103.0,1839.9,8.67,77576.2,772407.7,96,6059,32768,37,300.12,1060658.13,13164388.87
2026-08-04T20:08:27+08:00,1,2,103.0,1839.9,8.81,78149.5,772407.7,97,5919,32768,37,285.45,1060658.21,13164384.79
2026-08-04T20:08:37+08:00,1,2,103.0,1839.9,8.54,77887.5,772407.7,97,5777,32768,37,260.35,1060658.30,13164377.70
2026-08-04T20:08:47+08:00,1,2,103.0,1839.8,8.85,77846.8,772407.7,59,5639,32768,35,304.01,1060658.41,13164373.59
2026-08-04T20:08:57+08:00,1,2,103.0,1881.5,8.56,77736.4,772407.7,76,1711,32768,33,71.51,1060658.54,13164368.46
2026-08-04T20:09:07+08:00,1,2,103.0,1946.3,8.09,77703.3,772407.7,85,5481,32768,36,105.11,1060658.67,13164345.33
2026-08-04T20:09:17+08:00,1,2,103.0,1935.8,8.54,78361.9,772407.7,93,5483,32768,37,254.83,1060658.80,13164344.20
2026-08-04T20:09:27+08:00,1,2,103.0,1935.9,8.07,77733.0,772407.7,98,5141,32768,38,255.48,1060658.91,13164344.09
2026-08-04T20:09:37+08:00,1,2,103.0,1935.7,8.29,78397.8,772407.7,97,4817,32768,37,259.54,1060658.86,13164328.14
2026-08-04T20:09:47+08:00,1,2,103.0,1935.9,8.15,78389.2,772407.7,83,4597,32768,36,302.55,1060659.28,13164317.72
2026-08-04T20:09:57+08:00,1,2,103.0,1935.9,8.18,77922.7,772407.7,88,4273,32768,35,206.63,1060660.71,13164310.29
2026-08-04T20:10:08+08:00,1,2,103.0,1839.7,8.24,77818.9,772407.7,93,6945,32768,36,220.46,1060660.90,13164265.10
2026-08-04T20:10:18+08:00,1,2,103.0,1839.9,8.27,78176.9,772407.7,97,6945,32768,38,274.58,1060661.17,13164219.83
2026-08-04T20:10:28+08:00,1,2,103.0,1839.8,8.51,78488.2,772407.7,95,6503,32768,37,277.19,1060661.29,13164181.71
2026-08-04T20:10:38+08:00,1,2,103.0,1839.8,8.12,78148.8,772407.7,97,6361,32768,37,261.63,1060661.47,13164128.53
2026-08-04T20:10:48+08:00,1,2,103.0,1839.6,7.56,77627.3,772407.7,97,6059,32768,37,300.03,1060661.63,13164083.37
2026-08-04T20:10:58+08:00,1,2,103.0,1839.9,9.87,78338.2,772407.7,96,5777,32768,37,291.58,1060652.08,13164063.92
2026-08-04T20:11:08+08:00,1,2,103.0,1839.9,9.35,78157.7,772407.7,40,5335,32768,34,223.87,1060653.00,13164040.00
2026-08-04T20:11:18+08:00,1,2,103.0,1990.5,9.52,78081.2,772407.7,74,3063,32768,35,74.93,1060653.16,13164023.84
2026-08-04T20:11:28+08:00,1,2,103.0,1935.9,8.82,78071.2,772407.7,89,5483,32768,36,199.58,1060655.55,13163993.45
2026-08-04T20:11:38+08:00,1,2,103.0,1935.7,8.63,78406.1,772407.7,95,5481,32768,37,299.26,1060659.45,13163978.55
2026-08-04T20:11:48+08:00,1,2,103.0,1935.9,8.53,78161.0,772407.7,95,5361,32768,37,296.73,1060659.60,13163970.40
2026-08-04T20:11:58+08:00,1,2,103.0,1935.9,8.44,77337.2,772407.7,96,5039,32768,37,261.00,1060659.80,13163984.20
2026-08-04T20:12:08+08:00,1,2,103.0,1935.8,8.06,77319.4,772407.7,97,4717,32768,37,257.26,1060661.22,13164011.78
2026-08-04T20:12:18+08:00,1,2,103.0,1935.9,7.66,76974.8,772407.7,99,4717,32768,37,270.69,1060661.63,13164005.37
2026-08-04T20:12:28+08:00,1,2,103.0,1935.8,7.49,76964.0,772407.7,80,4497,32768,37,238.13,1060661.81,13164031.19
2026-08-04T20:12:38+08:00,1,2,103.0,1935.6,8.27,76987.7,772407.7,89,4273,32768,35,223.38,1060662.65,13164043.35
2026-08-04T20:12:48+08:00,1,2,103.0,1839.9,8.23,76885.0,772407.7,96,6945,32768,37,208.85,1060663.13,13164057.87
2026-08-04T20:12:58+08:00,1,2,103.0,1839.9,8.20,76599.6,772407.7,95,6785,32768,37,274.45,1060663.32,13164067.68
2026-08-04T20:13:08+08:00,1,2,103.0,1840.0,7.87,76581.7,772407.7,97,6505,32768,37,299.64,1060663.53,13164080.47
2026-08-04T20:13:18+08:00,1,2,103.0,1839.9,8.19,76850.4,772407.7,96,6221,32768,37,260.00,1060663.74,13164088.26
2026-08-04T20:13:28+08:00,1,2,103.0,1840.3,8.62,78180.8,772407.7,96,6061,32768,37,291.39,1060663.94,13164164.06
2026-08-04T20:13:38+08:00,1,2,103.0,1840.0,8.68,78009.1,772407.7,97,5777,32768,36,278.64,1060664.16,13164184.84
2026-08-04T20:13:48+08:00,1,2,103.0,1839.7,8.58,78298.8,772407.7,84,5637,32768,36,287.21,1060664.38,13164206.62
2026-08-04T20:13:59+08:00,1,2,103.0,1839.9,8.27,78027.7,772407.7,57,5495,32768,35,240.07,1060664.65,13164209.35
2026-08-04T20:14:09+08:00,1,2,103.0,1883.1,7.99,77972.8,772407.7,86,1691,32768,33,75.86,1060664.30,13164217.70
2026-08-04T20:14:19+08:00,1,2,103.0,2008.4,7.70,77950.0,772407.7,77,1051,32768,34,72.49,1060665.01,13164225.99
2026-08-04T20:14:29+08:00,1,2,103.0,1935.8,7.37,78414.8,772407.7,92,5481,32768,36,188.37,1060665.23,13164225.77
2026-08-04T20:14:39+08:00,1,2,103.0,1935.7,7.69,78346.7,772407.7,95,5361,32768,37,254.84,1060665.27,13164240.73
2026-08-04T20:14:49+08:00,1,2,103.0,1935.9,8.46,78470.1,772407.7,96,5141,32768,37,288.47,1060665.81,13164234.19
2026-08-04T20:14:59+08:00,1,2,103.0,1935.9,8.52,77014.5,772407.7,95,4717,32768,37,266.80,1060665.91,13164234.09
2026-08-04T20:15:09+08:00,1,2,103.0,1935.8,8.37,77145.7,772407.7,77,4273,32768,35,214.28,1060665.96,13164268.04
2026-08-04T20:15:19+08:00,1,2,103.0,1839.9,8.23,77615.2,772407.7,96,6947,32768,37,219.49,1060665.89,13164274.11
2026-08-04T20:15:29+08:00,1,2,103.0,1839.9,8.50,77628.7,772407.7,96,6785,32768,37,259.69,1060665.94,13164261.06
2026-08-04T20:15:39+08:00,1,2,103.0,1839.6,8.59,77308.9,772407.7,97,6643,32768,37,279.43,1060666.00,13164265.00
2026-08-04T20:15:49+08:00,1,2,103.0,1839.8,8.72,78026.7,772407.7,96,6363,32768,37,255.80,1060666.07,13164264.93
2026-08-04T20:15:59+08:00,1,2,103.0,1839.9,8.30,78293.7,772407.7,96,6221,32768,37,277.37,1060660.87,13164257.13
2026-08-04T20:16:09+08:00,1,2,103.0,1839.7,8.34,77769.4,772407.7,98,6221,32768,37,288.18,1060660.93,13164255.07
2026-08-04T20:16:19+08:00,1,2,103.0,1839.9,7.75,78191.9,772407.7,99,6223,32768,37,287.88,1060660.97,13164239.03
2026-08-04T20:16:29+08:00,1,2,103.0,1839.9,8.25,77882.4,772407.7,98,6061,32768,37,266.18,1060661.01,13164262.99
2026-08-04T20:16:39+08:00,1,2,103.0,1839.9,8.99,77938.2,772407.7,97,5919,32768,37,286.91,1060661.19,13164360.81
2026-08-04T20:16:49+08:00,1,2,103.0,1839.8,9.54,77949.0,772407.7,91,5495,32768,36,244.29,1060661.25,13164360.75
2026-08-04T20:16:59+08:00,1,2,103.0,1883.4,9.68,77740.1,772407.7,73,1351,32768,34,75.37,1060661.36,13164370.64
2026-08-04T20:17:10+08:00,1,2,103.0,1935.9,9.72,77903.7,772407.7,98,5483,32768,37,211.50,1060661.42,13164390.58
2026-08-04T20:17:20+08:00,1,2,103.0,1935.9,9.23,78574.7,772407.7,97,5361,32768,37,290.61,1060661.40,13164441.60
2026-08-04T20:17:30+08:00,1,2,103.0,1936.1,8.58,78118.3,772407.7,97,5141,32768,37,291.87,1060661.83,13164505.17
2026-08-04T20:17:40+08:00,1,2,103.0,1935.6,8.19,78928.8,772407.7,97,4717,32768,37,258.55,1060661.91,13164561.09
2026-08-04T20:17:50+08:00,1,2,103.0,1935.9,8.00,79278.0,772407.7,82,4397,32768,36,245.75,1060662.00,13164535.00
2026-08-04T20:18:00+08:00,1,2,103.0,1839.9,8.38,79192.4,772407.7,90,6947,32768,37,237.64,1060662.02,13164528.98
2026-08-04T20:18:10+08:00,1,2,103.0,1839.7,8.41,79257.1,772407.7,97,6945,32768,37,227.76,1060662.06,13164523.94
2026-08-04T20:18:20+08:00,1,2,103.0,1839.9,8.75,78838.4,772407.7,96,6945,32768,37,273.60,1060661.93,13164522.07
2026-08-04T20:18:30+08:00,1,2,103.0,1839.9,8.62,78612.7,772407.7,96,6945,32768,38,297.89,1060661.97,13164518.03
2026-08-04T20:18:40+08:00,1,2,103.0,1839.9,8.06,78663.8,772407.7,98,6785,32768,37,253.37,1060662.17,13164528.83
2026-08-04T20:18:50+08:00,1,2,103.0,1839.8,7.59,77965.3,772407.7,97,6643,32768,38,249.48,1060662.29,13164536.71
2026-08-04T20:19:00+08:00,1,2,103.0,1839.8,7.57,78506.4,772407.7,95,6503,32768,37,251.10,1060662.39,13164528.61
2026-08-04T20:19:10+08:00,1,2,103.0,1839.9,7.62,78198.9,772407.7,97,6221,32768,37,267.15,1060662.46,13164545.54
2026-08-04T20:19:20+08:00,1,2,103.0,1839.7,7.22,77967.7,772407.7,96,6059,32768,37,283.02,1060662.53,13164537.47
2026-08-04T20:19:30+08:00,1,2,103.0,1840.2,6.88,77288.8,772407.7,97,5919,32768,37,301.29,1060662.38,13164575.62
2026-08-04T20:19:40+08:00,1,2,103.0,1839.6,6.66,77719.0,772407.7,87,5637,32768,36,248.67,1060663.71,13164608.29
2026-08-04T20:19:50+08:00,1,2,103.0,1839.2,7.18,78359.4,772407.7,83,5495,32768,36,259.69,1060663.79,13164744.21
2026-08-04T20:20:00+08:00,1,2,103.0,1847.0,7.38,77826.3,772407.7,76,1571,32768,33,74.39,1060663.92,13165399.08
2026-08-04T20:20:10+08:00,1,2,103.0,1935.7,7.33,78433.5,772407.7,95,5483,32768,37,196.63,1060663.99,13164707.01
2026-08-04T20:20:20+08:00,1,2,103.0,1935.9,7.36,78789.1,772407.7,96,5361,32768,37,263.44,1060664.10,13164677.90
2026-08-04T20:20:31+08:00,1,2,103.0,1935.9,7.47,78441.1,772407.7,96,4939,32768,37,259.69,1060664.14,13164612.86
2026-08-04T20:20:41+08:00,1,2,103.0,1935.8,7.32,78172.2,772407.7,99,4717,32768,37,269.41,1060663.22,13164557.78
2026-08-04T20:20:51+08:00,1,2,103.0,1936.1,7.28,77795.7,772407.7,100,4597,32768,36,279.92,1060663.55,13164520.45
2026-08-04T20:21:01+08:00,1,2,103.0,1936.0,7.23,78521.1,772407.7,82,4397,32768,36,258.08,1060663.62,13164507.38
2026-08-04T20:21:11+08:00,1,2,103.0,1935.7,7.35,77727.0,772407.7,77,4273,32768,35,189.58,1060663.78,13164490.22
2026-08-04T20:21:21+08:00,1,2,103.0,1850.1,7.20,77839.6,772407.7,88,6945,32768,36,81.40,1060663.92,13164491.08
2026-08-04T20:21:31+08:00,1,2,103.0,1839.4,7.11,78256.0,772407.7,95,6945,32768,37,226.26,1060664.01,13164475.99
2026-08-04T20:21:41+08:00,1,2,103.0,1839.5,7.01,77503.4,772407.7,98,6945,32768,38,246.56,1060664.11,13164454.89
2026-08-04T20:21:51+08:00,1,2,103.0,1839.3,7.23,77375.7,772407.7,96,6645,32768,37,294.30,1060664.25,13164426.75
2026-08-04T20:22:01+08:00,1,2,103.0,1839.4,7.44,78375.8,772407.7,96,6221,32768,37,278.46,1060664.41,13164418.59
2026-08-04T20:22:11+08:00,1,2,103.0,1839.5,8.15,78622.7,772407.7,96,5919,32768,37,300.52,1060664.51,13164432.49
2026-08-04T20:22:21+08:00,1,2,104.0,1839.1,8.35,77972.1,772407.7,98,5637,32768,36,253.37,1060664.66,13164417.34
2026-08-04T20:22:31+08:00,1,2,104.0,1839.3,8.77,78108.4,772407.7,87,5495,32768,36,291.87,1060664.81,13164527.19
2026-08-04T20:22:41+08:00,1,2,104.0,1839.4,8.95,77855.2,772407.7,86,5335,32768,34,247.70,1060664.91,13164515.09
2026-08-04T20:22:51+08:00,1,2,104.0,1882.8,9.28,77242.4,772407.7,81,1351,32768,34,73.47,1060665.49,13164495.51
2026-08-04T20:23:01+08:00,1,2,104.0,1936.0,9.63,77311.0,772407.7,95,5481,32768,37,219.29,1060665.78,13165142.22
2026-08-04T20:23:11+08:00,1,2,104.0,1935.8,9.86,78033.7,772407.7,95,5483,32768,37,274.58,1060665.97,13164444.03
2026-08-04T20:23:21+08:00,1,2,104.0,1935.3,10.03,76832.5,772407.7,92,5361,32768,37,287.50,1060666.15,13164424.85
2026-08-04T20:23:31+08:00,1,2,104.0,1935.4,9.72,76718.9,772407.7,96,5039,32768,37,259.20,1060666.33,13164407.67
2026-08-04T20:23:41+08:00,1,2,104.0,1935.6,9.08,76648.9,772407.7,88,4597,32768,37,253.85,1060666.48,13164386.52
2026-08-04T20:23:52+08:00,1,2,104.0,1935.0,8.76,77177.6,772407.7,77,4395,32768,36,254.68,1060666.66,13164354.34
2026-08-04T20:24:02+08:00,1,2,104.0,1839.1,9.49,77238.9,772407.7,95,6945,32768,36,132.86,1060666.83,13164332.17
2026-08-04T20:24:12+08:00,1,2,104.0,1840.3,9.24,77908.5,772407.7,96,6947,32768,37,230.83,1060667.02,13164322.98
2026-08-04T20:24:22+08:00,1,2,104.0,1839.5,9.30,78486.1,772407.7,96,6645,32768,37,262.46,1060667.11,13164302.89
2026-08-04T20:24:32+08:00,1,2,104.0,1839.2,9.79,78495.1,772407.7,97,6361,32768,37,256.29,1060667.33,13164289.67
2026-08-04T20:24:42+08:00,1,2,104.0,1839.5,9.45,79675.2,772407.7,97,6061,32768,37,277.49,1060667.51,13164282.49
2026-08-04T20:24:52+08:00,1,2,104.0,1839.5,9.26,79777.4,772407.7,89,5637,32768,36,241.54,1060667.71,13164261.29
2026-08-04T20:25:02+08:00,1,2,104.0,1883.1,9.45,79254.6,772407.7,69,1351,32768,33,73.03,1060668.09,13164248.91
2026-08-04T20:25:12+08:00,1,2,104.0,1935.5,9.00,80247.5,772407.7,95,5481,32768,36,205.03,1060668.35,13164228.65
2026-08-04T20:25:22+08:00,1,2,104.0,1935.4,8.68,78751.8,772407.7,97,5483,32768,37,227.91,1060668.58,13164194.42
2026-08-04T20:25:32+08:00,1,2,104.0,1935.5,8.80,78026.0,772407.7,97,5261,32768,37,263.12,1060668.80,13164194.20
2026-08-04T20:25:42+08:00,1,2,104.0,1935.6,9.29,78477.1,772407.7,96,4939,32768,37,255.97,1060669.03,13164170.97
2026-08-04T20:25:52+08:00,1,2,104.0,1935.5,8.62,78228.3,772407.7,97,4817,32768,37,283.02,1060669.15,13164159.85
2026-08-04T20:26:02+08:00,1,2,104.0,1935.7,8.28,78072.9,772407.7,95,4597,32768,37,300.61,1060669.37,13164567.63
2026-08-04T20:26:12+08:00,1,2,104.0,1935.7,8.31,78045.4,772407.7,73,4397,32768,36,288.37,1060669.66,13164275.34
2026-08-04T20:26:22+08:00,1,2,104.0,1839.4,8.33,78532.6,772407.7,88,6945,32768,36,211.85,1060669.86,13164250.14
2026-08-04T20:26:32+08:00,1,2,104.0,1839.6,8.28,77437.8,772407.7,97,6945,32768,38,243.32,1060670.08,13164220.92
2026-08-04T20:26:42+08:00,1,2,104.0,1839.9,8.78,77762.3,772407.7,96,6645,32768,37,257.26,1060670.28,13164180.72
2026-08-04T20:26:52+08:00,1,2,104.0,1839.7,10.57,78098.7,772407.7,96,6503,32768,37,236.03,1060670.35,13164137.65
2026-08-04T20:27:02+08:00,1,2,104.0,1839.5,10.56,78090.7,772407.7,97,6223,32768,37,302.07,1060670.34,13164074.66
2026-08-04T20:27:13+08:00,1,2,104.0,1839.8,11.14,78245.1,772407.7,97,5779,32768,36,265.66,1060670.34,13164016.66
2026-08-04T20:27:23+08:00,1,2,104.0,1839.9,10.79,77521.0,772407.7,90,5495,32768,36,257.91,1060670.52,13163971.48
2026-08-04T20:27:33+08:00,1,2,104.0,1883.3,10.51,77672.8,772407.7,86,1491,32768,33,73.51,1060670.55,13163929.45
2026-08-04T20:27:43+08:00,1,2,104.0,1998.2,10.27,77876.0,772407.7,75,1581,32768,35,74.44,1060670.65,13163895.35
2026-08-04T20:27:53+08:00,1,2,104.0,1935.6,10.14,77934.5,772407.7,97,5481,32768,37,258.25,1060670.71,13163868.29
2026-08-04T20:28:03+08:00,1,2,104.0,1935.9,10.28,77617.0,772407.7,94,5141,32768,37,292.06,1060670.72,13163845.28
2026-08-04T20:28:13+08:00,1,2,104.0,1935.9,10.85,77553.9,772407.7,96,4819,32768,37,226.78,1060670.72,13163828.28
2026-08-04T20:28:23+08:00,1,2,104.0,1935.7,10.57,77370.5,772407.7,97,4597,32768,37,293.91,1060669.91,13163811.09
2026-08-04T20:28:33+08:00,1,2,104.0,1935.9,10.46,76744.5,772407.7,76,1973,32768,35,151.30,1060664.72,13163804.28
2026-08-04T20:28:43+08:00,1,2,104.0,1839.9,10.56,77367.3,772407.7,96,6945,32768,37,221.73,1060664.77,13163819.23
2026-08-04T20:28:53+08:00,1,2,104.0,1839.6,10.45,77296.4,772407.7,96,6785,32768,37,236.51,1060665.26,13163790.74
2026-08-04T20:29:03+08:00,1,2,104.0,1839.6,9.99,77317.8,772407.7,97,6505,32768,37,299.15,1060665.33,13163766.67
2026-08-04T20:29:13+08:00,1,2,104.0,1839.8,9.44,77170.6,772407.7,98,6059,32768,37,289.93,1060665.40,13163764.60
2026-08-04T20:29:23+08:00,1,2,104.0,1839.9,9.55,77415.8,772407.7,85,5637,32768,36,289.93,1060665.42,13163771.58
2026-08-04T20:29:33+08:00,1,2,104.0,1839.7,9.14,76817.0,772407.7,86,5495,32768,36,240.89,1060665.60,13163779.40
2026-08-04T20:29:43+08:00,1,2,104.0,1865.6,8.89,76974.9,772407.7,81,1671,32768,33,85.69,1060657.94,13163810.06
2026-08-04T20:29:53+08:00,1,2,104.0,1976.5,9.14,77416.8,772407.7,87,3203,32768,35,76.89,1060658.67,13163830.33
2026-08-04T20:30:03+08:00,1,2,104.0,1935.9,9.12,76370.6,772407.7,96,5481,32768,37,264.06,1060658.73,13163833.27
2026-08-04T20:30:13+08:00,1,2,104.0,1936.0,8.94,76536.1,772407.7,95,5361,32768,37,294.78,1060658.81,13163850.19
2026-08-04T20:30:23+08:00,1,2,104.0,1935.7,8.56,76825.4,772407.7,96,5261,32768,37,279.92,1060663.07,13163879.93
2026-08-04T20:30:33+08:00,1,2,104.0,1935.9,7.93,76747.0,772407.7,94,5039,32768,37,246.73,1060665.32,13163924.68
2026-08-04T20:30:44+08:00,1,2,104.0,1935.9,8.50,76575.3,772407.7,96,5039,32768,37,291.48,1060664.30,13163942.70
2026-08-04T20:30:54+08:00,1,2,104.0,1935.8,8.52,76739.5,772407.7,97,4817,32768,37,293.52,1060664.45,13163975.55
2026-08-04T20:31:04+08:00,1,2,104.0,1935.9,8.51,77676.5,772407.7,98,4597,32768,36,292.84,1060665.51,13164003.49
2026-08-04T20:31:14+08:00,1,2,104.0,1935.8,8.80,77273.4,772407.7,73,4273,32768,35,127.57,1060665.63,13164031.37
2026-08-04T20:31:24+08:00,1,2,104.0,1839.6,8.61,77237.9,772407.7,93,6945,32768,37,236.00,1060665.70,13164070.30
2026-08-04T20:31:34+08:00,1,2,104.0,1839.9,8.58,76591.0,772407.7,98,6945,32768,38,255.48,1060667.53,13164106.47
2026-08-04T20:31:44+08:00,1,2,104.0,1839.9,8.65,76823.5,772407.7,96,6503,32768,37,284.78,1060667.90,13164150.10
2026-08-04T20:31:54+08:00,1,2,104.0,1839.7,8.79,76583.9,772407.7,96,6221,32768,37,280.71,1060668.03,13164150.97
2026-08-04T20:32:04+08:00,1,2,104.0,1839.9,8.60,76756.8,772407.7,97,6059,32768,37,255.48,1060668.10,13164160.90
2026-08-04T20:32:14+08:00,1,2,104.0,1839.9,8.13,76275.3,772407.7,97,5919,32768,36,297.70,1060668.19,13164182.81
2026-08-04T20:32:24+08:00,1,2,104.0,1840.1,7.88,77222.6,772407.7,91,5637,32768,36,300.61,1060668.23,13164182.77
2026-08-04T20:32:34+08:00,1,2,104.0,1839.6,7.67,77398.6,772407.7,80,3815,32768,33,235.21,1060668.30,13164171.70
2026-08-04T20:32:44+08:00,1,2,104.0,1935.6,8.73,79053.0,772407.7,87,5483,32768,36,212.68,1060668.72,13164165.28
2026-08-04T20:32:54+08:00,1,2,104.0,1935.9,9.38,78068.9,772407.7,92,5481,32768,37,210.38,1060668.81,13164161.19
2026-08-04T20:33:04+08:00,1,2,104.0,1935.9,10.15,78181.4,772407.7,96,5481,32768,38,281.19,1060668.92,13164157.08
2026-08-04T20:33:14+08:00,1,2,104.0,1935.6,13.08,78352.5,772407.7,94,5361,32768,37,245.11,1060669.00,13164155.00
2026-08-04T20:33:24+08:00,1,2,104.0,1935.8,12.84,77821.6,772407.7,96,5261,32768,37,254.51,1060669.03,13164204.97
2026-08-04T20:33:34+08:00,1,2,104.0,1935.8,12.15,77211.7,772407.7,95,5141,32768,37,304.78,1060669.11,13164279.89
2026-08-04T20:33:44+08:00,1,2,104.0,1935.7,11.44,79011.3,772407.7,95,4939,32768,37,270.20,1060669.33,13164272.67
2026-08-04T20:33:54+08:00,1,2,104.0,1935.9,10.98,78667.9,772407.7,99,4597,32768,36,287.50,1060669.47,13164243.53
2026-08-04T20:34:04+08:00,1,2,104.0,1935.9,10.36,79149.3,772407.7,81,3133,32768,34,204.95,1060669.58,13164223.42
2026-08-04T20:34:15+08:00,1,2,104.0,1839.9,9.84,79007.7,772407.7,93,6945,32768,37,212.47,1060669.76,13164131.24
2026-08-04T20:34:25+08:00,1,2,104.0,1839.7,9.41,78053.7,772407.7,98,6945,32768,37,227.42,1060669.89,13164064.11
2026-08-04T20:34:35+08:00,1,2,104.0,1839.9,8.96,77741.0,772407.7,96,6785,32768,37,292.84,1060670.02,13163986.98
2026-08-04T20:34:45+08:00,1,2,104.0,1839.8,8.36,77563.2,772407.7,91,6503,32768,37,270.87,1060670.15,13163933.85
2026-08-04T20:34:55+08:00,1,2,104.0,1839.5,8.29,77318.0,772407.7,95,6221,32768,37,275.55,1060670.27,13163883.73
2026-08-04T20:35:05+08:00,1,2,104.0,1839.7,8.32,78163.1,772407.7,97,6061,32768,37,246.73,1060670.40,13163843.60
2026-08-04T20:35:15+08:00,1,2,104.0,1839.9,8.19,78395.0,772407.7,95,5919,32768,37,297.70,1060670.90,13163803.10
2026-08-04T20:35:25+08:00,1,2,104.0,1839.9,8.17,78340.3,772407.7,96,5777,32768,36,305.95,1060671.06,13163765.94
2026-08-04T20:35:35+08:00,1,2,104.0,1839.8,7.99,78223.4,772407.7,98,5637,32768,36,266.98,1060671.20,13163745.80
2026-08-04T20:35:45+08:00,1,2,104.0,1840.1,7.92,78018.5,772407.7,86,5495,32768,35,232.29,1060671.34,13163734.66
2026-08-04T20:35:55+08:00,1,2,104.0,1841.0,8.40,78809.7,772407.7,87,3033,32768,33,189.22,1060671.64,13163726.36
2026-08-04T20:36:05+08:00,1,2,104.0,1935.9,8.41,77921.6,772407.7,82,5483,32768,36,109.51,1060671.84,13163703.16
2026-08-04T20:36:15+08:00,1,2,104.0,1935.9,8.67,79252.1,772407.7,96,5481,32768,37,224.99,1060672.01,13163704.99
2026-08-04T20:36:25+08:00,1,2,104.0,1935.8,8.72,78772.5,772407.7,96,5361,32768,37,261.32,1060672.21,13163712.79
2026-08-04T20:36:35+08:00,1,2,104.0,1935.9,8.66,78311.8,772407.7,97,5261,32768,38,256.29,1060672.35,13164057.65
2026-08-04T20:36:45+08:00,1,2,104.0,1935.8,9.27,79330.8,772407.7,94,5039,32768,37,295.27,1060672.48,13163716.52
2026-08-04T20:36:55+08:00,1,2,104.0,1935.6,9.68,78313.6,772407.7,98,4717,32768,37,294.01,1060672.70,13163730.30
2026-08-04T20:37:05+08:00,1,2,104.0,1935.9,9.58,78299.4,772407.7,74,4275,32768,35,246.89,1060672.85,13163740.15
2026-08-04T20:37:15+08:00,1,2,104.0,1839.9,9.33,78474.0,772407.7,93,6945,32768,37,228.39,1060673.03,13163777.97
2026-08-04T20:37:25+08:00,1,2,104.0,1839.9,9.60,78182.7,772407.7,97,6945,32768,38,241.05,1060673.22,13163801.78
2026-08-04T20:37:35+08:00,1,2,104.0,1839.9,9.51,78291.6,772407.7,96,6643,32768,37,276.52,1060673.44,13163834.56
2026-08-04T20:37:45+08:00,1,2,104.0,1840.1,10.04,78464.1,772407.7,97,6221,32768,37,288.47,1060673.64,13163866.36
2026-08-04T20:37:55+08:00,1,2,104.0,1840.4,10.57,79425.2,772407.7,97,6059,32768,37,275.91,1060674.34,13163939.66
2026-08-04T20:38:05+08:00,1,2,104.0,1839.8,10.94,78409.8,772407.7,76,5637,32768,36,238.61,1060674.55,13163971.45
2026-08-04T20:38:15+08:00,1,2,104.0,1840.1,10.57,78768.7,772407.7,89,5637,32768,36,292.55,1060674.76,13164020.24
2026-08-04T20:38:26+08:00,1,2,104.0,1840.1,10.02,77885.8,772407.7,78,5333,32768,34,254.83,1060674.96,13164028.04
2026-08-04T20:38:36+08:00,1,2,104.0,1882.8,9.47,77894.1,772407.7,90,1351,32768,34,81.78,1060675.32,13164060.68
2026-08-04T20:38:46+08:00,1,2,104.0,2008.2,9.09,78323.0,772407.7,92,1051,32768,35,73.47,1060677.31,13164081.69
2026-08-04T20:38:56+08:00,1,2,104.0,1935.8,9.17,78187.0,772407.7,95,5483,32768,37,221.87,1060678.14,13164117.86
2026-08-04T20:39:06+08:00,1,2,104.0,1935.9,8.93,77729.9,772407.7,96,5481,32768,37,269.41,1060678.42,13164114.58
2026-08-04T20:39:16+08:00,1,2,104.0,1935.9,9.24,78004.4,772407.7,95,5141,32768,38,267.95,1060678.78,13164129.22
2026-08-04T20:39:26+08:00,1,2,104.0,1935.6,9.51,76890.6,772407.7,97,4939,32768,37,298.86,1060679.95,13164136.05
2026-08-04T20:39:36+08:00,1,2,104.0,1935.9,9.49,77087.4,772407.7,99,4717,32768,37,279.92,1060670.98,13164146.02
2026-08-04T20:39:46+08:00,1,2,104.0,1935.9,9.65,77752.7,772407.7,83,4495,32768,36,293.04,1060671.05,13164160.95
2026-08-04T20:39:56+08:00,1,2,104.0,1935.6,10.31,78009.0,772407.7,77,4397,32768,36,243.32,1060671.06,13164161.94
2026-08-04T20:40:06+08:00,1,2,104.0,1925.8,10.79,78328.3,772407.7,85,3945,32768,35,73.47,1060671.21,13164154.79
2026-08-04T20:40:16+08:00,1,2,104.0,1840.0,10.34,78075.8,772407.7,96,6945,32768,37,211.50,1060671.25,13164282.75
2026-08-04T20:40:26+08:00,1,2,104.0,1840.1,9.68,78827.4,772407.7,97,6945,32768,37,231.65,1060670.21,13164287.79
2026-08-04T20:40:36+08:00,1,2,104.0,1839.3,9.66,78865.7,772407.7,97,6785,32768,38,292.84,1060670.47,13164276.53
2026-08-04T20:40:46+08:00,1,2,104.0,1839.5,9.32,79229.4,772407.7,95,6503,32768,37,284.78,1060670.52,13164270.48
2026-08-04T20:40:56+08:00,1,2,104.0,1839.6,8.97,78925.3,772407.7,96,6221,32768,37,288.47,1060670.54,13164235.46
2026-08-04T20:41:06+08:00,1,2,104.0,1839.2,8.83,79482.5,772407.7,97,5919,32768,37,260.52,1060665.17,13164209.83
2026-08-04T20:41:16+08:00,1,2,104.0,1839.6,9.03,79239.2,772407.7,89,5777,32768,37,304.98,1060665.40,13164177.60
2026-08-04T20:41:26+08:00,1,2,104.0,1839.8,8.64,79009.3,772407.7,88,5637,32768,36,296.73,1060665.61,13164132.39
2026-08-04T20:41:37+08:00,1,2,104.0,1840.0,8.30,79628.3,772407.7,89,5495,32768,36,248.51,1060665.48,13164106.52
2026-08-04T20:41:47+08:00,1,2,104.0,1839.6,8.41,79330.8,772407.7,87,5335,32768,34,258.40,1060665.58,13164126.42
2026-08-04T20:41:57+08:00,1,2,104.0,1883.6,8.42,79381.2,772407.7,83,1491,32768,34,77.97,1060665.63,13164082.37
2026-08-04T20:42:07+08:00,1,2,104.0,2008.1,8.22,79572.1,772407.7,91,1051,32768,34,72.49,1060665.65,13164084.35
2026-08-04T20:42:17+08:00,1,2,104.0,1935.3,7.87,78767.7,772407.7,94,5483,32768,36,188.61,1060665.82,13164086.18
2026-08-04T20:42:27+08:00,1,2,104.0,1935.2,8.13,78261.1,772407.7,95,5483,32768,37,222.89,1060665.89,13164063.11
2026-08-04T20:42:37+08:00,1,2,104.0,1935.5,7.86,78216.2,772407.7,97,5483,32768,37,293.33,1060665.91,13164051.09
2026-08-04T20:42:47+08:00,1,2,104.0,1935.5,8.27,77937.9,772407.7,94,5141,32768,37,263.58,1060665.96,13164048.04
2026-08-04T20:42:57+08:00,1,2,104.0,1935.2,8.14,78136.6,772407.7,93,4939,32768,37,254.99,1060666.38,13164054.62
2026-08-04T20:43:07+08:00,1,2,104.0,1935.5,8.90,78375.7,772407.7,98,4717,32768,37,295.95,1060666.45,13164068.55
2026-08-04T20:43:17+08:00,1,2,104.0,1935.3,8.23,78654.6,772407.7,83,4495,32768,36,271.18,1060666.48,13164089.52
2026-08-04T20:43:27+08:00,1,2,104.0,1861.4,7.96,78398.0,772407.7,88,6925,32768,35,76.89,1060666.37,13164089.63
2026-08-04T20:43:37+08:00,1,2,105.0,1839.4,7.66,78133.1,772407.7,96,6945,32768,37,227.27,1060666.49,13164100.51
2026-08-04T20:43:47+08:00,1,2,105.0,1839.5,7.81,79016.4,772407.7,96,6785,32768,37,296.14,1060666.55,13164099.45
2026-08-04T20:43:57+08:00,1,2,105.0,1839.5,7.76,78184.4,772407.7,97,6363,32768,37,253.37,1060666.19,13164116.81
2026-08-04T20:44:07+08:00,1,2,105.0,1839.2,7.72,77660.9,772407.7,97,6223,32768,37,298.38,1060666.75,13164119.25
2026-08-04T20:44:17+08:00,1,2,105.0,1839.5,7.92,77415.8,772407.7,97,5919,32768,37,282.53,1060666.89,13164131.11
2026-08-04T20:44:27+08:00,1,2,105.0,1839.5,8.78,77565.6,772407.7,96,5777,32768,37,303.52,1060666.97,13164144.03
2026-08-04T20:44:37+08:00,1,2,105.0,1839.0,8.44,77613.0,772407.7,88,5495,32768,35,291.39,1060666.86,13164157.14
2026-08-04T20:44:47+08:00,1,2,105.0,1882.9,8.29,76302.2,772407.7,85,3033,32768,34,191.65,1060667.18,13164180.82
2026-08-04T20:44:58+08:00,1,2,105.0,2008.5,8.00,76674.8,772407.7,75,1051,32768,34,71.60,1060667.21,13164221.79
2026-08-04T20:45:08+08:00,1,2,105.0,1935.9,7.39,76411.1,772407.7,93,5481,32768,36,199.23,1060667.30,13164219.70
2026-08-04T20:45:18+08:00,1,2,105.0,1935.9,7.55,76666.7,772407.7,96,5483,32768,37,199.81,1060667.36,13164241.64
2026-08-04T20:45:28+08:00,1,2,105.0,1935.7,8.83,77444.8,772407.7,95,5261,32768,37,271.05,1060667.42,13164243.58
2026-08-04T20:45:38+08:00,1,2,105.0,1935.9,8.38,76712.7,772407.7,98,4817,32768,37,298.09,1060667.55,13164257.45
2026-08-04T20:45:48+08:00,1,2,105.0,1936.0,8.32,77096.2,772407.7,80,4497,32768,36,243.16,1060667.06,13164272.94
2026-08-04T20:45:58+08:00,1,2,105.0,1935.8,8.35,78567.7,772407.7,77,4397,32768,36,290.31,1060667.67,13164282.33
2026-08-04T20:46:08+08:00,1,2,105.0,1839.9,8.61,77614.5,772407.7,92,6945,32768,36,223.53,1060667.79,13164276.21
2026-08-04T20:46:18+08:00,1,2,105.0,1839.7,8.37,78023.2,772407.7,96,6945,32768,38,295.27,1060667.84,13164281.16
2026-08-04T20:46:28+08:00,1,2,105.0,1671.8,8.31,73193.6,772407.7,0,1051,32768,29,56.35,1060668.11,13164282.89
2026-08-04T20:46:38+08:00,1,2,104.0,1671.8,7.96,73648.2,772407.7,0,1051,32768,29,55.90,1060668.24,13164268.76
2026-08-04T20:46:48+08:00,1,2,104.0,1671.8,7.96,73995.9,772407.7,0,1051,32768,29,55.86,1060644.23,13164293.77
2026-08-04T20:46:58+08:00,1,2,104.0,1671.8,7.51,74745.2,772407.7,0,1051,32768,29,55.86,1060644.38,13164293.62
2026-08-04T20:47:08+08:00,1,2,104.0,1671.8,7.50,75450.2,772407.7,0,1051,32768,29,55.90,1060644.51,13164303.49
2026-08-04T20:47:18+08:00,1,2,104.0,1671.8,7.42,76153.4,772407.7,0,1051,32768,29,55.86,1060644.53,13164306.47
2026-08-04T20:47:28+08:00,1,2,104.0,1688.9,7.85,73793.7,772407.7,0,1051,32768,29,55.86,1060644.79,13164297.21
2026-08-04T20:47:38+08:00,1,2,104.0,1686.8,7.50,72485.4,772407.7,0,1051,32768,29,55.90,1060645.19,13164299.81
2026-08-04T20:47:48+08:00,1,2,104.0,1686.8,7.65,73678.3,772407.7,0,1051,32768,29,55.94,1060645.39,13164308.61
2026-08-04T20:47:58+08:00,1,2,104.0,1686.8,7.62,74140.8,772407.7,0,1051,32768,29,55.86,1060646.86,13164298.14
2026-08-04T20:48:08+08:00,1,2,103.0,1686.8,7.52,75359.8,772407.7,0,1051,32768,29,55.86,1060647.08,13164289.92
2026-08-04T20:48:18+08:00,1,2,103.0,1686.8,7.51,75977.7,772407.7,0,1051,32768,29,55.90,1060648.01,13164299.99
2026-08-04T20:48:28+08:00,1,2,103.0,1686.2,10.62,77001.8,772407.7,6,1051,32768,29,60.75,1060648.94,13164293.06
2026-08-04T20:48:38+08:00,1,2,103.0,1686.6,10.96,73356.8,772407.7,0,1051,32768,29,55.86,1060649.24,13164294.76
2026-08-04T20:48:48+08:00,1,2,103.0,1686.6,10.20,74243.5,772407.7,0,1051,32768,29,55.97,1060649.42,13164300.58
2026-08-04T20:48:58+08:00,1,2,103.0,1686.6,9.70,74454.7,772407.7,0,1051,32768,29,55.94,1060649.64,13164317.36
2026-08-04T20:49:09+08:00,1,2,103.0,1686.6,9.60,77289.9,772407.7,0,1051,32768,29,55.86,1060642.06,13164338.94
2026-08-04T20:49:19+08:00,1,2,103.0,1686.6,9.34,76885.1,772407.7,0,1051,32768,29,55.86,1060643.48,13164373.52
2026-08-04T20:49:29+08:00,1,2,103.0,1686.6,8.98,77312.7,772407.7,0,1051,32768,29,55.86,1060643.69,13164391.31
2026-08-04T20:49:39+08:00,1,2,103.0,1858.9,9.13,77993.9,772407.7,96,5919,32768,36,284.29,1060643.82,13164398.18
2026-08-04T20:49:49+08:00,1,2,103.0,1859.1,8.96,78202.5,772407.7,93,5637,32768,35,265.83,1060649.48,13164414.52
2026-08-04T20:49:59+08:00,1,2,103.0,1841.9,8.35,78230.2,772407.7,73,5497,32768,35,265.04,1060649.98,13164483.02
2026-08-04T20:50:09+08:00,1,2,103.0,1885.6,8.61,78245.8,772407.7,72,1675,32768,33,138.80,1060649.15,13164527.85
2026-08-04T20:50:19+08:00,1,2,103.0,1937.9,8.52,78326.7,772407.7,87,5483,32768,36,201.27,1060649.80,13164553.20
2026-08-04T20:50:29+08:00,1,2,103.0,1937.7,8.58,77788.4,772407.7,96,5141,32768,37,253.54,1060651.46,13164597.54
2026-08-04T20:50:39+08:00,1,2,103.0,1937.9,8.63,78190.8,772407.7,97,4941,32768,37,257.26,1060651.84,13164648.16
2026-08-04T20:50:49+08:00,1,2,103.0,1937.9,8.53,78457.3,772407.7,97,4595,32768,36,257.26,1060652.06,13164658.94
2026-08-04T20:50:59+08:00,1,2,103.0,1937.7,9.07,77824.9,772407.7,84,4277,32768,34,236.03,1060653.04,13164703.96
2026-08-04T20:51:09+08:00,1,2,103.0,1841.8,9.83,77569.0,772407.7,96,6945,32768,36,226.45,1060653.20,13164736.80
2026-08-04T20:51:19+08:00,1,2,103.0,1841.8,10.08,77911.3,772407.7,95,6785,32768,37,251.91,1060653.51,13164742.49
2026-08-04T20:51:29+08:00,1,2,103.0,1841.7,10.69,79435.8,772407.7,96,6365,32768,37,255.48,1060653.68,13164717.32
2026-08-04T20:51:39+08:00,1,2,103.0,1841.9,10.81,78623.4,772407.7,98,5919,32768,36,269.90,1060653.92,13164699.08
2026-08-04T20:51:49+08:00,1,2,103.0,1841.9,10.67,78435.4,772407.7,96,5779,32768,36,286.72,1060654.11,13164684.89
2026-08-04T20:51:59+08:00,1,2,103.0,1841.9,10.57,78308.6,772407.7,77,5639,32768,35,276.52,1060654.20,13164684.80
2026-08-04T20:52:09+08:00,1,2,103.0,1850.7,10.54,77794.3,772407.7,74,1351,32768,34,73.03,1060654.28,13164671.72
2026-08-04T20:52:19+08:00,1,2,103.0,1937.8,10.08,78564.6,772407.7,91,5481,32768,36,205.17,1060654.30,13164642.70
2026-08-04T20:52:29+08:00,1,2,103.0,1937.9,9.76,78928.7,772407.7,97,5481,32768,37,215.25,1060654.31,13164621.69
2026-08-04T20:52:39+08:00,1,2,103.0,1937.9,9.70,78781.2,772407.7,94,5263,32768,37,279.01,1060654.38,13164603.62
2026-08-04T20:52:49+08:00,1,2,103.0,1937.7,9.83,78475.4,772407.7,93,5039,32768,37,290.41,1060654.63,13164599.37
2026-08-04T20:53:00+08:00,1,2,103.0,1937.9,9.94,78307.5,772407.7,96,4717,32768,37,262.12,1060654.99,13164593.01
2026-08-04T20:53:10+08:00,1,2,103.0,1937.8,10.01,78956.7,772407.7,76,4271,32768,34,152.28,1060655.09,13164581.91
2026-08-04T20:53:20+08:00,1,2,103.0,1841.6,9.62,78922.4,772407.7,96,6947,32768,37,231.47,1060655.18,13164565.82
2026-08-04T20:53:30+08:00,1,2,103.0,1841.8,9.53,80243.0,772407.7,96,6785,32768,37,245.43,1060649.97,13164609.03
2026-08-04T20:53:40+08:00,1,2,103.0,1841.9,9.53,80384.7,772407.7,96,6505,32768,37,278.64,1060650.01,13164600.99
2026-08-04T20:53:50+08:00,1,2,103.0,1841.9,8.99,79978.8,772407.7,97,6503,32768,37,293.52,1060650.08,13164573.92
2026-08-04T20:54:00+08:00,1,2,103.0,1841.7,8.85,79469.1,772407.7,96,6221,32768,37,242.84,1060650.08,13164532.92
2026-08-04T20:54:10+08:00,1,2,103.0,1841.9,9.25,79711.9,772407.7,97,6059,32768,36,267.29,1060650.15,13164483.85
2026-08-04T20:54:20+08:00,1,2,103.0,1841.9,8.82,79666.0,772407.7,97,5777,32768,36,290.41,1060650.20,13164410.80
2026-08-04T20:54:30+08:00,1,2,103.0,1841.6,9.70,79432.9,772407.7,87,5637,32768,36,279.62,1060649.91,13164366.09
2026-08-04T20:54:40+08:00,1,2,103.0,1841.8,10.19,79723.8,772407.7,90,5637,32768,36,305.46,1060650.32,13164330.68
2026-08-04T20:54:50+08:00,1,2,103.0,1841.9,9.63,79605.1,772407.7,85,5495,32768,36,293.81,1060650.50,13164316.50
2026-08-04T20:55:00+08:00,1,2,103.0,1885.2,9.22,78990.1,772407.7,79,1491,32768,34,72.98,1060650.52,13164286.48
2026-08-04T20:55:10+08:00,1,2,103.0,1937.8,8.72,78648.1,772407.7,92,5481,32768,36,126.68,1060650.59,13164285.41
2026-08-04T20:55:20+08:00,1,2,103.0,1937.7,8.38,78683.1,772407.7,96,5481,32768,38,261.80,1060650.61,13164287.39
2026-08-04T20:55:30+08:00,1,2,103.0,1937.9,8.00,79105.2,772407.7,96,5261,32768,37,257.26,1060650.16,13164298.84
2026-08-04T20:55:40+08:00,1,2,103.0,1937.9,7.85,78843.6,772407.7,97,5039,32768,37,304.78,1060650.74,13164351.26
2026-08-04T20:55:50+08:00,1,2,103.0,1938.0,7.80,79262.6,772407.7,96,4717,32768,37,285.26,1060650.85,13164352.15
2026-08-04T20:56:00+08:00,1,2,103.0,1937.7,7.96,78560.1,772407.7,84,4397,32768,36,230.98,1060650.73,13164329.27
2026-08-04T20:56:10+08:00,1,2,103.0,1841.8,8.05,78265.5,772407.7,88,6945,32768,36,226.78,1060650.70,13164320.30
2026-08-04T20:56:21+08:00,1,2,103.0,1841.8,7.58,78056.8,772407.7,96,6945,32768,37,221.24,1060650.82,13164288.18
2026-08-04T20:56:31+08:00,1,2,103.0,1841.7,7.40,78247.8,772407.7,96,6945,32768,37,236.18,1060650.89,13164243.11
2026-08-04T20:56:41+08:00,1,2,103.0,1841.9,7.98,77921.5,772407.7,96,6645,32768,37,265.66,1060650.96,13164170.04
2026-08-04T20:56:51+08:00,1,2,103.0,1841.9,7.73,77926.6,772407.7,97,6503,32768,37,303.52,1060651.07,13164112.93
2026-08-04T20:57:01+08:00,1,2,103.0,1842.1,7.54,77941.9,772407.7,97,6061,32768,37,276.34,1060652.16,13164036.84
2026-08-04T20:57:11+08:00,1,2,103.0,1841.7,7.70,78288.4,772407.7,97,5919,32768,37,260.00,1060652.18,13163985.82
2026-08-04T20:57:21+08:00,1,2,103.0,1841.8,8.04,77866.7,772407.7,81,5637,32768,36,288.66,1060651.28,13163963.72
2026-08-04T20:57:31+08:00,1,2,103.0,1885.3,7.95,78018.7,772407.7,84,1351,32768,34,73.03,1060651.11,13163944.89
2026-08-04T20:57:41+08:00,1,2,103.0,1937.4,8.19,77620.6,772407.7,97,5481,32768,37,210.80,1060649.87,13163910.13
2026-08-04T20:57:51+08:00,1,2,103.0,1937.7,8.77,78002.7,772407.7,92,5141,32768,37,257.43,1060649.28,13163883.72
2026-08-04T20:58:01+08:00,1,2,103.0,1938.1,9.10,78572.7,772407.7,95,4939,32768,37,253.38,1060649.12,13163863.88
2026-08-04T20:58:11+08:00,1,2,103.0,1937.8,8.78,77934.3,772407.7,99,4597,32768,37,296.92,1060648.91,13163841.09
2026-08-04T20:58:21+08:00,1,2,103.0,1937.6,9.18,78856.9,772407.7,75,3973,32768,34,212.47,1060648.91,13163838.09
2026-08-04T20:58:31+08:00,1,2,103.0,1841.9,9.38,77780.6,772407.7,88,6947,32768,35,109.58,1060648.98,13163821.02
2026-08-04T20:58:41+08:00,1,2,103.0,1841.9,8.94,78135.4,772407.7,95,6945,32768,36,214.42,1060648.98,13163808.02
2026-08-04T20:58:51+08:00,1,2,103.0,1841.6,10.22,78700.6,772407.7,97,6945,32768,37,235.05,1060649.08,13164164.92
2026-08-04T20:59:01+08:00,1,2,103.0,1841.7,10.11,78461.5,772407.7,97,6945,32768,37,262.64,1060648.90,13163788.10
2026-08-04T20:59:11+08:00,1,2,103.0,1841.9,9.54,78022.9,772407.7,96,6785,32768,37,238.61,1060649.48,13163849.52
2026-08-04T20:59:21+08:00,1,2,103.0,1841.8,9.16,79506.4,772407.7,96,6643,32768,37,295.95,1060649.61,13163872.39
2026-08-04T20:59:31+08:00,1,2,103.0,1841.6,8.74,78424.3,772407.7,98,6361,32768,37,260.52,1060649.76,13163861.24
2026-08-04T20:59:41+08:00,1,2,103.0,1841.9,8.41,79093.6,772407.7,94,6221,32768,37,260.17,1060649.91,13163867.09
2026-08-04T20:59:52+08:00,1,2,103.0,1841.9,8.04,78163.7,772407.7,97,5919,32768,36,285.26,1060650.05,13163904.95
2026-08-04T21:00:02+08:00,1,2,103.0,1841.6,7.88,77694.7,772407.7,82,5335,32768,34,261.15,1060650.17,13163909.83
2026-08-04T21:00:12+08:00,1,2,103.0,1938.0,7.90,78243.6,772407.7,94,5483,32768,36,226.45,1060650.00,13163933.00
2026-08-04T21:00:22+08:00,1,2,103.0,1937.7,7.54,77873.5,772407.7,97,5481,32768,37,221.92,1060650.36,13163925.64
2026-08-04T21:00:32+08:00,1,2,103.0,1937.9,7.45,77310.3,772407.7,95,5361,32768,37,269.90,1060650.83,13163894.17
2026-08-04T21:00:42+08:00,1,2,103.0,1937.9,7.40,76979.6,772407.7,95,5141,32768,37,286.12,1060651.03,13163847.97
2026-08-04T21:00:52+08:00,1,2,103.0,1937.7,7.18,77355.2,772407.7,97,4939,32768,37,300.81,1060650.58,13163835.42
2026-08-04T21:01:02+08:00,1,2,103.0,1937.9,7.23,78304.8,772407.7,99,4597,32768,37,285.94,1060651.11,13163808.89
2026-08-04T21:01:12+08:00,1,2,103.0,1937.9,7.97,78026.3,772407.7,83,4497,32768,36,296.24,1060651.44,13163795.56
2026-08-04T21:01:22+08:00,1,2,103.0,1937.8,8.18,77314.8,772407.7,87,2085,32768,35,72.05,1060651.60,13163803.40
2026-08-04T21:01:32+08:00,1,2,103.0,1841.7,8.07,79671.9,772407.7,87,6945,32768,36,233.59,1060651.82,13163810.18
2026-08-04T21:01:42+08:00,1,2,103.0,1841.9,8.30,79339.6,772407.7,98,6945,32768,37,267.64,1060652.02,13163817.98
2026-08-04T21:01:52+08:00,1,2,103.0,1841.9,8.40,79948.1,772407.7,97,6785,32768,37,307.40,1060652.16,13163817.84
2026-08-04T21:02:02+08:00,1,2,103.0,1841.7,7.87,80417.8,772407.7,93,6503,32768,37,291.58,1060652.34,13163818.66
2026-08-04T21:02:12+08:00,1,2,103.0,1841.9,8.28,80628.7,772407.7,97,6221,32768,37,301.29,1060652.54,13163822.46
2026-08-04T21:02:22+08:00,1,2,103.0,1841.9,8.17,80343.9,772407.7,96,5919,32768,36,292.84,1060652.73,13164470.27
2026-08-04T21:02:32+08:00,1,2,103.0,1841.8,7.76,79872.6,772407.7,93,5639,32768,36,305.87,1060652.73,13163811.27
2026-08-04T21:02:42+08:00,1,2,103.0,1884.9,8.24,79872.7,772407.7,82,1351,32768,34,72.98,1060652.88,13163820.12
2026-08-04T21:02:52+08:00,1,2,103.0,1937.9,8.13,79077.6,772407.7,91,5481,32768,37,190.68,1060652.77,13163827.23
2026-08-04T21:03:02+08:00,1,2,103.0,1937.9,8.35,79438.9,772407.7,97,5361,32768,37,251.59,1060653.31,13163836.69
2026-08-04T21:03:13+08:00,1,2,103.0,1937.7,8.99,78479.3,772407.7,95,5261,32768,37,293.42,1060654.21,13163814.79
2026-08-04T21:03:23+08:00,1,2,103.0,1937.8,9.37,78372.3,772407.7,93,5039,32768,37,282.72,1060654.47,13163806.53
2026-08-04T21:03:33+08:00,1,2,103.0,1937.8,9.31,77412.9,772407.7,98,4817,32768,37,293.81,1060654.86,13163793.14
2026-08-04T21:03:43+08:00,1,2,103.0,1937.7,8.89,77428.2,772407.7,99,4717,32768,37,302.46,1060655.07,13163776.93
2026-08-04T21:03:53+08:00,1,2,103.0,1937.8,8.45,77449.4,772407.7,86,4597,32768,36,295.27,1060654.59,13163758.41
2026-08-04T21:04:03+08:00,1,2,103.0,1937.9,8.14,77547.6,772407.7,77,4277,32768,35,235.05,1060654.79,13163744.21
2026-08-04T21:04:13+08:00,1,2,103.0,1841.9,7.73,77086.9,772407.7,91,6945,32768,36,225.18,1060655.12,13163758.88
2026-08-04T21:04:23+08:00,1,2,103.0,1841.7,7.55,77954.6,772407.7,95,6947,32768,37,302.75,1060655.37,13163791.63
2026-08-04T21:04:33+08:00,1,2,103.0,1841.8,7.39,77228.7,772407.7,97,6785,32768,37,295.95,1060655.52,13163838.48
2026-08-04T21:04:43+08:00,1,2,103.0,1841.8,7.54,76506.5,772407.7,97,6363,32768,36,230.83,1060655.56,13163855.44
2026-08-04T21:04:53+08:00,1,2,103.0,1842.3,7.60,76786.5,772407.7,97,6059,32768,37,273.60,1060655.57,13163964.43
2026-08-04T21:05:03+08:00,1,2,103.0,1842.0,7.19,76135.6,772407.7,97,5777,32768,36,256.45,1060655.61,13164051.39
2026-08-04T21:05:13+08:00,1,2,103.0,1842.4,7.16,76558.5,772407.7,86,5355,32768,35,284.29,1060655.03,13164114.97
2026-08-04T21:05:23+08:00,1,2,103.0,2010.5,7.13,76682.4,772407.7,73,1171,32768,34,75.86,1060655.65,13164147.35
2026-08-04T21:05:33+08:00,1,2,103.0,1937.8,6.95,76433.9,772407.7,95,5483,32768,37,203.08,1060655.69,13164179.31
2026-08-04T21:05:43+08:00,1,2,103.0,1937.6,7.35,77115.1,772407.7,95,5481,32768,38,295.27,1060656.12,13164187.88
2026-08-04T21:05:53+08:00,1,2,103.0,1938.0,7.91,76887.8,772407.7,95,5141,32768,37,270.38,1060656.38,13164151.62
2026-08-04T21:06:03+08:00,1,2,103.0,1938.2,8.30,76660.6,772407.7,96,4939,32768,37,287.50,1060651.51,13164100.49
2026-08-04T21:06:13+08:00,1,2,103.0,1938.4,8.18,76663.1,772407.7,98,4717,32768,37,262.43,1060651.59,13164042.41
2026-08-04T21:06:23+08:00,1,2,103.0,1938.2,8.15,76262.6,772407.7,82,4597,32768,37,303.32,1060651.68,13164005.32
2026-08-04T21:06:33+08:00,1,2,103.0,1938.3,7.91,76710.3,772407.7,82,4495,32768,36,284.10,1060651.70,13163968.30
2026-08-04T21:06:44+08:00,1,2,103.0,1881.3,8.53,76770.4,772407.7,88,5685,32768,35,75.91,1060651.28,13163934.72
2026-08-04T21:06:54+08:00,1,2,103.0,1841.1,8.60,76904.3,772407.7,97,6945,32768,37,231.16,1060651.85,13163905.15
2026-08-04T21:07:04+08:00,1,2,103.0,1841.4,8.43,76750.5,772407.7,98,6945,32768,37,247.54,1060651.84,13163879.16
2026-08-04T21:07:14+08:00,1,2,103.0,1841.5,8.68,76929.0,772407.7,95,6785,32768,37,298.18,1060651.90,13163857.10
2026-08-04T21:07:24+08:00,1,2,103.0,1841.3,9.10,77163.5,772407.7,96,6503,32768,37,293.04,1060651.99,13163842.01
2026-08-04T21:07:34+08:00,1,2,103.0,1842.3,8.85,77404.3,772407.7,96,6361,32768,37,299.92,1060651.81,13163792.19
2026-08-04T21:07:44+08:00,1,2,103.0,1842.2,9.02,78202.4,772407.7,98,5919,32768,37,273.30,1060651.57,13163762.43
2026-08-04T21:07:54+08:00,1,2,103.0,1841.4,9.08,78084.3,772407.7,85,5637,32768,36,266.98,1060652.26,13163751.74
2026-08-04T21:08:04+08:00,1,2,103.0,1841.1,9.00,78040.0,772407.7,90,5495,32768,35,305.46,1060652.32,13163743.68
2026-08-04T21:08:14+08:00,1,2,103.0,1884.9,8.76,78472.3,772407.7,81,1351,32768,34,73.51,1060652.36,13163737.64
2026-08-04T21:08:24+08:00,1,2,103.0,1937.9,8.70,78217.3,772407.7,90,5483,32768,37,201.05,1060652.55,13163729.45
2026-08-04T21:08:34+08:00,1,2,103.0,1938.0,10.50,78538.2,772407.7,95,5481,32768,38,268.44,1060653.22,13163725.78
2026-08-04T21:08:44+08:00,1,2,103.0,1937.6,9.81,78099.6,772407.7,94,5481,32768,37,291.09,1060653.30,13163719.70
2026-08-04T21:08:54+08:00,1,2,103.0,1937.8,9.22,78213.1,772407.7,96,5361,32768,37,262.12,1060644.60,13164053.40
2026-08-04T21:09:04+08:00,1,2,103.0,1937.9,9.36,77646.1,772407.7,93,5141,32768,37,272.51,1060644.95,13163701.05
2026-08-04T21:09:14+08:00,1,2,103.0,1937.7,9.79,78403.4,772407.7,99,4717,32768,36,283.32,1060645.09,13163678.91
2026-08-04T21:09:24+08:00,1,2,103.0,1938.0,10.75,77969.1,772407.7,81,4397,32768,36,290.90,1060647.08,13163669.92
2026-08-04T21:09:34+08:00,1,2,103.0,1841.9,10.93,77162.6,772407.7,94,6945,32768,37,224.65,1060653.94,13163658.06
2026-08-04T21:09:44+08:00,1,2,104.0,1841.9,10.78,77363.6,772407.7,97,6945,32768,37,281.38,1060654.02,13163653.98
2026-08-04T21:09:54+08:00,1,2,104.0,1841.7,10.21,77217.2,772407.7,96,6363,32768,37,224.01,1060654.27,13163662.73
2026-08-04T21:10:04+08:00,1,2,104.0,1842.2,10.08,76745.7,772407.7,98,6059,32768,37,295.46,1060655.15,13163676.85
2026-08-04T21:10:15+08:00,1,2,104.0,1842.2,9.44,76726.4,772407.7,87,5639,32768,36,304.01,1060655.39,13163716.61
2026-08-04T21:10:25+08:00,1,2,104.0,1841.2,9.39,77829.1,772407.7,74,1673,32768,33,74.39,1060655.51,13163744.49
2026-08-04T21:10:35+08:00,1,2,104.0,2010.2,9.41,77643.3,772407.7,72,2001,32768,35,72.98,1060656.19,13163743.81
2026-08-04T21:10:45+08:00,1,2,104.0,1937.8,9.35,76592.2,772407.7,97,5481,32768,37,232.62,1060656.42,13163767.58
2026-08-04T21:10:55+08:00,1,2,104.0,1937.9,9.43,76957.1,772407.7,93,5361,32768,37,284.67,1060656.89,13163819.11
2026-08-04T21:11:05+08:00,1,2,104.0,1937.9,9.36,77455.3,772407.7,96,5041,32768,37,245.27,1060657.02,13163864.98
2026-08-04T21:11:15+08:00,1,2,104.0,1937.9,9.60,77592.4,772407.7,96,4819,32768,37,240.56,1060657.07,13163908.93
2026-08-04T21:11:25+08:00,1,2,104.0,1938.2,9.66,77471.5,772407.7,98,4597,32768,37,265.52,1060657.17,13163944.83
2026-08-04T21:11:35+08:00,1,2,104.0,1937.9,9.39,77155.2,772407.7,79,4397,32768,36,235.85,1060657.33,13163993.67
2026-08-04T21:11:45+08:00,1,2,104.0,1842.1,9.49,76718.7,772407.7,89,6945,32768,36,233.93,1060657.48,13164067.52
2026-08-04T21:11:55+08:00,1,2,104.0,1842.1,12.00,76773.7,772407.7,97,6787,32768,37,273.91,1060657.33,13164103.67
2026-08-04T21:12:05+08:00,1,2,104.0,1841.3,11.31,76805.1,772407.7,96,6361,32768,37,278.34,1060657.93,13164145.07
2026-08-04T21:12:15+08:00,1,2,104.0,1841.2,11.43,77841.2,772407.7,98,6059,32768,37,277.55,1060658.39,13164156.61
2026-08-04T21:12:25+08:00,1,2,104.0,1841.4,11.80,77522.0,772407.7,87,5777,32768,36,297.12,1060658.51,13164487.49
2026-08-04T21:12:35+08:00,1,2,104.0,1841.4,13.27,77290.9,772407.7,84,5495,32768,36,250.62,1060658.33,13164134.67
2026-08-04T21:12:45+08:00,1,2,104.0,1884.8,13.29,77764.7,772407.7,76,1491,32768,33,77.82,1060658.83,13164078.17
2026-08-04T21:12:55+08:00,1,2,104.0,1937.9,12.48,77863.0,772407.7,92,5483,32768,36,125.13,1060659.16,13164034.84
2026-08-04T21:13:05+08:00,1,2,104.0,1937.7,12.16,77704.7,772407.7,93,5481,32768,36,211.50,1060659.58,13163997.42
2026-08-04T21:13:15+08:00,1,2,104.0,1937.9,11.28,77822.3,772407.7,94,5483,32768,37,218.51,1060659.82,13163965.18
2026-08-04T21:13:25+08:00,1,2,104.0,1937.9,10.17,77636.0,772407.7,97,5483,32768,38,286.53,1060660.04,13163940.96
2026-08-04T21:13:35+08:00,1,2,104.0,1937.7,10.15,79106.9,772407.7,93,5261,32768,37,283.51,1060660.07,13163910.93
2026-08-04T21:13:45+08:00,1,2,104.0,1937.9,9.97,78579.6,772407.7,97,4939,32768,37,264.86,1060660.50,13163889.50
2026-08-04T21:13:55+08:00,1,2,104.0,1937.8,9.80,78099.6,772407.7,98,4595,32768,36,306.92,1060660.27,13163875.73
2026-08-04T21:14:05+08:00,1,2,104.0,1937.8,9.21,78439.5,772407.7,78,4273,32768,34,129.04,1060660.98,13163851.02
2026-08-04T21:14:15+08:00,1,2,104.0,1842.1,9.17,77323.0,772407.7,90,6945,32768,37,213.93,1060661.17,13163806.83
2026-08-04T21:14:26+08:00,1,2,104.0,1841.4,8.90,77330.3,772407.7,96,6645,32768,37,264.72,1060661.29,13163809.71
2026-08-04T21:14:36+08:00,1,2,104.0,1841.5,8.92,77089.4,772407.7,97,6363,32768,37,243.32,1060661.51,13163801.49
2026-08-04T21:14:46+08:00,1,2,104.0,1841.2,9.86,77047.2,772407.7,97,5919,32768,37,248.51,1060661.68,13163766.32
2026-08-04T21:14:56+08:00,1,2,104.0,1841.4,9.78,77027.7,772407.7,90,5777,32768,37,275.06,1060661.86,13163745.14
2026-08-04T21:15:06+08:00,1,2,104.0,1841.2,9.27,76990.8,772407.7,88,5637,32768,36,294.78,1060662.10,13163731.90
2026-08-04T21:15:16+08:00,1,2,104.0,1841.4,9.23,77130.3,772407.7,82,5495,32768,35,285.75,1060662.64,13163701.36
2026-08-04T21:15:26+08:00,1,2,104.0,1842.8,9.04,77222.4,772407.7,77,1673,32768,33,86.12,1060662.85,13163687.15
2026-08-04T21:15:36+08:00,1,2,104.0,1982.6,9.03,76876.1,772407.7,90,2843,32768,35,74.44,1060662.65,13164035.35
2026-08-04T21:15:46+08:00,1,2,104.0,1937.9,9.11,77446.9,772407.7,96,5483,32768,37,209.76,1060662.92,13163675.08
2026-08-04T21:15:56+08:00,1,2,104.0,1937.9,9.79,78025.6,772407.7,95,5361,32768,38,286.05,1060663.41,13163672.59
2026-08-04T21:16:06+08:00,1,2,104.0,1937.2,9.66,77044.3,772407.7,96,5141,32768,37,301.58,1060663.74,13163658.26
2026-08-04T21:16:16+08:00,1,2,104.0,1937.3,8.94,76865.4,772407.7,97,4819,32768,36,273.60,1060664.13,13163746.87
2026-08-04T21:16:26+08:00,1,2,104.0,1937.7,9.12,78016.2,772407.7,74,4395,32768,36,246.40,1060664.34,13163727.66
2026-08-04T21:16:36+08:00,1,2,104.0,1841.9,9.71,76989.2,772407.7,94,6945,32768,37,225.96,1060664.69,13163692.31
2026-08-04T21:16:46+08:00,1,2,104.0,1841.7,10.43,77640.1,772407.7,96,6645,32768,37,291.58,1060664.95,13163677.05
2026-08-04T21:16:56+08:00,1,2,104.0,1841.9,10.50,77702.7,772407.7,93,6221,32768,37,295.46,1060664.89,13163644.11
2026-08-04T21:17:06+08:00,1,2,104.0,1841.8,9.88,77531.6,772407.7,95,5919,32768,37,260.83,1060664.94,13163625.06
2026-08-04T21:17:16+08:00,1,2,104.0,1841.8,9.91,76955.4,772407.7,97,5777,32768,37,294.20,1060664.96,13163621.04
2026-08-04T21:17:26+08:00,1,2,104.0,1841.7,10.08,77066.0,772407.7,82,5495,32768,36,237.82,1060665.03,13163624.97
2026-08-04T21:17:36+08:00,1,2,104.0,1843.0,9.83,77965.4,772407.7,75,1491,32768,33,80.31,1060661.83,13163682.17
2026-08-04T21:17:47+08:00,1,2,104.0,1937.8,9.93,77720.3,772407.7,96,5481,32768,37,225.13,1060661.88,13163788.12
2026-08-04T21:17:57+08:00,1,2,104.0,1937.9,9.17,77297.0,772407.7,97,5481,32768,38,278.95,1060662.35,13163832.65
2026-08-04T21:18:07+08:00,1,2,104.0,1937.9,9.06,77989.4,772407.7,97,5261,32768,37,297.21,1060662.41,13163841.59
2026-08-04T21:18:17+08:00,1,2,104.0,1937.6,9.04,77381.8,772407.7,94,4717,32768,36,256.29,1060657.95,13163852.05
2026-08-04T21:18:27+08:00,1,2,104.0,1937.9,9.03,77167.9,772407.7,85,4495,32768,37,260.35,1060657.79,13163853.21
2026-08-04T21:18:37+08:00,1,2,104.0,1937.9,9.16,77183.5,772407.7,77,1051,32768,34,74.44,1060657.25,13163792.75
2026-08-04T21:18:47+08:00,1,2,104.0,1841.8,8.90,77484.1,772407.7,89,6947,32768,36,203.92,1060657.96,13163729.04
2026-08-04T21:18:57+08:00,1,2,104.0,1841.7,9.08,78372.2,772407.7,96,6945,32768,37,254.99,1060657.96,13163691.04
2026-08-04T21:19:07+08:00,1,2,104.0,1841.8,9.21,78464.5,772407.7,96,6785,32768,37,237.97,1060658.02,13163641.98
2026-08-04T21:19:17+08:00,1,2,104.0,1841.9,8.78,78572.9,772407.7,98,6505,32768,37,278.46,1060658.20,13163604.80
2026-08-04T21:19:27+08:00,1,2,104.0,1841.7,8.51,78933.4,772407.7,96,6361,32768,37,249.81,1060657.90,13163595.10
2026-08-04T21:19:37+08:00,1,2,104.0,1841.9,8.74,79198.8,772407.7,97,6059,32768,37,290.61,1060658.59,13163562.41
2026-08-04T21:19:47+08:00,1,2,104.0,1841.9,9.22,79124.2,772407.7,96,5777,32768,36,282.83,1060658.59,13163549.41
2026-08-04T21:19:57+08:00,1,2,104.0,1841.9,9.24,79144.6,772407.7,78,5335,32768,34,220.12,1060658.65,13163534.35
2026-08-04T21:20:07+08:00,1,2,104.0,1885.1,9.29,79210.4,772407.7,86,1251,32768,34,74.54,1060658.73,13163534.27
2026-08-04T21:20:17+08:00,1,2,104.0,1937.7,9.33,79327.0,772407.7,97,5481,32768,36,215.88,1060658.12,13163511.88
2026-08-04T21:20:27+08:00,1,2,104.0,1937.9,9.13,79658.2,772407.7,95,5481,32768,37,300.12,1060658.32,13163498.68
2026-08-04T21:20:37+08:00,1,2,104.0,1937.9,9.02,79974.3,772407.7,96,5141,32768,37,294.30,1060658.33,13163550.67
2026-08-04T21:20:47+08:00,1,2,104.0,1937.6,9.02,80108.1,772407.7,96,4821,32768,37,246.24,1060659.51,13163522.49
2026-08-04T21:20:57+08:00,1,2,104.0,1937.8,9.40,80832.5,772407.7,94,4597,32768,36,273.48,1060660.24,13163518.76
2026-08-04T21:21:07+08:00,1,2,104.0,1937.9,9.95,79854.9,772407.7,80,4273,32768,35,209.27,1060660.80,13163534.20
2026-08-04T21:21:17+08:00,1,2,104.0,1841.9,10.51,79843.8,772407.7,94,6947,32768,36,225.96,1060661.08,13163548.92
2026-08-04T21:21:27+08:00,1,2,104.0,1841.7,10.35,79655.2,772407.7,97,6945,32768,37,299.35,1060661.17,13163528.83
2026-08-04T21:21:37+08:00,1,2,104.0,1841.9,10.77,79730.3,772407.7,97,6643,32768,37,260.00,1060660.98,13163514.02
2026-08-04T21:21:47+08:00,1,2,104.0,1841.9,10.94,80080.3,772407.7,97,6505,32768,37,264.86,1060661.32,13163518.68
2026-08-04T21:21:57+08:00,1,2,104.0,1841.9,11.09,78927.4,772407.7,97,6061,32768,37,277.98,1060661.38,13163517.62
2026-08-04T21:22:07+08:00,1,2,104.0,1841.8,10.53,78581.2,772407.7,96,5777,32768,36,247.38,1060661.13,13163509.87
2026-08-04T21:22:17+08:00,1,2,104.0,1841.8,10.14,78745.8,772407.7,89,5495,32768,36,239.43,1060661.54,13163511.46
2026-08-04T21:22:28+08:00,1,2,104.0,2010.6,10.35,78969.2,772407.7,78,2023,32768,35,73.56,1060661.61,13163510.39
2026-08-04T21:22:38+08:00,1,2,104.0,1938.1,9.92,79156.4,772407.7,97,5481,32768,37,210.38,1060662.39,13163497.61
2026-08-04T21:22:48+08:00,1,2,104.0,1937.7,9.62,78627.1,772407.7,97,5361,32768,37,249.16,1060661.94,13163499.06
2026-08-04T21:22:58+08:00,1,2,104.0,1937.8,9.22,78483.4,772407.7,96,5139,32768,37,268.44,1060661.98,13163498.02
2026-08-04T21:23:08+08:00,1,2,104.0,1937.9,9.28,78084.6,772407.7,98,4819,32768,37,240.73,1060662.05,13163478.95
2026-08-04T21:23:18+08:00,1,2,104.0,1937.6,9.09,77643.5,772407.7,99,4497,32768,36,227.27,1060662.12,13163456.88
2026-08-04T21:23:28+08:00,1,2,104.0,1863.9,9.17,77131.9,772407.7,82,6947,32768,35,93.51,1060662.20,13163465.80
2026-08-04T21:23:38+08:00,1,2,104.0,1841.9,8.91,76771.5,772407.7,97,6945,32768,37,246.08,1060662.35,13163473.65
2026-08-04T21:23:48+08:00,1,2,104.0,1842.0,8.69,77016.3,772407.7,97,6785,32768,37,240.89,1060662.58,13163507.42
2026-08-04T21:23:58+08:00,1,2,104.0,1841.7,8.60,77399.9,772407.7,96,6503,32768,37,286.23,1060662.67,13163606.33
2026-08-04T21:24:08+08:00,1,2,104.0,1841.8,8.50,78051.0,772407.7,96,6221,32768,37,242.02,1060662.76,13163604.24
2026-08-04T21:24:18+08:00,1,2,104.0,1841.8,8.05,77573.5,772407.7,98,6059,32768,37,287.50,1060662.88,13163600.12
2026-08-04T21:24:28+08:00,1,2,104.0,1841.6,8.74,77247.6,772407.7,94,5777,32768,36,272.81,1060663.01,13163635.99
2026-08-04T21:24:38+08:00,1,2,104.0,1841.9,9.00,76752.0,772407.7,83,5495,32768,35,296.53,1060663.32,13163785.68
2026-08-04T21:24:48+08:00,1,2,104.0,1876.8,8.54,76313.3,772407.7,83,1171,32768,34,72.49,1060663.45,13163936.55
2026-08-04T21:24:58+08:00,1,2,104.0,1937.8,8.69,76751.4,772407.7,96,5483,32768,37,212.68,1060663.59,13164077.41
2026-08-04T21:25:08+08:00,1,2,104.0,1937.7,8.82,77145.4,772407.7,96,5483,32768,37,257.09,1060663.69,13164178.31
2026-08-04T21:25:18+08:00,1,2,104.0,1937.9,9.16,77325.8,772407.7,95,5141,32768,37,252.88,1060663.83,13164324.17
2026-08-04T21:25:28+08:00,1,2,104.0,1937.9,9.21,76328.9,772407.7,96,4941,32768,37,263.58,1060663.91,13164344.09
2026-08-04T21:25:38+08:00,1,2,104.0,1937.7,9.26,76551.9,772407.7,98,4595,32768,36,304.58,1060664.19,13164343.81
2026-08-04T21:25:48+08:00,1,2,104.0,1937.9,8.91,76785.5,772407.7,78,4273,32768,34,208.57,1060664.36,13164351.64
2026-08-04T21:25:58+08:00,1,2,104.0,1841.9,9.65,77283.8,772407.7,97,6945,32768,37,230.01,1060664.54,13164335.46
2026-08-04T21:26:08+08:00,1,2,104.0,1842.0,9.63,77508.4,772407.7,96,6945,32768,38,235.87,1060664.76,13164332.24
2026-08-04T21:26:18+08:00,1,2,104.0,1841.6,9.75,77563.6,772407.7,96,6643,32768,37,253.85,1060664.90,13164313.10
2026-08-04T21:26:28+08:00,1,2,104.0,1841.8,10.02,78098.8,772407.7,96,6221,32768,37,272.63,1060664.65,13164288.35
2026-08-04T21:26:38+08:00,1,2,104.0,1841.9,9.88,77274.6,772407.7,97,6061,32768,37,282.53,1060665.27,13164252.73
2026-08-04T21:26:48+08:00,1,2,104.0,1841.7,9.30,77424.4,772407.7,97,5919,32768,37,262.92,1060665.58,13164233.42
2026-08-04T21:26:58+08:00,1,2,104.0,1841.9,9.18,77457.0,772407.7,95,5777,32768,37,246.89,1060665.74,13164201.26
2026-08-04T21:27:08+08:00,1,2,104.0,1841.9,9.30,77751.6,772407.7,96,5637,32768,36,297.21,1060665.93,13164177.07
2026-08-04T21:27:19+08:00,1,2,104.0,1841.7,9.18,77498.1,772407.7,84,5339,32768,35,281.86,1060665.47,13164187.53
2026-08-04T21:27:29+08:00,1,2,104.0,1843.1,8.77,77958.7,772407.7,79,1651,32768,33,74.39,1060658.43,13164141.57
2026-08-04T21:27:39+08:00,1,2,104.0,1884.7,8.35,77676.2,772407.7,86,1311,32768,34,87.70,1060658.66,13164098.34
2026-08-04T21:27:49+08:00,1,2,104.0,2010.5,7.99,77892.6,772407.7,81,1053,32768,34,72.09,1060658.85,13164071.15
2026-08-04T21:27:59+08:00,1,2,104.0,1937.7,8.07,77992.8,772407.7,90,5481,32768,36,201.14,1060659.23,13164034.77
2026-08-04T21:28:09+08:00,1,2,104.0,1937.9,7.98,77588.3,772407.7,96,5361,32768,37,293.81,1060665.38,13163992.62
2026-08-04T21:28:19+08:00,1,2,104.0,1937.9,8.51,77672.9,772407.7,95,5041,32768,37,249.16,1060665.84,13163955.16
2026-08-04T21:28:29+08:00,1,2,104.0,1937.7,8.34,77857.4,772407.7,94,4817,32768,37,293.33,1060665.78,13163927.22
2026-08-04T21:28:39+08:00,1,2,104.0,1937.8,8.13,77966.8,772407.7,98,4597,32768,37,302.55,1060667.01,13163904.99
2026-08-04T21:28:49+08:00,1,2,104.0,1841.8,8.34,77685.0,772407.7,91,6945,32768,36,122.20,1060667.27,13163889.73
2026-08-04T21:28:59+08:00,1,2,104.0,1841.6,8.46,77805.9,772407.7,96,6945,32768,38,275.55,1060667.71,13163869.29
2026-08-04T21:29:09+08:00,1,2,104.0,1841.7,8.47,78194.7,772407.7,95,6645,32768,37,263.58,1060668.45,13163861.55
2026-08-04T21:29:19+08:00,1,2,104.0,1841.9,8.92,77350.4,772407.7,98,6503,32768,37,282.35,1060668.65,13163861.35
2026-08-04T21:29:29+08:00,1,2,104.0,1841.9,8.69,77153.2,772407.7,97,6221,32768,37,268.61,1060668.67,13163858.33
2026-08-04T21:29:39+08:00,1,2,104.0,1841.7,8.74,77666.1,772407.7,96,6061,32768,37,268.26,1060668.72,13163833.28
2026-08-04T21:29:49+08:00,1,2,104.0,1841.9,8.85,77792.5,772407.7,96,6061,32768,37,275.24,1060668.74,13163840.26
2026-08-04T21:29:59+08:00,1,2,104.0,1842.0,9.10,78238.6,772407.7,96,5777,32768,37,280.89,1060668.79,13163822.21
2026-08-04T21:30:09+08:00,1,2,104.0,1841.5,9.09,77570.8,772407.7,56,5335,32768,35,274.09,1060669.04,13163813.96
2026-08-04T21:30:19+08:00,1,2,104.0,1885.0,8.85,78122.1,772407.7,74,1211,32768,34,72.54,1060669.11,13163795.89
2026-08-04T21:30:29+08:00,1,2,104.0,1937.9,8.94,78470.9,772407.7,92,5483,32768,37,204.06,1060669.11,13164453.89
2026-08-04T21:30:39+08:00,1,2,104.0,1937.9,8.42,78506.6,772407.7,94,5481,32768,37,298.86,1060663.93,13164445.07
2026-08-04T21:30:49+08:00,1,2,104.0,1937.8,8.20,80017.4,772407.7,95,5141,32768,37,297.41,1060663.97,13163771.03
2026-08-04T21:30:59+08:00,1,2,104.0,1937.6,8.65,80002.3,772407.7,99,4717,32768,37,266.80,1060664.20,13163776.80
2026-08-04T21:31:09+08:00,1,2,104.0,1937.9,9.10,79988.6,772407.7,94,4597,32768,36,282.83,1060664.15,13163772.85
2026-08-04T21:31:19+08:00,1,2,104.0,1841.9,9.37,80510.8,772407.7,87,6945,32768,36,232.77,1060664.35,13163775.65
2026-08-04T21:31:29+08:00,1,2,104.0,1841.7,9.39,79353.9,772407.7,96,6945,32768,37,198.70,1060664.40,13163762.60
2026-08-04T21:31:39+08:00,1,2,104.0,1841.9,8.80,78669.8,772407.7,96,6785,32768,37,266.49,1060664.43,13163770.57
2026-08-04T21:31:49+08:00,1,2,104.0,1841.9,8.82,78891.1,772407.7,95,6503,32768,37,273.60,1060664.50,13163761.50
2026-08-04T21:32:00+08:00,1,2,104.0,1842.1,9.23,78826.4,772407.7,96,6221,32768,37,285.15,1060664.55,13163754.45
2026-08-04T21:32:10+08:00,1,2,104.0,1842.1,9.34,76959.5,772407.7,65,5637,32768,36,257.26,1060663.95,13163761.05
2026-08-04T21:32:20+08:00,1,2,104.0,1841.3,9.59,77564.0,772407.7,46,5495,32768,34,297.70,1060664.68,13163823.32
2026-08-04T21:32:30+08:00,1,2,104.0,1841.3,8.66,77578.4,772407.7,79,1855,32768,33,111.46,1060664.74,13163922.26
2026-08-04T21:32:40+08:00,1,2,104.0,2106.5,8.63,77801.0,772407.7,77,1173,32768,34,72.58,1060664.77,13163947.23
2026-08-04T21:32:50+08:00,1,2,104.0,1937.7,9.30,77772.7,772407.7,96,5481,32768,37,264.06,1060664.81,13163947.19
2026-08-04T21:33:00+08:00,1,2,104.0,1937.8,9.34,77372.9,772407.7,94,5141,32768,37,279.62,1060664.86,13163967.14
2026-08-04T21:33:10+08:00,1,2,104.0,1938.0,8.82,77357.1,772407.7,97,4595,32768,37,248.35,1060664.84,13163987.16
2026-08-04T21:33:20+08:00,1,2,104.0,1937.7,8.84,77415.9,772407.7,84,4397,32768,36,289.15,1060664.93,13163976.07
2026-08-04T21:33:30+08:00,1,2,104.0,1841.3,8.79,76987.2,772407.7,95,6945,32768,36,207.60,1060665.01,13163957.99
2026-08-04T21:33:40+08:00,1,2,104.0,1841.5,9.14,77492.5,772407.7,97,6945,32768,37,301.78,1060665.04,13163928.96
2026-08-04T21:33:50+08:00,1,2,104.0,1841.4,9.18,76369.2,772407.7,96,6503,32768,37,238.46,1060665.14,13163905.86
2026-08-04T21:34:00+08:00,1,2,104.0,1841.2,9.70,77240.2,772407.7,96,6061,32768,37,268.75,1060664.98,13163870.02
2026-08-04T21:34:10+08:00,1,2,104.0,1841.5,10.60,76968.0,772407.7,97,5919,32768,37,295.27,1060665.31,13163838.69
2026-08-04T21:34:20+08:00,1,2,104.0,1841.6,11.05,76993.0,772407.7,97,5637,32768,36,268.92,1060665.31,13164481.69
2026-08-04T21:34:30+08:00,1,2,104.0,1885.2,10.71,76430.3,772407.7,82,1675,32768,33,91.99,1060665.38,13163793.62
2026-08-04T21:34:40+08:00,1,2,104.0,1843.5,10.70,76256.9,772407.7,78,1591,32768,33,70.09,1060665.47,13163773.53
2026-08-04T21:34:50+08:00,1,2,104.0,1671.8,10.41,72416.1,772407.7,0,1051,32768,29,55.90,1060665.55,13163760.45
2026-08-04T21:35:00+08:00,1,2,104.0,1671.8,9.96,73872.1,772407.7,0,1051,32768,29,55.90,1060665.58,13163751.42
2026-08-04T21:35:10+08:00,1,2,104.0,1671.8,9.58,74215.9,772407.7,0,1051,32768,29,55.86,1060665.67,13163747.33
2026-08-04T21:35:20+08:00,1,2,104.0,1671.8,9.10,75603.4,772407.7,0,1051,32768,29,55.86,1060665.75,13163738.25
2026-08-04T21:35:30+08:00,1,2,104.0,1671.8,9.02,76645.4,772407.7,0,1051,32768,29,55.86,1060666.01,13163737.99
2026-08-04T21:35:40+08:00,1,2,104.0,1671.8,9.09,79412.1,772407.7,0,1051,32768,29,55.94,1060666.08,13163741.92
2026-08-04T21:35:50+08:00,1,2,104.0,1684.1,9.21,74674.8,772407.7,0,1051,32768,29,55.86,1060666.15,13163774.85
2026-08-04T21:36:00+08:00,1,2,104.0,1684.1,8.79,75285.1,772407.7,0,1051,32768,29,55.94,1060666.21,13163774.79
2026-08-04T21:36:10+08:00,1,2,104.0,1684.1,8.60,76277.3,772407.7,0,1051,32768,29,55.97,1060666.27,13163793.73
2026-08-04T21:36:20+08:00,1,2,104.0,1684.1,8.82,76643.9,772407.7,0,1051,32768,29,55.86,1060666.42,13163813.58
2026-08-04T21:36:31+08:00,1,2,103.0,1684.1,8.63,77589.9,772407.7,0,1051,32768,29,55.86,1060666.58,13163804.42
2026-08-04T21:36:41+08:00,1,2,103.0,1684.1,8.54,77879.1,772407.7,0,1051,32768,29,55.90,1060666.74,13163826.26
2026-08-04T21:36:51+08:00,1,2,103.0,1688.7,9.08,77036.9,772407.7,0,1051,32768,29,55.86,1060666.89,13163848.11
2026-08-04T21:37:01+08:00,1,2,103.0,1687.6,8.61,73936.7,772407.7,0,1051,32768,29,55.94,1060666.42,13163842.58
2026-08-04T21:37:11+08:00,1,2,103.0,1687.6,8.05,74525.3,772407.7,0,1051,32768,29,55.97,1060667.10,13163839.90
2026-08-04T21:37:21+08:00,1,2,103.0,1687.6,7.74,75545.9,772407.7,0,1051,32768,29,55.86,1060667.25,13163850.75
2026-08-04T21:37:31+08:00,1,2,103.0,1687.6,7.93,76641.4,772407.7,0,1051,32768,29,55.90,1060667.58,13163854.42
2026-08-04T21:37:41+08:00,1,2,103.0,1687.6,8.17,76914.1,772407.7,0,1051,32768,29,55.94,1060667.71,13163831.29
2026-08-04T21:37:51+08:00,1,2,103.0,1693.7,7.76,77083.6,772407.7,11,1051,32768,29,61.24,1060667.82,13163841.18
2026-08-04T21:38:01+08:00,1,2,103.0,1759.2,8.15,73116.1,772407.7,0,1051,32768,29,55.90,1060667.96,13163849.04
2026-08-04T21:38:11+08:00,1,2,103.0,1759.2,7.80,74250.3,772407.7,0,1051,32768,29,55.86,1060668.10,13164113.90
2026-08-04T21:38:21+08:00,1,2,103.0,1759.2,7.85,75127.4,772407.7,0,1051,32768,29,55.90,1060668.29,13164150.71
2026-08-04T21:38:31+08:00,1,2,102.0,1759.2,9.22,75653.8,772407.7,0,1051,32768,29,55.86,1060668.47,13164150.53
2026-08-04T21:38:41+08:00,1,2,102.0,1759.2,8.73,77005.2,772407.7,0,1051,32768,29,55.97,1060668.65,13164177.35
2026-08-04T21:38:51+08:00,1,2,102.0,1759.2,9.84,77032.5,772407.7,0,1051,32768,29,55.94,1060669.16,13164137.84
2026-08-04T21:39:01+08:00,1,2,89.6,505.6,9.32,72658.8,772407.7,0,309,32768,29,55.90,1060669.39,13164081.61
2026-08-04T21:39:11+08:00,1,2,42.2,899.4,8.88,72578.7,772407.7,0,641,32768,29,55.86,1060669.57,13164008.43
2026-08-04T21:39:21+08:00,1,2,23.9,899.4,8.98,73520.0,772407.7,0,641,32768,29,55.94,1060669.73,13163964.27
2026-08-04T21:39:31+08:00,1,2,16.7,899.4,9.45,74939.1,772407.7,0,641,32768,29,55.97,1060669.93,13163930.07
2026-08-04T21:39:41+08:00,1,2,12.9,899.4,9.38,74830.9,772407.7,0,641,32768,29,55.86,1060670.23,13163881.77
2026-08-04T21:39:51+08:00,1,2,10.5,899.4,9.24,76343.6,772407.7,0,641,32768,29,55.86,1060670.39,13163864.61
2026-08-04T21:40:01+08:00,1,2,9.9,1295.6,9.35,76875.5,772407.7,2,925,32768,29,62.26,1060670.54,13163825.46
2026-08-04T21:40:11+08:00,1,2,54.5,1292.6,10.00,77556.9,772407.7,26,925,32768,29,71.46,1060670.71,13163789.29
2026-08-04T21:40:21+08:00,1,2,58.8,1290.6,10.16,73997.7,772407.7,0,925,32768,29,56.35,1060670.91,13163768.09
2026-08-04T21:40:31+08:00,1,2,52.5,1290.6,10.05,73697.2,772407.7,0,925,32768,29,56.43,1060671.12,13164461.88
2026-08-04T21:40:42+08:00,1,2,47.4,1290.6,10.28,75420.2,772407.7,0,925,32768,29,56.39,1060671.26,13163773.74
2026-08-04T21:40:52+08:00,1,2,42.8,1290.6,10.39,75254.6,772407.7,0,925,32768,29,56.43,1060671.46,13163744.54
2026-08-04T21:41:02+08:00,1,2,39.4,1290.6,10.03,75882.6,772407.7,0,925,32768,29,56.39,1060671.63,13163751.37
2026-08-04T21:41:12+08:00,1,2,36.4,1290.6,9.63,76941.0,772407.7,0,925,32768,29,56.35,1060671.83,13163753.17
2026-08-04T21:41:22+08:00,1,2,41.1,1350.3,9.39,76117.1,772407.7,0,925,32768,29,56.39,1060672.00,13163733.00
2026-08-04T21:41:32+08:00,1,2,38.4,1307.9,9.24,73693.8,772407.7,0,925,32768,29,55.90,1060672.33,13163754.67
2026-08-04T21:41:42+08:00,1,2,36.1,1307.9,8.74,73823.2,772407.7,0,925,32768,29,55.86,1060672.54,13163775.46
2026-08-04T21:41:52+08:00,1,2,34.0,1307.9,8.55,74500.2,772407.7,0,925,32768,29,55.90,1060672.53,13163768.47
2026-08-04T21:42:02+08:00,1,2,32.2,1307.9,9.26,75387.1,772407.7,0,925,32768,29,55.97,1060671.58,13163777.42
2026-08-04T21:42:12+08:00,1,2,30.5,1307.9,8.76,76226.0,772407.7,0,925,32768,29,56.39,1060671.60,13163788.40
2026-08-04T21:42:22+08:00,1,2,32.3,1328.4,8.79,78071.5,772407.7,10,925,32768,29,63.20,1060673.38,13163786.62
2026-08-04T21:42:32+08:00,1,2,33.1,1314.1,9.21,73841.4,772407.7,0,925,32768,28,55.94,1060674.41,13163785.59
2026-08-04T21:42:42+08:00,1,2,31.6,1314.1,9.86,75090.8,772407.7,0,925,32768,28,55.90,1060674.20,13163793.80
2026-08-04T21:42:52+08:00,1,2,30.2,1314.1,9.88,75679.9,772407.7,0,925,32768,29,55.97,1060673.85,13163792.15
2026-08-04T21:43:02+08:00,1,2,29.0,1314.1,10.06,76693.7,772407.7,0,925,32768,29,55.86,1060674.20,13163803.80
2026-08-04T21:43:12+08:00,1,2,27.9,1314.1,10.20,76839.7,772407.7,0,925,32768,29,55.86,1060674.20,13163786.80
2026-08-04T21:43:22+08:00,1,2,26.8,1314.1,10.24,77933.4,772407.7,0,925,32768,29,55.97,1060669.00,13163908.00
2026-08-04T21:43:32+08:00,1,2,35.3,1318.0,10.21,78622.4,772407.7,25,927,32768,29,74.39,1060669.01,13163905.99
2026-08-04T21:43:42+08:00,1,2,40.2,1313.6,10.73,74078.2,772407.7,0,927,32768,29,56.39,1060669.00,13163909.00
2026-08-04T21:43:52+08:00,1,2,38.8,1313.6,10.61,75070.1,772407.7,0,927,32768,29,56.35,1060669.04,13163925.96
2026-08-04T21:44:02+08:00,1,2,37.6,1313.6,11.12,75886.5,772407.7,0,927,32768,29,56.46,1060669.34,13163964.66
2026-08-04T21:44:12+08:00,1,2,36.4,1313.6,10.99,77077.6,772407.7,0,927,32768,29,56.35,1060669.12,13163977.88
2026-08-04T21:44:22+08:00,1,2,35.3,1313.6,10.61,77276.2,772407.7,0,927,32768,29,56.35,1060669.13,13164002.87
2026-08-04T21:44:32+08:00,1,2,34.2,1313.6,10.12,78188.5,772407.7,0,927,32768,29,56.39,1060668.58,13164042.42
2026-08-04T21:44:43+08:00,1,2,36.3,1362.0,9.72,78093.8,772407.7,0,927,32768,29,56.39,1060669.17,13164075.83
2026-08-04T21:44:53+08:00,1,2,35.2,1361.9,10.28,74237.9,772407.7,0,927,32768,29,55.94,1060669.19,13164104.81
2026-08-04T21:45:03+08:00,1,2,34.2,1361.9,10.23,74216.3,772407.7,0,927,32768,29,55.90,1060669.15,13164144.85
2026-08-04T21:45:13+08:00,1,2,33.3,1361.9,9.72,75307.0,772407.7,0,927,32768,29,55.90,1060669.23,13164205.77
2026-08-04T21:45:23+08:00,1,2,32.4,1361.9,9.28,75976.8,772407.7,0,927,32768,29,55.90,1060669.26,13164225.74
2026-08-04T21:45:33+08:00,1,2,31.6,1361.9,9.69,77423.7,772407.7,0,927,32768,29,55.86,1060660.21,13164244.79
2026-08-04T21:45:43+08:00,1,2,31.0,1366.0,9.49,77419.6,772407.7,11,927,32768,29,60.79,1060660.80,13164241.20
2026-08-04T21:45:53+08:00,1,2,32.8,1372.4,10.18,73460.7,772407.7,0,927,32768,29,55.86,1060660.82,13164244.18
2026-08-04T21:46:03+08:00,1,2,32.0,1372.4,10.37,73901.1,772407.7,0,927,32768,29,55.86,1060660.86,13164907.14
2026-08-04T21:46:13+08:00,1,2,31.3,1372.4,11.06,74258.4,772407.7,0,927,32768,29,55.86,1060667.33,13165102.67
2026-08-04T21:46:23+08:00,1,2,30.6,1372.4,10.75,75163.0,772407.7,0,927,32768,29,55.90,1060667.42,13164410.58
2026-08-04T21:46:33+08:00,1,2,29.9,1372.4,10.26,76646.7,772407.7,0,927,32768,29,55.94,1060667.46,13164142.54
2026-08-04T21:46:43+08:00,1,2,29.3,1372.4,10.94,78096.3,772407.7,0,927,32768,29,55.94,1060668.50,13164105.50
2026-08-04T21:46:53+08:00,1,2,32.0,1359.1,10.35,77643.3,772407.7,29,927,32768,30,81.83,1060668.56,13164081.44
2026-08-04T21:47:03+08:00,1,2,36.3,1360.1,10.77,74632.0,772407.7,0,927,32768,29,56.43,1060668.60,13164069.40
2026-08-04T21:47:13+08:00,1,2,35.6,1308.5,10.41,73582.6,772407.7,0,927,32768,29,56.35,1060669.16,13164039.84
2026-08-04T21:47:23+08:00,1,2,34.9,1308.5,9.97,74444.7,772407.7,0,927,32768,29,56.35,1060669.29,13164031.71
2026-08-04T21:47:33+08:00,1,2,34.2,1308.5,9.52,74858.6,772407.7,0,927,32768,29,56.39,1060669.56,13164020.44
2026-08-04T21:47:43+08:00,1,2,33.6,1308.5,9.22,76117.6,772407.7,0,927,32768,29,56.43,1060669.60,13164001.40
2026-08-04T21:47:53+08:00,1,2,33.0,1308.5,8.88,77008.1,772407.7,0,927,32768,29,56.35,1060669.64,13164010.36
2026-08-04T21:48:03+08:00,1,2,33.9,1356.5,9.07,77479.9,772407.7,9,927,32768,29,66.62,1060669.66,13164010.34
2026-08-04T21:48:13+08:00,1,2,33.8,1370.7,9.76,73547.8,772407.7,0,927,32768,29,55.90,1060669.69,13164015.31
2026-08-04T21:48:23+08:00,1,2,33.2,1370.7,9.26,74838.3,772407.7,0,927,32768,29,56.35,1060669.74,13164008.26
2026-08-04T21:48:33+08:00,1,2,32.6,1370.7,8.77,74728.4,772407.7,0,927,32768,29,55.90,1060669.22,13164363.78
2026-08-04T21:48:44+08:00,1,2,32.1,1370.7,8.34,75909.3,772407.7,0,927,32768,29,55.97,1060669.93,13164028.07
2026-08-04T21:48:54+08:00,1,2,31.5,1370.7,8.44,76287.4,772407.7,0,927,32768,29,55.94,1060670.01,13164032.99
2026-08-04T21:49:04+08:00,1,2,31.0,1370.7,8.98,77696.7,772407.7,0,927,32768,29,55.86,1060670.14,13164020.86
2026-08-04T21:49:14+08:00,1,2,32.3,1369.9,8.92,77660.8,772407.7,0,927,32768,29,55.94,1060670.43,13164004.57
2026-08-04T21:49:24+08:00,1,2,31.8,1369.8,9.27,74134.5,772407.7,0,927,32768,29,55.90,1060670.53,13163979.47
2026-08-04T21:49:34+08:00,1,2,31.3,1369.8,9.14,74612.7,772407.7,0,927,32768,29,55.86,1060670.47,13163966.53
2026-08-04T21:49:44+08:00,1,2,30.8,1369.8,8.97,76137.6,772407.7,0,927,32768,29,55.86,1060670.71,13163943.29
2026-08-04T21:49:54+08:00,1,2,30.3,1369.8,8.84,76646.1,772407.7,0,927,32768,29,55.97,1060670.84,13163927.16
2026-08-04T21:50:04+08:00,1,2,29.9,1369.8,8.79,77811.6,772407.7,0,927,32768,29,55.90,1060670.93,13163897.07
2026-08-04T21:50:14+08:00,1,2,29.8,1366.8,8.44,78850.1,772407.7,27,927,32768,29,82.76,1060670.38,13163904.62
2026-08-04T21:50:24+08:00,1,2,34.2,1371.8,8.68,77816.7,772407.7,14,927,32768,29,81.24,1060671.15,13163909.85
2026-08-04T21:50:34+08:00,1,2,35.0,1369.3,9.46,74466.9,772407.7,0,927,32768,29,55.90,1060671.30,13163908.70
2026-08-04T21:50:44+08:00,1,2,34.5,1369.3,8.86,74428.0,772407.7,0,927,32768,29,55.94,1060671.44,13163901.56
2026-08-04T21:50:54+08:00,1,2,34.0,1369.3,9.02,74940.4,772407.7,0,927,32768,29,55.86,1060671.59,13163974.41
2026-08-04T21:51:04+08:00,1,2,33.6,1369.3,8.80,75772.3,772407.7,0,927,32768,28,55.97,1060671.74,13164021.26
2026-08-04T21:51:14+08:00,1,2,33.1,1369.3,8.75,76834.7,772407.7,0,927,32768,29,55.94,1060671.26,13164041.74
2026-08-04T21:51:24+08:00,1,2,32.7,1369.3,8.40,78020.6,772407.7,0,927,32768,29,55.90,1060672.00,13164071.00
2026-08-04T21:51:34+08:00,1,2,33.7,1375.7,8.83,77907.0,772407.7,0,927,32768,29,55.90,1060672.17,13164078.83
2026-08-04T21:51:44+08:00,1,2,33.3,1373.7,11.37,74628.0,772407.7,0,927,32768,29,55.86,1060672.33,13164085.67
2026-08-04T21:51:54+08:00,1,2,32.8,1373.7,10.93,75427.6,772407.7,0,927,32768,29,55.90,1060672.50,13164110.50
2026-08-04T21:52:04+08:00,1,2,32.4,1373.7,10.80,75742.9,772407.7,0,927,32768,29,55.86,1060672.39,13164101.61
2026-08-04T21:52:14+08:00,1,2,32.0,1373.7,10.60,76928.5,772407.7,0,927,32768,29,55.90,1060672.79,13164227.21
2026-08-04T21:52:24+08:00,1,2,31.6,1373.7,9.89,78234.6,772407.7,0,927,32768,29,55.90,1060672.96,13164216.04
2026-08-04T21:52:35+08:00,1,2,31.9,1374.6,9.85,78254.9,772407.7,9,927,32768,29,58.80,1060673.14,13164189.86
2026-08-04T21:52:45+08:00,1,2,32.2,1368.1,10.01,74281.5,772407.7,0,927,32768,29,55.90,1060673.31,13164155.69
2026-08-04T21:52:55+08:00,1,2,31.9,1368.1,10.00,74861.5,772407.7,0,927,32768,28,55.86,1060673.48,13164142.52
2026-08-04T21:53:05+08:00,1,2,31.5,1368.1,9.53,74859.4,772407.7,0,927,32768,29,55.90,1060673.66,13164103.34
2026-08-04T21:53:15+08:00,1,2,31.1,1368.1,9.77,75905.1,772407.7,0,927,32768,29,55.86,1060673.84,13164079.16
2026-08-04T21:53:25+08:00,1,2,30.8,1368.1,9.33,76737.9,772407.7,0,927,32768,29,55.97,1060674.00,13164063.00
2026-08-04T21:53:35+08:00,1,2,30.4,1368.1,8.81,76961.9,772407.7,0,927,32768,29,55.90,1060674.20,13164046.80
2026-08-04T21:53:45+08:00,1,2,31.1,1518.3,9.48,72853.6,772407.7,0,927,32768,29,55.90,1060674.40,13164027.60
2026-08-04T21:53:55+08:00,1,2,30.8,1518.3,9.27,73505.3,772407.7,0,927,32768,29,55.86,1060674.61,13164035.39
2026-08-04T21:54:05+08:00,1,2,30.5,1518.3,9.09,74163.3,772407.7,0,927,32768,29,55.97,1060674.74,13164004.26
2026-08-04T21:54:15+08:00,1,2,30.1,1518.3,9.08,76023.4,772407.7,0,927,32768,29,55.86,1060674.76,13164014.24
2026-08-04T21:54:25+08:00,1,2,29.8,1518.3,8.75,75802.7,772407.7,0,927,32768,29,55.86,1060674.76,13163996.24
2026-08-04T21:54:35+08:00,1,2,29.5,1518.3,8.80,77376.9,772407.7,0,927,32768,29,55.97,1060674.76,13163993.24
2026-08-04T21:54:45+08:00,1,2,29.2,1399.8,9.78,73612.4,772407.7,3,773,32768,29,55.86,1060674.76,13163994.24
2026-08-04T21:54:55+08:00,1,2,70.2,1013.2,9.34,72656.6,772407.7,0,863,32768,29,55.90,1060675.20,13164001.80
2026-08-04T21:55:05+08:00,1,2,33.3,1013.2,9.52,73871.3,772407.7,0,863,32768,29,55.90,1060675.20,13164977.80
2026-08-04T21:55:15+08:00,1,2,21.8,1013.2,9.44,75416.0,772407.7,0,863,32768,28,55.97,1060675.21,13163961.79
2026-08-04T21:55:25+08:00,1,2,16.3,1013.2,9.22,75706.0,772407.7,0,863,32768,29,55.86,1060675.21,13163949.79
2026-08-04T21:55:35+08:00,1,2,13.0,1013.2,9.18,75936.2,772407.7,0,863,32768,29,55.86,1060670.00,13163930.00
2026-08-04T21:55:45+08:00,1,2,10.8,1013.2,8.69,76980.1,772407.7,0,863,32768,28,55.86,1060670.01,13163902.99
2026-08-04T21:55:55+08:00,1,2,17.5,1509.5,8.44,77906.9,772407.7,99,14989,32768,37,290.61,1060670.03,13163876.97
2026-08-04T21:56:05+08:00,1,2,27.9,1628.1,8.29,78203.1,772407.7,98,13331,32768,34,211.85,1060670.07,13163864.93
2026-08-04T21:56:15+08:00,1,2,36.0,1625.4,8.09,77657.6,772407.7,100,18951,32768,36,225.96,1060670.10,13163848.90
2026-08-04T21:56:25+08:00,1,2,42.4,1631.0,7.69,77335.2,772407.7,96,3177,32768,34,72.98,1060670.20,13163843.80
2026-08-04T21:56:35+08:00,1,2,47.7,1629.0,8.27,77910.5,772407.7,100,13971,32768,36,220.12,1060670.51,13163888.49
2026-08-04T21:56:45+08:00,1,2,52.1,1631.5,8.31,77284.3,772407.7,100,19533,32768,36,258.72,1060670.56,13163912.44
2026-08-04T21:56:55+08:00,1,2,55.8,1633.6,7.96,77825.4,772407.7,100,18093,32768,36,292.06,1060670.61,13163936.39
2026-08-04T21:57:05+08:00,1,2,59.0,1631.4,7.82,78105.7,772407.7,98,14471,32768,36,253.70,1060670.67,13163932.33
2026-08-04T21:57:15+08:00,1,2,61.8,1629.1,7.79,78594.2,772407.7,98,19731,32768,36,197.60,1060670.73,13163925.27
2026-08-04T21:57:26+08:00,1,2,64.2,1628.3,8.28,78155.4,772407.7,98,18291,32768,36,216.71,1060670.77,13163921.23
2026-08-04T21:57:36+08:00,1,2,65.9,1630.1,8.23,77926.2,772407.7,98,14771,32768,36,216.71,1060670.83,13163908.17
2026-08-04T21:57:46+08:00,1,2,67.8,1629.3,7.88,77624.4,772407.7,90,19733,32768,36,230.68,1060670.84,13163908.16
2026-08-04T21:57:56+08:00,1,2,69.6,1628.7,7.44,77787.9,772407.7,98,18291,32768,37,267.77,1060670.87,13163902.13
2026-08-04T21:58:06+08:00,1,2,71.0,1626.5,7.75,77914.9,772407.7,99,14911,32768,37,221.09,1060670.70,13163905.30
2026-08-04T21:58:16+08:00,1,2,72.4,1629.9,8.03,77933.8,772407.7,90,13633,32768,34,76.84,1060670.74,13163914.26
2026-08-04T21:58:26+08:00,1,2,73.7,1632.8,7.80,77701.5,772407.7,98,18771,32768,37,284.10,1060670.82,13163910.18
2026-08-04T21:58:36+08:00,1,2,74.8,1630.4,7.99,77359.4,772407.7,99,15053,32768,37,215.74,1060670.95,13163919.05
2026-08-04T21:58:46+08:00,1,2,75.9,1629.8,8.78,77986.4,772407.7,100,13531,32768,36,273.12,1060671.04,13163948.96
2026-08-04T21:58:56+08:00,1,2,76.9,1633.2,9.26,77289.6,772407.7,99,18951,32768,37,245.27,1060671.09,13164031.91
2026-08-04T21:59:06+08:00,1,2,77.8,1630.8,8.82,76878.1,772407.7,88,15053,32768,36,224.35,1060671.13,13164046.87
2026-08-04T21:59:16+08:00,1,2,78.6,1629.4,8.31,76848.0,772407.7,100,13529,32768,36,270.20,1060671.15,13164064.85
2026-08-04T21:59:26+08:00,1,2,79.3,1628.7,8.04,76944.8,772407.7,98,18951,32768,36,221.09,1060671.23,13164075.77
2026-08-04T21:59:36+08:00,1,2,80.0,1630.4,8.27,77370.4,772407.7,94,15055,32768,36,197.01,1060671.27,13164219.73
2026-08-04T21:59:46+08:00,1,2,80.7,1630.0,7.99,77278.6,772407.7,100,13691,32768,36,221.09,1060671.30,13164450.70
2026-08-04T21:59:56+08:00,1,2,81.3,1629.4,7.77,77194.6,772407.7,98,19151,32768,37,205.03,1060671.34,13164596.66
2026-08-04T22:00:06+08:00,1,2,81.9,1631.1,8.44,77250.2,772407.7,91,13235,32768,36,121.31,1060671.40,13164681.60
2026-08-04T22:00:16+08:00,1,2,82.5,1630.7,8.45,76748.6,772407.7,100,13831,32768,37,226.93,1060671.45,13164685.55
2026-08-04T22:00:26+08:00,1,2,83.0,1626.1,8.08,77684.7,772407.7,98,19153,32768,37,265.04,1060671.47,13164700.53
2026-08-04T22:00:36+08:00,1,2,83.5,1631.8,8.37,79306.1,772407.7,88,5129,32768,34,188.73,1060671.51,13164698.49
2026-08-04T22:00:46+08:00,1,2,83.9,1627.2,8.46,78685.8,772407.7,98,13973,32768,37,299.83,1060671.55,13164708.45
2026-08-04T22:00:56+08:00,1,2,84.4,1626.7,8.77,78807.6,772407.7,98,19351,32768,38,292.55,1060671.61,13164712.39
2026-08-04T22:01:06+08:00,1,2,84.8,1630.1,8.88,78630.2,772407.7,100,5129,32768,34,225.96,1060671.71,13164712.29
2026-08-04T22:01:16+08:00,1,2,85.2,1627.7,8.57,78520.9,772407.7,99,13971,32768,37,279.32,1060671.81,13164755.19
2026-08-04T22:01:26+08:00,1,2,85.5,1631.3,8.58,78474.9,772407.7,97,19351,32768,37,236.51,1060671.90,13164814.10
2026-08-04T22:01:36+08:00,1,2,85.9,1630.6,8.79,79690.4,772407.7,100,17429,32768,34,114.95,1060672.01,13164829.99
2026-08-04T22:01:46+08:00,1,2,86.2,1628.3,8.59,78517.3,772407.7,99,13971,32768,37,253.85,1060672.13,13164845.87
2026-08-04T22:01:56+08:00,1,2,86.5,1627.7,8.42,79210.6,772407.7,99,19351,32768,37,275.55,1060672.24,13164836.76
2026-08-04T22:02:07+08:00,1,2,86.8,1631.2,8.04,79213.9,772407.7,100,17429,32768,36,292.55,1060672.36,13164799.64
2026-08-04T22:02:17+08:00,1,2,86.9,1628.9,8.65,78107.6,772407.7,98,14111,32768,37,295.75,1060672.45,13164737.55
2026-08-04T22:02:27+08:00,1,2,87.2,1628.3,8.93,77831.0,772407.7,98,19531,32768,37,209.41,1060672.55,13164666.45
2026-08-04T22:02:37+08:00,1,2,87.5,1631.8,8.93,77340.2,772407.7,100,17709,32768,36,233.75,1060672.63,13164598.37
2026-08-04T22:02:47+08:00,1,2,87.7,1629.4,8.87,77079.7,772407.7,99,14331,32768,37,288.07,1060672.73,13164534.27
2026-08-04T22:02:57+08:00,1,2,88.0,1628.8,8.42,77267.4,772407.7,99,19733,32768,38,303.81,1060672.88,13164478.12
2026-08-04T22:03:07+08:00,1,2,88.2,1628.1,8.06,77681.3,772407.7,100,17909,32768,37,308.45,1060673.02,13164434.98
2026-08-04T22:03:17+08:00,1,2,88.5,1634.0,7.75,77394.9,772407.7,99,14331,32768,36,256.77,1060670.35,13164405.65
2026-08-04T22:03:27+08:00,1,2,88.7,1629.3,7.87,77261.4,772407.7,99,19731,32768,37,212.33,1060670.48,13164362.52
2026-08-04T22:03:37+08:00,1,2,88.9,1628.7,8.18,76917.1,772407.7,98,17909,32768,37,268.92,1060670.64,13164333.36
2026-08-04T22:03:47+08:00,1,2,89.1,1630.4,8.29,77346.7,772407.7,99,14471,32768,37,263.40,1060670.81,13164379.19
2026-08-04T22:03:57+08:00,1,2,89.3,1630.1,8.02,77442.0,772407.7,99,19731,32768,38,314.20,1060670.98,13164352.02
2026-08-04T22:04:07+08:00,1,2,89.5,1629.4,8.08,77432.4,772407.7,99,18091,32768,37,287.69,1060671.16,13164315.84
2026-08-04T22:04:17+08:00,1,2,89.7,1631.2,9.26,77556.9,772407.7,98,14611,32768,38,298.67,1060671.34,13164253.66
2026-08-04T22:04:27+08:00,1,2,89.8,1630.7,8.98,77928.0,772407.7,94,19733,32768,36,225.47,1060663.71,13164195.29
2026-08-04T22:04:37+08:00,1,2,90.0,1630.0,8.98,78536.0,772407.7,98,18091,32768,36,250.94,1060663.71,13164124.29
2026-08-04T22:04:47+08:00,1,2,90.2,1631.8,8.52,78500.5,772407.7,98,14611,32768,37,284.10,1060663.88,13164057.12
2026-08-04T22:04:57+08:00,1,2,90.3,1627.1,9.20,78394.1,772407.7,89,19733,32768,36,233.26,1060664.08,13164000.92
2026-08-04T22:05:07+08:00,1,2,90.5,1634.8,9.08,78422.2,772407.7,98,18291,32768,37,213.30,1060666.39,13163953.61
2026-08-04T22:05:17+08:00,1,2,90.6,1632.5,8.84,78300.2,772407.7,98,14793,32768,37,278.28,1060670.49,13164583.51
2026-08-04T22:05:27+08:00,1,2,90.8,1631.2,8.54,78212.2,772407.7,88,19733,32768,36,233.93,1060670.68,13163869.32
2026-08-04T22:05:37+08:00,1,2,90.9,1629.7,8.53,77600.9,772407.7,98,18291,32768,37,284.78,1060670.90,13163837.10
2026-08-04T22:05:47+08:00,1,2,91.1,1630.6,8.14,77793.7,772407.7,98,14773,32768,38,298.67,1060672.04,13163796.96
2026-08-04T22:05:57+08:00,1,2,91.2,1629.4,7.64,77794.5,772407.7,87,19733,32768,36,217.83,1060672.20,13163751.80
2026-08-04T22:06:07+08:00,1,2,91.3,1628.8,8.02,78802.5,772407.7,99,18291,32768,38,286.42,1060672.42,13163725.58
2026-08-04T22:06:17+08:00,1,2,91.5,1626.4,8.69,77652.4,772407.7,98,14771,32768,37,238.79,1060673.25,13163671.75
2026-08-04T22:06:27+08:00,1,2,91.6,1635.1,9.22,77683.8,772407.7,91,19733,32768,36,217.34,1060673.66,13163634.34
2026-08-04T22:06:38+08:00,1,2,91.7,1631.3,9.87,77949.2,772407.7,98,18571,32768,38,291.09,1060673.74,13163588.26
2026-08-04T22:06:48+08:00,1,2,91.7,1629.0,10.02,77545.9,772407.7,98,14911,32768,37,279.73,1060673.74,13163539.26
2026-08-04T22:06:58+08:00,1,2,91.8,1631.2,9.71,77964.7,772407.7,90,11773,32768,34,72.93,1060673.76,13163539.24
2026-08-04T22:07:08+08:00,1,2,91.9,1630.7,10.23,78807.1,772407.7,99,18773,32768,38,293.04,1060673.79,13163494.21
2026-08-04T22:07:18+08:00,1,2,92.0,1632.4,11.19,80051.3,772407.7,99,15051,32768,38,237.49,1060673.79,13163436.21
2026-08-04T22:07:28+08:00,1,2,92.1,1631.7,11.84,80155.5,772407.7,100,8751,32768,34,196.17,1060673.79,13163408.21
2026-08-04T22:07:38+08:00,1,2,92.2,1631.2,12.39,79632.8,772407.7,98,18771,32768,38,248.51,1060673.80,13163362.20
2026-08-04T22:07:48+08:00,1,2,92.3,1632.9,12.26,80056.6,772407.7,98,15051,32768,37,293.23,1060673.79,13163328.21
2026-08-04T22:07:58+08:00,1,2,92.4,1628.2,12.69,80219.5,772407.7,97,13331,32768,34,198.83,1060673.80,13163297.20
2026-08-04T22:08:08+08:00,1,2,92.5,1627.5,12.41,80903.2,772407.7,98,18771,32768,38,299.15,1060668.60,13163266.40
2026-08-04T22:08:18+08:00,1,2,92.6,1633.4,12.50,81495.2,772407.7,99,15051,32768,37,234.72,1060668.62,13163246.38
2026-08-04T22:08:28+08:00,1,2,92.7,1628.7,11.57,81459.7,772407.7,100,13529,32768,36,282.65,1060668.63,13163586.37
2026-08-04T22:08:38+08:00,1,2,92.8,1632.2,11.88,82449.5,772407.7,99,18953,32768,37,218.95,1060668.63,13163233.37
2026-08-04T22:08:48+08:00,1,2,92.8,1629.9,12.12,80940.6,772407.7,86,15055,32768,36,211.71,1060668.66,13163216.34
2026-08-04T22:08:58+08:00,1,2,92.9,1629.4,12.19,81241.6,772407.7,100,13691,32768,36,269.90,1060668.72,13163204.28
2026-08-04T22:09:08+08:00,1,2,93.0,1632.9,11.33,80642.5,772407.7,99,19151,32768,37,314.96,1060668.78,13163198.22
2026-08-04T22:09:18+08:00,1,2,93.1,1630.5,11.11,81238.4,772407.7,89,7635,32768,34,72.58,1060669.14,13163192.86
2026-08-04T22:09:28+08:00,1,2,93.2,1630.0,10.48,80339.1,772407.7,99,13689,32768,36,232.13,1060669.23,13163219.77
2026-08-04T22:09:38+08:00,1,2,93.3,1633.5,10.49,79763.2,772407.7,99,19151,32768,36,212.61,1060669.26,13163243.74
2026-08-04T22:09:48+08:00,1,2,93.3,1628.9,11.50,80467.3,772407.7,88,1149,32768,33,75.03,1060669.34,13163259.66
2026-08-04T22:09:58+08:00,1,2,93.4,1626.7,12.13,79856.8,772407.7,98,13831,32768,36,219.00,1060669.37,13163280.63
2026-08-04T22:10:08+08:00,1,2,93.5,1634.2,11.58,79829.5,772407.7,98,19353,32768,37,241.05,1060669.47,13163299.53
2026-08-04T22:10:18+08:00,1,2,93.6,1629.6,11.72,79577.0,772407.7,100,17429,32768,35,293.42,1060669.48,13163299.52
2026-08-04T22:10:28+08:00,1,2,93.6,1627.5,10.76,79642.0,772407.7,98,14111,32768,37,296.14,1060669.29,13163322.71
2026-08-04T22:10:38+08:00,1,2,93.7,1635.0,10.33,79828.7,772407.7,98,19531,32768,37,217.83,1060669.32,13163338.68
2026-08-04T22:10:48+08:00,1,2,93.8,1630.3,10.21,77440.2,772407.7,99,17709,32768,35,245.11,1060669.37,13163345.63
2026-08-04T22:10:58+08:00,1,2,93.8,1628.0,10.83,79840.6,772407.7,98,14111,32768,37,283.99,1060669.41,13163357.59
2026-08-04T22:11:09+08:00,1,2,93.9,1631.4,12.32,80321.1,772407.7,98,19733,32768,37,294.30,1060669.45,13163371.55
2026-08-04T22:11:19+08:00,1,2,93.9,1630.9,13.58,80582.3,772407.7,98,17911,32768,37,219.63,1060669.49,13163374.51
2026-08-04T22:11:29+08:00,1,2,93.9,1628.6,14.64,80120.8,772407.7,98,14331,32768,37,271.48,1060669.53,13163407.47
2026-08-04T22:11:39+08:00,1,2,94.0,1632.0,14.40,79618.2,772407.7,99,19731,32768,37,285.37,1060669.56,13163382.44
2026-08-04T22:11:49+08:00,1,2,94.0,1631.5,14.80,79168.9,772407.7,98,18089,32768,37,244.13,1060669.61,13163376.39
2026-08-04T22:11:59+08:00,1,2,94.1,1629.1,15.15,79912.5,772407.7,98,14611,32768,37,218.66,1060669.69,13163384.31
2026-08-04T22:12:09+08:00,1,2,94.2,1628.8,16.12,81074.1,772407.7,93,19731,32768,37,209.41,1060669.72,13163384.28
2026-08-04T22:12:19+08:00,1,2,94.2,1632.3,16.17,79766.5,772407.7,99,18089,32768,36,214.91,1060669.77,13163401.23
2026-08-04T22:12:29+08:00,1,2,94.3,1630.0,16.30,79481.5,772407.7,98,14611,32768,37,213.65,1060669.79,13163399.21
2026-08-04T22:12:39+08:00,1,2,94.3,1629.5,16.32,77992.9,772407.7,91,19733,32768,36,234.08,1060670.28,13163541.72
2026-08-04T22:12:49+08:00,1,2,94.4,1628.8,15.44,79798.8,772407.7,98,18291,32768,38,276.52,1060670.32,13163565.68
2026-08-04T22:12:59+08:00,1,2,94.4,1630.6,14.52,80177.8,772407.7,99,14773,32768,38,260.66,1060670.37,13163583.63
2026-08-04T22:13:09+08:00,1,2,94.5,1630.2,14.05,80562.3,772407.7,89,19733,32768,36,238.61,1060670.40,13163580.60
2026-08-04T22:13:19+08:00,1,2,94.5,1629.5,13.73,80800.7,772407.7,98,18291,32768,37,218.66,1060670.48,13163552.52
2026-08-04T22:13:29+08:00,1,2,94.6,1631.2,13.31,81305.8,772407.7,98,14911,32768,37,299.35,1060670.58,13163527.42
2026-08-04T22:13:39+08:00,1,2,94.6,1630.7,12.64,81959.0,772407.7,92,19733,32768,36,239.27,1060670.68,13163490.32
2026-08-04T22:13:49+08:00,1,2,94.7,1630.0,11.85,81345.9,772407.7,99,18571,32768,38,245.75,1060670.79,13163466.21
2026-08-04T22:13:59+08:00,1,2,94.7,1631.8,11.27,82436.2,772407.7,98,14913,32768,37,276.88,1060670.90,13163440.10
2026-08-04T22:14:09+08:00,1,2,94.8,1631.2,10.91,82118.2,772407.7,89,19733,32768,36,215.74,1060670.99,13163424.01
2026-08-04T22:14:19+08:00,1,2,94.8,1630.5,10.78,82403.3,772407.7,99,18771,32768,37,305.75,1060671.10,13164119.90
2026-08-04T22:14:29+08:00,1,2,94.8,1632.3,10.42,82547.8,772407.7,98,15051,32768,37,294.30,1060671.19,13163435.81
2026-08-04T22:14:39+08:00,1,2,94.9,1627.6,10.31,82491.6,772407.7,100,13529,32768,36,303.24,1060671.32,13163450.68
2026-08-04T22:14:49+08:00,1,2,94.9,1635.1,10.56,81975.6,772407.7,98,18951,32768,38,261.15,1060671.43,13163447.57
2026-08-04T22:14:59+08:00,1,2,95.0,1632.8,10.26,82154.8,772407.7,87,15055,32768,36,226.30,1060671.53,13163462.47
2026-08-04T22:15:09+08:00,1,2,95.0,1628.1,10.15,82446.3,772407.7,100,13689,32768,36,225.81,1060671.67,13163474.33
2026-08-04T22:15:19+08:00,1,2,95.0,1631.7,11.24,81781.4,772407.7,99,19151,32768,37,278.64,1060671.80,13163512.20
2026-08-04T22:15:29+08:00,1,2,95.1,1631.0,10.28,82308.0,772407.7,87,2209,32768,33,119.27,1060671.95,13163517.05
2026-08-04T22:15:40+08:00,1,2,95.1,1628.6,10.39,81644.1,772407.7,98,13971,32768,37,306.64,1060672.12,13163528.88
2026-08-04T22:15:50+08:00,1,2,95.1,1628.1,10.20,81624.2,772407.7,98,19351,32768,36,237.82,1060672.25,13163568.75
2026-08-04T22:16:00+08:00,1,2,95.1,1631.5,9.94,81865.1,772407.7,100,17709,32768,37,286.23,1060672.41,13163568.59
2026-08-04T22:16:10+08:00,1,2,95.2,1629.2,10.03,82042.0,772407.7,98,14111,32768,36,242.84,1060672.60,13163585.40
2026-08-04T22:16:20+08:00,1,2,95.2,1628.6,10.25,81495.2,772407.7,100,19531,32768,37,210.52,1060672.69,13163590.31
2026-08-04T22:16:30+08:00,1,2,95.3,1632.0,10.15,81759.5,772407.7,100,17913,32768,37,281.86,1060672.86,13163589.14
2026-08-04T22:16:40+08:00,1,2,95.3,1629.9,9.98,81899.6,772407.7,98,14331,32768,37,259.69,1060673.02,13163628.98
2026-08-04T22:16:50+08:00,1,2,95.3,1629.3,9.67,81625.3,772407.7,98,19731,32768,37,239.10,1060673.16,13163641.84
2026-08-04T22:17:00+08:00,1,2,95.3,1628.6,10.10,81601.6,772407.7,98,17909,32768,36,273.12,1060673.36,13163641.64
2026-08-04T22:17:10+08:00,1,2,95.4,1634.5,10.00,81573.1,772407.7,99,14475,32768,37,254.34,1060673.52,13163650.48
2026-08-04T22:17:20+08:00,1,2,95.4,1630.0,10.87,82247.0,772407.7,100,19731,32768,37,210.04,1060673.68,13163646.32
2026-08-04T22:17:30+08:00,1,2,95.5,1629.3,11.05,82178.5,772407.7,98,18091,32768,36,247.05,1060673.90,13163635.10
2026-08-04T22:17:40+08:00,1,2,95.5,1631.0,10.50,82081.0,772407.7,98,14611,32768,37,214.28,1060674.06,13163967.94
2026-08-04T22:17:50+08:00,1,2,95.5,1630.7,10.42,81431.9,772407.7,96,19731,32768,37,214.14,1060674.25,13163623.75
2026-08-04T22:18:00+08:00,1,2,95.5,1630.0,9.96,82263.1,772407.7,98,18091,32768,36,229.70,1060674.41,13163627.59
2026-08-04T22:18:10+08:00,1,2,95.6,1631.8,9.58,82061.4,772407.7,98,14611,32768,37,263.89,1060674.61,13163650.39
2026-08-04T22:18:20+08:00,1,2,95.6,1631.3,9.86,81644.3,772407.7,94,19733,32768,37,229.70,1060674.84,13163638.16
2026-08-04T22:18:30+08:00,1,2,95.6,1630.6,10.26,81740.5,772407.7,98,18291,32768,36,254.02,1060675.03,13163640.97
2026-08-04T22:18:40+08:00,1,2,95.7,1632.3,10.51,82026.3,772407.7,98,14911,32768,38,289.44,1060675.24,13163656.76
2026-08-04T22:18:50+08:00,1,2,95.7,1627.7,10.05,81459.5,772407.7,91,19733,32768,36,237.97,1060675.30,13163643.70
2026-08-04T22:19:00+08:00,1,2,95.7,1635.2,10.20,81388.1,772407.7,98,18571,32768,37,277.98,1060675.32,13163655.68
2026-08-04T22:19:10+08:00,1,2,95.8,1632.8,10.07,81163.0,772407.7,98,15051,32768,37,212.33,1060675.32,13163673.68
2026-08-04T22:19:20+08:00,1,2,95.8,1628.2,9.90,81909.3,772407.7,98,13331,32768,35,120.66,1060675.34,13163679.66
2026-08-04T22:19:30+08:00,1,2,95.8,1635.7,10.47,81242.9,772407.7,99,18771,32768,37,265.04,1060675.35,13163691.65
2026-08-04T22:19:40+08:00,1,2,95.8,1633.4,10.10,81101.4,772407.7,97,15053,32768,36,218.51,1060675.35,13163706.65
2026-08-04T22:19:50+08:00,1,2,95.9,1628.7,9.70,80874.1,772407.7,100,13691,32768,36,221.87,1060675.37,13163731.63
2026-08-04T22:20:00+08:00,1,2,95.9,1628.1,9.36,81189.9,772407.7,98,19151,32768,37,218.66,1060675.39,13163738.61
2026-08-04T22:20:11+08:00,1,2,95.9,1631.7,9.00,81186.2,772407.7,94,1149,32768,34,76.89,1060675.40,13163745.60
2026-08-04T22:20:21+08:00,1,2,95.9,1629.5,8.61,80631.7,772407.7,98,13831,32768,37,267.47,1060669.97,13163760.03
2026-08-04T22:20:31+08:00,1,2,95.9,1629.0,9.05,80956.0,772407.7,99,19351,32768,37,223.53,1060669.86,13163715.14
2026-08-04T22:20:41+08:00,1,2,95.9,1632.5,9.05,80694.8,772407.7,100,17429,32768,35,253.69,1060669.74,13163697.26
2026-08-04T22:20:51+08:00,1,2,96.0,1630.1,8.95,80521.2,772407.7,98,13971,32768,37,268.61,1060669.84,13163677.16
2026-08-04T22:21:01+08:00,1,2,96.0,1629.5,8.72,80588.8,772407.7,98,19533,32768,38,281.19,1060669.75,13163671.25
2026-08-04T22:21:11+08:00,1,2,96.0,1628.8,8.37,80631.4,772407.7,99,17711,32768,37,284.10,1060669.77,13163632.23
2026-08-04T22:21:21+08:00,1,2,96.0,1630.6,8.24,80351.2,772407.7,99,14333,32768,37,250.45,1060669.80,13163642.20
2026-08-04T22:21:31+08:00,1,2,96.1,1630.1,8.13,80211.7,772407.7,98,19731,32768,38,275.06,1060669.82,13163625.18
2026-08-04T22:21:41+08:00,1,2,96.1,1629.3,8.34,80774.0,772407.7,98,17911,32768,37,267.47,1060669.64,13163609.36
2026-08-04T22:21:51+08:00,1,2,96.1,1631.1,8.52,81026.5,772407.7,98,14471,32768,37,222.70,1060669.67,13163601.33
2026-08-04T22:22:01+08:00,1,2,96.1,1630.5,8.37,81154.7,772407.7,98,19731,32768,38,282.83,1060669.69,13163594.31
2026-08-04T22:22:11+08:00,1,2,96.1,1629.8,8.69,81461.8,772407.7,100,17909,32768,37,246.08,1060669.72,13163573.28
2026-08-04T22:22:21+08:00,1,2,96.2,1631.6,8.51,81473.9,772407.7,98,14331,32768,36,266.80,1060669.77,13163582.23
2026-08-04T22:22:31+08:00,1,2,96.2,1631.0,8.35,81313.1,772407.7,98,19733,32768,36,270.87,1060669.80,13163575.20
2026-08-04T22:22:41+08:00,1,2,96.2,1634.4,8.61,82228.8,772407.7,98,18093,32768,37,293.81,1060669.64,13163554.36
2026-08-04T22:22:51+08:00,1,2,96.2,1632.1,8.37,81701.0,772407.7,98,14611,32768,37,217.20,1060669.70,13163537.30
2026-08-04T22:23:01+08:00,1,2,96.3,1627.6,8.62,81630.9,772407.7,98,19733,32768,37,203.57,1060669.75,13163507.25
2026-08-04T22:23:11+08:00,1,2,96.3,1635.1,8.45,81834.3,772407.7,98,18293,32768,37,282.23,1060669.80,13163477.20
2026-08-04T22:23:21+08:00,1,2,96.3,1632.8,8.84,82480.6,772407.7,98,14911,32768,37,296.43,1060669.87,13163461.13
2026-08-04T22:23:31+08:00,1,2,96.3,1628.2,8.71,82004.5,772407.7,90,19733,32768,36,222.55,1060669.92,13163513.08
2026-08-04T22:23:41+08:00,1,2,96.4,1631.7,8.90,82170.2,772407.7,98,18571,32768,36,236.34,1060670.00,13163572.00
2026-08-04T22:23:51+08:00,1,2,96.4,1633.3,8.61,82084.6,772407.7,98,15051,32768,38,219.92,1060669.95,13163595.05
2026-08-04T22:24:01+08:00,1,2,96.4,1628.6,9.05,81682.5,772407.7,93,4111,32768,33,209.20,1060668.61,13163552.39
2026-08-04T22:24:11+08:00,1,2,96.4,1628.1,9.05,83477.9,772407.7,99,18771,32768,37,274.27,1060659.58,13163541.42
2026-08-04T22:24:21+08:00,1,2,96.4,1633.9,9.21,82837.6,772407.7,88,15055,32768,36,216.37,1060658.93,13163553.07
2026-08-04T22:24:31+08:00,1,2,96.5,1629.3,9.35,82001.8,772407.7,100,13531,32768,36,284.29,1060658.70,13163564.30
2026-08-04T22:24:41+08:00,1,2,96.5,1628.7,8.91,82045.0,772407.7,99,18951,32768,36,259.20,1060664.47,13163544.53
2026-08-04T22:24:51+08:00,1,2,96.5,1630.4,9.01,82193.4,772407.7,88,15055,32768,36,228.54,1060664.51,13163541.49
2026-08-04T22:25:02+08:00,1,2,96.5,1629.8,8.69,82225.2,772407.7,97,13831,32768,37,297.50,1060664.54,13163523.46
2026-08-04T22:25:12+08:00,1,2,96.5,1629.3,8.43,82219.4,772407.7,99,19353,32768,37,304.98,1060665.86,13163510.14
2026-08-04T22:25:22+08:00,1,2,96.5,1628.6,8.76,82262.9,772407.7,93,17429,32768,35,153.35,1060665.89,13163510.11
2026-08-04T22:25:32+08:00,1,2,96.5,1634.5,8.41,82068.0,772407.7,98,13971,32768,36,225.32,1060666.00,13163528.00
2026-08-04T22:25:42+08:00,1,2,96.5,1629.8,8.58,81470.0,772407.7,98,19351,32768,37,283.62,1060666.73,13163534.27
2026-08-04T22:25:52+08:00,1,2,96.5,1629.2,8.19,81719.3,772407.7,100,17711,32768,37,296.92,1060666.83,13163542.17
2026-08-04T22:26:02+08:00,1,2,96.6,1630.9,8.09,80839.9,772407.7,98,14331,32768,37,306.15,1060667.16,13163559.84
2026-08-04T22:26:12+08:00,1,2,96.6,1630.4,8.07,80929.1,772407.7,99,19731,32768,38,302.07,1060667.27,13163549.73
2026-08-04T22:26:22+08:00,1,2,96.6,1629.6,7.91,80619.0,772407.7,100,18091,32768,37,301.87,1060667.34,13163553.66
2026-08-04T22:26:32+08:00,1,2,96.6,1631.4,7.84,81106.1,772407.7,98,14471,32768,37,263.92,1060667.89,13163518.11
2026-08-04T22:26:42+08:00,1,2,96.6,1630.8,8.19,81151.3,772407.7,98,19731,32768,37,230.19,1060667.99,13163517.01
2026-08-04T22:26:52+08:00,1,2,96.6,1630.2,8.22,81236.9,772407.7,99,18091,32768,37,234.88,1060668.07,13164187.93
2026-08-04T22:27:02+08:00,1,2,96.7,1632.1,8.42,81991.2,772407.7,98,14611,32768,37,212.82,1060668.18,13163489.82
2026-08-04T22:27:12+08:00,1,2,96.7,1631.5,8.67,81421.3,772407.7,89,19733,32768,36,221.19,1060668.28,13163486.72
2026-08-04T22:27:22+08:00,1,2,96.7,1634.9,9.25,81619.0,772407.7,99,18291,32768,37,261.77,1060668.38,13163476.62
2026-08-04T22:27:32+08:00,1,2,96.7,1632.6,9.92,82654.4,772407.7,98,14913,32768,37,213.30,1060668.52,13163486.48
2026-08-04T22:27:42+08:00,1,2,96.7,1628.1,10.38,82559.9,772407.7,86,17335,32768,36,112.92,1060668.66,13163469.34
2026-08-04T22:27:52+08:00,1,2,96.7,1631.7,10.38,82335.4,772407.7,98,18573,32768,36,257.26,1060668.84,13163473.16
2026-08-04T22:28:02+08:00,1,2,96.7,1633.3,10.31,81828.0,772407.7,98,14913,32768,37,277.01,1060668.99,13163465.01
2026-08-04T22:28:12+08:00,1,2,96.8,1628.7,10.35,80800.6,772407.7,89,8573,32768,35,73.47,1060669.12,13163446.88
2026-08-04T22:28:22+08:00,1,2,96.8,1632.3,9.91,81106.7,772407.7,98,18773,32768,37,274.09,1060669.37,13163423.63
2026-08-04T22:28:32+08:00,1,2,96.8,1633.9,9.46,81221.3,772407.7,94,15053,32768,37,216.23,1060669.50,13163383.50
2026-08-04T22:28:42+08:00,1,2,96.8,1629.3,9.01,81877.0,772407.7,99,13531,32768,36,301.09,1060669.66,13163346.34
2026-08-04T22:28:52+08:00,1,2,96.8,1628.8,8.92,81298.1,772407.7,98,18771,32768,36,209.55,1060669.83,13163297.17
2026-08-04T22:29:02+08:00,1,2,96.8,1630.5,9.23,81927.6,772407.7,95,15053,32768,37,200.29,1060668.03,13163268.97
2026-08-04T22:29:12+08:00,1,2,96.9,1629.9,9.12,81174.1,772407.7,100,13529,32768,36,242.35,1060668.19,13163586.81
2026-08-04T22:29:22+08:00,1,2,96.9,1629.3,9.77,80458.6,772407.7,100,18953,32768,38,277.49,1060668.70,13163194.30
2026-08-04T22:29:32+08:00,1,2,96.9,1631.0,9.34,80639.4,772407.7,84,15055,32768,36,226.45,1060669.81,13163145.19
2026-08-04T22:29:42+08:00,1,2,96.9,1630.5,9.21,80265.7,772407.7,100,13831,32768,37,283.02,1060670.08,13163134.92
2026-08-04T22:29:53+08:00,1,2,96.9,1630.0,8.88,80902.9,772407.7,98,19351,32768,37,261.15,1060670.42,13163125.58
2026-08-04T22:30:03+08:00,1,2,96.9,1629.3,8.51,80927.6,772407.7,100,17429,32768,35,298.67,1060671.29,13163107.71
2026-08-04T22:30:13+08:00,1,2,96.9,1631.2,8.74,81063.4,772407.7,98,14113,32768,37,288.18,1060673.41,13163070.59
2026-08-04T22:30:23+08:00,1,2,96.9,1630.6,9.08,80855.6,772407.7,100,19531,32768,38,301.58,1060673.62,13163057.38
2026-08-04T22:30:33+08:00,1,2,96.9,1629.9,8.98,81591.1,772407.7,100,17709,32768,36,199.10,1060673.85,13163058.15
2026-08-04T22:30:43+08:00,1,2,96.9,1627.6,9.68,81752.9,772407.7,98,14113,32768,36,259.86,1060674.06,13163051.94
2026-08-04T22:30:53+08:00,1,2,96.9,1631.3,9.81,81710.7,772407.7,99,19531,32768,37,276.70,1060675.22,13163064.78
2026-08-04T22:31:03+08:00,1,2,97.0,1630.6,9.85,81713.6,772407.7,99,17911,32768,37,207.25,1060675.34,13163234.66
2026-08-04T22:31:13+08:00,1,2,97.0,1632.3,9.95,82093.9,772407.7,98,14333,32768,37,286.53,1060675.35,13163237.65
2026-08-04T22:31:23+08:00,1,2,97.0,1631.9,10.11,81999.1,772407.7,99,19731,32768,37,286.53,1060675.38,13163254.62
2026-08-04T22:31:33+08:00,1,2,97.0,1631.2,9.86,82145.5,772407.7,97,18091,32768,37,288.47,1060675.38,13163264.62
2026-08-04T22:31:43+08:00,1,2,97.0,1632.9,9.89,81596.2,772407.7,98,14611,32768,38,307.20,1060675.37,13163256.63
2026-08-04T22:31:53+08:00,1,2,97.0,1628.4,9.59,78787.7,772407.7,96,19731,32768,37,181.42,1060675.40,13163233.60
2026-08-04T22:32:03+08:00,1,2,97.0,1631.9,9.64,78384.1,772407.7,100,18091,32768,37,247.21,1060675.39,13163204.61
2026-08-04T22:32:13+08:00,1,2,97.1,1633.7,9.38,78124.2,772407.7,99,14611,32768,37,261.95,1060675.39,13163879.61
2026-08-04T22:32:23+08:00,1,2,97.1,1629.1,9.39,78192.1,772407.7,90,19733,32768,36,217.54,1060675.40,13163194.60
2026-08-04T22:32:33+08:00,1,2,97.1,1632.5,9.34,78290.4,772407.7,98,18571,32768,37,302.26,1060675.40,13163191.60
2026-08-04T22:32:43+08:00,1,2,97.1,1634.3,9.43,77582.4,772407.7,98,14913,32768,37,266.01,1060675.40,13163205.60
2026-08-04T22:32:53+08:00,1,2,97.1,1629.6,9.42,78327.7,772407.7,89,14655,32768,35,78.79,1060670.25,13163229.75
2026-08-04T22:33:03+08:00,1,2,97.1,1629.0,9.28,77482.2,772407.7,99,18771,32768,37,276.52,1060670.32,13163229.68
2026-08-04T22:33:13+08:00,1,2,97.1,1634.7,9.16,77902.9,772407.7,98,15051,32768,37,281.68,1060670.40,13163240.60
2026-08-04T22:33:23+08:00,1,2,97.1,1630.2,8.82,77663.0,772407.7,99,13329,32768,34,209.41,1060670.45,13163248.55
2026-08-04T22:33:33+08:00,1,2,97.2,1629.7,8.70,77230.9,772407.7,99,18773,32768,37,278.95,1060670.56,13163261.44
2026-08-04T22:33:43+08:00,1,2,97.2,1631.4,8.32,77026.7,772407.7,92,15053,32768,36,199.94,1060670.61,13163269.39
2026-08-04T22:33:53+08:00,1,2,97.2,1630.9,8.50,76358.8,772407.7,100,13691,32768,36,307.61,1060670.64,13163292.36
2026-08-04T22:34:03+08:00,1,2,97.2,1630.3,8.35,76632.7,772407.7,99,19151,32768,37,300.81,1060670.65,13163292.35
2026-08-04T22:34:13+08:00,1,2,97.2,1628.2,8.54,76367.4,772407.7,87,9335,32768,35,77.82,1060670.67,13163306.33
2026-08-04T22:34:24+08:00,1,2,97.2,1631.7,8.74,76082.4,772407.7,99,13831,32768,36,251.43,1060670.69,13163329.31
2026-08-04T22:34:34+08:00,1,2,97.2,1631.2,8.09,75836.1,772407.7,99,19351,32768,37,214.76,1060670.72,13163353.28
2026-08-04T22:34:44+08:00,1,2,97.2,1630.5,7.92,75939.6,772407.7,100,17709,32768,37,275.24,1060670.74,13163683.26
2026-08-04T22:34:54+08:00,1,2,97.2,1628.2,8.09,76714.5,772407.7,98,14111,32768,36,240.23,1060670.77,13163357.23
2026-08-04T22:35:04+08:00,1,2,97.2,1631.8,8.38,76462.4,772407.7,99,19533,32768,37,218.80,1060670.78,13163365.22
2026-08-04T22:35:14+08:00,1,2,97.2,1631.1,9.26,77272.7,772407.7,99,17911,32768,37,299.55,1060670.57,13163348.43
2026-08-04T22:35:24+08:00,1,2,97.2,1628.8,10.06,76734.5,772407.7,98,14333,32768,37,221.87,1060671.07,13163341.93
2026-08-04T22:35:34+08:00,1,2,97.3,1632.3,10.59,77471.9,772407.7,100,19733,32768,38,282.16,1060671.11,13163330.89
2026-08-04T22:35:44+08:00,1,2,97.3,1631.7,10.41,77164.8,772407.7,98,17909,32768,36,280.77,1060671.15,13163317.85
2026-08-04T22:35:54+08:00,1,2,97.3,1629.4,9.81,77637.4,772407.7,98,14471,32768,37,266.98,1060671.18,13163322.82
2026-08-04T22:36:04+08:00,1,2,97.3,1628.8,9.53,77458.3,772407.7,99,19731,32768,38,300.12,1060671.24,13163302.76
2026-08-04T22:36:14+08:00,1,2,97.3,1632.3,9.14,77240.9,772407.7,100,18093,32768,37,243.32,1060671.28,13163282.72
2026-08-04T22:36:24+08:00,1,2,97.3,1634.0,8.67,77470.9,772407.7,98,14611,32768,37,217.00,1060671.31,13163285.69
2026-08-04T22:36:34+08:00,1,2,97.3,1629.3,8.49,77974.6,772407.7,98,19733,32768,37,213.93,1060671.35,13163285.65
2026-08-04T22:36:44+08:00,1,2,97.3,1628.8,8.19,77920.7,772407.7,99,18291,32768,38,278.95,1060671.38,13163263.62
2026-08-04T22:36:54+08:00,1,2,97.3,1634.5,8.10,78011.4,772407.7,98,14771,32768,37,285.75,1060671.42,13163263.58
2026-08-04T22:37:04+08:00,1,2,97.4,1630.0,8.02,77787.3,772407.7,95,19733,32768,36,227.91,1060671.46,13163262.54
2026-08-04T22:37:14+08:00,1,2,97.4,1625.4,7.79,77633.5,772407.7,98,18291,32768,36,249.49,1060671.51,13163253.49
2026-08-04T22:37:24+08:00,1,2,97.4,1635.2,7.82,77554.2,772407.7,99,14911,32768,37,282.05,1060671.54,13163411.46
2026-08-04T22:37:34+08:00,1,2,97.4,1630.6,8.16,77816.2,772407.7,88,19735,32768,36,227.61,1060671.57,13163522.43
2026-08-04T22:37:44+08:00,1,2,97.4,1625.9,10.41,77601.7,772407.7,98,18571,32768,36,249.16,1060671.56,13164201.44
2026-08-04T22:37:54+08:00,1,2,97.4,1635.8,9.89,78192.7,772407.7,98,15051,32768,37,215.60,1060671.60,13163524.40
2026-08-04T22:38:04+08:00,1,2,97.4,1631.3,9.30,78979.4,772407.7,90,6411,32768,35,288.18,1060671.69,13163515.31
2026-08-04T22:38:14+08:00,1,2,97.4,1626.8,9.64,78091.5,772407.7,98,18773,32768,36,223.87,1060671.82,13163483.18
2026-08-04T22:38:24+08:00,1,2,97.4,1628.6,10.62,78092.5,772407.7,91,15055,32768,36,219.97,1060671.91,13163460.09
2026-08-04T22:38:34+08:00,1,2,97.5,1632.0,10.45,78022.2,772407.7,100,13529,32768,36,234.57,1060672.01,13163435.99
2026-08-04T22:38:44+08:00,1,2,97.5,1631.6,9.61,77683.8,772407.7,98,18951,32768,37,221.38,1060672.11,13163415.89
2026-08-04T22:38:55+08:00,1,2,97.5,1629.2,9.37,77562.2,772407.7,87,15055,32768,36,220.26,1060672.21,13163393.79
2026-08-04T22:39:05+08:00,1,2,97.4,1632.8,9.31,77571.4,772407.7,100,13691,32768,37,296.43,1060672.30,13163385.70
2026-08-04T22:39:15+08:00,1,2,97.5,1632.3,9.26,78401.2,772407.7,98,19151,32768,38,282.91,1060672.41,13163383.59
2026-08-04T22:39:25+08:00,1,2,97.5,1631.7,8.98,76987.4,772407.7,95,1149,32768,34,72.93,1060672.51,13163387.49
2026-08-04T22:39:35+08:00,1,2,97.5,1629.3,8.82,77679.4,772407.7,99,13831,32768,37,242.51,1060672.61,13163378.39
2026-08-04T22:39:45+08:00,1,2,97.5,1632.9,9.33,78094.8,772407.7,99,19151,32768,37,273.30,1060672.70,13163363.30
2026-08-04T22:39:55+08:00,1,2,97.5,1628.4,9.42,77697.1,772407.7,100,1147,32768,33,72.44,1060672.81,13163363.19
2026-08-04T22:40:05+08:00,1,2,97.5,1630.0,9.46,77467.5,772407.7,96,13831,32768,37,272.81,1060672.96,13163371.04
2026-08-04T22:40:15+08:00,1,2,97.5,1633.6,9.32,77643.3,772407.7,98,19351,32768,37,224.99,1060673.10,13163368.90
2026-08-04T22:40:25+08:00,1,2,97.5,1633.1,9.73,77647.9,772407.7,100,17709,32768,37,277.98,1060673.24,13163383.76
2026-08-04T22:40:35+08:00,1,2,97.5,1630.7,9.78,77765.3,772407.7,98,14111,32768,36,221.73,1060673.39,13163395.61
2026-08-04T22:40:45+08:00,1,2,97.5,1630.2,9.73,77542.6,772407.7,99,19531,32768,37,212.33,1060673.51,13163394.49
2026-08-04T22:40:55+08:00,1,2,97.5,1633.8,9.78,78253.1,772407.7,100,17913,32768,37,298.95,1060673.64,13164083.36
2026-08-04T22:41:05+08:00,1,2,97.5,1631.5,9.43,77821.5,772407.7,99,14331,32768,37,257.74,1060673.79,13163383.21
2026-08-04T22:41:15+08:00,1,2,97.6,1630.9,9.36,78435.2,772407.7,98,19733,32768,37,210.87,1060673.93,13163411.07
2026-08-04T22:41:25+08:00,1,2,97.6,1626.4,9.31,78104.4,772407.7,99,17913,32768,37,288.18,1060674.07,13163436.93
2026-08-04T22:41:35+08:00,1,2,97.6,1632.1,8.94,77303.5,772407.7,98,14473,32768,37,272.81,1060674.21,13163467.79
2026-08-04T22:41:45+08:00,1,2,97.6,1631.5,8.81,77680.7,772407.7,99,19733,32768,37,204.41,1060674.36,13163481.64
2026-08-04T22:41:55+08:00,1,2,97.6,1626.9,8.69,77645.4,772407.7,99,18293,32768,37,312.74,1060674.53,13163493.47
2026-08-04T22:42:05+08:00,1,2,97.6,1628.7,8.89,78237.3,772407.7,98,14771,32768,38,286.42,1060674.72,13163519.28
2026-08-04T22:42:15+08:00,1,2,97.6,1632.3,9.12,77564.8,772407.7,90,19733,32768,36,231.65,1060674.89,13163531.11
2026-08-04T22:42:25+08:00,1,2,97.6,1627.8,9.02,77353.3,772407.7,99,18571,32768,37,319.33,1060675.06,13163548.94
2026-08-04T22:42:35+08:00,1,2,97.6,1629.5,9.18,77297.8,772407.7,98,14911,32768,38,301.78,1060675.28,13163548.72
2026-08-04T22:42:45+08:00,1,2,97.6,1633.1,9.30,76979.4,772407.7,89,19733,32768,36,214.56,1060675.75,13163552.25
2026-08-04T22:42:55+08:00,1,2,97.6,1628.5,9.01,76665.0,772407.7,97,18571,32768,37,225.32,1060676.09,13163548.91
2026-08-04T22:43:06+08:00,1,2,97.6,1630.3,8.85,76551.7,772407.7,99,14911,32768,37,276.03,1060676.19,13163578.81
2026-08-04T22:43:16+08:00,1,2,97.6,1633.8,8.95,77096.9,772407.7,89,2615,32768,34,72.49,1060676.14,13163599.86
2026-08-04T22:43:26+08:00,1,2,97.6,1629.1,9.42,77860.7,772407.7,98,18773,32768,37,213.59,1060667.55,13163662.45
2026-08-04T22:43:36+08:00,1,2,97.6,1626.8,10.17,78916.1,772407.7,99,15051,32768,38,282.35,1060668.00,13163684.00
2026-08-04T22:43:46+08:00,1,2,97.6,1630.2,10.21,78453.9,772407.7,100,13529,32768,36,306.92,1060667.98,13163695.02
2026-08-04T22:43:56+08:00,1,2,97.7,1629.7,10.49,78257.6,772407.7,98,18953,32768,37,294.98,1060670.18,13163683.82
2026-08-04T22:44:06+08:00,1,2,97.7,1631.4,10.10,78360.6,772407.7,89,15055,32768,36,216.37,1060674.21,13163677.79
2026-08-04T22:44:16+08:00,1,2,97.7,1630.7,9.40,78433.0,772407.7,100,13691,32768,37,300.61,1060674.23,13163677.77
2026-08-04T22:44:26+08:00,1,2,97.7,1626.1,8.79,77966.3,772407.7,98,18953,32768,37,248.51,1060674.24,13163685.76
2026-08-04T22:44:36+08:00,1,2,97.7,1632.0,8.59,78395.5,772407.7,92,15055,32768,36,224.35,1060675.71,13163696.29
2026-08-04T22:44:46+08:00,1,2,97.7,1631.3,7.96,78314.5,772407.7,100,13691,32768,37,293.71,1060675.75,13163711.25
2026-08-04T22:44:56+08:00,1,2,97.7,1630.7,7.99,78088.7,772407.7,99,19151,32768,38,285.94,1060676.31,13163714.69
2026-08-04T22:45:06+08:00,1,2,97.7,1628.4,8.29,78001.1,772407.7,86,15055,32768,36,210.87,1060676.95,13163728.05
2026-08-04T22:45:16+08:00,1,2,97.7,1632.0,8.17,77848.2,772407.7,99,13831,32768,37,289.53,1060671.73,13163755.27
2026-08-04T22:45:26+08:00,1,2,97.7,1631.4,8.31,77203.5,772407.7,100,19151,32768,37,251.91,1060672.03,13163769.97
2026-08-04T22:45:36+08:00,1,2,97.7,1629.1,8.65,77189.7,772407.7,87,8755,32768,34,75.42,1060672.04,13163801.96
2026-08-04T22:45:46+08:00,1,2,97.7,1632.6,8.79,76909.8,772407.7,98,13831,32768,37,218.80,1060672.07,13163881.93
2026-08-04T22:45:56+08:00,1,2,97.7,1632.0,8.67,76579.8,772407.7,100,19351,32768,38,290.12,1060672.08,13163931.92
2026-08-04T22:46:06+08:00,1,2,97.8,1627.3,8.66,76891.9,772407.7,99,17429,32768,35,252.40,1060671.92,13164141.08
2026-08-04T22:46:16+08:00,1,2,97.8,1633.1,8.64,77253.2,772407.7,98,14113,32768,37,301.58,1060671.93,13164162.07
2026-08-04T22:46:27+08:00,1,2,97.8,1632.5,8.70,76994.6,772407.7,99,19531,32768,37,273.30,1060671.95,13164190.05
2026-08-04T22:46:37+08:00,1,2,97.7,1627.8,8.74,80730.8,772407.7,100,17709,32768,37,278.16,1060671.98,13164234.02
2026-08-04T22:46:47+08:00,1,2,97.8,1629.5,8.71,78638.7,772407.7,97,14111,32768,36,243.16,1060672.00,13164236.00
2026-08-04T22:46:57+08:00,1,2,97.8,1633.1,8.81,78754.8,772407.7,100,19533,32768,37,281.86,1060672.02,13164208.98
2026-08-04T22:47:07+08:00,1,2,97.8,1628.4,8.76,78675.6,772407.7,100,17909,32768,37,278.64,1060672.05,13164166.95
2026-08-04T22:47:17+08:00,1,2,97.8,1626.1,9.19,79715.5,772407.7,98,14471,32768,37,297.21,1060672.07,13164129.93
2026-08-04T22:47:27+08:00,1,2,97.8,1633.7,9.07,80231.4,772407.7,98,19731,32768,37,252.56,1060672.08,13164117.92
2026-08-04T22:47:37+08:00,1,2,97.8,1629.0,10.00,79881.4,772407.7,98,17911,32768,36,208.44,1060672.10,13164103.90
2026-08-04T22:47:47+08:00,1,2,97.8,1626.7,9.76,79283.5,772407.7,98,14471,32768,37,290.41,1060671.89,13164063.11
2026-08-04T22:47:57+08:00,1,2,97.8,1630.1,9.42,79360.4,772407.7,98,19733,32768,37,281.86,1060671.88,13164047.12
2026-08-04T22:48:07+08:00,1,2,97.8,1629.6,9.18,79352.7,772407.7,99,18091,32768,36,238.28,1060671.89,13164039.11
2026-08-04T22:48:17+08:00,1,2,97.8,1631.3,8.84,78972.3,772407.7,98,14771,32768,37,303.04,1060671.90,13164024.10
2026-08-04T22:48:27+08:00,1,2,97.8,1630.8,8.63,77731.7,772407.7,97,19733,32768,36,211.36,1060671.90,13164048.10
2026-08-04T22:48:37+08:00,1,2,97.8,1630.2,8.39,77716.4,772407.7,99,18291,32768,37,315.45,1060671.90,13164006.10
2026-08-04T22:48:47+08:00,1,2,97.8,1632.1,8.34,78003.5,772407.7,98,14771,32768,37,302.26,1060671.91,13163975.09
2026-08-04T22:48:57+08:00,1,2,97.8,1631.6,7.82,77777.1,772407.7,90,19733,32768,36,234.57,1060672.09,13163961.91
2026-08-04T22:49:07+08:00,1,2,97.9,1626.9,9.48,78616.8,772407.7,98,18291,32768,37,263.92,1060672.82,13163949.18
2026-08-04T22:49:17+08:00,1,2,97.9,1633.0,9.49,78268.1,772407.7,99,14913,32768,37,304.49,1060672.87,13163938.13
2026-08-04T22:49:27+08:00,1,2,97.9,1632.3,9.79,77167.3,772407.7,89,19735,32768,36,232.47,1060673.21,13163915.79
2026-08-04T22:49:37+08:00,1,2,97.9,1627.6,9.28,77740.5,772407.7,99,18571,32768,37,288.18,1060673.76,13163901.24
2026-08-04T22:49:47+08:00,1,2,97.9,1629.4,9.81,77906.5,772407.7,98,15051,32768,37,296.73,1060673.90,13163942.10
2026-08-04T22:49:58+08:00,1,2,97.9,1632.8,9.92,77926.4,772407.7,91,14013,32768,34,72.93,1060675.48,13163936.52
2026-08-04T22:50:08+08:00,1,2,97.9,1628.3,9.70,77727.4,772407.7,98,18571,32768,36,212.82,1060675.54,13163921.46
2026-08-04T22:50:18+08:00,1,2,97.9,1630.0,10.04,77632.4,772407.7,98,15051,32768,38,285.75,1060675.54,13163918.46
2026-08-04T22:50:28+08:00,1,2,97.9,1633.5,10.02,77930.7,772407.7,94,6409,32768,33,292.36,1060675.55,13163919.45
2026-08-04T22:50:38+08:00,1,2,97.9,1632.9,9.95,77710.8,772407.7,98,18771,32768,37,275.55,1060676.15,13163929.85
2026-08-04T22:50:48+08:00,1,2,97.9,1630.6,9.80,77390.9,772407.7,91,15055,32768,36,212.61,1060676.55,13163926.45
2026-08-04T22:50:58+08:00,1,2,97.9,1625.9,9.96,77579.0,772407.7,100,13531,32768,35,303.04,1060676.57,13163925.43
2026-08-04T22:51:08+08:00,1,2,97.9,1633.5,9.72,77927.5,772407.7,99,18951,32768,38,241.22,1060676.58,13163907.42
2026-08-04T22:51:18+08:00,1,2,97.9,1631.2,9.47,77960.3,772407.7,86,15055,32768,36,228.88,1060676.59,13163882.41
2026-08-04T22:51:28+08:00,1,2,97.9,1626.5,10.35,77580.8,772407.7,100,13529,32768,35,242.35,1060676.61,13163906.39
2026-08-04T22:51:38+08:00,1,2,97.9,1634.0,9.83,77098.5,772407.7,99,19151,32768,38,312.74,1060676.60,13164609.40
2026-08-04T22:51:48+08:00,1,2,97.9,1631.7,9.48,78003.9,772407.7,88,10855,32768,34,73.47,1060676.59,13164609.41
2026-08-04T22:51:58+08:00,1,2,97.9,1627.2,9.86,77566.0,772407.7,100,13691,32768,36,265.83,1060676.61,13163949.39
2026-08-04T22:52:08+08:00,1,2,97.9,1630.6,9.50,78284.2,772407.7,98,19153,32768,37,218.66,1060677.48,13163958.52
2026-08-04T22:52:18+08:00,1,2,97.9,1632.4,9.34,78003.0,772407.7,83,11815,32768,36,99.32,1060677.53,13163981.47
2026-08-04T22:52:28+08:00,1,2,98.0,1627.8,9.45,79319.9,772407.7,99,13831,32768,37,233.26,1060677.55,13163981.45
2026-08-04T22:52:38+08:00,1,2,98.0,1631.1,9.52,79713.0,772407.7,98,19351,32768,37,306.23,1060677.87,13163994.13
2026-08-04T22:52:48+08:00,1,2,98.0,1626.5,9.36,78268.7,772407.7,89,1149,32768,33,72.93,1060680.14,13164004.86
2026-08-04T22:52:58+08:00,1,2,98.0,1632.3,9.30,78983.5,772407.7,99,13971,32768,37,273.60,1060680.18,13164013.82
2026-08-04T22:53:09+08:00,1,2,98.0,1631.6,9.10,79521.9,772407.7,99,19351,32768,37,245.27,1060680.34,13164158.66
2026-08-04T22:53:19+08:00,1,2,98.0,1626.9,9.40,81015.6,772407.7,100,17429,32768,36,297.21,1060680.42,13164165.58
2026-08-04T22:53:29+08:00,1,2,98.0,1628.8,9.24,80601.2,772407.7,98,14111,32768,38,277.98,1060680.49,13164166.51
2026-08-04T22:53:39+08:00,1,2,98.0,1632.2,9.11,80628.6,772407.7,99,19533,32768,37,255.48,1060681.58,13164171.42
2026-08-04T22:53:49+08:00,1,2,98.0,1627.8,9.36,80560.8,772407.7,95,17913,32768,37,296.14,1060681.90,13164181.10
2026-08-04T22:53:59+08:00,1,2,98.0,1629.5,9.00,80112.2,772407.7,99,14331,32768,38,219.63,1060681.98,13164139.02
2026-08-04T22:54:09+08:00,1,2,98.0,1632.9,8.76,79585.3,772407.7,98,19731,32768,37,217.20,1060681.84,13164083.16
2026-08-04T22:54:19+08:00,1,2,98.0,1632.3,8.56,80136.5,772407.7,98,17911,32768,37,268.61,1060681.90,13164056.10
2026-08-04T22:54:29+08:00,1,2,98.0,1630.0,8.57,79588.1,772407.7,98,14471,32768,38,274.09,1060681.94,13164019.06
2026-08-04T22:54:39+08:00,1,2,98.0,1633.5,8.42,78959.2,772407.7,99,19731,32768,38,298.58,1060681.95,13164006.05
2026-08-04T22:54:49+08:00,1,2,98.0,1632.9,8.50,79243.6,772407.7,98,18093,32768,37,206.49,1060681.97,13163976.03
2026-08-04T22:54:59+08:00,1,2,98.0,1630.6,8.20,77769.5,772407.7,98,14611,32768,38,317.32,1060681.97,13163962.03
2026-08-04T22:55:09+08:00,1,2,98.0,1629.9,7.94,78906.5,772407.7,94,19733,32768,37,233.26,1060681.97,13163966.03
2026-08-04T22:55:19+08:00,1,2,98.0,1633.5,8.18,78730.4,772407.7,99,18291,32768,38,288.37,1060682.00,13163965.00
2026-08-04T22:55:29+08:00,1,2,98.0,1631.2,9.16,78445.5,772407.7,98,14773,32768,38,233.26,1060682.00,13163960.00
2026-08-04T22:55:39+08:00,1,2,98.0,1626.6,8.82,78125.0,772407.7,89,19733,32768,36,235.38,1060682.00,13163947.00
2026-08-04T22:55:49+08:00,1,2,98.0,1634.1,8.86,77892.7,772407.7,98,18293,32768,36,266.49,1060682.02,13163922.98
2026-08-04T22:55:59+08:00,1,2,98.0,1631.8,8.50,77781.7,772407.7,98,14773,32768,37,273.48,1060682.02,13163927.98
2026-08-04T22:56:09+08:00,1,2,98.1,1627.1,8.44,77563.4,772407.7,89,19735,32768,36,227.08,1060682.02,13163912.98
2026-08-04T22:56:19+08:00,1,2,98.1,1630.6,8.52,76686.5,772407.7,99,18573,32768,37,216.71,1060682.06,13163886.94
2026-08-04T22:56:29+08:00,1,2,98.1,1632.4,8.77,76409.8,772407.7,98,14911,32768,37,281.08,1060682.06,13163878.94
2026-08-04T22:56:40+08:00,1,2,98.1,1627.8,8.57,76637.1,772407.7,91,9173,32768,34,72.98,1060681.93,13163885.07
2026-08-04T22:56:50+08:00,1,2,98.1,1631.1,8.79,78092.5,772407.7,98,18771,32768,38,323.91,1060682.00,13163878.00
2026-08-04T22:57:00+08:00,1,2,98.1,1628.9,8.82,76985.9,772407.7,99,15051,32768,37,267.64,1060682.05,13163876.95
2026-08-04T22:57:10+08:00,1,2,98.1,1632.4,8.54,77380.6,772407.7,100,13329,32768,35,282.83,1060682.12,13163861.88
2026-08-04T22:57:20+08:00,1,2,98.1,1631.7,8.45,77208.1,772407.7,99,18773,32768,37,290.90,1060682.14,13163868.86
2026-08-04T22:57:30+08:00,1,2,98.1,1629.3,8.63,77729.4,772407.7,99,15053,32768,37,214.62,1060682.52,13163888.48
2026-08-04T22:57:40+08:00,1,2,98.1,1632.9,8.46,77387.8,772407.7,100,13529,32768,36,297.12,1060682.55,13163907.45
2026-08-04T22:57:50+08:00,1,2,98.1,1632.3,8.70,77632.7,772407.7,98,18953,32768,38,287.02,1060682.62,13163921.38
2026-08-04T22:58:00+08:00,1,2,98.1,1630.1,9.13,77539.1,772407.7,87,15055,32768,36,224.01,1060682.63,13163933.37
2026-08-04T22:58:10+08:00,1,2,98.1,1629.5,9.27,77437.3,772407.7,100,13531,32768,36,272.51,1060682.67,13165275.33
2026-08-04T22:58:20+08:00,1,2,98.1,1633.2,9.17,77566.5,772407.7,98,18951,32768,36,258.72,1060682.69,13163943.31
2026-08-04T22:58:30+08:00,1,2,98.1,1630.9,8.60,77873.6,772407.7,88,15057,32768,36,232.77,1060682.75,13163969.25
2026-08-04T22:58:40+08:00,1,2,98.1,1630.3,8.81,77567.4,772407.7,100,13691,32768,36,232.13,1060682.80,13163975.20
2026-08-04T22:58:50+08:00,1,2,98.1,1633.7,8.69,79090.2,772407.7,97,19153,32768,38,285.26,1060682.83,13163996.17
2026-08-04T22:59:00+08:00,1,2,98.1,1631.5,8.74,78703.4,772407.7,87,10397,32768,35,81.29,1060682.93,13163994.07
2026-08-04T22:59:10+08:00,1,2,98.1,1630.9,8.72,78817.6,772407.7,98,13833,32768,37,310.73,1060683.03,13163990.97
2026-08-04T22:59:20+08:00,1,2,98.1,1626.2,8.54,79117.0,772407.7,99,19151,32768,36,225.81,1060683.07,13163985.93
2026-08-04T22:59:30+08:00,1,2,98.1,1632.1,8.77,79287.8,772407.7,88,5255,32768,34,72.54,1060683.09,13163988.91
2026-08-04T22:59:40+08:00,1,2,98.1,1631.7,8.96,79059.8,772407.7,98,13831,32768,37,258.06,1060683.13,13163980.87
2026-08-04T22:59:50+08:00,1,2,98.1,1627.1,8.82,79416.5,772407.7,98,19351,32768,36,254.83,1060683.58,13163990.42
2026-08-04T23:00:00+08:00,1,2,98.2,1634.7,8.55,79391.0,772407.7,100,17709,32768,36,315.66,1060683.72,13163998.28
2026-08-04T23:00:11+08:00,1,2,98.2,1632.4,9.46,81017.2,772407.7,98,14111,32768,37,222.55,1060683.79,13164013.21
2026-08-04T23:00:21+08:00,1,2,98.1,1627.8,10.23,80803.5,772407.7,98,19533,32768,37,221.58,1060683.89,13164025.11
2026-08-04T23:00:31+08:00,1,2,98.1,1631.3,10.51,81330.1,772407.7,96,17771,32768,37,270.87,1060683.96,13164057.04
2026-08-04T23:00:41+08:00,1,2,98.1,1633.1,9.97,80766.6,772407.7,97,14331,32768,37,243.16,1060684.13,13164056.87
2026-08-04T23:00:51+08:00,1,2,98.2,1628.4,10.13,80132.9,772407.7,100,19731,32768,38,295.75,1060684.70,13164101.30
2026-08-04T23:01:01+08:00,1,2,98.2,1631.9,9.88,79470.8,772407.7,98,17911,32768,37,227.08,1060684.81,13164121.19
2026-08-04T23:01:11+08:00,1,2,98.2,1629.6,9.82,79554.9,772407.7,99,14471,32768,38,296.73,1060684.96,13164146.04
2026-08-04T23:01:21+08:00,1,2,98.2,1629.2,9.70,79018.6,772407.7,99,19733,32768,37,281.86,1060685.00,13164191.00
2026-08-04T23:01:31+08:00,1,2,98.2,1632.8,9.91,78852.0,772407.7,99,17913,32768,37,284.10,1060685.13,13164231.87
2026-08-04T23:01:41+08:00,1,2,98.2,1630.4,9.92,79934.2,772407.7,98,14471,32768,37,259.06,1060685.32,13164215.68
2026-08-04T23:01:51+08:00,1,2,98.2,1629.9,9.65,78926.1,772407.7,99,19733,32768,37,303.72,1060685.48,13164205.52
2026-08-04T23:02:01+08:00,1,2,98.2,1633.5,9.17,78724.4,772407.7,99,18091,32768,37,220.12,1060676.84,13164215.16
2026-08-04T23:02:11+08:00,1,2,98.2,1631.2,9.30,79030.1,772407.7,97,14611,32768,37,249.48,1060678.52,13164211.48
2026-08-04T23:02:21+08:00,1,2,98.2,1626.5,9.10,79273.0,772407.7,96,19733,32768,36,219.97,1060678.67,13164208.33
2026-08-04T23:02:31+08:00,1,2,98.2,1634.1,9.32,78967.5,772407.7,100,18291,32768,37,297.50,1060678.80,13164231.20
2026-08-04T23:02:41+08:00,1,2,98.2,1631.7,8.81,78831.3,772407.7,99,14771,32768,37,221.38,1060684.42,13164218.58
2026-08-04T23:02:51+08:00,1,2,98.2,1627.0,9.32,78464.9,772407.7,91,19733,32768,36,219.97,1060684.59,13164221.41
2026-08-04T23:03:01+08:00,1,2,98.2,1634.6,9.19,78368.9,772407.7,99,18291,32768,37,271.18,1060684.72,13164216.28
2026-08-04T23:03:11+08:00,1,2,98.2,1632.3,8.47,78391.9,772407.7,99,14911,32768,38,214.42,1060685.84,13164210.16
2026-08-04T23:03:21+08:00,1,2,98.2,1627.7,8.03,79144.8,772407.7,90,19733,32768,36,240.24,1060686.02,13164189.98
2026-08-04T23:03:32+08:00,1,2,98.2,1631.2,7.87,78933.3,772407.7,99,18571,32768,37,254.83,1060686.20,13164173.80
2026-08-04T23:03:42+08:00,1,2,98.2,1633.0,9.22,79466.0,772407.7,98,15051,32768,38,306.64,1060686.84,13164172.16
2026-08-04T23:03:52+08:00,1,2,98.2,1628.4,9.11,78928.0,772407.7,90,12055,32768,34,72.98,1060687.33,13164188.67
2026-08-04T23:04:02+08:00,1,2,98.2,1631.9,9.24,79079.4,772407.7,98,18571,32768,37,239.27,1060687.67,13164202.33
2026-08-04T23:04:12+08:00,1,2,98.2,1629.5,8.97,78981.3,772407.7,98,15051,32768,37,235.05,1060688.04,13164195.96
2026-08-04T23:04:22+08:00,1,2,98.2,1629.1,9.19,78654.0,772407.7,93,8711,32768,34,283.99,1060687.95,13164178.05
2026-08-04T23:04:32+08:00,1,2,98.2,1632.5,9.17,78454.4,772407.7,98,18771,32768,37,299.83,1060688.15,13164186.85
2026-08-04T23:04:42+08:00,1,2,98.2,1630.1,9.45,78673.8,772407.7,97,15051,32768,37,302.55,1060688.36,13164175.64
2026-08-04T23:04:52+08:00,1,2,98.2,1633.7,9.07,78488.4,772407.7,100,13331,32768,35,217.54,1060688.55,13164163.45
2026-08-04T23:05:02+08:00,1,2,98.2,1629.0,8.92,78696.2,772407.7,98,18771,32768,37,229.70,1060688.81,13164177.19
2026-08-04T23:05:12+08:00,1,2,98.2,1630.7,8.63,79051.8,772407.7,98,15055,32768,36,200.29,1060688.91,13164108.09
2026-08-04T23:05:22+08:00,1,2,98.2,1634.2,8.62,78462.3,772407.7,100,13529,32768,35,207.46,1060688.91,13164091.09
2026-08-04T23:05:32+08:00,1,2,98.2,1629.6,8.60,78412.4,772407.7,99,18773,32768,37,293.33,1060688.91,13164102.09
2026-08-04T23:05:42+08:00,1,2,98.2,1631.3,8.94,78812.4,772407.7,94,15053,32768,36,225.32,1060688.91,13164109.09
2026-08-04T23:05:52+08:00,1,2,98.2,1630.8,8.73,78836.9,772407.7,100,13529,32768,36,279.80,1060688.94,13164130.06
2026-08-04T23:06:02+08:00,1,2,98.3,1630.3,9.31,77236.0,772407.7,99,18771,32768,37,286.23,1060688.93,13164154.07
2026-08-04T23:06:12+08:00,1,2,98.3,1627.9,9.64,77486.4,772407.7,96,15055,32768,36,221.58,1060688.93,13164537.07
2026-08-04T23:06:22+08:00,1,2,98.3,1631.4,10.00,77572.4,772407.7,100,13531,32768,36,220.12,1060688.93,13164563.07
2026-08-04T23:06:32+08:00,1,2,98.3,1630.9,10.14,77576.7,772407.7,98,18951,32768,37,315.66,1060688.92,13164582.08
2026-08-04T23:06:42+08:00,1,2,98.3,1628.7,9.81,77728.9,772407.7,85,15055,32768,36,231.31,1060688.91,13164598.09
2026-08-04T23:06:52+08:00,1,2,98.3,1632.1,10.00,78041.0,772407.7,100,13531,32768,36,266.18,1060689.03,13164591.97
2026-08-04T23:07:02+08:00,1,2,98.3,1627.5,10.09,77510.5,772407.7,98,18951,32768,37,215.60,1060684.24,13164545.76
2026-08-04T23:07:12+08:00,1,2,98.3,1629.2,9.46,77858.0,772407.7,86,15055,32768,36,208.93,1060684.26,13164508.74
2026-08-04T23:07:22+08:00,1,2,98.3,1632.6,9.86,77357.8,772407.7,100,13691,32768,36,224.84,1060684.28,13164479.72
2026-08-04T23:07:32+08:00,1,2,98.3,1627.9,9.76,77964.1,772407.7,99,19151,32768,37,268.13,1060684.29,13164454.71
2026-08-04T23:07:42+08:00,1,2,98.3,1625.6,9.80,78965.6,772407.7,89,8375,32768,35,77.82,1060684.31,13164430.69
2026-08-04T23:07:52+08:00,1,2,98.3,1633.1,9.68,78424.1,772407.7,100,13831,32768,37,293.52,1060684.35,13164426.65
2026-08-04T23:08:03+08:00,1,2,98.3,1628.5,9.21,78224.7,772407.7,99,19351,32768,38,310.60,1060684.36,13164414.64
2026-08-04T23:08:13+08:00,1,2,98.3,1627.9,8.80,78527.4,772407.7,100,11269,32768,35,177.15,1060684.38,13165071.62
2026-08-04T23:08:23+08:00,1,2,98.3,1633.6,9.76,78522.6,772407.7,98,13971,32768,37,281.86,1060684.43,13164419.57
2026-08-04T23:08:33+08:00,1,2,98.3,1629.1,10.33,78262.3,772407.7,98,19351,32768,37,207.46,1060684.42,13164420.58
2026-08-04T23:08:43+08:00,1,2,98.3,1628.7,10.60,77995.1,772407.7,100,17429,32768,34,105.11,1060684.45,13164414.55
2026-08-04T23:08:53+08:00,1,2,98.3,1634.5,10.90,78341.8,772407.7,99,13973,32768,37,296.92,1060684.45,13164403.55
2026-08-04T23:09:03+08:00,1,2,98.3,1629.8,10.30,78111.5,772407.7,98,19353,32768,36,249.97,1060684.50,13164393.50
2026-08-04T23:09:13+08:00,1,2,98.3,1629.2,9.49,77609.3,772407.7,100,17431,32768,34,195.91,1060684.50,13164383.50
2026-08-04T23:09:23+08:00,1,2,98.3,1626.9,8.96,78278.2,772407.7,99,13971,32768,37,280.40,1060684.32,13164386.68
2026-08-04T23:09:33+08:00,1,2,98.3,1630.3,8.57,78121.4,772407.7,98,19353,32768,37,287.99,1060684.37,13164386.63
2026-08-04T23:09:43+08:00,1,2,98.3,1629.8,8.09,77040.3,772407.7,100,17709,32768,37,271.84,1060684.40,13164380.60
2026-08-04T23:09:53+08:00,1,2,98.3,1627.5,7.78,77045.9,772407.7,99,14113,32768,37,226.78,1060684.44,13164382.56
2026-08-04T23:10:03+08:00,1,2,98.3,1635.1,7.51,77625.7,772407.7,99,19531,32768,37,262.78,1060684.49,13164366.51
2026-08-04T23:10:13+08:00,1,2,98.3,1630.5,7.20,77818.8,772407.7,100,17911,32768,37,301.58,1060684.53,13164374.47
2026-08-04T23:10:23+08:00,1,2,98.3,1628.1,7.47,77943.4,772407.7,98,14331,32768,37,275.73,1060684.60,13164368.40
2026-08-04T23:10:33+08:00,1,2,98.3,1631.5,7.64,77705.4,772407.7,98,19731,32768,36,272.15,1060684.61,13164401.39
2026-08-04T23:10:43+08:00,1,2,98.3,1631.0,7.53,77718.8,772407.7,99,18089,32768,37,243.65,1060684.66,13164396.34
2026-08-04T23:10:53+08:00,1,2,98.3,1628.6,7.52,78257.1,772407.7,98,14611,32768,37,287.88,1060684.70,13164373.30
2026-08-04T23:11:03+08:00,1,2,98.3,1632.1,7.75,78521.7,772407.7,92,19733,32768,36,217.69,1060684.77,13164361.23
2026-08-04T23:11:13+08:00,1,2,98.3,1631.5,7.65,78557.9,772407.7,98,18113,32768,37,239.10,1060684.81,13164350.19
2026-08-04T23:11:23+08:00,1,2,98.3,1629.2,7.47,79295.4,772407.7,98,14773,32768,37,215.74,1060684.88,13164337.12
2026-08-04T23:11:34+08:00,1,2,98.3,1632.6,7.32,79567.2,772407.7,87,19733,32768,36,214.91,1060684.92,13164663.08
2026-08-04T23:11:44+08:00,1,2,98.3,1627.9,7.41,78997.8,772407.7,99,18571,32768,38,286.53,1060684.96,13164313.04
2026-08-04T23:11:54+08:00,1,2,98.3,1625.7,7.89,79650.8,772407.7,98,14913,32768,37,277.55,1060685.04,13164326.96
2026-08-04T23:12:04+08:00,1,2,98.3,1633.2,8.28,78275.8,772407.7,90,19733,32768,36,221.09,1060685.10,13164356.90
2026-08-04T23:12:14+08:00,1,2,98.3,1628.6,8.01,78476.3,772407.7,98,18771,32768,38,301.09,1060685.18,13164357.82
2026-08-04T23:12:24+08:00,1,2,98.3,1626.3,8.27,77996.6,772407.7,98,15053,32768,37,213.59,1060685.29,13164347.71
2026-08-04T23:12:34+08:00,1,2,98.3,1633.8,8.79,78775.0,772407.7,100,13529,32768,36,310.04,1060685.41,13164319.59
2026-08-04T23:12:44+08:00,1,2,98.3,1629.2,9.13,78756.3,772407.7,99,18951,32768,38,283.02,1060685.50,13164301.50
2026-08-04T23:12:54+08:00,1,2,98.3,1630.9,8.89,78300.6,772407.7,92,15055,32768,36,206.00,1060685.59,13164385.41
2026-08-04T23:13:04+08:00,1,2,98.3,1634.4,8.98,77590.4,772407.7,100,13693,32768,37,312.95,1060685.70,13164638.30
2026-08-04T23:13:14+08:00,1,2,98.3,1629.9,8.83,78152.9,772407.7,100,19151,32768,38,302.35,1060685.47,13164718.53
2026-08-04T23:13:24+08:00,1,2,98.3,1631.6,8.62,78451.6,772407.7,88,12775,32768,35,82.21,1060682.47,13164764.53
2026-08-04T23:13:34+08:00,1,2,98.4,1631.0,8.60,77735.5,772407.7,100,13831,32768,37,304.29,1060679.29,13164770.71
2026-08-04T23:13:44+08:00,1,2,98.4,1630.6,8.75,78707.8,772407.7,99,19351,32768,38,305.46,1060676.07,13164752.93
2026-08-04T23:13:54+08:00,1,2,98.4,1630.0,9.15,77551.1,772407.7,100,11309,32768,35,241.38,1060672.95,13164707.05
2026-08-04T23:14:04+08:00,1,2,98.4,1627.6,9.12,77681.7,772407.7,99,13831,32768,37,265.35,1060669.84,13164667.16
2026-08-04T23:14:14+08:00,1,2,98.4,1631.0,8.88,78000.8,772407.7,99,19353,32768,37,216.23,1060666.22,13164624.78
2026-08-04T23:14:24+08:00,1,2,98.4,1630.5,8.58,77421.2,772407.7,98,17429,32768,35,230.19,1060663.10,13164590.90
2026-08-04T23:14:34+08:00,1,2,98.4,1628.2,9.03,77731.8,772407.7,99,13971,32768,38,306.15,1060659.93,13165254.07
2026-08-04T23:14:44+08:00,1,2,98.4,1631.6,8.79,78046.2,772407.7,98,19351,32768,37,212.96,1060656.97,13164552.03
2026-08-04T23:14:54+08:00,1,2,98.4,1631.0,8.44,77508.9,772407.7,100,17711,32768,37,282.35,1060653.59,13164541.41
2026-08-04T23:15:05+08:00,1,2,98.4,1628.7,8.79,77314.7,772407.7,98,14111,32768,37,260.03,1060650.07,13164529.93
2026-08-04T23:15:15+08:00,1,2,98.4,1632.1,8.90,77365.3,772407.7,98,19531,32768,37,219.63,1060649.31,13164516.69
2026-08-04T23:15:25+08:00,1,2,98.4,1631.6,8.99,77551.8,772407.7,100,17709,32768,36,237.15,1060649.48,13164501.52
2026-08-04T23:15:35+08:00,1,2,98.4,1629.2,11.52,77733.4,772407.7,98,14111,32768,37,259.69,1060649.72,13164471.28
2026-08-04T23:15:45+08:00,1,2,98.4,1632.8,11.84,77288.2,772407.7,100,19531,32768,38,244.62,1060649.94,13164466.06
2026-08-04T23:15:55+08:00,1,2,98.4,1628.2,10.87,76655.8,772407.7,100,17909,32768,37,306.43,1060650.17,13164446.83
2026-08-04T23:16:05+08:00,1,2,98.4,1625.9,10.65,77491.3,772407.7,99,14331,32768,37,261.15,1060650.48,13164444.52
2026-08-04T23:16:15+08:00,1,2,98.4,1633.4,10.86,78168.0,772407.7,100,19731,32768,37,220.46,1060651.39,13164435.61
2026-08-04T23:16:25+08:00,1,2,98.4,1628.7,10.81,77751.5,772407.7,98,17911,32768,36,221.73,1060652.85,13164405.15
2026-08-04T23:16:35+08:00,1,2,98.4,1626.4,10.45,77674.2,772407.7,98,14331,32768,37,281.56,1060653.73,13164404.27
2026-08-04T23:16:45+08:00,1,2,98.4,1633.9,10.59,77250.2,772407.7,98,19731,32768,37,234.90,1060653.80,13164342.20
2026-08-04T23:16:55+08:00,1,2,98.4,1629.2,10.51,78267.0,772407.7,92,17911,32768,36,288.18,1060654.20,13164342.80
2026-08-04T23:17:05+08:00,1,2,98.4,1626.9,10.58,77771.8,772407.7,98,14471,32768,37,286.53,1060654.44,13164333.56
2026-08-04T23:17:15+08:00,1,2,98.4,1634.5,10.34,77563.3,772407.7,99,19733,32768,36,248.02,1060654.70,13164316.30
2026-08-04T23:17:25+08:00,1,2,98.4,1629.9,10.60,77754.1,772407.7,93,18093,32768,37,304.69,1060654.94,13164302.06
2026-08-04T23:17:35+08:00,1,2,98.4,1631.7,10.11,77615.1,772407.7,99,14473,32768,37,260.17,1060654.53,13164296.47
2026-08-04T23:17:45+08:00,1,2,98.4,1631.0,9.34,77721.2,772407.7,94,19731,32768,37,230.68,1060655.03,13164281.97
2026-08-04T23:17:55+08:00,1,2,98.4,1630.6,9.36,78112.8,772407.7,98,18291,32768,38,303.04,1060655.08,13164280.92
2026-08-04T23:18:05+08:00,1,2,98.4,1632.3,9.30,78276.0,772407.7,99,14611,32768,37,285.08,1060654.78,13164254.22
2026-08-04T23:18:15+08:00,1,2,98.4,1631.7,9.80,78665.2,772407.7,94,19733,32768,36,240.24,1060655.18,13164230.82
2026-08-04T23:18:25+08:00,1,2,98.4,1627.0,9.52,78088.8,772407.7,99,18293,32768,37,216.71,1060654.88,13164216.12
2026-08-04T23:18:35+08:00,1,2,98.4,1632.9,8.97,77468.3,772407.7,98,14911,32768,38,304.01,1060655.22,13164221.78
2026-08-04T23:18:45+08:00,1,2,98.4,1628.3,8.59,77185.3,772407.7,89,19735,32768,36,237.97,1060655.31,13164223.69
2026-08-04T23:18:55+08:00,1,2,98.4,1631.6,8.27,77279.0,772407.7,98,18571,32768,36,216.85,1060655.38,13164223.62
2026-08-04T23:19:05+08:00,1,2,98.4,1633.4,8.22,77288.6,772407.7,98,15051,32768,37,304.98,1060650.21,13164232.79
2026-08-04T23:19:16+08:00,1,2,98.4,1628.9,8.86,77345.0,772407.7,97,1971,32768,34,114.46,1060650.26,13164224.74
2026-08-04T23:19:26+08:00,1,2,98.4,1632.3,12.31,77178.5,772407.7,99,18771,32768,38,296.73,1060650.31,13164202.69
2026-08-04T23:19:36+08:00,1,2,98.4,1630.0,11.74,76506.2,772407.7,98,15051,32768,37,254.51,1060650.19,13164188.81
2026-08-04T23:19:46+08:00,1,2,98.4,1629.4,11.24,76671.0,772407.7,100,13331,32768,36,288.96,1060650.34,13164195.66
2026-08-04T23:19:56+08:00,1,2,98.4,1632.8,11.20,76601.1,772407.7,98,18771,32768,37,271.05,1060641.69,13164212.31
2026-08-04T23:20:06+08:00,1,2,98.4,1630.5,10.70,77288.1,772407.7,98,15053,32768,37,210.38,1060642.88,13164214.12
2026-08-04T23:20:16+08:00,1,2,98.4,1625.8,10.99,77388.3,772407.7,100,13529,32768,36,235.05,1060642.96,13164214.04
2026-08-04T23:20:26+08:00,1,2,98.4,1633.4,10.59,77589.1,772407.7,98,18951,32768,37,246.56,1060643.00,13164209.00
2026-08-04T23:20:36+08:00,1,2,98.4,1631.1,10.28,77361.4,772407.7,95,15053,32768,36,219.63,1060649.02,13164228.98
2026-08-04T23:20:46+08:00,1,2,98.4,1626.4,9.79,76578.2,772407.7,100,13691,32768,37,260.03,1060649.08,13164275.92
2026-08-04T23:20:56+08:00,1,2,98.4,1634.0,9.73,76927.9,772407.7,98,19151,32768,38,245.59,1060649.15,13164416.85
2026-08-04T23:21:06+08:00,1,2,98.4,1631.7,9.22,76718.3,772407.7,89,13555,32768,36,135.79,1060650.16,13164427.84
2026-08-04T23:21:16+08:00,1,2,98.5,1627.2,9.04,77322.6,772407.7,99,13831,32768,37,223.67,1060650.21,13164405.79
2026-08-04T23:21:26+08:00,1,2,98.5,1630.6,9.03,77188.5,772407.7,100,19151,32768,37,272.15,1060650.06,13164383.94
2026-08-04T23:21:36+08:00,1,2,98.5,1632.5,8.88,76826.9,772407.7,94,1855,32768,34,72.49,1060650.77,13164280.23
2026-08-04T23:21:46+08:00,1,2,98.5,1627.9,8.51,76736.8,772407.7,98,13831,32768,37,277.49,1060651.01,13164237.99
2026-08-04T23:21:56+08:00,1,2,98.5,1631.5,8.45,77087.2,772407.7,99,19351,32768,37,212.82,1060651.11,13164199.89
2026-08-04T23:22:06+08:00,1,2,98.5,1630.9,8.17,77277.0,772407.7,95,17429,32768,35,207.60,1060651.18,13164172.82
2026-08-04T23:22:16+08:00,1,2,98.5,1628.6,8.38,77671.4,772407.7,98,13971,32768,37,278.83,1060651.28,13164141.72
2026-08-04T23:22:26+08:00,1,2,98.5,1632.3,8.07,77311.8,772407.7,100,19531,32768,38,285.26,1060651.40,13164124.60
2026-08-04T23:22:36+08:00,1,2,98.5,1627.6,8.37,77186.0,772407.7,100,17709,32768,37,283.02,1060651.45,13164102.55
2026-08-04T23:22:47+08:00,1,2,98.5,1633.4,8.29,77341.7,772407.7,98,14111,32768,37,305.87,1060651.56,13164062.44
2026-08-04T23:22:57+08:00,1,2,98.5,1632.8,8.25,77935.3,772407.7,98,19531,32768,37,254.83,1060651.96,13164031.04
2026-08-04T23:23:07+08:00,1,2,98.5,1628.1,8.45,77558.4,772407.7,100,17913,32768,37,278.16,1060652.03,13163995.97
2026-08-04T23:23:17+08:00,1,2,98.5,1629.9,8.77,77950.9,772407.7,98,14473,32768,38,293.23,1060652.12,13163971.88
2026-08-04T23:23:27+08:00,1,2,98.5,1633.3,8.72,77752.5,772407.7,98,19733,32768,37,228.88,1060651.90,13163979.10
2026-08-04T23:23:37+08:00,1,2,98.5,1628.6,8.69,77838.0,772407.7,99,17911,32768,37,284.78,1060653.53,13163953.47
2026-08-04T23:23:47+08:00,1,2,98.5,1630.4,8.43,78101.7,772407.7,98,14471,32768,37,252.40,1060654.02,13163945.98
2026-08-04T23:23:57+08:00,1,2,98.5,1633.9,8.65,77908.6,772407.7,99,19733,32768,37,302.26,1060653.84,13163939.16
2026-08-04T23:24:07+08:00,1,2,98.5,1629.3,8.77,77727.7,772407.7,99,18089,32768,37,294.78,1060654.00,13163948.00
2026-08-04T23:24:17+08:00,1,2,98.5,1631.1,8.66,77088.1,772407.7,98,14611,32768,38,296.92,1060654.08,13163980.92
2026-08-04T23:24:27+08:00,1,2,98.5,1626.5,8.88,77149.4,772407.7,100,19731,32768,37,203.08,1060654.21,13163993.79
2026-08-04T23:24:37+08:00,1,2,98.5,1634.1,9.20,77201.2,772407.7,98,18091,32768,36,213.93,1060654.37,13163996.63
2026-08-04T23:24:47+08:00,1,2,98.5,1631.8,9.10,76776.6,772407.7,98,14611,32768,37,243.81,1060654.47,13164021.53
2026-08-04T23:24:57+08:00,1,2,98.5,1627.2,9.17,77942.0,772407.7,95,19733,32768,36,222.36,1060654.65,13164033.35
2026-08-04T23:25:07+08:00,1,2,98.5,1634.9,9.21,77275.8,772407.7,99,18291,32768,38,274.27,1060654.80,13164040.20
2026-08-04T23:25:17+08:00,1,2,98.5,1632.6,11.60,77182.2,772407.7,98,14771,32768,37,261.12,1060654.94,13164067.06
2026-08-04T23:25:27+08:00,1,2,98.5,1627.9,11.51,77553.6,772407.7,91,19733,32768,36,223.04,1060655.07,13164082.93
2026-08-04T23:25:37+08:00,1,2,98.5,1631.4,11.51,77064.9,772407.7,99,18571,32768,37,302.75,1060655.21,13164098.79
2026-08-04T23:25:47+08:00,1,2,98.5,1633.2,10.67,76244.8,772407.7,98,14911,32768,37,267.47,1060656.66,13164091.34
2026-08-04T23:25:57+08:00,1,2,98.5,1628.5,10.11,76470.1,772407.7,92,17193,32768,36,86.61,1060657.77,13164096.23
2026-08-04T23:26:08+08:00,1,2,98.5,1631.9,10.65,78656.4,772407.7,97,18573,32768,37,238.46,1060658.61,13164125.39
2026-08-04T23:26:18+08:00,1,2,98.5,1629.5,10.49,77761.7,772407.7,99,15051,32768,37,247.54,1060658.79,13164158.21
2026-08-04T23:26:28+08:00,1,2,98.5,1629.0,9.81,77820.2,772407.7,93,2295,32768,33,72.49,1060658.95,13164174.05
2026-08-04T23:26:38+08:00,1,2,98.5,1632.5,10.03,78109.8,772407.7,98,18771,32768,38,303.04,1060659.15,13164183.85
2026-08-04T23:26:48+08:00,1,2,98.5,1630.2,9.72,78174.2,772407.7,96,15053,32768,37,226.30,1060659.59,13164170.41
2026-08-04T23:26:58+08:00,1,2,98.5,1629.7,9.15,78611.8,772407.7,100,13331,32768,34,196.89,1060659.54,13164155.46
2026-08-04T23:27:08+08:00,1,2,98.5,1633.1,8.50,78279.9,772407.7,99,18953,32768,38,284.48,1060659.68,13164125.32
2026-08-04T23:27:18+08:00,1,2,98.5,1630.8,8.20,78334.8,772407.7,92,15055,32768,36,225.47,1060659.90,13164138.10
2026-08-04T23:27:28+08:00,1,2,98.5,1630.2,8.41,78308.4,772407.7,100,13529,32768,36,212.96,1060660.10,13164177.90
2026-08-04T23:27:38+08:00,1,2,98.5,1633.6,9.04,77898.0,772407.7,98,18953,32768,37,271.00,1060660.26,13164160.74
2026-08-04T23:27:48+08:00,1,2,98.5,1631.3,9.12,78211.2,772407.7,89,15055,32768,36,220.95,1060660.48,13164161.52
2026-08-04T23:27:58+08:00,1,2,98.5,1630.8,9.03,78141.6,772407.7,99,13691,32768,37,283.02,1060660.69,13164189.31
2026-08-04T23:28:08+08:00,1,2,98.5,1630.1,8.78,78072.5,772407.7,99,19151,32768,37,235.05,1060661.20,13164208.80
2026-08-04T23:28:18+08:00,1,2,98.5,1631.9,8.83,77818.0,772407.7,89,7495,32768,34,72.44,1060661.97,13164208.03
2026-08-04T23:28:28+08:00,1,2,98.5,1631.3,8.71,77728.2,772407.7,99,13831,32768,37,250.78,1060663.83,13164349.17
2026-08-04T23:28:38+08:00,1,2,98.6,1630.6,8.99,78363.7,772407.7,99,19351,32768,38,303.52,1060664.06,13164393.94
2026-08-04T23:28:48+08:00,1,2,98.6,1634.2,9.07,78173.1,772407.7,99,17429,32768,34,109.65,1060664.23,13164406.77
2026-08-04T23:28:58+08:00,1,2,98.6,1631.8,8.75,78178.8,772407.7,98,13973,32768,37,299.15,1060664.49,13164429.51
2026-08-04T23:29:08+08:00,1,2,98.6,1627.1,8.64,76894.6,772407.7,98,19351,32768,37,216.71,1060664.73,13164446.27
2026-08-04T23:29:18+08:00,1,2,98.6,1630.6,8.24,76871.0,772407.7,100,17709,32768,36,295.27,1060664.97,13164434.03
2026-08-04T23:29:29+08:00,1,2,98.6,1632.4,8.06,76923.4,772407.7,98,14111,32768,37,305.46,1060665.21,13164468.79
2026-08-04T23:29:39+08:00,1,2,98.5,1627.8,8.28,77621.5,772407.7,99,19531,32768,37,231.80,1060665.45,13164443.55
2026-08-04T23:29:49+08:00,1,2,98.6,1631.3,8.16,77281.8,772407.7,99,17911,32768,37,298.18,1060665.55,13164424.45
2026-08-04T23:29:59+08:00,1,2,98.6,1628.9,7.99,77592.4,772407.7,98,14111,32768,37,287.39,1060665.65,13164409.35
2026-08-04T23:30:09+08:00,1,2,98.6,1628.5,8.29,78027.3,772407.7,99,19531,32768,37,289.34,1060665.94,13164370.06
2026-08-04T23:30:19+08:00,1,2,98.6,1631.9,8.48,77712.3,772407.7,100,17911,32768,37,303.52,1060665.99,13164363.01
2026-08-04T23:30:29+08:00,1,2,98.6,1629.5,8.11,77774.9,772407.7,98,14331,32768,36,211.85,1060666.48,13164340.52
2026-08-04T23:30:39+08:00,1,2,98.6,1629.1,7.87,78775.8,772407.7,98,19731,32768,38,296.73,1060666.08,13164330.92
2026-08-04T23:30:49+08:00,1,2,98.6,1632.6,8.05,79667.7,772407.7,99,17911,32768,36,266.80,1060666.12,13164305.88
2026-08-04T23:30:59+08:00,1,2,98.6,1630.3,8.12,78925.5,772407.7,99,14471,32768,37,225.47,1060666.18,13164281.82
2026-08-04T23:31:09+08:00,1,2,98.6,1625.7,8.04,78994.0,772407.7,99,19733,32768,37,218.66,1060666.22,13164615.78
2026-08-04T23:31:19+08:00,1,2,98.6,1633.2,8.21,79051.3,772407.7,98,18091,32768,37,247.05,1060661.03,13164594.97
2026-08-04T23:31:29+08:00,1,2,98.6,1630.8,8.48,79959.1,772407.7,99,14611,32768,37,215.54,1060661.09,13164259.91
2026-08-04T23:31:39+08:00,1,2,98.6,1630.3,8.69,79343.8,772407.7,94,19733,32768,36,227.76,1060661.15,13164245.85
2026-08-04T23:31:49+08:00,1,2,98.6,1633.8,8.27,79201.1,772407.7,99,18291,32768,37,214.91,1060661.20,13164239.80
2026-08-04T23:31:59+08:00,1,2,98.6,1631.4,8.38,78914.1,772407.7,98,14771,32768,37,312.95,1060661.27,13164252.73
2026-08-04T23:32:09+08:00,1,2,98.6,1630.9,8.47,79455.8,772407.7,89,19733,32768,36,229.52,1060661.33,13164270.67
2026-08-04T23:32:19+08:00,1,2,98.6,1630.2,8.54,79497.7,772407.7,100,18293,32768,37,261.15,1060661.39,13164392.61
2026-08-04T23:32:29+08:00,1,2,98.6,1632.0,8.37,79150.2,772407.7,98,14911,32768,37,271.35,1060661.46,13164414.54
2026-08-04T23:32:39+08:00,1,2,98.6,1631.6,8.34,79114.0,772407.7,91,19735,32768,36,233.26,1060661.52,13164388.48
2026-08-04T23:32:49+08:00,1,2,98.6,1631.0,8.50,79027.3,772407.7,99,18571,32768,37,215.25,1060661.58,13164354.42
2026-08-04T23:33:00+08:00,1,2,98.6,1628.6,8.51,77777.1,772407.7,98,15051,32768,38,321.48,1060661.64,13164332.36
2026-08-04T23:33:10+08:00,1,2,98.6,1632.2,8.56,77599.8,772407.7,92,6411,32768,35,258.72,1060661.70,13164278.30
2026-08-04T23:33:20+08:00,1,2,98.6,1627.5,8.56,77976.1,772407.7,98,18771,32768,38,292.55,1060661.76,13164242.24
2026-08-04T23:33:30+08:00,1,2,98.6,1629.1,8.17,77889.2,772407.7,98,15051,32768,37,252.90,1060661.84,13164203.16
2026-08-04T23:33:40+08:00,1,2,98.6,1632.7,8.14,77787.2,772407.7,100,13329,32768,34,198.70,1060661.88,13164162.12
2026-08-04T23:33:50+08:00,1,2,98.6,1628.1,8.51,77791.8,772407.7,98,18811,32768,37,270.20,1060661.75,13164118.25
2026-08-04T23:34:00+08:00,1,2,98.6,1629.7,8.45,77954.0,772407.7,99,15055,32768,37,201.27,1060661.83,13164085.17
2026-08-04T23:34:10+08:00,1,2,98.6,1629.3,8.92,78115.4,772407.7,100,13531,32768,36,224.16,1060661.91,13164066.09
2026-08-04T23:34:20+08:00,1,2,98.6,1628.8,9.00,77497.0,772407.7,98,18951,32768,37,222.89,1060661.99,13164028.01
2026-08-04T23:34:30+08:00,1,2,98.6,1630.4,9.31,78722.0,772407.7,90,15055,32768,36,232.93,1060662.08,13163987.92
2026-08-04T23:34:40+08:00,1,2,98.6,1629.9,9.41,78389.1,772407.7,100,13691,32768,37,298.86,1060662.16,13163960.84
2026-08-04T23:34:50+08:00,1,2,98.6,1629.4,9.28,77705.8,772407.7,99,19153,32768,37,314.96,1060662.25,13163945.75
2026-08-04T23:35:00+08:00,1,2,98.6,1631.1,9.53,77547.8,772407.7,86,15055,32768,36,223.67,1060662.32,13163947.68
2026-08-04T23:35:10+08:00,1,2,98.6,1630.5,9.45,78066.9,772407.7,100,13831,32768,37,282.35,1060662.40,13163971.60
2026-08-04T23:35:20+08:00,1,2,98.6,1630.0,9.54,77812.4,772407.7,99,19151,32768,36,249.97,1060662.47,13163968.53
2026-08-04T23:35:30+08:00,1,2,98.6,1631.7,9.60,77425.5,772407.7,88,3375,32768,34,72.98,1060662.57,13163966.43
2026-08-04T23:35:40+08:00,1,2,98.6,1631.1,9.42,77169.8,772407.7,98,13971,32768,37,289.93,1060662.65,13163964.35
2026-08-04T23:35:50+08:00,1,2,98.6,1626.5,9.36,77337.3,772407.7,99,19353,32768,37,246.56,1060662.74,13163969.26
2026-08-04T23:36:00+08:00,1,2,98.6,1634.1,9.07,77371.7,772407.7,100,17431,32768,34,132.86,1060662.82,13163977.18
2026-08-04T23:36:10+08:00,1,2,98.6,1631.8,8.99,76975.2,772407.7,98,13971,32768,37,268.08,1060662.88,13163991.12
2026-08-04T23:36:20+08:00,1,2,98.6,1627.2,8.83,77316.3,772407.7,99,19531,32768,38,278.95,1060662.99,13164009.01
2026-08-04T23:36:31+08:00,1,2,98.6,1634.9,7.94,76805.1,772407.7,100,17709,32768,36,212.82,1060662.99,13164019.01
2026-08-04T23:36:41+08:00,1,2,98.6,1632.6,8.10,77382.0,772407.7,99,14111,32768,36,219.15,1060663.07,13164050.93
2026-08-04T23:36:51+08:00,1,2,98.6,1627.9,8.08,77520.9,772407.7,99,19533,32768,37,276.52,1060663.18,13164070.82
2026-08-04T23:37:01+08:00,1,2,98.6,1631.4,8.60,77109.1,772407.7,100,17911,32768,37,279.62,1060663.32,13164081.68
2026-08-04T23:37:11+08:00,1,2,98.6,1633.1,9.65,77782.5,772407.7,98,14331,32768,37,217.00,1060663.47,13164069.53
2026-08-04T23:37:21+08:00,1,2,98.6,1632.6,9.92,77155.9,772407.7,99,19733,32768,38,301.09,1060663.61,13164081.39
2026-08-04T23:37:31+08:00,1,2,98.6,1631.9,10.23,77383.6,772407.7,100,17911,32768,37,246.24,1060663.74,13164081.26
2026-08-04T23:37:41+08:00,1,2,98.6,1629.6,9.73,77225.6,772407.7,99,14471,32768,38,303.52,1060655.72,13164078.28
2026-08-04T23:37:51+08:00,1,2,98.6,1633.1,9.64,77709.3,772407.7,98,19733,32768,37,279.99,1060655.87,13164074.13
2026-08-04T23:38:01+08:00,1,2,98.6,1632.5,9.61,77345.9,772407.7,96,18091,32768,37,303.24,1060656.01,13164077.99
2026-08-04T23:38:11+08:00,1,2,98.6,1630.1,9.51,77473.8,772407.7,98,14613,32768,37,307.69,1060643.54,13164048.46
2026-08-04T23:38:21+08:00,1,2,98.6,1629.6,9.67,77124.2,772407.7,97,19731,32768,37,221.09,1060643.06,13164026.94
2026-08-04T23:38:31+08:00,1,2,98.6,1629.0,10.92,77284.0,772407.7,98,18091,32768,37,253.85,1060643.82,13163992.18
2026-08-04T23:38:41+08:00,1,2,98.6,1630.6,10.84,77309.5,772407.7,98,14611,32768,37,265.21,1060644.02,13163980.98
2026-08-04T23:38:51+08:00,1,2,98.6,1630.1,10.41,76987.7,772407.7,92,19733,32768,36,232.95,1060645.47,13163966.53
2026-08-04T23:39:01+08:00,1,2,98.6,1629.5,10.10,76984.0,772407.7,99,18291,32768,37,264.24,1060645.67,13163963.33
2026-08-04T23:39:11+08:00,1,2,98.6,1631.1,9.87,77368.4,772407.7,98,14771,32768,37,273.91,1060646.04,13163949.96
2026-08-04T23:39:21+08:00,1,2,98.6,1630.6,10.13,76754.8,772407.7,91,19733,32768,36,233.93,1060646.37,13163939.63
2026-08-04T23:39:31+08:00,1,2,98.7,1625.9,10.70,77289.4,772407.7,98,18571,32768,37,208.57,1060647.37,13163918.63
2026-08-04T23:39:41+08:00,1,2,98.7,1631.7,10.21,77246.9,772407.7,99,15051,32768,38,298.67,1060647.56,13163894.44
2026-08-04T23:39:51+08:00,1,2,98.7,1631.1,10.15,77189.0,772407.7,92,3193,32768,34,72.44,1060647.74,13163887.26
2026-08-04T23:40:02+08:00,1,2,98.5,1626.6,10.39,74048.2,772407.7,0,1025,32768,29,56.35,1060648.05,13163909.95
2026-08-04T23:40:12+08:00,1,2,98.4,1626.6,10.09,74527.7,772407.7,0,1025,32768,29,55.86,1060648.73,13163903.27
2026-08-04T23:40:22+08:00,1,2,98.2,1626.6,9.69,74932.7,772407.7,0,1025,32768,29,56.35,1060649.51,13163901.49
2026-08-04T23:40:32+08:00,1,2,98.1,1626.6,9.12,76387.6,772407.7,0,1025,32768,29,55.86,1060649.71,13163911.29
2026-08-04T23:40:42+08:00,1,2,97.9,1626.6,8.86,77067.5,772407.7,0,1025,32768,29,55.90,1060650.18,13163898.82
2026-08-04T23:40:52+08:00,1,2,97.8,1626.6,8.50,77835.9,772407.7,0,1025,32768,29,55.94,1060650.72,13163922.28
2026-08-04T23:41:02+08:00,1,2,97.8,1705.3,8.27,75247.4,772407.7,0,1027,32768,29,55.94,1060651.60,13163949.40
2026-08-04T23:41:12+08:00,1,2,97.6,1703.3,7.77,74157.2,772407.7,0,1027,32768,29,55.97,1060652.26,13163963.74
2026-08-04T23:41:22+08:00,1,2,97.5,1703.3,8.12,74403.0,772407.7,0,1027,32768,29,55.97,1060652.66,13164210.34
2026-08-04T23:41:32+08:00,1,2,97.3,1703.3,8.09,75000.5,772407.7,0,1027,32768,29,55.90,1060653.78,13164379.22
2026-08-04T23:41:42+08:00,1,2,97.2,1703.3,8.06,75930.3,772407.7,0,1027,32768,29,55.86,1060654.32,13164418.68
2026-08-04T23:41:52+08:00,1,2,97.0,1703.3,7.98,77015.0,772407.7,0,1027,32768,29,55.86,1060655.01,13164425.99
2026-08-04T23:42:02+08:00,1,2,96.9,1703.3,8.36,77600.1,772407.7,0,1027,32768,29,55.86,1060655.55,13164437.45
2026-08-04T23:42:12+08:00,1,2,96.9,1706.9,8.75,73881.4,772407.7,0,1027,32768,29,55.97,1060656.08,13164417.92
2026-08-04T23:42:22+08:00,1,2,96.7,1706.9,8.86,75123.8,772407.7,0,1027,32768,29,55.86,1060656.52,13164395.48
2026-08-04T23:42:32+08:00,1,2,96.6,1706.9,8.80,75076.7,772407.7,0,1027,32768,29,55.90,1060656.84,13164356.16
2026-08-04T23:42:42+08:00,1,2,96.4,1706.9,9.06,76261.8,772407.7,0,1027,32768,29,55.86,1060657.22,13164372.78
2026-08-04T23:42:52+08:00,1,2,96.3,1706.9,9.30,76959.2,772407.7,0,1027,32768,29,55.86,1060657.55,13164347.45
2026-08-04T23:43:02+08:00,1,2,96.1,1706.9,8.71,78147.1,772407.7,0,1027,32768,29,55.90,1060657.87,13164318.13
2026-08-04T23:43:12+08:00,1,2,96.1,1706.9,8.52,78750.4,772407.7,98,15051,32768,36,262.61,1060658.18,13164295.82
2026-08-04T23:43:22+08:00,1,2,96.1,1710.5,8.65,78129.3,772407.7,100,13331,32768,34,162.03,1060658.79,13164300.21
2026-08-04T23:43:32+08:00,1,2,96.1,1672.4,8.56,78249.6,772407.7,98,18953,32768,37,299.64,1060658.88,13164313.12
2026-08-04T23:43:42+08:00,1,2,96.1,1670.1,8.80,77184.5,772407.7,88,15053,32768,36,226.26,1060659.21,13164310.79
2026-08-04T23:43:53+08:00,1,2,96.1,1677.7,9.33,76833.0,772407.7,100,13529,32768,36,276.21,1060654.32,13164339.68
2026-08-04T23:44:03+08:00,1,2,96.1,1673.1,8.96,77089.0,772407.7,99,19151,32768,38,314.96,1060654.64,13164327.36
2026-08-04T23:44:13+08:00,1,2,96.1,1670.8,8.80,78489.8,772407.7,87,7815,32768,35,76.40,1060654.98,13164339.02
2026-08-04T23:44:23+08:00,1,2,96.1,1674.1,8.80,77420.2,772407.7,98,13831,32768,37,270.20,1060655.33,13165002.67
2026-08-04T23:44:33+08:00,1,2,96.1,1673.5,8.92,77888.8,772407.7,99,19151,32768,37,246.56,1060655.69,13164337.31
2026-08-04T23:44:43+08:00,1,2,96.1,1677.0,8.85,77740.4,772407.7,94,8911,32768,34,254.99,1060656.08,13164341.92
2026-08-04T23:44:53+08:00,1,2,96.1,1674.6,8.78,78328.1,772407.7,99,13833,32768,37,257.26,1060656.37,13164356.63
2026-08-04T23:45:03+08:00,1,2,96.1,1670.0,8.96,78399.9,772407.7,98,19353,32768,38,251.91,1060656.84,13164358.16
2026-08-04T23:45:13+08:00,1,2,96.1,1673.7,9.20,78631.3,772407.7,100,17429,32768,34,198.12,1060657.18,13164349.82
2026-08-04T23:45:23+08:00,1,2,96.1,1675.3,9.47,78482.7,772407.7,99,13971,32768,37,232.13,1060657.62,13164364.38
2026-08-04T23:45:33+08:00,1,2,96.1,1670.6,9.61,78637.9,772407.7,98,19353,32768,37,246.40,1060657.91,13164376.09
2026-08-04T23:45:43+08:00,1,2,96.2,1674.1,9.71,78520.6,772407.7,100,17469,32768,36,294.30,1060658.25,13164362.75
2026-08-04T23:45:53+08:00,1,2,96.2,1675.8,8.98,78591.0,772407.7,99,14113,32768,37,254.02,1060658.62,13164374.38
2026-08-04T23:46:03+08:00,1,2,96.2,1671.1,8.74,78745.8,772407.7,99,19531,32768,37,279.92,1060658.96,13164384.04
2026-08-04T23:46:13+08:00,1,2,96.2,1674.6,9.17,79110.0,772407.7,100,17909,32768,37,266.49,1060659.28,13164395.72
2026-08-04T23:46:23+08:00,1,2,96.2,1676.3,8.76,78505.5,772407.7,99,14473,32768,37,308.38,1060659.49,13164412.51
2026-08-04T23:46:33+08:00,1,2,96.2,1675.7,9.22,78200.5,772407.7,99,19733,32768,37,312.26,1060659.87,13164412.13
2026-08-04T23:46:43+08:00,1,2,96.2,1671.0,9.19,77556.2,772407.7,99,18089,32768,37,232.13,1060661.55,13164387.45
2026-08-04T23:46:53+08:00,1,2,96.2,1672.8,9.29,77676.6,772407.7,98,14613,32768,37,271.18,1060662.58,13164376.42
2026-08-04T23:47:03+08:00,1,2,96.2,1676.2,9.47,77655.2,772407.7,95,19733,32768,36,225.96,1060663.76,13164432.24
2026-08-04T23:47:13+08:00,1,2,96.2,1671.6,9.62,77410.1,772407.7,99,18293,32768,37,286.72,1060663.96,13164520.04
2026-08-04T23:47:23+08:00,1,2,96.2,1669.3,9.82,78085.4,772407.7,98,14911,32768,38,301.58,1060664.32,13164538.68
2026-08-04T23:47:33+08:00,1,2,96.2,1677.0,9.92,77455.2,772407.7,90,19735,32768,36,235.69,1060664.78,13164519.22
2026-08-04T23:47:43+08:00,1,2,96.2,1672.3,9.38,77637.1,772407.7,98,18571,32768,37,208.09,1060665.09,13165173.91
2026-08-04T23:47:53+08:00,1,2,96.2,1670.0,9.39,77502.0,772407.7,99,14911,32768,37,258.23,1060665.42,13164434.58
2026-08-04T23:48:03+08:00,1,2,96.2,1673.6,9.32,78114.0,772407.7,90,19733,32768,36,238.94,1060665.78,13164372.22
2026-08-04T23:48:13+08:00,1,2,96.2,1673.1,8.95,78041.3,772407.7,99,18571,32768,37,311.01,1060665.70,13164287.30
2026-08-04T23:48:24+08:00,1,2,96.2,1670.7,8.95,77819.3,772407.7,97,15051,32768,38,258.23,1060665.84,13164186.16
2026-08-04T23:48:34+08:00,1,2,96.2,1674.2,9.11,78040.3,772407.7,92,10295,32768,35,73.96,1060666.01,13164137.99
2026-08-04T23:48:44+08:00,1,2,96.2,1673.6,9.07,77381.5,772407.7,99,18771,32768,38,292.55,1060665.66,13164102.34
2026-08-04T23:48:54+08:00,1,2,96.2,1671.3,9.64,77325.4,772407.7,98,15053,32768,37,217.20,1060666.53,13164082.47
2026-08-04T23:49:04+08:00,1,2,96.2,1674.8,9.90,77629.9,772407.7,89,5655,32768,34,72.98,1060666.60,13164067.40
2026-08-04T23:49:14+08:00,1,2,96.3,1670.2,10.13,77758.6,772407.7,98,18773,32768,37,221.92,1060667.06,13164073.94
2026-08-04T23:49:24+08:00,1,2,96.3,1672.0,9.88,77347.8,772407.7,96,15053,32768,37,214.91,1060667.49,13164088.51
2026-08-04T23:49:34+08:00,1,2,96.3,1675.6,10.50,77317.8,772407.7,93,13331,32768,35,231.31,1060668.00,13164093.00
2026-08-04T23:49:44+08:00,1,2,96.3,1670.9,11.03,77397.5,772407.7,100,18951,32768,38,288.66,1060668.37,13164092.63
2026-08-04T23:49:54+08:00,1,2,96.3,1668.6,10.78,77456.3,772407.7,91,15055,32768,36,220.61,1060668.82,13164105.18
2026-08-04T23:50:04+08:00,1,2,96.3,1676.3,10.43,78885.9,772407.7,100,13529,32768,37,289.53,1060668.75,13164143.25
2026-08-04T23:50:14+08:00,1,2,96.3,1671.7,10.75,78111.4,772407.7,98,18951,32768,37,213.10,1060669.03,13164134.97
2026-08-04T23:50:24+08:00,1,2,96.3,1669.4,10.78,78469.5,772407.7,90,15055,32768,36,234.54,1060669.51,13164123.49
2026-08-04T23:50:34+08:00,1,2,96.3,1677.1,10.80,78446.6,772407.7,100,13691,32768,36,215.54,1060669.81,13164126.19
2026-08-04T23:50:44+08:00,1,2,96.3,1672.6,10.37,78875.0,772407.7,98,19153,32768,36,267.47,1060669.67,13164160.33
2026-08-04T23:50:54+08:00,1,2,96.3,1672.1,10.29,78998.7,772407.7,87,1147,32768,33,77.87,1060670.44,13164180.56
2026-08-04T23:51:04+08:00,1,2,96.3,1673.8,10.64,78866.0,772407.7,100,13831,32768,37,234.57,1060670.60,13164197.40
2026-08-04T23:51:14+08:00,1,2,96.3,1673.4,11.13,79273.6,772407.7,99,19351,32768,38,306.92,1060670.81,13164221.19
2026-08-04T23:51:24+08:00,1,2,96.3,1672.8,11.10,79629.6,772407.7,93,8209,32768,34,308.38,1060671.01,13164227.99
2026-08-04T23:51:34+08:00,1,2,96.3,1674.4,11.62,79306.9,772407.7,98,13971,32768,37,303.52,1060670.74,13164260.26
2026-08-04T23:51:44+08:00,1,2,96.3,1673.9,11.91,79709.2,772407.7,98,19353,32768,37,258.72,1060671.39,13164229.61
2026-08-04T23:51:54+08:00,1,2,96.3,1673.4,12.18,79612.6,772407.7,100,17429,32768,35,291.39,1060671.58,13164221.42
2026-08-04T23:52:04+08:00,1,2,96.3,1675.1,11.91,78908.6,772407.7,98,13971,32768,38,310.32,1060671.72,13164202.28
2026-08-04T23:52:14+08:00,1,2,96.3,1670.4,12.16,78897.2,772407.7,98,19353,32768,37,210.38,1060671.94,13164183.06
2026-08-04T23:52:24+08:00,1,2,96.4,1674.0,12.63,78083.3,772407.7,100,8209,32768,35,263.58,1060672.17,13164187.83
2026-08-04T23:52:35+08:00,1,2,96.4,1671.8,14.01,78113.4,772407.7,98,13971,32768,37,310.04,1060672.35,13164176.65
2026-08-04T23:52:45+08:00,1,2,96.4,1671.1,13.31,77779.5,772407.7,98,19351,32768,38,281.08,1060672.56,13164186.44
2026-08-04T23:52:55+08:00,1,2,96.4,1674.6,13.29,77956.0,772407.7,99,17429,32768,34,197.37,1060672.79,13164186.21
2026-08-04T23:53:05+08:00,1,2,96.4,1672.3,13.24,78551.8,772407.7,98,13971,32768,36,239.43,1060673.01,13164179.99
2026-08-04T23:53:15+08:00,1,2,96.4,1675.7,12.98,79256.2,772407.7,100,19353,32768,37,280.89,1060673.25,13164180.75
2026-08-04T23:53:25+08:00,1,2,96.4,1671.1,12.85,78677.8,772407.7,100,17709,32768,36,247.70,1060673.25,13164207.75
2026-08-04T23:53:35+08:00,1,2,96.4,1672.9,12.49,79058.8,772407.7,98,14333,32768,37,285.08,1060673.69,13164194.31
2026-08-04T23:53:45+08:00,1,2,96.4,1676.3,11.86,79181.6,772407.7,99,19731,32768,37,215.39,1060673.92,13164319.08
2026-08-04T23:53:55+08:00,1,2,96.4,1671.7,12.44,81563.3,772407.7,97,17911,32768,36,274.88,1060674.14,13164348.86
2026-08-04T23:54:05+08:00,1,2,96.4,1669.3,12.90,80466.4,772407.7,98,14471,32768,37,232.77,1060673.95,13164357.05
2026-08-04T23:54:15+08:00,1,2,96.4,1677.0,13.09,80182.1,772407.7,99,19731,32768,38,312.54,1060674.64,13164352.36
2026-08-04T23:54:25+08:00,1,2,96.4,1672.4,13.00,79175.7,772407.7,99,18093,32768,37,304.01,1060674.89,13164360.11
2026-08-04T23:54:35+08:00,1,2,96.4,1670.0,13.38,79800.1,772407.7,99,14613,32768,37,299.55,1060675.19,13164346.81
2026-08-04T23:54:45+08:00,1,2,96.4,1677.5,14.17,79616.9,772407.7,99,19733,32768,36,214.56,1060675.33,13164303.67
2026-08-04T23:54:55+08:00,1,2,96.4,1672.8,14.70,78764.5,772407.7,99,18291,32768,38,308.66,1060675.29,13164258.71
2026-08-04T23:55:05+08:00,1,2,96.4,1670.5,14.13,78294.3,772407.7,99,14771,32768,38,312.74,1060675.61,13164258.39
2026-08-04T23:55:15+08:00,1,2,96.4,1678.1,15.83,78320.2,772407.7,91,19733,32768,36,213.59,1060667.01,13164206.99
2026-08-04T23:55:25+08:00,1,2,96.4,1673.5,14.72,78204.8,772407.7,100,18291,32768,36,279.62,1060668.04,13164172.96
2026-08-04T23:55:35+08:00,1,2,96.4,1671.2,13.54,77760.8,772407.7,98,14771,32768,37,221.43,1060668.57,13164151.43
2026-08-04T23:55:45+08:00,1,2,96.4,1674.6,12.77,78757.4,772407.7,88,19735,32768,36,211.50,1060668.63,13164142.37
2026-08-04T23:55:55+08:00,1,2,96.4,1674.0,12.58,78732.3,772407.7,98,18571,32768,37,303.52,1060674.13,13164111.87
2026-08-04T23:56:05+08:00,1,2,96.4,1675.8,12.73,79637.8,772407.7,97,14913,32768,38,282.83,1060674.18,13164092.82
2026-08-04T23:56:15+08:00,1,2,96.5,1675.1,12.64,79364.3,772407.7,88,19733,32768,36,232.62,1060668.99,13164090.01
2026-08-04T23:56:25+08:00,1,2,96.5,1670.5,11.93,79364.9,772407.7,97,18571,32768,37,259.69,1060670.03,13164070.97
2026-08-04T23:56:36+08:00,1,2,96.5,1676.3,12.76,80161.0,772407.7,98,14911,32768,37,250.62,1060670.11,13164183.89
2026-08-04T23:56:46+08:00,1,2,96.5,1675.7,12.64,78890.6,772407.7,88,19693,32768,36,207.95,1060670.35,13164198.65
2026-08-04T23:56:56+08:00,1,2,96.5,1671.0,12.08,78573.5,772407.7,99,18771,32768,38,305.38,1060671.06,13164867.94
2026-08-04T23:57:06+08:00,1,2,96.5,1672.8,12.14,78962.8,772407.7,98,15051,32768,37,307.69,1060671.27,13164205.73
2026-08-04T23:57:16+08:00,1,2,96.5,1672.3,12.73,78728.3,772407.7,98,13331,32768,36,276.82,1060671.33,13164190.67
2026-08-04T23:57:26+08:00,1,2,96.5,1671.7,12.40,77854.4,772407.7,98,18771,32768,36,252.24,1060671.41,13164179.59
2026-08-04T23:57:36+08:00,1,2,96.5,1673.6,11.80,78330.8,772407.7,97,15055,32768,37,222.07,1060672.80,13164177.20
2026-08-04T23:57:46+08:00,1,2,96.5,1673.1,11.07,78162.1,772407.7,100,13531,32768,36,251.74,1060673.34,13164171.66
2026-08-04T23:57:56+08:00,1,2,96.5,1672.6,10.84,78369.5,772407.7,99,18951,32768,37,246.40,1060673.66,13164149.34
2026-08-04T23:58:06+08:00,1,2,96.5,1674.4,10.48,78497.7,772407.7,91,15053,32768,36,225.96,1060674.38,13164149.62
2026-08-04T23:58:16+08:00,1,2,96.5,1669.9,10.70,77681.3,772407.7,100,13689,32768,37,285.08,1060674.45,13164128.55
2026-08-04T23:58:26+08:00,1,2,96.5,1673.4,10.68,77944.8,772407.7,99,19151,32768,38,280.89,1060674.54,13164121.46
2026-08-04T23:58:36+08:00,1,2,96.5,1675.3,10.87,78640.2,772407.7,86,15055,32768,36,231.01,1060674.59,13164100.41
2026-08-04T23:58:46+08:00,1,2,96.5,1670.7,10.43,78747.2,772407.7,100,13831,32768,37,306.23,1060674.51,13164097.49
2026-08-04T23:58:56+08:00,1,2,96.5,1674.2,9.98,78235.9,772407.7,100,19351,32768,38,303.04,1060674.95,13164089.05
2026-08-04T23:59:06+08:00,1,2,96.5,1673.8,9.52,78204.7,772407.7,93,8209,32768,35,293.04,1060675.04,13164070.96
2026-08-04T23:59:16+08:00,1,2,96.5,1671.5,9.51,77651.0,772407.7,98,13971,32768,37,256.45,1060675.11,13164060.89
2026-08-04T23:59:26+08:00,1,2,96.5,1674.8,9.60,77961.3,772407.7,98,19351,32768,37,212.68,1060675.21,13164074.79
2026-08-04T23:59:36+08:00,1,2,96.5,1674.3,9.81,78463.9,772407.7,100,17429,32768,35,306.72,1060675.34,13164096.66
2026-08-04T23:59:46+08:00,1,2,96.5,1672.0,9.67,78127.2,772407.7,99,14111,32768,37,213.79,1060675.41,13164899.59
2026-08-04T23:59:57+08:00,1,2,96.5,1675.6,9.25,77711.7,772407.7,100,19531,32768,37,210.04,1060675.56,13164428.44
2026-08-05T00:00:07+08:00,1,2,96.5,1675.2,8.76,77882.9,772407.7,100,17909,32768,37,304.29,1060675.66,13164460.34
2026-08-05T00:00:17+08:00,1,2,96.5,1672.8,8.27,76992.2,772407.7,99,14471,32768,37,297.80,1060675.63,13164500.37
2026-08-05T00:00:27+08:00,1,2,96.5,1676.2,8.29,77278.9,772407.7,99,19731,32768,37,211.29,1060675.91,13164522.09
2026-08-05T00:00:37+08:00,1,2,96.5,1671.5,8.02,76907.8,772407.7,98,17911,32768,37,276.21,1060675.94,13164506.06
2026-08-05T00:00:47+08:00,1,2,96.6,1669.3,7.99,77738.2,772407.7,98,14471,32768,37,277.19,1060676.05,13164467.95
2026-08-05T00:00:57+08:00,1,2,96.6,1676.8,8.30,78093.8,772407.7,98,19733,32768,38,305.46,1060676.13,13164420.87
2026-08-05T00:01:07+08:00,1,2,96.6,1672.2,8.33,78644.7,772407.7,99,18089,32768,37,305.75,1060676.22,13164411.78
2026-08-05T00:01:17+08:00,1,2,96.6,1669.8,9.06,78905.9,772407.7,98,14471,32768,37,233.59,1060676.31,13164410.69
2026-08-05T00:01:27+08:00,1,2,96.6,1677.5,9.05,77984.5,772407.7,99,19733,32768,38,303.24,1060676.39,13164401.61
2026-08-05T00:01:37+08:00,1,2,96.6,1672.9,9.27,78588.3,772407.7,98,17909,32768,37,291.48,1060676.49,13164424.51
2026-08-05T00:01:47+08:00,1,2,96.6,1670.5,9.53,78518.3,772407.7,98,14471,32768,37,219.15,1060676.32,13164440.68
2026-08-05T00:01:57+08:00,1,2,96.6,1674.0,8.98,77984.5,772407.7,98,19733,32768,37,221.58,1060676.79,13164447.21
2026-08-05T00:02:07+08:00,1,2,96.6,1673.4,8.97,77422.7,772407.7,98,18091,32768,36,280.89,1060676.94,13164449.06
2026-08-05T00:02:17+08:00,1,2,96.6,1675.2,8.75,77298.9,772407.7,97,14773,32768,38,287.88,1060677.08,13164448.92
2026-08-05T00:02:27+08:00,1,2,96.6,1674.5,8.94,77107.3,772407.7,89,19733,32768,36,240.72,1060677.22,13164436.78
2026-08-05T00:02:37+08:00,1,2,96.6,1674.0,9.11,77389.4,772407.7,98,18293,32768,37,227.91,1060677.34,13165460.66
2026-08-05T00:02:47+08:00,1,2,96.6,1675.7,9.00,77148.0,772407.7,99,14913,32768,38,314.69,1060677.52,13165457.48
2026-08-05T00:02:57+08:00,1,2,96.6,1675.0,8.68,78109.2,772407.7,92,19735,32768,36,243.64,1060677.68,13164420.32
2026-08-05T00:03:07+08:00,1,2,96.6,1674.6,8.57,78516.3,772407.7,98,18291,32768,37,274.09,1060677.80,13164399.20
2026-08-05T00:03:17+08:00,1,2,96.6,1672.3,8.17,78253.6,772407.7,99,14911,32768,36,255.31,1060677.96,13164385.04
2026-08-05T00:03:28+08:00,1,2,96.6,1671.8,8.38,77980.5,772407.7,90,16635,32768,35,83.19,1060678.02,13164374.98
2026-08-05T00:03:38+08:00,1,2,96.6,1675.2,8.61,78362.9,772407.7,98,18571,32768,37,280.89,1060678.30,13164356.70
2026-08-05T00:03:48+08:00,1,2,96.6,1672.8,8.82,78619.5,772407.7,99,15051,32768,37,253.22,1060679.21,13164339.79
2026-08-05T00:03:58+08:00,1,2,96.6,1672.3,8.77,77588.9,772407.7,97,1029,32768,33,72.49,1060679.98,13164335.02
2026-08-05T00:04:08+08:00,1,2,96.6,1675.7,8.41,77504.3,772407.7,98,18771,32768,37,214.91,1060680.03,13164319.97
2026-08-05T00:04:18+08:00,1,2,96.6,1673.4,8.35,77506.8,772407.7,92,15055,32768,36,211.98,1060680.74,13164313.26
2026-08-05T00:04:28+08:00,1,2,96.6,1668.8,8.62,78420.2,772407.7,100,13529,32768,36,301.58,1060680.94,13164297.06
2026-08-05T00:04:38+08:00,1,2,96.6,1676.4,9.67,77843.9,772407.7,99,18951,32768,36,226.78,1060681.12,13164296.88
2026-08-05T00:04:48+08:00,1,2,96.6,1674.0,9.94,78688.9,772407.7,87,15055,32768,36,221.24,1060681.34,13164305.66
2026-08-05T00:04:58+08:00,1,2,96.6,1669.3,10.49,78663.2,772407.7,100,13691,32768,37,288.56,1060681.53,13164284.47
2026-08-05T00:05:08+08:00,1,2,96.7,1676.9,10.33,77747.1,772407.7,98,19153,32768,37,226.30,1060681.37,13164268.63
2026-08-05T00:05:18+08:00,1,2,96.7,1674.5,10.75,78671.4,772407.7,88,5415,32768,34,72.49,1060681.92,13164246.08
2026-08-05T00:05:28+08:00,1,2,96.7,1669.9,10.61,78443.7,772407.7,99,13691,32768,36,278.95,1060682.17,13164225.83
2026-08-05T00:05:38+08:00,1,2,96.7,1673.4,10.36,77899.2,772407.7,99,19353,32768,37,297.60,1060682.37,13164210.63
2026-08-05T00:05:48+08:00,1,2,96.7,1673.0,10.21,77921.7,772407.7,100,5129,32768,34,104.13,1060682.59,13164205.41
2026-08-05T00:05:58+08:00,1,2,96.7,1674.7,9.87,77544.6,772407.7,99,13831,32768,37,220.46,1060682.85,13164872.15
2026-08-05T00:06:08+08:00,1,2,96.7,1674.0,9.43,77362.2,772407.7,100,19351,32768,38,244.62,1060683.16,13164203.84
2026-08-05T00:06:18+08:00,1,2,96.7,1673.6,9.21,77269.4,772407.7,100,17429,32768,34,270.56,1060683.53,13164316.47
2026-08-05T00:06:28+08:00,1,2,96.7,1675.4,9.12,77531.0,772407.7,98,13971,32768,37,253.37,1060683.75,13164312.25
2026-08-05T00:06:38+08:00,1,2,96.7,1674.7,9.88,77501.4,772407.7,98,19353,32768,37,262.92,1060683.98,13164303.02
2026-08-05T00:06:48+08:00,1,2,96.7,1670.0,9.58,77403.4,772407.7,100,17709,32768,36,282.35,1060684.38,13164266.62
2026-08-05T00:06:59+08:00,1,2,96.7,1675.9,10.16,77475.5,772407.7,98,14111,32768,37,305.75,1060684.77,13164206.23
2026-08-05T00:07:09+08:00,1,2,96.7,1675.2,9.98,77028.3,772407.7,99,19531,32768,36,233.59,1060684.88,13164135.12
2026-08-05T00:07:19+08:00,1,2,96.7,1670.6,9.98,78245.6,772407.7,100,17711,32768,36,245.27,1060685.06,13164067.94
2026-08-05T00:07:29+08:00,1,2,96.7,1672.3,9.82,77600.3,772407.7,98,14111,32768,36,221.09,1060685.12,13164020.88
2026-08-05T00:07:39+08:00,1,2,96.7,1676.0,9.68,77579.9,772407.7,99,19531,32768,37,221.43,1060685.17,13163993.83
2026-08-05T00:07:49+08:00,1,2,96.7,1675.4,9.12,77969.5,772407.7,99,17913,32768,37,316.90,1060685.21,13163953.79
2026-08-05T00:07:59+08:00,1,2,96.7,1673.0,9.68,77583.6,772407.7,98,14331,32768,36,237.97,1060685.27,13163943.73
2026-08-05T00:08:09+08:00,1,2,96.7,1676.5,9.20,77287.4,772407.7,98,19731,32768,37,224.01,1060685.33,13163921.67
2026-08-05T00:08:19+08:00,1,2,96.7,1675.9,8.78,77553.4,772407.7,99,18089,32768,37,289.93,1060685.39,13163905.61
2026-08-05T00:08:29+08:00,1,2,96.7,1673.6,8.74,77133.0,772407.7,99,14473,32768,37,232.62,1060685.43,13163893.57
2026-08-05T00:08:39+08:00,1,2,96.7,1668.9,8.25,76846.1,772407.7,98,19733,32768,37,193.60,1060685.48,13163863.52
2026-08-05T00:08:49+08:00,1,2,96.7,1676.5,8.21,77144.8,772407.7,99,18091,32768,37,259.37,1060680.30,13163855.70
2026-08-05T00:08:59+08:00,1,2,96.7,1674.1,8.10,78344.1,772407.7,99,14611,32768,37,222.89,1060680.37,13163852.63
2026-08-05T00:09:09+08:00,1,2,96.7,1669.5,8.33,77645.8,772407.7,90,19733,32768,36,236.03,1060680.44,13163834.56
2026-08-05T00:09:19+08:00,1,2,96.7,1677.1,8.28,77590.8,772407.7,99,18291,32768,37,254.83,1060680.51,13163823.49
2026-08-05T00:09:29+08:00,1,2,96.7,1674.8,8.09,77730.9,772407.7,99,14911,32768,37,306.92,1060680.58,13163865.42
2026-08-05T00:09:39+08:00,1,2,96.7,1670.2,7.85,77733.5,772407.7,89,19733,32768,36,239.27,1060680.64,13163875.36
2026-08-05T00:09:49+08:00,1,2,96.8,1673.6,7.80,77103.2,772407.7,99,18571,32768,38,247.21,1060680.71,13163859.29
2026-08-05T00:09:59+08:00,1,2,96.8,1675.3,7.29,77324.0,772407.7,99,14911,32768,37,213.93,1060680.78,13163866.22
2026-08-05T00:10:09+08:00,1,2,96.8,1670.7,7.18,77246.0,772407.7,90,19733,32768,36,203.84,1060680.86,13163853.14
2026-08-05T00:10:20+08:00,1,2,96.8,1674.1,7.00,77514.7,772407.7,98,18573,32768,37,216.71,1060681.58,13163845.42
2026-08-05T00:10:30+08:00,1,2,96.8,1671.8,6.80,77843.3,772407.7,99,15051,32768,37,296.92,1060680.99,13163872.01
2026-08-05T00:10:40+08:00,1,2,96.8,1675.3,6.68,77238.2,772407.7,93,11613,32768,35,74.93,1060680.99,13163875.01
2026-08-05T00:10:50+08:00,1,2,96.8,1674.6,6.96,77826.8,772407.7,98,18773,32768,37,316.42,1060681.06,13163880.94
2026-08-05T00:11:00+08:00,1,2,96.8,1672.3,6.82,77687.9,772407.7,99,15051,32768,37,279.25,1060681.14,13163873.86
2026-08-05T00:11:10+08:00,1,2,96.8,1676.0,7.47,76951.5,772407.7,100,13531,32768,36,316.42,1060681.20,13163867.80
2026-08-05T00:11:20+08:00,1,2,96.8,1675.3,7.54,77061.1,772407.7,98,18953,32768,37,276.09,1060664.27,13163902.73
2026-08-05T00:11:30+08:00,1,2,96.8,1673.0,7.98,77115.9,772407.7,91,15055,32768,36,217.20,1060663.70,13163965.30
2026-08-05T00:11:40+08:00,1,2,96.8,1676.6,7.75,76789.7,772407.7,100,13531,32768,36,233.44,1060664.45,13163973.55
2026-08-05T00:11:50+08:00,1,2,96.8,1675.9,7.57,76846.2,772407.7,98,18951,32768,37,234.41,1060664.55,13164176.45
2026-08-05T00:12:00+08:00,1,2,96.8,1673.6,7.41,77894.1,772407.7,90,15055,32768,36,215.88,1060664.63,13164222.37
2026-08-05T00:12:10+08:00,1,2,96.8,1673.1,8.27,78020.4,772407.7,100,13831,32768,37,283.13,1060664.74,13164261.26
2026-08-05T00:12:20+08:00,1,2,96.8,1676.7,8.45,77534.0,772407.7,99,19151,32768,36,210.38,1060664.28,13164267.72
2026-08-05T00:12:30+08:00,1,2,96.8,1674.4,9.46,77994.6,772407.7,90,4217,32768,34,73.56,1060664.92,13164255.08
2026-08-05T00:12:40+08:00,1,2,96.8,1673.8,10.15,78400.9,772407.7,98,13833,32768,36,218.32,1060664.99,13164223.01
2026-08-05T00:12:50+08:00,1,2,96.8,1669.1,10.81,78964.9,772407.7,99,19351,32768,38,310.80,1060665.08,13164208.92
2026-08-05T00:13:00+08:00,1,2,96.8,1676.7,10.39,77778.8,772407.7,86,11269,32768,35,273.79,1060656.38,13164218.62
2026-08-05T00:13:10+08:00,1,2,96.8,1674.4,10.46,78205.6,772407.7,98,13971,32768,37,224.99,1060657.12,13164209.88
2026-08-05T00:13:20+08:00,1,2,96.8,1669.9,10.23,77837.5,772407.7,98,19351,32768,37,218.17,1060656.82,13164192.18
2026-08-05T00:13:30+08:00,1,2,96.8,1677.4,10.92,78390.1,772407.7,100,17429,32768,34,235.85,1060657.30,13164187.70
2026-08-05T00:13:41+08:00,1,2,96.8,1675.1,10.38,78606.0,772407.7,98,13971,32768,36,240.40,1060663.70,13164181.30
2026-08-05T00:13:51+08:00,1,2,96.8,1670.4,9.47,78509.0,772407.7,98,19351,32768,37,273.12,1060663.78,13164200.22
2026-08-05T00:14:01+08:00,1,2,96.8,1677.9,9.18,78043.7,772407.7,100,17709,32768,36,281.86,1060663.88,13164219.12
2026-08-05T00:14:11+08:00,1,2,96.8,1675.6,8.84,77322.2,772407.7,98,14111,32768,37,259.06,1060664.96,13164344.04
2026-08-05T00:14:21+08:00,1,2,96.8,1670.9,8.25,77730.9,772407.7,99,19731,32768,37,290.71,1060665.09,13164352.91
2026-08-05T00:14:31+08:00,1,2,96.8,1674.3,8.06,77666.7,772407.7,100,17913,32768,37,293.33,1060665.25,13164358.75
2026-08-05T00:14:41+08:00,1,2,96.8,1676.1,7.44,77802.2,772407.7,98,14471,32768,37,282.83,1060665.92,13164366.08
2026-08-05T00:14:51+08:00,1,2,96.8,1671.4,7.07,78057.7,772407.7,98,19731,32768,37,281.68,1060666.06,13164348.94
2026-08-05T00:15:01+08:00,1,2,96.8,1674.8,7.30,78583.8,772407.7,99,17911,32768,36,211.64,1060666.53,13164339.47
2026-08-05T00:15:11+08:00,1,2,96.8,1672.4,7.16,78532.0,772407.7,98,14471,32768,37,227.76,1060666.68,13164288.32
2026-08-05T00:15:21+08:00,1,2,96.9,1672.0,7.28,78092.8,772407.7,98,19731,32768,37,215.74,1060666.88,13164261.12
2026-08-05T00:15:31+08:00,1,2,96.9,1675.4,7.91,78463.2,772407.7,99,18089,32768,36,242.02,1060666.97,13164240.03
2026-08-05T00:15:41+08:00,1,2,96.9,1673.1,7.69,78515.7,772407.7,98,14611,32768,37,286.42,1060667.12,13164214.88
2026-08-05T00:15:51+08:00,1,2,96.9,1676.6,7.73,77528.1,772407.7,88,19733,32768,36,239.74,1060667.26,13164193.74
2026-08-05T00:16:01+08:00,1,2,96.9,1675.9,7.70,77573.2,772407.7,97,18291,32768,37,303.52,1060667.41,13164179.59
2026-08-05T00:16:11+08:00,1,2,96.9,1673.7,7.35,77397.4,772407.7,98,14911,32768,37,284.29,1060667.60,13164164.40
2026-08-05T00:16:21+08:00,1,2,96.9,1673.1,7.60,78242.1,772407.7,92,19735,32768,36,235.69,1060667.65,13164163.35
2026-08-05T00:16:31+08:00,1,2,96.9,1676.8,8.76,79121.8,772407.7,98,18291,32768,37,286.23,1060668.03,13164177.97
2026-08-05T00:16:41+08:00,1,2,96.9,1674.4,8.95,78340.2,772407.7,98,14911,32768,36,229.22,1060668.20,13164189.80
2026-08-05T00:16:51+08:00,1,2,96.9,1673.8,9.62,78524.3,772407.7,91,19735,32768,36,226.45,1060668.41,13164208.59
2026-08-05T00:17:02+08:00,1,2,96.9,1673.3,9.67,78554.2,772407.7,97,18571,32768,36,211.85,1060668.61,13164186.39
2026-08-05T00:17:12+08:00,1,2,96.9,1674.9,9.48,78616.4,772407.7,99,15051,32768,37,314.96,1060668.83,13164177.17
2026-08-05T00:17:22+08:00,1,2,96.9,1674.3,9.50,78592.7,772407.7,92,8633,32768,34,72.98,1060669.07,13164173.93
2026-08-05T00:17:32+08:00,1,2,96.9,1669.6,9.39,78113.2,772407.7,98,18771,32768,37,292.84,1060669.22,13164187.78
2026-08-05T00:17:42+08:00,1,2,96.9,1675.5,9.92,78402.0,772407.7,99,15051,32768,37,295.46,1060669.40,13164200.60
2026-08-05T00:17:52+08:00,1,2,96.9,1674.9,9.53,78173.1,772407.7,97,13331,32768,35,289.63,1060669.64,13164190.36
2026-08-05T00:18:02+08:00,1,2,96.9,1670.2,9.05,76839.7,772407.7,99,18771,32768,37,283.13,1060669.86,13164197.14
2026-08-05T00:18:12+08:00,1,2,96.9,1671.9,8.81,77273.5,772407.7,93,15055,32768,36,229.37,1060670.07,13164200.93
2026-08-05T00:18:22+08:00,1,2,96.9,1675.4,8.76,77060.7,772407.7,100,13689,32768,36,311.29,1060670.31,13164196.69
2026-08-05T00:18:32+08:00,1,2,96.9,1670.8,8.63,77487.7,772407.7,99,18953,32768,37,280.71,1060670.56,13164184.44
2026-08-05T00:18:42+08:00,1,2,96.9,1672.4,8.75,77983.8,772407.7,88,9655,32768,35,81.78,1060672.07,13164173.93
2026-08-05T00:18:52+08:00,1,2,96.9,1675.9,9.41,78150.0,772407.7,96,13833,32768,37,257.11,1060673.51,13164155.49
2026-08-05T00:19:02+08:00,1,2,96.9,1671.3,9.81,78590.1,772407.7,99,19151,32768,37,284.29,1060673.82,13164139.18
2026-08-05T00:19:12+08:00,1,2,96.9,1674.7,9.83,78955.7,772407.7,100,17431,32768,34,201.27,1060674.32,13164219.68
2026-08-05T00:19:22+08:00,1,2,96.9,1676.5,9.31,78283.9,772407.7,100,13973,32768,37,252.90,1060674.34,13164260.66
2026-08-05T00:19:32+08:00,1,2,96.9,1671.9,8.88,78445.7,772407.7,98,19531,32768,38,318.36,1060674.72,13164268.28
2026-08-05T00:19:42+08:00,1,2,96.9,1675.4,9.05,79547.3,772407.7,100,17709,32768,36,253.85,1060674.72,13164287.28
2026-08-05T00:19:52+08:00,1,2,96.9,1673.1,9.18,78581.5,772407.7,98,14331,32768,37,235.38,1060674.31,13164289.69
2026-08-05T00:20:02+08:00,1,2,96.9,1672.5,9.00,78849.3,772407.7,100,19731,32768,38,311.77,1060674.81,13164335.19
2026-08-05T00:20:12+08:00,1,2,96.9,1675.9,8.74,78877.6,772407.7,98,17909,32768,36,229.37,1060674.31,13164369.69
2026-08-05T00:20:23+08:00,1,2,96.9,1673.6,8.62,78867.1,772407.7,98,14471,32768,38,291.58,1060674.93,13164362.07
2026-08-05T00:20:33+08:00,1,2,96.9,1677.2,8.75,78886.8,772407.7,100,19731,32768,37,289.63,1060675.00,13164341.00
2026-08-05T00:20:43+08:00,1,2,96.9,1672.5,8.24,78306.2,772407.7,99,18093,32768,37,304.49,1060675.04,13164338.96
2026-08-05T00:20:53+08:00,1,2,96.9,1674.2,8.04,77911.9,772407.7,98,14611,32768,37,231.16,1060675.11,13164332.89
2026-08-05T00:21:03+08:00,1,2,97.0,1673.6,8.75,78188.4,772407.7,92,19733,32768,36,232.62,1060675.17,13164342.83
2026-08-05T00:21:13+08:00,1,2,97.0,1673.1,8.86,78557.0,772407.7,98,18293,32768,36,210.38,1060669.99,13164369.01
2026-08-05T00:21:23+08:00,1,2,97.0,1674.8,9.26,78415.4,772407.7,98,14911,32768,38,252.56,1060670.05,13164386.95
2026-08-05T00:21:33+08:00,1,2,97.0,1674.2,9.84,77707.2,772407.7,92,19735,32768,36,228.54,1060670.41,13164398.59
2026-08-05T00:21:43+08:00,1,2,97.0,1673.6,10.01,78327.5,772407.7,99,18571,32768,37,284.29,1060670.97,13164392.03
2026-08-05T00:21:53+08:00,1,2,97.0,1675.3,10.55,77813.5,772407.7,99,15053,32768,37,295.27,1060670.86,13164375.14
2026-08-05T00:22:03+08:00,1,2,97.0,1674.8,10.62,77753.8,772407.7,100,13531,32768,36,310.80,1060670.94,13164374.06
2026-08-05T00:22:13+08:00,1,2,97.0,1670.2,10.13,77734.7,772407.7,98,18951,32768,37,222.21,1060671.01,13164374.99
2026-08-05T00:22:23+08:00,1,2,97.0,1676.0,9.64,77147.7,772407.7,89,15057,32768,36,231.62,1060671.06,13164379.94
2026-08-05T00:22:33+08:00,1,2,97.0,1675.4,9.47,78082.7,772407.7,98,13831,32768,37,287.39,1060670.80,13164411.20
2026-08-05T00:22:43+08:00,1,2,97.0,1670.8,9.38,77478.5,772407.7,98,19151,32768,36,213.30,1060671.25,13164423.75
2026-08-05T00:22:53+08:00,1,2,97.0,1678.3,8.94,76997.8,772407.7,96,8209,32768,34,285.45,1060671.26,13164425.74
2026-08-05T00:23:03+08:00,1,2,97.0,1676.0,8.94,77425.4,772407.7,98,13971,32768,37,284.59,1060671.34,13164414.66
2026-08-05T00:23:13+08:00,1,2,97.0,1671.4,8.72,77436.4,772407.7,98,19353,32768,37,277.67,1060671.41,13164414.59
2026-08-05T00:23:23+08:00,1,2,97.0,1674.8,10.77,77533.7,772407.7,100,17709,32768,36,245.43,1060671.22,13164410.78
2026-08-05T00:23:33+08:00,1,2,97.0,1676.6,10.25,77108.7,772407.7,98,14331,32768,38,297.41,1060671.29,13164753.71
2026-08-05T00:23:44+08:00,1,2,97.0,1671.9,9.69,77359.1,772407.7,98,19731,32768,37,211.85,1060671.41,13164403.59
2026-08-05T00:23:54+08:00,1,2,97.0,1675.3,9.11,76721.8,772407.7,100,18091,32768,37,299.64,1060671.49,13164380.51
2026-08-05T00:24:04+08:00,1,2,97.0,1673.1,8.93,76121.3,772407.7,98,14611,32768,38,253.05,1060671.59,13164374.41
2026-08-05T00:24:14+08:00,1,2,97.0,1672.6,8.84,75989.6,772407.7,94,19733,32768,36,206.63,1060671.68,13164375.32
2026-08-05T00:24:24+08:00,1,2,97.0,1676.0,8.42,76412.6,772407.7,98,18291,32768,37,269.59,1060671.66,13164378.34
2026-08-05T00:24:34+08:00,1,2,97.0,1673.7,8.28,76478.1,772407.7,98,14771,32768,37,275.55,1060671.95,13164389.05
2026-08-05T00:24:44+08:00,1,2,97.0,1673.2,8.61,76117.9,772407.7,93,19735,32768,36,217.20,1060671.91,13164410.09
2026-08-05T00:24:54+08:00,1,2,97.0,1672.6,8.66,76618.8,772407.7,99,18573,32768,37,218.17,1060671.63,13164522.37
2026-08-05T00:25:04+08:00,1,2,97.0,1674.3,8.57,76839.8,772407.7,99,15051,32768,38,286.42,1060672.23,13164564.77
2026-08-05T00:25:14+08:00,1,2,97.0,1673.9,8.71,77272.9,772407.7,94,13331,32768,35,175.92,1060672.33,13164615.67
2026-08-05T00:25:24+08:00,1,2,97.0,1673.5,8.99,77712.1,772407.7,99,18951,32768,37,311.49,1060672.41,13164635.59
2026-08-05T00:25:34+08:00,1,2,97.0,1675.1,8.91,77920.9,772407.7,87,15055,32768,36,234.57,1060672.50,13164664.50
2026-08-05T00:25:44+08:00,1,2,97.0,1674.6,8.92,77905.7,772407.7,99,13831,32768,37,301.09,1060672.24,13164699.76
2026-08-05T00:25:54+08:00,1,2,97.0,1674.0,12.79,78090.3,772407.7,98,19351,32768,38,308.38,1060672.68,13164735.32
2026-08-05T00:26:04+08:00,1,2,97.0,1673.5,12.18,78165.9,772407.7,100,17429,32768,34,231.31,1060672.77,13164741.23
2026-08-05T00:26:14+08:00,1,2,97.1,1675.2,11.54,78555.6,772407.7,98,13971,32768,37,251.91,1060672.84,13164714.16
2026-08-05T00:26:24+08:00,1,2,97.1,1670.6,11.30,78383.7,772407.7,98,19531,32768,37,215.74,1060672.95,13164697.05
2026-08-05T00:26:34+08:00,1,2,97.1,1674.1,10.70,77901.5,772407.7,100,17711,32768,36,257.74,1060673.04,13164664.96
2026-08-05T00:26:44+08:00,1,2,97.1,1675.9,10.05,77779.3,772407.7,98,14333,32768,37,254.51,1060673.19,13164650.81
2026-08-05T00:26:54+08:00,1,2,97.1,1671.3,9.57,77513.2,772407.7,99,19733,32768,36,215.74,1060673.33,13165329.67
2026-08-05T00:27:04+08:00,1,2,97.1,1674.7,9.32,77684.4,772407.7,99,18089,32768,37,289.15,1060673.48,13164633.52
2026-08-05T00:27:14+08:00,1,2,97.1,1676.5,8.73,77627.8,772407.7,97,14471,32768,37,271.66,1060673.64,13164636.36
2026-08-05T00:27:25+08:00,1,2,97.1,1672.1,8.54,77674.3,772407.7,99,19731,32768,38,261.15,1060673.80,13164606.20
2026-08-05T00:27:35+08:00,1,2,97.1,1671.5,8.61,77620.3,772407.7,99,18089,32768,37,296.24,1060673.93,13164583.07
2026-08-05T00:27:45+08:00,1,2,97.1,1677.4,8.22,77451.0,772407.7,99,14773,32768,38,297.41,1060674.04,13164558.96
2026-08-05T00:27:55+08:00,1,2,97.1,1672.8,8.03,77725.5,772407.7,89,19733,32768,36,223.67,1060674.22,13164555.78
2026-08-05T00:28:05+08:00,1,2,97.1,1676.2,7.71,77924.9,772407.7,98,18291,32768,37,249.65,1060674.37,13164540.63
2026-08-05T00:28:15+08:00,1,2,97.1,1673.9,7.91,78092.9,772407.7,98,14911,32768,37,217.34,1060674.52,13164532.48
2026-08-05T00:28:25+08:00,1,2,97.1,1673.3,8.04,77545.4,772407.7,92,19495,32768,36,198.48,1060674.67,13164672.33
2026-08-05T00:28:35+08:00,1,2,97.1,1676.8,8.03,77680.4,772407.7,98,18569,32768,37,220.61,1060674.89,13164675.11
2026-08-05T00:28:45+08:00,1,2,97.1,1674.5,8.32,76775.2,772407.7,98,15051,32768,37,212.82,1060675.07,13164671.93
2026-08-05T00:28:55+08:00,1,2,97.1,1673.9,7.97,76265.5,772407.7,90,4109,32768,34,217.83,1060675.26,13164661.74
2026-08-05T00:29:05+08:00,1,2,97.1,1677.4,7.60,76076.8,772407.7,100,18771,32768,38,288.66,1060675.45,13164648.55
2026-08-05T00:29:15+08:00,1,2,97.1,1675.1,7.58,76391.0,772407.7,99,15053,32768,37,188.24,1060676.08,13164608.92
2026-08-05T00:29:25+08:00,1,2,97.1,1670.4,7.33,77015.6,772407.7,100,13331,32768,35,252.40,1060676.25,13164575.75
2026-08-05T00:29:35+08:00,1,2,97.1,1674.1,7.35,76895.3,772407.7,99,18771,32768,37,272.33,1060676.48,13164549.52
2026-08-05T00:29:45+08:00,1,2,97.1,1675.7,7.38,77625.4,772407.7,98,15053,32768,36,221.09,1060676.66,13164543.34
2026-08-05T00:29:55+08:00,1,2,97.1,1671.2,8.11,77428.6,772407.7,100,13689,32768,36,285.26,1060676.85,13164542.15
2026-08-05T00:30:05+08:00,1,2,97.1,1670.6,8.79,77460.2,772407.7,98,18951,32768,37,281.68,1060677.04,13164567.96
2026-08-05T00:30:15+08:00,1,2,97.1,1676.3,9.29,77514.8,772407.7,87,15055,32768,36,236.03,1060677.53,13164557.47
2026-08-05T00:30:25+08:00,1,2,97.1,1671.8,9.10,77140.2,772407.7,99,13831,32768,37,281.86,1060677.74,13164568.26
2026-08-05T00:30:35+08:00,1,2,97.1,1671.3,9.00,77472.9,772407.7,98,19351,32768,38,300.12,1060670.32,13164582.68
2026-08-05T00:30:45+08:00,1,2,97.1,1674.7,8.94,78533.3,772407.7,96,17429,32768,36,290.02,1060670.54,13164620.46
2026-08-05T00:30:55+08:00,1,2,97.1,1672.3,9.25,77893.0,772407.7,98,14111,32768,37,270.87,1060670.76,13164643.24
2026-08-05T00:31:05+08:00,1,2,97.1,1671.8,8.83,79399.4,772407.7,98,19531,32768,36,230.49,1060673.13,13164652.87
2026-08-05T00:31:15+08:00,1,2,97.1,1675.2,8.48,78883.8,772407.7,99,17911,32768,37,243.81,1060677.10,13164649.90
2026-08-05T00:31:25+08:00,1,2,97.1,1677.0,9.28,79692.7,772407.7,98,14471,32768,37,305.87,1060677.35,13164676.65
2026-08-05T00:31:36+08:00,1,2,97.1,1672.3,10.23,79034.5,772407.7,99,19731,32768,37,271.71,1060677.56,13164683.44
2026-08-05T00:31:46+08:00,1,2,97.1,1671.6,10.41,79032.1,772407.7,99,17911,32768,36,274.27,1060678.80,13164695.20
2026-08-05T00:31:56+08:00,1,2,97.1,1677.5,10.43,78516.2,772407.7,99,14471,32768,37,258.72,1060679.04,13164712.96
2026-08-05T00:32:06+08:00,1,2,97.1,1672.9,9.98,78843.2,772407.7,98,19731,32768,37,210.04,1060679.24,13164715.76
2026-08-05T00:32:16+08:00,1,2,97.1,1672.2,9.29,78483.0,772407.7,100,18091,32768,37,282.83,1060679.93,13164734.07
2026-08-05T00:32:26+08:00,1,2,97.1,1673.9,9.42,78752.9,772407.7,99,14771,32768,38,306.72,1060680.14,13164733.86
2026-08-05T00:32:36+08:00,1,2,97.1,1673.4,9.67,78703.0,772407.7,91,19733,32768,36,236.84,1060680.20,13164746.80
2026-08-05T00:32:46+08:00,1,2,97.2,1676.9,9.51,79130.1,772407.7,98,18571,32768,37,307.61,1060680.25,13164779.75
2026-08-05T00:32:56+08:00,1,2,97.2,1674.6,9.82,78271.3,772407.7,98,14911,32768,38,256.62,1060680.30,13164798.70
2026-08-05T00:33:06+08:00,1,2,97.2,1674.0,9.54,78293.8,772407.7,89,17693,32768,36,125.13,1060680.35,13164807.65
2026-08-05T00:33:16+08:00,1,2,97.2,1673.5,9.31,79597.9,772407.7,98,18773,32768,37,293.81,1060680.42,13164834.58
2026-08-05T00:33:26+08:00,1,2,97.2,1675.1,9.73,80259.7,772407.7,97,15051,32768,38,303.52,1060680.47,13164869.53
2026-08-05T00:33:36+08:00,1,2,97.2,1670.4,9.71,80510.9,772407.7,91,5015,32768,34,72.49,1060675.29,13164874.71
2026-08-05T00:33:46+08:00,1,2,97.2,1674.0,9.67,80335.7,772407.7,98,18771,32768,37,211.85,1060675.36,13164890.64
2026-08-05T00:33:56+08:00,1,2,97.2,1675.6,8.95,80019.4,772407.7,99,15051,32768,38,296.63,1060675.42,13164916.58
2026-08-05T00:34:06+08:00,1,2,97.2,1670.9,8.57,80379.7,772407.7,100,13331,32768,36,286.91,1060675.49,13164947.51
2026-08-05T00:34:16+08:00,1,2,97.2,1674.4,8.33,81126.6,772407.7,99,18951,32768,38,296.24,1060675.57,13164965.43
2026-08-05T00:34:26+08:00,1,2,97.2,1676.2,8.21,79210.0,772407.7,95,15055,32768,36,209.41,1060675.62,13164957.38
2026-08-05T00:34:36+08:00,1,2,97.2,1675.6,8.01,78711.6,772407.7,100,13689,32768,36,275.55,1060675.70,13164935.30
2026-08-05T00:34:46+08:00,1,2,97.2,1670.9,7.85,78924.9,772407.7,99,19151,32768,38,297.21,1060675.75,13164903.25
2026-08-05T00:34:56+08:00,1,2,97.2,1676.8,7.88,78405.1,772407.7,88,5255,32768,34,73.42,1060675.84,13164871.16
2026-08-05T00:35:07+08:00,1,2,97.2,1676.2,7.96,78227.1,772407.7,98,13831,32768,36,219.63,1060675.91,13164838.09
2026-08-05T00:35:17+08:00,1,2,97.2,1671.5,9.03,78706.9,772407.7,98,19353,32768,37,220.12,1060675.97,13164813.03
2026-08-05T00:35:27+08:00,1,2,97.2,1674.9,8.86,78757.1,772407.7,100,17711,32768,36,307.20,1060676.05,13164807.95
2026-08-05T00:35:37+08:00,1,2,97.2,1676.7,9.28,78031.7,772407.7,98,14111,32768,37,216.08,1060676.11,13164797.89
2026-08-05T00:35:47+08:00,1,2,97.2,1672.1,8.86,77956.3,772407.7,98,19531,32768,37,265.35,1060676.20,13164946.80
2026-08-05T00:35:57+08:00,1,2,97.2,1671.4,12.08,78036.4,772407.7,100,17911,32768,37,310.32,1060676.27,13164929.73
2026-08-05T00:36:07+08:00,1,2,97.2,1677.3,11.84,81049.9,772407.7,98,14331,32768,37,271.84,1060676.14,13164905.86
2026-08-05T00:36:17+08:00,1,2,97.2,1672.9,12.33,79210.9,772407.7,97,19733,32768,37,211.98,1060676.21,13164886.79
2026-08-05T00:36:27+08:00,1,2,97.2,1672.2,11.88,79012.9,772407.7,99,18093,32768,38,282.83,1060676.31,13164877.69
2026-08-05T00:36:37+08:00,1,2,97.2,1673.9,12.07,78446.7,772407.7,98,14611,32768,37,267.47,1060676.40,13164831.60
2026-08-05T00:36:47+08:00,1,2,97.2,1673.4,11.37,78048.3,772407.7,96,19733,32768,37,222.21,1060676.50,13165197.50
2026-08-05T00:36:57+08:00,1,2,97.2,1676.8,10.53,77333.8,772407.7,99,18291,32768,36,213.30,1060676.59,13164966.41
2026-08-05T00:37:07+08:00,1,2,97.2,1674.4,10.07,77489.6,772407.7,98,14911,32768,37,287.69,1060676.67,13164964.33
2026-08-05T00:37:17+08:00,1,2,97.2,1673.9,9.90,77827.1,772407.7,91,19733,32768,36,229.07,1060676.77,13164970.23
2026-08-05T00:37:27+08:00,1,2,97.2,1673.3,9.53,78006.0,772407.7,98,18571,32768,37,275.91,1060676.84,13164959.16
2026-08-05T00:37:37+08:00,1,2,97.2,1675.0,9.45,78366.4,772407.7,99,15053,32768,37,301.98,1060676.93,13164929.07
2026-08-05T00:37:47+08:00,1,2,97.2,1674.5,8.99,77736.1,772407.7,95,13329,32768,35,210.38,1060677.06,13164901.94
2026-08-05T00:37:57+08:00,1,2,97.2,1674.1,9.23,77104.8,772407.7,98,18773,32768,37,288.18,1060677.14,13164852.86
2026-08-05T00:38:07+08:00,1,2,97.2,1675.8,9.89,77175.1,772407.7,93,15055,32768,36,226.30,1060677.26,13164809.74
2026-08-05T00:38:17+08:00,1,2,97.2,1671.1,9.76,77055.7,772407.7,100,13691,32768,37,282.83,1060677.35,13164787.65
2026-08-05T00:38:27+08:00,1,2,97.2,1674.7,9.41,77073.7,772407.7,99,19151,32768,38,281.08,1060677.45,13164762.55
2026-08-05T00:38:37+08:00,1,2,97.2,1676.4,9.20,77218.6,772407.7,87,3555,32768,34,72.58,1060677.53,13164725.47
2026-08-05T00:38:47+08:00,1,2,97.2,1671.8,9.41,77584.4,772407.7,99,13831,32768,36,276.58,1060677.62,13164681.38
2026-08-05T00:38:58+08:00,1,2,97.2,1671.2,8.96,77100.6,772407.7,100,19351,32768,38,312.54,1060677.75,13164652.25
2026-08-05T00:39:08+08:00,1,2,97.3,1674.7,8.50,77507.0,772407.7,100,17429,32768,35,271.84,1060677.91,13164611.09
2026-08-05T00:39:18+08:00,1,2,97.2,1672.3,8.74,77677.4,772407.7,99,14111,32768,37,304.29,1060678.08,13164581.92
2026-08-05T00:39:28+08:00,1,2,97.2,1671.7,8.98,77696.2,772407.7,98,19531,32768,36,234.57,1060678.27,13164564.73
2026-08-05T00:39:38+08:00,1,2,97.3,1675.2,8.59,77777.3,772407.7,100,17911,32768,37,298.67,1060678.41,13164546.59
2026-08-05T00:39:48+08:00,1,2,97.3,1676.9,8.95,78468.1,772407.7,98,14331,32768,37,245.11,1060678.56,13164530.44
2026-08-05T00:39:58+08:00,1,2,97.3,1672.4,8.88,78133.1,772407.7,99,19731,32768,36,211.50,1060678.69,13164527.31
2026-08-05T00:40:08+08:00,1,2,97.3,1671.8,8.89,78596.1,772407.7,97,18093,32768,37,302.84,1060678.85,13164505.15
2026-08-05T00:40:18+08:00,1,2,97.3,1677.7,9.00,78724.9,772407.7,98,14611,32768,37,283.51,1060679.00,13164479.00
2026-08-05T00:40:28+08:00,1,2,97.3,1673.0,9.22,78536.0,772407.7,98,19733,32768,37,229.37,1060679.15,13164449.85
2026-08-05T00:40:38+08:00,1,2,97.3,1672.3,9.19,78916.0,772407.7,98,18293,32768,37,304.78,1060679.32,13164431.68
2026-08-05T00:40:48+08:00,1,2,97.3,1674.0,8.77,79107.8,772407.7,98,14771,32768,38,290.80,1060679.48,13164420.52
2026-08-05T00:40:58+08:00,1,2,97.3,1673.5,9.17,78758.1,772407.7,92,19733,32768,36,212.33,1060679.66,13164422.34
2026-08-05T00:41:08+08:00,1,2,97.3,1677.1,9.23,78715.0,772407.7,99,18571,32768,37,285.75,1060679.86,13164420.14
2026-08-05T00:41:18+08:00,1,2,97.3,1674.7,9.88,79237.2,772407.7,98,14911,32768,38,220.12,1060680.03,13164416.97
2026-08-05T00:41:28+08:00,1,2,97.3,1670.1,9.82,78402.1,772407.7,92,18453,32768,35,149.45,1060681.40,13164397.60
2026-08-05T00:41:38+08:00,1,2,97.3,1677.6,9.69,78596.1,772407.7,99,18771,32768,38,313.02,1060681.62,13164399.38
2026-08-05T00:41:48+08:00,1,2,97.3,1675.4,9.89,77924.8,772407.7,99,15051,32768,38,265.87,1060681.83,13164392.17
2026-08-05T00:41:58+08:00,1,2,97.3,1670.7,9.97,79016.2,772407.7,97,13331,32768,35,281.19,1060682.08,13164385.92
2026-08-05T00:42:08+08:00,1,2,97.3,1678.3,9.90,78707.8,772407.7,98,18951,32768,37,290.80,1060683.60,13164384.40
2026-08-05T00:42:18+08:00,1,2,97.3,1675.9,9.91,78662.6,772407.7,88,15055,32768,36,210.17,1060683.85,13164381.15
2026-08-05T00:42:28+08:00,1,2,97.3,1671.2,10.40,79510.4,772407.7,100,13691,32768,37,287.50,1060683.85,13164368.15
2026-08-05T00:42:38+08:00,1,2,97.3,1670.6,11.02,79555.9,772407.7,99,18953,32768,37,265.52,1060685.05,13164368.95
2026-08-05T00:42:48+08:00,1,2,97.3,1676.4,11.94,79699.7,772407.7,90,10055,32768,36,85.69,1060686.58,13165031.42
2026-08-05T00:42:58+08:00,1,2,97.3,1671.8,11.48,79403.2,772407.7,98,13831,32768,37,215.25,1060686.86,13164363.14
2026-08-05T00:43:08+08:00,1,2,97.3,1671.2,11.02,79573.3,772407.7,98,19351,32768,37,231.31,1060687.08,13164356.92
2026-08-05T00:43:18+08:00,1,2,97.3,1674.8,10.56,79911.9,772407.7,98,17429,32768,34,85.69,1060687.32,13164356.68
2026-08-05T00:43:28+08:00,1,2,97.3,1672.5,9.99,79487.2,772407.7,98,13971,32768,37,305.95,1060688.24,13164340.76
2026-08-05T00:43:38+08:00,1,2,97.3,1671.9,9.30,79619.6,772407.7,98,19351,32768,37,272.15,1060689.31,13164339.69
2026-08-05T00:43:48+08:00,1,2,97.3,1675.4,8.93,79475.3,772407.7,100,17429,32768,36,301.58,1060689.59,13164331.41
2026-08-05T00:43:59+08:00,1,2,97.3,1673.1,8.63,79403.8,772407.7,98,13971,32768,37,278.95,1060689.87,13164313.13
2026-08-05T00:44:09+08:00,1,2,97.3,1672.6,8.76,78677.0,772407.7,99,19531,32768,38,282.83,1060690.12,13164306.88
2026-08-05T00:44:19+08:00,1,2,97.3,1671.9,8.48,78388.2,772407.7,100,17709,32768,36,222.07,1060690.44,13164296.56
2026-08-05T00:44:29+08:00,1,2,97.3,1673.8,8.40,78067.0,772407.7,98,14111,32768,37,217.20,1060690.68,13164286.32
2026-08-05T00:44:39+08:00,1,2,97.3,1673.2,8.19,77805.3,772407.7,99,19531,32768,37,262.78,1060690.89,13164277.11
2026-08-05T00:44:49+08:00,1,2,97.3,1672.6,8.16,78276.7,772407.7,98,17709,32768,36,271.84,1060690.93,13164295.07
2026-08-05T00:44:59+08:00,1,2,97.3,1674.4,9.10,77838.8,772407.7,98,14331,32768,37,301.58,1060691.10,13164315.90
2026-08-05T00:45:09+08:00,1,2,97.3,1673.8,10.00,78234.5,772407.7,99,19733,32768,38,299.35,1060691.16,13164329.84
2026-08-05T00:45:19+08:00,1,2,97.3,1673.2,9.92,78075.6,772407.7,98,17911,32768,36,213.10,1060691.20,13164349.80
2026-08-05T00:45:29+08:00,1,2,97.3,1675.0,9.47,77790.2,772407.7,98,14331,32768,37,278.28,1060691.25,13164384.75
2026-08-05T00:45:39+08:00,1,2,97.3,1674.7,9.47,78195.9,772407.7,99,19731,32768,37,222.89,1060691.31,13164399.69
2026-08-05T00:45:49+08:00,1,2,97.3,1674.0,9.79,79308.3,772407.7,98,17909,32768,37,292.36,1060691.36,13164417.64
2026-08-05T00:45:59+08:00,1,2,97.3,1675.7,9.75,79113.3,772407.7,98,14471,32768,38,285.75,1060691.42,13164453.58
2026-08-05T00:46:09+08:00,1,2,97.3,1675.2,9.38,78377.4,772407.7,100,19733,32768,38,303.52,1060691.46,13164482.54
2026-08-05T00:46:19+08:00,1,2,97.3,1670.5,9.02,78718.9,772407.7,98,18091,32768,37,289.93,1060686.29,13164525.71
2026-08-05T00:46:29+08:00,1,2,97.3,1676.2,9.16,78020.8,772407.7,97,14613,32768,37,287.21,1060686.35,13164562.65
2026-08-05T00:46:39+08:00,1,2,97.3,1671.7,9.08,77885.6,772407.7,98,19733,32768,37,203.22,1060686.41,13164593.59
2026-08-05T00:46:49+08:00,1,2,97.3,1671.2,8.91,77117.7,772407.7,99,18091,32768,36,268.26,1060686.49,13164613.51
2026-08-05T00:46:59+08:00,1,2,97.4,1676.9,8.93,78476.5,772407.7,98,14613,32768,36,216.71,1060686.54,13164648.46
2026-08-05T00:47:09+08:00,1,2,97.4,1672.3,8.62,78965.7,772407.7,90,19733,32768,36,237.15,1060686.62,13164730.38
2026-08-05T00:47:19+08:00,1,2,97.4,1675.9,8.21,79022.0,772407.7,96,18291,32768,38,298.95,1060686.69,13164882.31
2026-08-05T00:47:29+08:00,1,2,97.4,1677.5,8.25,78631.0,772407.7,97,14613,32768,37,247.86,1060686.76,13164949.24
2026-08-05T00:47:39+08:00,1,2,97.4,1672.8,8.80,78551.6,772407.7,93,19733,32768,36,233.26,1060686.82,13164987.18
2026-08-05T00:47:49+08:00,1,2,97.4,1672.3,8.76,79134.8,772407.7,99,18291,32768,37,287.99,1060686.91,13165006.09
2026-08-05T00:47:59+08:00,1,2,97.4,1678.1,8.94,79740.5,772407.7,98,14773,32768,37,285.75,1060686.98,13165012.02
2026-08-05T00:48:09+08:00,1,2,97.4,1673.4,8.87,79387.1,772407.7,91,19733,32768,36,230.83,1060678.88,13164959.12
2026-08-05T00:48:19+08:00,1,2,97.4,1672.8,8.73,79587.7,772407.7,98,18291,32768,36,221.09,1060678.96,13164921.04
2026-08-05T00:48:29+08:00,1,2,97.4,1674.4,8.30,79190.4,772407.7,98,14911,32768,38,310.32,1060679.03,13164891.97
2026-08-05T00:48:39+08:00,1,2,97.4,1674.0,8.18,78259.4,772407.7,91,19735,32768,36,238.94,1060681.02,13164864.98
2026-08-05T00:48:50+08:00,1,2,97.4,1673.4,8.39,78308.7,772407.7,99,18571,32768,38,282.83,1060685.35,13164843.65
2026-08-05T00:49:00+08:00,1,2,97.4,1671.0,8.25,78006.8,772407.7,98,14911,32768,36,256.77,1060685.42,13164811.58
2026-08-05T00:49:10+08:00,1,2,97.4,1674.4,8.13,77593.1,772407.7,87,19733,32768,36,212.33,1060685.54,13164796.46
2026-08-05T00:49:20+08:00,1,2,97.4,1673.9,8.34,78228.8,772407.7,98,18571,32768,37,247.21,1060686.71,13164772.29
2026-08-05T00:49:30+08:00,1,2,97.4,1671.6,8.97,78113.3,772407.7,99,15053,32768,38,275.06,1060686.87,13164748.13
2026-08-05T00:49:40+08:00,1,2,97.4,1671.0,8.66,77954.3,772407.7,98,4109,32768,34,195.91,1060687.06,13164727.94
2026-08-05T00:49:50+08:00,1,2,97.4,1674.5,8.56,77952.3,772407.7,99,18773,32768,37,214.76,1060687.78,13164694.22
2026-08-05T00:50:00+08:00,1,2,97.4,1672.1,8.24,78350.7,772407.7,98,15053,32768,37,267.77,1060688.11,13164693.89
2026-08-05T00:50:10+08:00,1,2,97.4,1675.6,8.21,78182.6,772407.7,98,12271,32768,35,249.97,1060688.20,13164679.80
2026-08-05T00:50:20+08:00,1,2,97.4,1675.0,8.64,78088.3,772407.7,99,18773,32768,37,267.64,1060688.31,13164674.69
2026-08-05T00:50:30+08:00,1,2,97.4,1672.7,8.99,78173.1,772407.7,98,15055,32768,36,207.11,1060688.38,13164666.62
2026-08-05T00:50:40+08:00,1,2,97.4,1676.1,8.69,78470.4,772407.7,100,13531,32768,36,230.49,1060688.48,13164629.52
2026-08-05T00:50:50+08:00,1,2,97.4,1671.5,9.11,78372.8,772407.7,98,18951,32768,37,222.55,1060688.61,13164635.39
2026-08-05T00:51:00+08:00,1,2,97.4,1673.3,9.48,78286.8,772407.7,93,15053,32768,36,221.73,1060688.69,13164609.31
2026-08-05T00:51:10+08:00,1,2,97.4,1676.8,9.71,77661.7,772407.7,100,13691,32768,37,302.55,1060688.79,13164609.21
2026-08-05T00:51:20+08:00,1,2,97.4,1672.2,9.28,77410.9,772407.7,99,19151,32768,38,308.86,1060688.87,13164619.13
2026-08-05T00:51:30+08:00,1,2,97.4,1669.8,9.25,77413.5,772407.7,87,15055,32768,36,219.15,1060688.99,13164615.01
2026-08-05T00:51:40+08:00,1,2,97.4,1677.3,8.82,76612.4,772407.7,100,13831,32768,37,296.24,1060689.16,13164612.84
2026-08-05T00:51:50+08:00,1,2,97.4,1672.8,8.83,77105.9,772407.7,98,19153,32768,38,282.35,1060689.31,13164729.69
2026-08-05T00:52:00+08:00,1,2,97.4,1670.4,8.70,77044.6,772407.7,83,15055,32768,36,218.32,1060689.47,13164822.53
2026-08-05T00:52:10+08:00,1,2,97.4,1674.0,8.90,76645.8,772407.7,100,13831,32768,37,286.23,1060689.60,13164859.40
2026-08-05T00:52:20+08:00,1,2,97.4,1673.3,9.08,77540.5,772407.7,98,19151,32768,37,222.07,1060689.69,13164852.31
2026-08-05T00:52:30+08:00,1,2,97.4,1671.0,9.37,77862.5,772407.7,88,5435,32768,34,73.07,1060689.84,13164844.16
2026-08-05T00:52:40+08:00,1,2,97.4,1674.6,9.38,77577.4,772407.7,99,13831,32768,36,259.86,1060689.31,13164802.69
2026-08-05T00:52:50+08:00,1,2,97.4,1674.0,9.17,77655.3,772407.7,96,19353,32768,37,302.26,1060687.92,13164754.08
2026-08-05T00:53:00+08:00,1,2,97.4,1673.5,8.90,77759.6,772407.7,92,11269,32768,36,248.99,1060688.07,13164707.93
2026-08-05T00:53:10+08:00,1,2,97.4,1671.3,8.69,78168.8,772407.7,98,13971,32768,36,223.33,1060688.09,13164639.91
2026-08-05T00:53:20+08:00,1,2,97.4,1674.8,9.12,78128.4,772407.7,99,19353,32768,36,223.87,1060684.66,13164529.34
2026-08-05T00:53:30+08:00,1,2,97.4,1674.2,8.72,78501.8,772407.7,98,17429,32768,35,264.86,1060684.78,13164502.22
2026-08-05T00:53:40+08:00,1,2,97.4,1671.9,8.91,78367.5,772407.7,99,13971,32768,37,280.40,1060684.93,13164471.07
2026-08-05T00:53:51+08:00,1,2,97.4,1675.4,9.21,78233.8,772407.7,100,19531,32768,38,278.83,1060685.14,13164814.86
2026-08-05T00:54:01+08:00,1,2,97.4,1674.8,9.17,78237.8,772407.7,100,17709,32768,36,217.69,1060685.37,13164444.63
2026-08-05T00:54:11+08:00,1,2,97.4,1672.6,9.07,78661.6,772407.7,98,14111,32768,37,299.83,1060685.60,13164423.40
2026-08-05T00:54:21+08:00,1,2,97.4,1672.1,8.60,78622.9,772407.7,98,19531,32768,37,258.06,1060685.77,13164406.23
2026-08-05T00:54:31+08:00,1,2,97.4,1675.6,8.27,78632.4,772407.7,100,17913,32768,37,294.30,1060686.01,13164391.99
2026-08-05T00:54:41+08:00,1,2,97.4,1673.2,7.91,78915.4,772407.7,99,14333,32768,37,214.91,1060686.21,13164375.79
2026-08-05T00:54:51+08:00,1,2,97.4,1672.5,8.30,79001.6,772407.7,98,19731,32768,38,318.29,1060686.42,13164376.58
2026-08-05T00:55:01+08:00,1,2,97.4,1676.1,8.64,79938.3,772407.7,99,17709,32768,36,292.26,1060686.62,13164382.38
2026-08-05T00:55:11+08:00,1,2,97.4,1673.8,8.91,79609.9,772407.7,98,14331,32768,37,222.55,1060686.84,13164413.16
2026-08-05T00:55:21+08:00,1,2,97.4,1673.2,9.54,80635.3,772407.7,99,19731,32768,37,236.84,1060687.12,13164433.88
2026-08-05T00:55:31+08:00,1,2,97.4,1672.8,9.13,79614.2,772407.7,94,17911,32768,36,211.36,1060687.35,13164452.65
2026-08-05T00:55:41+08:00,1,2,97.4,1670.4,8.42,79346.2,772407.7,99,14471,32768,37,218.46,1060687.70,13164475.30
2026-08-05T00:55:51+08:00,1,2,97.5,1677.9,8.04,79822.5,772407.7,99,19731,32768,37,276.03,1060687.94,13164485.06
2026-08-05T00:56:01+08:00,1,2,97.5,1673.3,7.49,78969.8,772407.7,99,18093,32768,38,297.89,1060688.22,13164522.78
2026-08-05T00:56:11+08:00,1,2,97.5,1670.9,7.65,78462.8,772407.7,98,14611,32768,38,294.30,1060688.21,13164558.79
2026-08-05T00:56:21+08:00,1,2,97.5,1678.5,7.32,78789.6,772407.7,98,19731,32768,37,216.51,1060688.46,13164585.54
2026-08-05T00:56:31+08:00,1,2,97.5,1673.9,7.25,78571.2,772407.7,99,18089,32768,36,218.03,1060689.15,13164598.85
2026-08-05T00:56:41+08:00,1,2,97.5,1671.6,7.68,79663.4,772407.7,98,14611,32768,37,252.88,1060689.43,13164598.57
2026-08-05T00:56:51+08:00,1,2,97.5,1674.9,7.89,78041.5,772407.7,96,19733,32768,37,220.46,1060689.65,13164611.35
2026-08-05T00:57:01+08:00,1,2,97.5,1674.4,8.22,78260.6,772407.7,99,18291,32768,38,289.15,1060689.70,13164618.30
2026-08-05T00:57:11+08:00,1,2,97.5,1672.1,9.19,78653.9,772407.7,99,14771,32768,38,276.82,1060689.76,13164642.24
2026-08-05T00:57:21+08:00,1,2,97.5,1675.6,9.58,77795.3,772407.7,88,19733,32768,36,219.97,1060689.81,13164647.19
2026-08-05T00:57:31+08:00,1,2,97.5,1675.0,9.34,77647.7,772407.7,99,18291,32768,37,299.06,1060689.88,13164856.12
2026-08-05T00:57:41+08:00,1,2,97.5,1672.7,9.21,79228.5,772407.7,98,14773,32768,37,267.47,1060690.51,13164855.49
2026-08-05T00:57:51+08:00,1,2,97.5,1672.3,9.12,77713.0,772407.7,88,19733,32768,36,228.88,1060691.38,13164855.62
2026-08-05T00:58:01+08:00,1,2,97.5,1671.6,8.33,77365.2,772407.7,99,18289,32768,37,288.56,1060691.61,13164832.39
2026-08-05T00:58:11+08:00,1,2,97.5,1673.4,8.19,77607.3,772407.7,98,14911,32768,37,301.09,1060691.82,13164777.18
2026-08-05T00:58:21+08:00,1,2,97.5,1672.8,8.14,78217.5,772407.7,90,19733,32768,36,237.49,1060692.88,13164742.12
2026-08-05T00:58:31+08:00,1,2,97.5,1672.2,7.88,78148.6,772407.7,99,18291,32768,36,266.01,1060688.45,13165339.55
2026-08-05T00:58:41+08:00,1,2,97.5,1669.9,8.29,78611.6,772407.7,98,14773,32768,37,261.63,1060688.53,13164617.47
2026-08-05T00:58:52+08:00,1,2,97.5,1673.4,8.54,77883.4,772407.7,86,19733,32768,36,231.16,1060690.00,13164565.00
2026-08-05T00:59:02+08:00,1,2,97.5,1672.7,9.48,77623.6,772407.7,98,18291,32768,38,301.58,1060690.57,13164525.43
2026-08-05T00:59:12+08:00,1,2,97.5,1674.4,9.64,78598.1,772407.7,99,14771,32768,37,306.43,1060690.58,13164488.42
2026-08-05T00:59:22+08:00,1,2,97.5,1673.9,8.84,78336.6,772407.7,96,19733,32768,36,237.00,1060690.63,13164454.37
2026-08-05T00:59:32+08:00,1,2,97.5,1673.4,9.02,78771.6,772407.7,99,18291,32768,36,208.71,1060693.44,13164419.56
2026-08-05T00:59:42+08:00,1,2,97.5,1675.2,8.86,78451.0,772407.7,98,14911,32768,38,291.77,1060696.29,13164416.71
2026-08-05T00:59:52+08:00,1,2,97.5,1670.5,8.80,78478.2,772407.7,92,19733,32768,36,236.51,1060697.83,13164383.17
2026-08-05T01:00:02+08:00,1,2,97.5,1673.9,9.30,78985.2,772407.7,99,18571,32768,37,221.87,1060698.41,13164357.59
2026-08-05T01:00:12+08:00,1,2,97.5,1675.7,9.86,78618.9,772407.7,99,15053,32768,38,283.99,1060698.93,13164328.07
2026-08-05T01:00:22+08:00,1,2,97.5,1671.0,10.11,78654.6,772407.7,91,1915,32768,34,72.49,1060699.27,13164316.73
2026-08-05T01:00:32+08:00,1,2,97.5,1678.5,10.40,78297.2,772407.7,99,18773,32768,38,299.35,1060699.52,13164318.48
2026-08-05T01:00:42+08:00,1,2,97.5,1676.2,11.20,78238.0,772407.7,98,15051,32768,37,251.27,1060699.57,13164332.43
2026-08-05T01:00:52+08:00,1,2,97.5,1671.5,11.25,79713.9,772407.7,100,13331,32768,36,299.15,1060699.53,13164468.47
2026-08-05T01:01:02+08:00,1,2,97.5,1674.9,13.98,78800.8,772407.7,97,18771,32768,37,294.39,1060699.88,13164456.12
2026-08-05T01:01:12+08:00,1,2,97.5,1676.7,13.82,79106.2,772407.7,99,15053,32768,37,211.98,1060700.22,13164460.78
2026-08-05T01:01:22+08:00,1,2,97.5,1672.2,13.83,78954.8,772407.7,100,13331,32768,35,275.42,1060700.56,13164463.44
2026-08-05T01:01:32+08:00,1,2,97.5,1675.8,13.16,78346.5,772407.7,98,18771,32768,37,219.15,1060700.57,13165145.43
2026-08-05T01:01:42+08:00,1,2,97.5,1673.4,12.14,78106.1,772407.7,97,15051,32768,37,214.62,1060700.67,13164461.33
2026-08-05T01:01:52+08:00,1,2,97.5,1673.0,11.42,77945.1,772407.7,100,13529,32768,37,306.84,1060700.76,13164467.24
2026-08-05T01:02:02+08:00,1,2,97.5,1672.4,10.64,78162.3,772407.7,98,18951,32768,38,302.55,1060701.12,13164454.88
2026-08-05T01:02:12+08:00,1,2,97.5,1674.0,10.08,77078.2,772407.7,93,15053,32768,36,195.91,1060701.56,13164441.44
2026-08-05T01:02:22+08:00,1,2,97.5,1673.7,9.68,78602.8,772407.7,100,13529,32768,36,289.93,1060701.98,13164443.02
2026-08-05T01:02:32+08:00,1,2,97.5,1673.1,9.50,77335.6,772407.7,99,18771,32768,37,301.38,1060702.08,13164439.92
2026-08-05T01:02:42+08:00,1,2,97.5,1674.8,9.10,77584.0,772407.7,99,15055,32768,36,179.84,1060702.09,13164453.91
2026-08-05T01:02:52+08:00,1,2,97.5,1674.4,8.63,77283.4,772407.7,100,13529,32768,36,288.66,1060701.58,13164464.42
2026-08-05T01:03:02+08:00,1,2,97.5,1673.8,8.38,77356.5,772407.7,99,18951,32768,37,268.92,1060702.72,13164494.28
2026-08-05T01:03:12+08:00,1,2,97.5,1675.5,9.67,77439.7,772407.7,91,15055,32768,36,227.42,1060703.28,13164620.72
2026-08-05T01:03:22+08:00,1,2,97.5,1671.0,9.10,77693.8,772407.7,100,13691,32768,37,297.41,1060704.22,13164622.78
2026-08-05T01:03:32+08:00,1,2,97.5,1674.5,8.69,77798.3,772407.7,99,19153,32768,38,310.11,1060704.33,13164638.67
2026-08-05T01:03:43+08:00,1,2,97.5,1676.2,8.89,78669.9,772407.7,87,15055,32768,36,229.37,1060704.57,13164649.43
2026-08-05T01:03:53+08:00,1,2,97.5,1671.6,9.11,78710.0,772407.7,100,13831,32768,37,300.12,1060704.73,13164783.27
2026-08-05T01:04:03+08:00,1,2,97.5,1675.1,9.31,79947.0,772407.7,99,19351,32768,37,303.32,1060704.97,13164785.03
2026-08-05T01:04:13+08:00,1,2,97.5,1674.4,9.18,79035.9,772407.7,100,17429,32768,35,120.66,1060705.84,13164776.16
2026-08-05T01:04:23+08:00,1,2,97.5,1672.1,9.30,79975.9,772407.7,99,13973,32768,37,223.04,1060705.96,13164773.04
2026-08-05T01:04:33+08:00,1,2,97.5,1671.5,9.33,79606.1,772407.7,100,19531,32768,38,318.85,1060704.91,13165439.09
2026-08-05T01:04:43+08:00,1,2,97.5,1674.9,10.47,79428.8,772407.7,100,17709,32768,36,248.67,1060705.74,13164685.26
2026-08-05T01:04:53+08:00,1,2,97.5,1676.7,10.94,78712.3,772407.7,98,14111,32768,36,233.57,1060705.84,13164649.16
2026-08-05T01:05:03+08:00,1,2,97.5,1672.1,10.69,78354.2,772407.7,99,19533,32768,37,261.63,1060705.98,13164618.02
2026-08-05T01:05:13+08:00,1,2,97.5,1675.5,11.06,79451.0,772407.7,100,17911,32768,37,289.63,1060706.29,13164587.71
2026-08-05T01:05:23+08:00,1,2,97.5,1677.3,11.18,78742.7,772407.7,99,14331,32768,37,291.28,1060697.63,13164602.37
2026-08-05T01:05:33+08:00,1,2,97.5,1672.6,10.91,77945.6,772407.7,98,19733,32768,37,213.10,1060698.80,13164591.20
2026-08-05T01:05:43+08:00,1,2,97.5,1672.0,10.93,79262.4,772407.7,98,17909,32768,36,211.15,1060699.24,13164568.76
2026-08-05T01:05:53+08:00,1,2,97.5,1677.8,10.55,79501.2,772407.7,98,14471,32768,38,255.80,1060699.42,13164556.58
2026-08-05T01:06:03+08:00,1,2,97.6,1673.2,10.01,78804.1,772407.7,100,19731,32768,38,314.96,1060705.95,13164547.05
2026-08-05T01:06:13+08:00,1,2,97.6,1672.6,9.62,79613.1,772407.7,98,18091,32768,37,221.73,1060706.38,13164556.62
2026-08-05T01:06:23+08:00,1,2,97.6,1674.3,9.85,78970.1,772407.7,99,14611,32768,37,221.73,1060706.54,13164551.46
2026-08-05T01:06:33+08:00,1,2,97.6,1673.7,9.86,79508.0,772407.7,92,19733,32768,37,218.51,1060707.67,13164554.33
2026-08-05T01:06:43+08:00,1,2,97.6,1673.1,10.25,81058.3,772407.7,100,18293,32768,38,315.93,1060708.06,13164563.94
2026-08-05T01:06:53+08:00,1,2,97.6,1674.8,9.88,79659.4,772407.7,99,14771,32768,38,305.95,1060708.21,13164556.79
2026-08-05T01:07:03+08:00,1,2,97.6,1674.3,9.60,79496.5,772407.7,93,19733,32768,36,227.23,1060709.02,13164575.98
2026-08-05T01:07:13+08:00,1,2,97.6,1673.8,9.90,80463.8,772407.7,99,18291,32768,36,265.35,1060709.33,13164594.67
2026-08-05T01:07:23+08:00,1,2,97.6,1675.4,9.75,80145.5,772407.7,98,14771,32768,37,238.79,1060709.61,13164598.39
2026-08-05T01:07:33+08:00,1,2,97.6,1670.7,9.62,80046.0,772407.7,92,19733,32768,36,240.40,1060709.81,13164602.19
2026-08-05T01:07:43+08:00,1,2,97.6,1674.3,8.99,80003.0,772407.7,98,18571,32768,36,219.78,1060710.13,13164599.87
2026-08-05T01:07:53+08:00,1,2,97.6,1676.0,8.60,80418.3,772407.7,99,15051,32768,37,297.21,1060710.37,13164600.63
2026-08-05T01:08:03+08:00,1,2,97.6,1671.4,8.43,80139.8,772407.7,87,19735,32768,36,211.57,1060710.66,13164615.34
2026-08-05T01:08:13+08:00,1,2,97.6,1674.9,8.12,79001.3,772407.7,98,18571,32768,36,209.41,1060711.05,13164606.95
2026-08-05T01:08:23+08:00,1,2,97.6,1672.6,7.86,78899.3,772407.7,99,15051,32768,38,288.18,1060711.21,13164606.79
2026-08-05T01:08:33+08:00,1,2,97.6,1671.9,7.88,77973.2,772407.7,91,19735,32768,36,199.71,1060711.40,13164618.60
2026-08-05T01:08:44+08:00,1,2,97.6,1671.4,7.81,77852.0,772407.7,99,18771,32768,38,300.41,1060711.85,13164605.15
2026-08-05T01:08:54+08:00,1,2,97.6,1673.1,7.77,78075.1,772407.7,97,15053,32768,37,236.84,1060712.17,13164598.83
2026-08-05T01:09:04+08:00,1,2,97.6,1676.5,7.58,79379.1,772407.7,88,6675,32768,34,72.54,1060712.41,13164593.59
2026-08-05T01:09:14+08:00,1,2,97.6,1671.9,7.40,78553.7,772407.7,99,18771,32768,37,212.33,1060712.68,13164573.32
2026-08-05T01:09:24+08:00,1,2,97.6,1669.5,7.77,78543.7,772407.7,99,15051,32768,37,313.23,1060715.60,13164564.40
2026-08-05T01:09:34+08:00,1,2,97.6,1677.0,7.65,77968.5,772407.7,98,6409,32768,33,253.37,1060717.99,13164668.01
2026-08-05T01:09:44+08:00,1,2,97.6,1672.4,7.76,78355.7,772407.7,100,18771,32768,38,298.18,1060718.39,13164657.61
2026-08-05T01:09:54+08:00,1,2,97.6,1670.0,7.62,78310.2,772407.7,98,15051,32768,38,259.20,1060720.52,13164668.48
2026-08-05T01:10:04+08:00,1,2,97.6,1677.5,7.59,77872.8,772407.7,100,13331,32768,34,234.57,1060722.26,13164650.74
2026-08-05T01:10:14+08:00,1,2,97.6,1673.0,7.58,78034.8,772407.7,98,18771,32768,37,210.52,1060722.89,13164621.11
2026-08-05T01:10:24+08:00,1,2,97.6,1670.8,8.17,78188.0,772407.7,99,15051,32768,38,270.20,1060723.31,13165239.69
2026-08-05T01:10:34+08:00,1,2,97.6,1674.2,8.07,78118.6,772407.7,100,13531,32768,36,279.92,1060723.33,13164500.67
2026-08-05T01:10:44+08:00,1,2,97.6,1673.7,8.91,78468.0,772407.7,99,18951,32768,38,300.81,1060720.47,13164466.53
2026-08-05T01:10:54+08:00,1,2,97.6,1671.3,9.25,78784.4,772407.7,86,15055,32768,36,230.98,1060720.47,13164417.53
2026-08-05T01:11:04+08:00,1,2,97.6,1674.7,9.04,79382.4,772407.7,100,13531,32768,36,261.80,1060720.79,13164384.21
2026-08-05T01:11:14+08:00,1,2,97.6,1674.3,8.80,78924.7,772407.7,98,18951,32768,37,214.91,1060720.83,13164355.17
2026-08-05T01:11:24+08:00,1,2,97.6,1672.1,8.69,79751.7,772407.7,89,15055,32768,36,220.95,1060720.95,13164335.05
2026-08-05T01:11:34+08:00,1,2,97.6,1675.5,9.36,80316.7,772407.7,100,13689,32768,37,303.81,1060721.20,13164318.80
2026-08-05T01:11:44+08:00,1,2,97.6,1671.0,9.21,79712.6,772407.7,99,19153,32768,37,300.90,1060721.25,13164302.75
2026-08-05T01:11:54+08:00,1,2,97.6,1672.8,9.18,80050.5,772407.7,85,15055,32768,36,203.08,1060721.37,13164329.63
2026-08-05T01:12:04+08:00,1,2,97.6,1676.2,9.36,79981.6,772407.7,98,13691,32768,36,275.06,1060721.63,13164333.37
2026-08-05T01:12:14+08:00,1,2,97.6,1671.5,8.99,79610.9,772407.7,99,19353,32768,38,304.41,1060721.66,13164330.34
2026-08-05T01:12:24+08:00,1,2,97.6,1675.1,8.46,79503.3,772407.7,100,17429,32768,34,133.03,1060721.72,13164349.28
2026-08-05T01:12:34+08:00,1,2,97.6,1676.8,9.16,80101.2,772407.7,98,13831,32768,37,294.39,1060722.04,13164330.96
2026-08-05T01:12:44+08:00,1,2,97.6,1672.3,9.37,79911.2,772407.7,98,19351,32768,38,300.61,1060722.09,13164350.91
2026-08-05T01:12:54+08:00,1,2,97.6,1671.7,9.00,79000.4,772407.7,92,17431,32768,34,190.19,1060722.14,13164386.86
2026-08-05T01:13:04+08:00,1,2,97.6,1673.5,8.99,79392.6,772407.7,98,13971,32768,37,281.38,1060722.46,13164390.54
2026-08-05T01:13:14+08:00,1,2,97.6,1672.9,8.61,78921.0,772407.7,99,19351,32768,38,244.13,1060722.50,13164385.50
2026-08-05T01:13:24+08:00,1,2,97.6,1672.4,8.51,79165.2,772407.7,100,17429,32768,34,197.86,1060722.57,13164390.43
2026-08-05T01:13:35+08:00,1,2,97.6,1670.0,8.28,79062.6,772407.7,98,13971,32768,37,223.82,1060722.63,13164401.37
2026-08-05T01:13:45+08:00,1,2,97.6,1677.6,8.39,78969.4,772407.7,99,19351,32768,36,214.91,1060722.70,13164433.30
2026-08-05T01:13:55+08:00,1,2,97.6,1672.9,8.18,79172.0,772407.7,100,17429,32768,36,298.67,1060723.02,13164446.98
2026-08-05T01:14:05+08:00,1,2,97.6,1670.6,8.92,79931.5,772407.7,99,13971,32768,36,243.32,1060723.09,13164455.91
2026-08-05T01:14:15+08:00,1,2,97.6,1674.1,9.70,79549.7,772407.7,99,19531,32768,37,276.03,1060724.74,13164463.26
2026-08-05T01:14:25+08:00,1,2,97.6,1673.5,10.13,80082.2,772407.7,100,17709,32768,36,204.81,1060725.01,13164489.99
2026-08-05T01:14:35+08:00,1,2,97.6,1671.2,10.82,79523.5,772407.7,98,14333,32768,37,303.43,1060725.07,13164507.93
2026-08-05T01:14:45+08:00,1,2,97.6,1674.6,10.37,79051.3,772407.7,100,19733,32768,38,280.40,1060725.14,13164499.86
2026-08-05T01:14:55+08:00,1,2,97.6,1674.1,9.85,78826.8,772407.7,97,17911,32768,37,245.27,1060725.29,13164505.71
2026-08-05T01:15:05+08:00,1,2,97.6,1671.7,9.34,78584.7,772407.7,98,14331,32768,37,268.26,1060725.36,13164761.64
2026-08-05T01:15:15+08:00,1,2,97.6,1675.1,9.04,78394.8,772407.7,100,19733,32768,37,291.77,1060725.87,13164527.13
2026-08-05T01:15:25+08:00,1,2,97.6,1670.4,8.80,79234.2,772407.7,99,18089,32768,37,298.58,1060725.93,13164545.07
2026-08-05T01:15:35+08:00,1,2,97.6,1672.2,8.97,78659.0,772407.7,99,14471,32768,37,269.72,1060726.89,13164584.11
2026-08-05T01:15:45+08:00,1,2,97.6,1675.7,8.60,78289.8,772407.7,99,19731,32768,37,220.12,1060726.96,13164606.04
2026-08-05T01:15:55+08:00,1,2,97.6,1671.1,8.66,78646.2,772407.7,99,18089,32768,36,214.91,1060727.10,13164632.90
2026-08-05T01:16:05+08:00,1,2,97.6,1672.8,8.69,78556.6,772407.7,98,14471,32768,37,277.19,1060727.15,13164672.85
2026-08-05T01:16:15+08:00,1,2,97.7,1676.3,8.97,79427.0,772407.7,100,19731,32768,37,226.26,1060727.22,13164696.78
2026-08-05T01:16:25+08:00,1,2,97.7,1671.7,8.81,79232.6,772407.7,99,18089,32768,36,249.48,1060727.32,13164705.68
2026-08-05T01:16:35+08:00,1,2,97.7,1673.4,8.84,78857.4,772407.7,98,14611,32768,37,243.32,1060727.42,13164708.58
2026-08-05T01:16:45+08:00,1,2,97.7,1672.8,9.10,78807.2,772407.7,89,19733,32768,36,225.62,1060727.51,13164730.49
2026-08-05T01:16:55+08:00,1,2,97.7,1672.3,9.37,78460.4,772407.7,100,18291,32768,38,268.61,1060727.63,13164743.37
2026-08-05T01:17:05+08:00,1,2,97.7,1674.0,9.00,78817.1,772407.7,99,14771,32768,37,234.88,1060727.76,13164778.24
2026-08-05T01:17:15+08:00,1,2,97.7,1673.5,8.53,78559.0,772407.7,92,19733,32768,36,235.52,1060727.88,13164803.12
2026-08-05T01:17:25+08:00,1,2,97.7,1673.1,8.06,78210.3,772407.7,100,18573,32768,37,309.14,1060728.00,13165010.00
2026-08-05T01:17:35+08:00,1,2,97.7,1674.8,7.90,78562.6,772407.7,98,14911,32768,37,298.86,1060728.13,13165009.87
2026-08-05T01:17:45+08:00,1,2,97.7,1674.3,8.32,78560.1,772407.7,89,19735,32768,36,236.34,1060728.27,13165105.73
2026-08-05T01:17:55+08:00,1,2,97.7,1677.8,8.81,78399.1,772407.7,98,18571,32768,38,312.05,1060728.39,13165125.61
2026-08-05T01:18:05+08:00,1,2,97.7,1675.5,8.82,77802.9,772407.7,99,14911,32768,37,296.24,1060728.53,13165140.47
2026-08-05T01:18:15+08:00,1,2,97.7,1670.8,8.55,77766.5,772407.7,90,19733,32768,36,222.89,1060728.69,13165182.31
2026-08-05T01:18:25+08:00,1,2,97.7,1674.2,8.30,77480.9,772407.7,97,18573,32768,37,220.12,1060728.87,13165177.13
2026-08-05T01:18:35+08:00,1,2,97.7,1676.0,9.11,77936.2,772407.7,98,14911,32768,37,266.67,1060729.03,13165179.97
2026-08-05T01:18:46+08:00,1,2,97.7,1671.4,8.87,77496.7,772407.7,89,15035,32768,35,87.16,1060729.19,13165092.81
2026-08-05T01:18:56+08:00,1,2,97.7,1674.9,8.74,78517.7,772407.7,99,18571,32768,37,276.21,1060729.38,13165053.62
2026-08-05T01:19:06+08:00,1,2,97.7,1672.6,8.24,78838.5,772407.7,98,15051,32768,37,216.37,1060729.54,13165013.46
2026-08-05T01:19:16+08:00,1,2,97.7,1672.1,7.67,78358.7,772407.7,94,13331,32768,34,106.16,1060729.70,13164972.30
2026-08-05T01:19:26+08:00,1,2,97.7,1675.5,7.42,78646.2,772407.7,98,18771,32768,37,257.60,1060729.86,13164961.14
2026-08-05T01:19:36+08:00,1,2,97.7,1673.2,7.99,79038.4,772407.7,97,15053,32768,37,294.20,1060730.04,13164950.96
2026-08-05T01:19:46+08:00,1,2,97.7,1672.6,8.16,78651.7,772407.7,100,13529,32768,36,276.70,1060730.21,13164947.79
2026-08-05T01:19:56+08:00,1,2,97.7,1676.0,8.20,78617.3,772407.7,99,18951,32768,38,305.46,1060730.39,13164948.61
2026-08-05T01:20:06+08:00,1,2,97.7,1673.6,8.42,78621.5,772407.7,97,15055,32768,36,222.07,1060730.59,13164943.41
2026-08-05T01:20:16+08:00,1,2,97.7,1668.9,8.59,78627.5,772407.7,100,13531,32768,35,199.32,1060730.81,13164935.19
2026-08-05T01:20:26+08:00,1,2,97.7,1676.5,8.63,78906.4,772407.7,98,18951,32768,37,301.78,1060731.00,13164947.00
2026-08-05T01:20:36+08:00,1,2,97.7,1674.2,8.84,78927.1,772407.7,86,15055,32768,36,194.58,1060731.20,13164937.80
2026-08-05T01:20:46+08:00,1,2,97.7,1669.7,8.48,78408.4,772407.7,100,13691,32768,37,307.20,1060731.40,13164936.60
2026-08-05T01:20:56+08:00,1,2,97.7,1677.2,9.22,77903.4,772407.7,99,19151,32768,37,286.05,1060731.59,13164944.41
2026-08-05T01:21:06+08:00,1,2,97.7,1674.9,8.81,78532.3,772407.7,91,15057,32768,36,208.57,1060731.77,13164938.23
2026-08-05T01:21:16+08:00,1,2,97.7,1674.3,8.70,79086.1,772407.7,100,13831,32768,37,288.66,1060732.02,13164944.98
2026-08-05T01:21:26+08:00,1,2,97.7,1677.7,10.20,79234.3,772407.7,99,19153,32768,37,220.61,1060732.23,13164963.77
2026-08-05T01:21:36+08:00,1,2,97.7,1675.4,10.55,78598.7,772407.7,89,10795,32768,35,79.28,1060732.46,13164942.54
2026-08-05T01:21:46+08:00,1,2,97.7,1674.8,10.38,78929.7,772407.7,100,13691,32768,36,214.76,1060732.62,13165015.38
2026-08-05T01:21:56+08:00,1,2,97.7,1670.1,10.08,78435.6,772407.7,98,19153,32768,36,230.98,1060732.65,13165067.35
2026-08-05T01:22:06+08:00,1,2,97.7,1675.8,9.91,78638.6,772407.7,86,1147,32768,34,85.20,1060732.66,13165070.34
2026-08-05T01:22:16+08:00,1,2,97.7,1675.3,10.01,79332.6,772407.7,99,13831,32768,37,291.87,1060732.69,13165057.31
2026-08-05T01:22:26+08:00,1,2,97.7,1670.7,10.08,80253.2,772407.7,99,19351,32768,38,301.58,1060732.73,13165020.27
2026-08-05T01:22:36+08:00,1,2,97.7,1672.4,9.84,79935.2,772407.7,86,1149,32768,34,79.33,1060732.76,13164967.24
2026-08-05T01:22:46+08:00,1,2,97.7,1676.0,9.63,80177.9,772407.7,99,13971,32768,37,294.01,1060732.78,13164915.22
2026-08-05T01:22:56+08:00,1,2,97.7,1671.4,9.61,83954.3,772407.7,98,19353,32768,36,243.97,1060725.33,13164880.67
2026-08-05T01:23:06+08:00,1,2,97.7,1674.8,10.58,85644.3,772407.7,100,17429,32768,35,268.13,1060725.33,13164849.67
2026-08-05T01:23:16+08:00,1,2,97.7,1672.4,10.71,95647.5,772407.7,98,13971,32768,37,246.56,1060720.75,13164810.25
2026-08-05T01:23:26+08:00,1,2,97.7,1671.9,10.60,105074.2,772407.7,98,19351,32768,37,271.35,1060723.31,13164807.69
2026-08-05T01:23:37+08:00,1,2,97.7,1675.3,10.12,128671.3,772407.7,100,17709,32768,37,314.96,1060726.91,13164792.09
2026-08-05T01:23:47+08:00,1,2,97.7,1672.9,10.16,157013.6,772407.7,98,14109,32768,37,253.69,1060726.94,13164787.06
2026-08-05T01:23:57+08:00,1,2,97.7,1672.6,10.23,156198.2,772407.7,98,19533,32768,38,294.78,1060727.01,13164795.99
2026-08-05T01:24:07+08:00,1,2,97.7,1676.0,10.51,155979.3,772407.7,100,17709,32768,36,262.61,1060729.30,13164811.70
2026-08-05T01:24:17+08:00,1,2,97.7,1673.6,10.67,155334.6,772407.7,99,14331,32768,37,222.21,1060730.18,13164795.82
2026-08-05T01:24:27+08:00,1,2,97.7,1673.3,10.85,155838.4,772407.7,99,19733,32768,38,307.69,1060730.20,13164817.80
2026-08-05T01:24:37+08:00,1,2,97.7,1676.9,11.27,155566.1,772407.7,100,17911,32768,37,308.17,1060730.86,13164804.14
2026-08-05T01:24:47+08:00,1,2,97.7,1674.6,11.61,155815.2,772407.7,99,14331,32768,37,262.92,1060731.67,13164813.33
2026-08-05T01:24:57+08:00,1,2,97.7,1670.0,11.51,156259.5,772407.7,99,19731,32768,38,285.75,1060732.36,13164828.64
2026-08-05T01:25:07+08:00,1,2,97.7,1677.6,11.82,156291.3,772407.7,100,17911,32768,37,295.46,1060732.38,13164846.62
2026-08-05T01:25:17+08:00,1,2,97.7,1675.3,11.16,157275.7,772407.7,98,14473,32768,38,286.72,1060732.43,13164831.57
2026-08-05T01:25:27+08:00,1,2,97.7,1670.6,10.75,157016.3,772407.7,99,19731,32768,37,281.38,1060732.72,13164845.28
2026-08-05T01:25:37+08:00,1,2,97.7,1678.1,10.73,157571.7,772407.7,98,18091,32768,38,298.86,1060732.73,13164850.27
2026-08-05T01:25:47+08:00,1,2,97.7,1675.8,10.46,157552.8,772407.7,98,14613,32768,37,253.85,1060732.55,13164849.45
2026-08-05T01:25:57+08:00,1,2,97.7,1671.3,10.85,157709.4,772407.7,98,19731,32768,36,221.43,1060732.72,13164860.28
2026-08-05T01:26:07+08:00,1,2,97.7,1674.6,10.65,157604.0,772407.7,99,18091,32768,37,217.20,1060732.78,13164860.22
2026-08-05T01:26:17+08:00,1,2,97.7,1676.4,10.46,157641.8,772407.7,99,14611,32768,37,214.28,1060732.81,13164860.19
2026-08-05T01:26:27+08:00,1,2,97.7,1671.7,10.47,157343.7,772407.7,95,19733,32768,37,233.93,1060732.94,13164858.06
2026-08-05T01:26:37+08:00,1,2,97.7,1671.1,10.41,157222.7,772407.7,99,18091,32768,36,225.32,1060732.94,13164867.06
2026-08-05T01:26:47+08:00,1,2,97.7,1672.8,10.27,156946.4,772407.7,99,14611,32768,37,272.81,1060733.02,13164864.98
2026-08-05T01:26:57+08:00,1,2,97.7,1676.3,10.00,156244.7,772407.7,92,19735,32768,36,209.27,1060733.06,13164865.94
2026-08-05T01:27:07+08:00,1,2,97.7,1671.6,9.64,155831.3,772407.7,99,18291,32768,37,248.02,1060733.25,13164957.75
2026-08-05T01:27:17+08:00,1,2,97.7,1669.2,9.53,152022.2,772407.7,0,1025,32768,29,56.35,1060733.30,13164954.70
2026-08-05T01:27:27+08:00,1,2,97.6,1669.2,9.68,152899.7,772407.7,0,1025,32768,29,55.97,1060733.34,13164970.66
2026-08-05T01:27:37+08:00,1,2,97.6,1669.2,9.88,153959.9,772407.7,0,1025,32768,29,55.90,1060733.46,13164940.54
2026-08-05T01:27:47+08:00,1,2,97.5,1669.2,13.05,153613.1,772407.7,0,1025,32768,29,55.86,1060733.50,13164932.50
2026-08-05T01:27:57+08:00,1,2,97.4,1669.2,12.57,154102.7,772407.7,0,1025,32768,29,55.86,1060733.53,13164914.47
2026-08-05T01:28:07+08:00,1,2,97.3,1669.2,14.83,155621.7,772407.7,0,1025,32768,29,55.90,1060733.59,13164912.41
2026-08-05T01:28:17+08:00,1,2,97.3,1691.8,14.34,156222.2,772407.7,9,1027,32768,29,61.24,1060733.62,13164912.38
2026-08-05T01:28:28+08:00,1,2,97.3,1705.1,14.19,151898.5,772407.7,0,1027,32768,29,55.86,1060733.66,13165115.34
2026-08-05T01:28:38+08:00,1,2,97.2,1705.1,13.39,152996.2,772407.7,0,1027,32768,29,55.86,1060733.71,13165141.29
2026-08-05T01:28:48+08:00,1,2,97.1,1705.1,12.93,153377.7,772407.7,0,1027,32768,29,55.90,1060733.82,13165139.18
2026-08-05T01:28:58+08:00,1,2,97.0,1705.1,12.64,154256.5,772407.7,0,1027,32768,29,55.86,1060733.93,13165132.07
2026-08-05T01:29:08+08:00,1,2,97.0,1705.1,13.25,155135.4,772407.7,0,1027,32768,29,55.90,1060734.02,13165107.98
2026-08-05T01:29:18+08:00,1,2,96.9,1705.1,13.67,155798.4,772407.7,0,1027,32768,29,55.86,1060734.12,13165045.88
2026-08-05T01:29:28+08:00,1,2,96.9,1700.1,13.47,151775.0,772407.7,0,1027,32768,29,55.86,1060734.21,13164995.79
2026-08-05T01:29:38+08:00,1,2,96.8,1700.1,13.02,151929.2,772407.7,0,1027,32768,29,55.86,1060734.30,13164921.70
2026-08-05T01:29:48+08:00,1,2,96.8,1700.1,12.87,152138.0,772407.7,0,1027,32768,29,55.94,1060734.41,13164883.59
2026-08-05T01:29:58+08:00,1,2,96.7,1700.1,13.40,154130.7,772407.7,0,1027,32768,29,55.90,1060734.51,13164836.49
2026-08-05T01:30:08+08:00,1,2,96.6,1700.1,13.02,155303.8,772407.7,0,1027,32768,29,55.86,1060734.63,13164818.37
2026-08-05T01:30:18+08:00,1,2,96.5,1700.1,12.70,155364.5,772407.7,0,1027,32768,29,55.86,1060734.96,13164759.04
2026-08-05T01:30:28+08:00,1,2,96.5,1706.2,12.68,156467.0,772407.7,99,14111,32768,37,298.67,1060735.06,13164737.94
2026-08-05T01:30:38+08:00,1,2,96.5,1705.8,12.57,156170.8,772407.7,99,19533,32768,38,282.65,1060735.20,13164713.80
2026-08-05T01:30:48+08:00,1,2,96.5,1705.2,12.48,156579.5,772407.7,100,17711,32768,36,259.69,1060735.35,13164687.65
2026-08-05T01:30:58+08:00,1,2,96.5,1706.9,12.57,157302.1,772407.7,99,14331,32768,37,256.77,1060735.50,13164671.50
2026-08-05T01:31:08+08:00,1,2,96.5,1706.4,12.91,157264.0,772407.7,100,19733,32768,37,298.67,1060736.07,13164644.93
2026-08-05T01:31:18+08:00,1,2,96.5,1709.8,13.10,157021.6,772407.7,99,17909,32768,36,251.27,1060736.22,13164628.78
2026-08-05T01:31:28+08:00,1,2,96.5,1707.5,12.60,156794.6,772407.7,99,14611,32768,37,289.93,1060736.37,13164618.63
2026-08-05T01:31:38+08:00,1,2,96.5,1703.0,12.28,157448.3,772407.7,93,19733,32768,36,211.22,1060736.51,13164620.49
2026-08-05T01:31:48+08:00,1,2,96.5,1710.6,12.49,157416.2,772407.7,99,18291,32768,37,303.04,1060736.66,13164616.34
2026-08-05T01:31:58+08:00,1,2,96.5,1708.3,12.26,159124.8,772407.7,98,14771,32768,38,259.52,1060736.79,13164598.21
2026-08-05T01:32:08+08:00,1,2,96.5,1703.8,11.77,157457.8,772407.7,90,19733,32768,36,237.82,1060736.92,13164583.08
2026-08-05T01:32:18+08:00,1,2,96.5,1707.4,11.48,157032.9,772407.7,97,18571,32768,38,237.49,1060737.20,13164585.80
2026-08-05T01:32:28+08:00,1,2,96.5,1708.9,11.01,156720.8,772407.7,99,15053,32768,38,216.23,1060737.36,13164601.64
2026-08-05T01:32:38+08:00,1,2,96.5,1704.3,10.78,156057.7,772407.7,96,13329,32768,34,249.65,1060737.54,13164594.46
2026-08-05T01:32:48+08:00,1,2,96.5,1703.8,10.57,155574.8,772407.7,99,18951,32768,37,304.49,1060737.67,13164587.33
2026-08-05T01:32:58+08:00,1,2,96.5,1705.5,11.25,154596.6,772407.7,87,15055,32768,36,230.52,1060737.91,13164602.09
2026-08-05T01:33:08+08:00,1,2,96.5,1704.9,11.58,155189.9,772407.7,100,13691,32768,37,297.89,1060738.09,13165273.91
2026-08-05T01:33:18+08:00,1,2,96.5,1704.4,12.26,154780.9,772407.7,98,19151,32768,38,273.60,1060738.26,13164610.74
2026-08-05T01:33:29+08:00,1,2,96.5,1703.7,12.12,154313.8,772407.7,88,7069,32768,34,241.69,1060738.43,13164613.57
2026-08-05T01:33:39+08:00,1,2,96.5,1705.5,12.29,155148.1,772407.7,99,13971,32768,37,301.38,1060738.61,13164624.39
2026-08-05T01:33:49+08:00,1,2,96.5,1704.9,12.86,154363.2,772407.7,98,19351,32768,37,220.95,1060738.84,13164621.16
2026-08-05T01:33:59+08:00,1,2,96.5,1704.3,12.42,154483.2,772407.7,100,17709,32768,36,296.24,1060739.05,13164626.95
2026-08-05T01:34:09+08:00,1,2,96.5,1706.0,11.96,154578.8,772407.7,99,14111,32768,37,225.77,1060739.21,13164627.79
2026-08-05T01:34:19+08:00,1,2,96.5,1705.5,11.82,155508.6,772407.7,99,19533,32768,36,233.59,1060739.20,13164652.80
2026-08-05T01:34:29+08:00,1,2,96.5,1704.8,11.47,155843.1,772407.7,100,17909,32768,37,301.09,1060739.21,13164638.79
2026-08-05T01:34:39+08:00,1,2,96.6,1706.6,11.39,155982.1,772407.7,99,14471,32768,38,313.23,1060739.22,13164641.78
2026-08-05T01:34:49+08:00,1,2,96.6,1706.0,11.50,155916.7,772407.7,99,19733,32768,37,285.26,1060739.22,13164654.78
2026-08-05T01:34:59+08:00,1,2,96.6,1705.3,11.96,155877.4,772407.7,99,18089,32768,36,209.69,1060739.23,13164704.77
2026-08-05T01:35:09+08:00,1,2,96.6,1707.1,11.82,155801.2,772407.7,99,14613,32768,38,293.81,1060739.23,13164758.77
2026-08-05T01:35:19+08:00,1,2,96.6,1702.4,11.60,156377.6,772407.7,96,19733,32768,36,229.55,1060739.23,13164757.77
2026-08-05T01:35:29+08:00,1,2,96.6,1706.1,11.82,156063.3,772407.7,99,18291,32768,38,277.98,1060739.23,13164757.77
2026-08-05T01:35:39+08:00,1,2,96.6,1707.8,11.63,155717.6,772407.7,98,14771,32768,37,268.44,1060739.36,13164756.64
2026-08-05T01:35:49+08:00,1,2,96.6,1703.3,11.84,156375.4,772407.7,88,19733,32768,36,226.45,1060734.13,13164734.87
2026-08-05T01:35:59+08:00,1,2,96.6,1706.8,12.03,156239.9,772407.7,97,18291,32768,36,257.74,1060734.15,13164662.85
2026-08-05T01:36:09+08:00,1,2,96.6,1708.6,12.10,155989.4,772407.7,98,14911,32768,38,260.49,1060734.16,13164588.84
2026-08-05T01:36:19+08:00,1,2,96.6,1704.0,11.30,155765.4,772407.7,92,19733,32768,36,215.60,1060734.18,13164512.82
2026-08-05T01:36:29+08:00,1,2,96.6,1707.5,11.11,155148.0,772407.7,98,18773,32768,38,300.41,1060734.20,13164486.80
2026-08-05T01:36:39+08:00,1,2,96.6,1709.2,10.78,155640.6,772407.7,98,15051,32768,38,240.89,1060734.21,13164423.79
2026-08-05T01:36:49+08:00,1,2,96.6,1704.7,10.57,154984.2,772407.7,99,13329,32768,35,295.46,1060734.24,13164380.76
2026-08-05T01:36:59+08:00,1,2,96.6,1704.2,10.71,155406.5,772407.7,99,18953,32768,37,302.07,1060734.60,13164338.40
2026-08-05T01:37:09+08:00,1,2,96.6,1710.0,11.00,155308.1,772407.7,91,15055,32768,36,218.32,1060734.72,13164298.28
2026-08-05T01:37:19+08:00,1,2,96.6,1705.4,11.68,154741.3,772407.7,100,13531,32768,36,274.76,1060734.72,13164271.28
2026-08-05T01:37:29+08:00,1,2,96.6,1704.9,12.02,155394.5,772407.7,98,18951,32768,37,212.19,1060734.74,13164225.26
2026-08-05T01:37:39+08:00,1,2,96.6,1706.6,12.48,155708.6,772407.7,88,15055,32768,36,199.32,1060734.77,13164209.23
2026-08-05T01:37:49+08:00,1,2,96.6,1706.2,12.70,155022.7,772407.7,100,13831,32768,37,270.69,1060734.79,13164198.21
2026-08-05T01:37:59+08:00,1,2,96.6,1705.8,12.90,155270.2,772407.7,99,19153,32768,37,264.06,1060734.80,13164189.20
2026-08-05T01:38:09+08:00,1,2,96.6,1705.1,13.45,154381.2,772407.7,98,11269,32768,35,232.29,1060734.82,13164174.18
2026-08-05T01:38:20+08:00,1,2,96.6,1702.8,13.29,154420.6,772407.7,98,13971,32768,37,279.62,1060734.62,13164157.38
2026-08-05T01:38:30+08:00,1,2,96.6,1706.5,12.54,154106.3,772407.7,98,19351,32768,37,283.43,1060734.67,13164179.33
2026-08-05T01:38:40+08:00,1,2,96.6,1705.8,12.76,154553.2,772407.7,100,17709,32768,36,242.99,1060734.71,13164199.29
2026-08-05T01:38:50+08:00,1,2,96.6,1703.5,12.49,154057.0,772407.7,99,14111,32768,36,236.51,1060734.75,13164214.25
2026-08-05T01:39:00+08:00,1,2,96.6,1707.1,12.10,154599.6,772407.7,99,19533,32768,37,285.08,1060734.79,13164234.21
2026-08-05T01:39:10+08:00,1,2,96.6,1706.5,11.61,154639.6,772407.7,100,17911,32768,37,243.81,1060734.83,13164240.17
2026-08-05T01:39:20+08:00,1,2,96.6,1704.2,11.66,154317.0,772407.7,99,14473,32768,37,249.97,1060734.89,13164419.11
2026-08-05T01:39:30+08:00,1,2,96.6,1703.6,11.49,154653.3,772407.7,100,19731,32768,37,296.43,1060734.92,13164419.08
2026-08-05T01:39:40+08:00,1,2,96.6,1707.2,11.64,155445.7,772407.7,98,18091,32768,37,247.54,1060734.95,13164464.05
2026-08-05T01:39:50+08:00,1,2,96.6,1704.8,11.45,155043.2,772407.7,98,14611,32768,37,232.13,1060734.99,13164464.01
2026-08-05T01:40:00+08:00,1,2,96.6,1704.3,11.29,155044.6,772407.7,98,19733,32768,37,228.54,1060726.26,13164460.74
2026-08-05T01:40:10+08:00,1,2,96.6,1707.7,11.08,155253.9,772407.7,97,18291,32768,37,217.20,1060727.75,13164441.25
2026-08-05T01:40:20+08:00,1,2,96.6,1705.5,11.44,155352.4,772407.7,98,14771,32768,37,217.54,1060727.79,13164420.21
2026-08-05T01:40:30+08:00,1,2,96.6,1705.0,11.52,155746.0,772407.7,88,19733,32768,36,217.83,1060727.85,13164420.15
2026-08-05T01:40:40+08:00,1,2,96.6,1704.4,11.90,154916.6,772407.7,98,18293,32768,36,210.38,1060730.96,13164408.04
2026-08-05T01:40:50+08:00,1,2,96.6,1706.2,12.01,155312.7,772407.7,98,14851,32768,37,262.12,1060733.49,13164386.51
2026-08-05T01:41:00+08:00,1,2,96.6,1705.7,11.69,155141.6,772407.7,89,19733,32768,36,231.31,1060733.53,13164384.47
2026-08-05T01:41:10+08:00,1,2,96.6,1705.1,11.52,154880.5,772407.7,99,18773,32768,38,274.39,1060733.58,13164381.42
2026-08-05T01:41:20+08:00,1,2,96.6,1706.9,11.43,154995.6,772407.7,99,15051,32768,37,297.21,1060734.63,13164384.37
2026-08-05T01:41:30+08:00,1,2,96.6,1706.3,11.21,155256.1,772407.7,96,13331,32768,36,293.33,1060734.75,13164384.25
2026-08-05T01:41:40+08:00,1,2,96.7,1705.6,10.86,155860.1,772407.7,100,18951,32768,38,294.78,1060734.92,13164372.08
2026-08-05T01:41:50+08:00,1,2,96.7,1707.4,10.97,156322.1,772407.7,91,15055,32768,36,222.07,1060735.70,13164380.30
2026-08-05T01:42:00+08:00,1,2,96.7,1706.8,11.13,156169.9,772407.7,100,13531,32768,36,258.40,1060735.95,13164383.05
2026-08-05T01:42:10+08:00,1,2,96.7,1710.2,11.24,156320.2,772407.7,98,18951,32768,37,219.97,1060736.04,13164389.96
2026-08-05T01:42:20+08:00,1,2,96.7,1707.9,11.42,156158.9,772407.7,88,15055,32768,36,213.30,1060736.17,13165091.83
2026-08-05T01:42:30+08:00,1,2,96.7,1703.2,11.51,156197.2,772407.7,100,13691,32768,37,305.18,1060736.27,13165097.73
2026-08-05T01:42:40+08:00,1,2,96.7,1706.8,11.58,156233.2,772407.7,98,19151,32768,38,290.12,1060736.37,13164447.63
2026-08-05T01:42:50+08:00,1,2,96.7,1708.5,11.19,156607.9,772407.7,88,2115,32768,34,72.54,1060736.46,13164471.54
2026-08-05T01:43:00+08:00,1,2,96.7,1703.9,10.69,156339.0,772407.7,99,13831,32768,37,280.71,1060736.56,13164498.44
2026-08-05T01:43:10+08:00,1,2,96.7,1703.3,10.65,155500.2,772407.7,98,19353,32768,37,211.36,1060736.71,13164515.29
2026-08-05T01:43:20+08:00,1,2,96.7,1706.7,10.48,155721.7,772407.7,100,17489,32768,36,287.02,1060736.86,13164550.14
2026-08-05T01:43:31+08:00,1,2,96.7,1704.4,10.54,155165.5,772407.7,99,14111,32768,38,220.90,1060736.88,13164571.12
2026-08-05T01:43:41+08:00,1,2,96.7,1703.9,11.22,156098.7,772407.7,99,19531,32768,36,266.01,1060734.76,13164578.24
2026-08-05T01:43:51+08:00,1,2,96.7,1707.5,11.89,155805.2,772407.7,99,17909,32768,37,304.98,1060737.13,13164585.87
2026-08-05T01:44:01+08:00,1,2,96.7,1705.2,12.59,155901.9,772407.7,98,14471,32768,37,297.21,1060737.42,13164585.58
2026-08-05T01:44:11+08:00,1,2,96.7,1704.6,13.55,156019.6,772407.7,99,19733,32768,37,279.43,1060737.72,13164601.28
2026-08-05T01:44:21+08:00,1,2,96.7,1704.1,13.62,155817.0,772407.7,98,18091,32768,36,252.08,1060737.87,13164616.13
2026-08-05T01:44:31+08:00,1,2,96.7,1705.9,13.51,155853.6,772407.7,99,14771,32768,38,308.86,1060737.97,13164647.03
2026-08-05T01:44:41+08:00,1,2,96.7,1705.5,13.42,156230.8,772407.7,89,19733,32768,36,231.50,1060735.78,13164681.22
2026-08-05T01:44:51+08:00,1,2,96.7,1704.8,13.28,156953.4,772407.7,98,18291,32768,37,265.35,1060738.15,13164722.85
2026-08-05T01:45:01+08:00,1,2,96.7,1702.4,12.69,156940.9,772407.7,98,14913,32768,38,217.69,1060738.55,13164765.45
2026-08-05T01:45:11+08:00,1,2,96.7,1706.0,12.12,157323.6,772407.7,87,19735,32768,36,229.85,1060738.70,13164807.30
2026-08-05T01:45:21+08:00,1,2,96.7,1705.3,12.04,156975.0,772407.7,99,18573,32768,37,299.44,1060738.85,13164859.15
2026-08-05T01:45:31+08:00,1,2,96.7,1703.0,11.64,157367.1,772407.7,99,14911,32768,37,213.79,1060739.00,13164901.00
2026-08-05T01:45:41+08:00,1,2,96.7,1706.6,11.40,157583.2,772407.7,88,14975,32768,35,81.24,1060739.15,13164970.85
2026-08-05T01:45:51+08:00,1,2,96.7,1706.0,11.63,157796.9,772407.7,98,18771,32768,37,295.75,1060739.35,13165016.65
2026-08-05T01:46:01+08:00,1,2,96.7,1707.8,12.81,157803.7,772407.7,99,15053,32768,36,211.71,1060739.50,13165066.50
2026-08-05T01:46:11+08:00,1,2,96.7,1703.2,12.36,132455.2,772407.7,100,13531,32768,36,215.25,1060739.68,13165108.32
2026-08-05T01:46:21+08:00,1,2,96.7,1706.7,11.62,133113.9,772407.7,98,18953,32768,36,212.33,1060740.80,13165132.20
2026-08-05T01:46:31+08:00,1,2,96.7,1708.4,11.14,148642.7,772407.7,87,15055,32768,36,223.53,1060742.00,13165350.00
2026-08-05T01:46:41+08:00,1,2,96.7,1703.8,10.79,157627.1,772407.7,100,13831,32768,37,304.98,1060742.80,13165395.20
2026-08-05T01:46:51+08:00,1,2,96.7,1707.4,10.34,156267.1,772407.7,99,19153,32768,37,251.91,1060742.96,13165463.04
2026-08-05T01:47:01+08:00,1,2,96.7,1706.9,10.36,156363.7,772407.7,100,17429,32768,35,155.20,1060742.99,13165503.01
2026-08-05T01:47:11+08:00,1,2,96.7,1704.6,10.38,156456.3,772407.7,98,13971,32768,36,227.27,1060743.05,13165521.95
2026-08-05T01:47:21+08:00,1,2,96.7,1704.1,11.33,156594.8,772407.7,98,19351,32768,37,275.73,1060743.16,13165503.84
2026-08-05T01:47:31+08:00,1,2,96.7,1707.6,10.90,156449.3,772407.7,100,17709,32768,36,214.91,1060743.05,13165435.95
2026-08-05T01:47:41+08:00,1,2,96.7,1705.2,10.52,157013.8,772407.7,98,14333,32768,37,248.67,1060743.05,13165391.95
2026-08-05T01:47:51+08:00,1,2,96.7,1704.7,10.66,156758.1,772407.7,99,19731,32768,38,273.12,1060743.05,13165381.95
2026-08-05T01:48:01+08:00,1,2,96.7,1708.2,10.80,157924.3,772407.7,98,17909,32768,36,248.84,1060743.00,13165346.00
2026-08-05T01:48:11+08:00,1,2,96.7,1705.9,10.59,156947.7,772407.7,98,14469,32768,37,225.81,1060743.05,13165332.95
2026-08-05T01:48:21+08:00,1,2,96.7,1705.3,10.74,157197.6,772407.7,99,19733,32768,38,314.48,1060743.08,13165313.92
2026-08-05T01:48:32+08:00,1,2,96.7,1704.7,11.39,157261.8,772407.7,100,18089,32768,37,280.59,1060737.84,13165287.16
2026-08-05T01:48:42+08:00,1,2,96.7,1706.6,12.02,156703.1,772407.7,99,14771,32768,38,301.98,1060737.85,13165250.15
2026-08-05T01:48:52+08:00,1,2,96.7,1706.0,11.99,156759.8,772407.7,96,19733,32768,36,227.91,1060737.87,13165229.13
2026-08-05T01:49:02+08:00,1,2,96.7,1705.3,11.83,156494.5,772407.7,99,18293,32768,36,235.05,1060737.84,13165212.16
2026-08-05T01:49:12+08:00,1,2,96.7,1703.0,11.78,156738.2,772407.7,97,14771,32768,37,280.59,1060737.94,13165187.06
2026-08-05T01:49:22+08:00,1,2,96.7,1706.8,11.74,157202.7,772407.7,89,19733,32768,36,231.65,1060737.94,13165157.06
2026-08-05T01:49:32+08:00,1,2,96.7,1706.1,11.79,156880.9,772407.7,98,18571,32768,37,212.33,1060737.96,13165137.04
2026-08-05T01:49:42+08:00,1,2,96.7,1703.7,11.68,157040.8,772407.7,98,15051,32768,37,286.72,1060737.97,13165104.03
2026-08-05T01:49:52+08:00,1,2,96.7,1707.3,11.57,157385.8,772407.7,89,6535,32768,34,72.54,1060737.99,13165142.01
2026-08-05T01:50:02+08:00,1,2,96.8,1706.8,11.58,156245.2,772407.7,99,18771,32768,38,304.01,1060738.01,13165112.99
2026-08-05T01:50:12+08:00,1,2,96.8,1704.4,12.26,156726.2,772407.7,98,15053,32768,38,284.89,1060738.04,13165110.96
2026-08-05T01:50:22+08:00,1,2,96.8,1703.8,11.76,155771.2,772407.7,100,13531,32768,36,279.43,1060738.06,13165091.94
2026-08-05T01:50:32+08:00,1,2,96.8,1707.4,11.49,155086.0,772407.7,99,18951,32768,37,243.32,1060738.08,13165742.92
2026-08-05T01:50:42+08:00,1,2,96.8,1705.0,11.05,155422.5,772407.7,88,15057,32768,36,217.06,1060738.09,13165025.91
2026-08-05T01:50:52+08:00,1,2,96.8,1704.4,11.06,155537.0,772407.7,100,13691,32768,36,216.08,1060738.11,13164989.89
2026-08-05T01:51:02+08:00,1,2,96.8,1707.9,10.65,155180.6,772407.7,100,19151,32768,38,313.72,1060737.95,13164966.05
2026-08-05T01:51:12+08:00,1,2,96.8,1705.6,10.69,155147.3,772407.7,90,9635,32768,35,76.35,1060737.99,13164916.01
2026-08-05T01:51:22+08:00,1,2,96.8,1705.1,10.67,155566.6,772407.7,100,13831,32768,37,304.41,1060738.31,13164888.69
2026-08-05T01:51:32+08:00,1,2,96.8,1704.5,10.95,156628.1,772407.7,98,19151,32768,36,210.87,1060738.59,13164850.41
2026-08-05T01:51:42+08:00,1,2,96.8,1708.1,10.89,156467.6,772407.7,92,1149,32768,33,72.44,1060737.75,13164801.25
2026-08-05T01:51:52+08:00,1,2,96.8,1705.8,11.23,157168.3,772407.7,98,13831,32768,37,215.74,1060738.15,13164768.85
2026-08-05T01:52:02+08:00,1,2,96.8,1705.2,11.19,156951.5,772407.7,100,19151,32768,37,266.01,1060738.34,13164768.66
2026-08-05T01:52:12+08:00,1,2,96.8,1708.9,11.15,157126.8,772407.7,91,17429,32768,35,213.16,1060738.23,13164716.77
2026-08-05T01:52:22+08:00,1,2,96.8,1706.6,11.28,156680.5,772407.7,99,13969,32768,37,302.46,1060738.28,13164677.72
2026-08-05T01:52:32+08:00,1,2,96.8,1706.0,11.01,156209.3,772407.7,99,19353,32768,37,312.26,1060738.31,13164639.69
2026-08-05T01:52:42+08:00,1,2,96.8,1705.5,11.45,156396.2,772407.7,100,17429,32768,34,231.16,1060738.36,13164593.64
2026-08-05T01:52:52+08:00,1,2,96.8,1707.2,11.61,156694.3,772407.7,98,13971,32768,36,242.84,1060738.38,13164554.62
2026-08-05T01:53:02+08:00,1,2,96.8,1706.7,12.36,156912.4,772407.7,98,19351,32768,37,251.43,1060738.43,13164515.57
2026-08-05T01:53:12+08:00,1,2,96.8,1706.1,13.45,156194.7,772407.7,100,17711,32768,36,299.44,1060738.47,13164542.53
2026-08-05T01:53:22+08:00,1,2,96.8,1703.8,12.39,156077.8,772407.7,99,14111,32768,37,221.24,1060738.20,13164549.80
2026-08-05T01:53:33+08:00,1,2,96.8,1703.2,12.28,156635.3,772407.7,98,19531,32768,38,294.49,1060738.51,13164540.49
2026-08-05T01:53:43+08:00,1,2,96.8,1706.6,12.55,155649.3,772407.7,100,17709,32768,36,240.56,1060738.75,13164549.25
2026-08-05T01:53:53+08:00,1,2,96.8,1704.3,13.15,155935.7,772407.7,98,14333,32768,38,302.55,1060738.84,13164502.16
2026-08-05T01:54:03+08:00,1,2,96.8,1707.8,14.93,156450.4,772407.7,99,19531,32768,37,228.39,1060738.93,13164473.07
2026-08-05T01:54:13+08:00,1,2,96.8,1707.1,14.86,156457.0,772407.7,98,17909,32768,37,300.61,1060739.05,13164433.95
2026-08-05T01:54:23+08:00,1,2,96.8,1704.8,14.49,155919.1,772407.7,98,14331,32768,37,250.94,1060738.93,13164400.07
2026-08-05T01:54:33+08:00,1,2,96.8,1704.3,13.94,155937.7,772407.7,98,19731,32768,38,304.01,1060739.25,13164370.75
2026-08-05T01:54:43+08:00,1,2,96.8,1707.7,13.65,156155.9,772407.7,100,17909,32768,37,286.05,1060739.35,13164361.65
2026-08-05T01:54:53+08:00,1,2,96.8,1705.4,14.07,156072.6,772407.7,99,14471,32768,38,281.68,1060739.44,13164333.56
2026-08-05T01:55:03+08:00,1,2,96.8,1704.8,13.28,156179.1,772407.7,99,19731,32768,37,213.30,1060739.53,13164321.47
2026-08-05T01:55:13+08:00,1,2,96.8,1708.2,12.45,156090.9,772407.7,99,18091,32768,38,237.49,1060739.64,13164299.36
2026-08-05T01:55:23+08:00,1,2,96.8,1705.8,12.38,156672.9,772407.7,98,14613,32768,37,292.55,1060739.76,13164280.24
2026-08-05T01:55:33+08:00,1,2,96.8,1705.3,12.01,156169.1,772407.7,98,19733,32768,37,288.66,1060739.85,13164266.15
2026-08-05T01:55:43+08:00,1,2,96.8,1704.7,11.92,155754.8,772407.7,99,18089,32768,36,243.97,1060741.32,13164242.68
2026-08-05T01:55:53+08:00,1,2,96.8,1702.4,11.84,155512.0,772407.7,98,14609,32768,37,222.07,1060741.48,13164236.52
2026-08-05T01:56:03+08:00,1,2,96.8,1705.9,12.38,156360.8,772407.7,100,19733,32768,37,215.11,1060742.29,13164222.71
2026-08-05T01:56:13+08:00,1,2,96.8,1705.2,12.02,155792.0,772407.7,98,18093,32768,36,245.11,1060743.07,13164203.93
2026-08-05T01:56:23+08:00,1,2,96.8,1706.9,12.16,156202.1,772407.7,98,14611,32768,37,266.98,1060743.22,13164191.78
2026-08-05T01:56:33+08:00,1,2,96.8,1706.4,12.59,156663.6,772407.7,94,19733,32768,37,231.16,1060734.57,13164203.43
2026-08-05T01:56:43+08:00,1,2,96.8,1705.7,12.80,155838.7,772407.7,98,18293,32768,37,219.63,1060736.23,13164156.77
2026-08-05T01:56:53+08:00,1,2,96.8,1707.5,12.73,156210.8,772407.7,98,14771,32768,37,244.94,1060736.37,13164133.63
2026-08-05T01:57:03+08:00,1,2,96.8,1702.9,12.77,156559.5,772407.7,90,19733,32768,36,238.61,1060736.26,13164098.74
2026-08-05T01:57:13+08:00,1,2,96.8,1706.4,12.43,156541.6,772407.7,99,18291,32768,36,220.95,1060738.80,13164075.20
2026-08-05T01:57:23+08:00,1,2,96.8,1708.1,12.28,156986.4,772407.7,98,14773,32768,37,271.18,1060742.37,13164165.63
2026-08-05T01:57:33+08:00,1,2,96.8,1703.5,12.94,157166.7,772407.7,90,19733,32768,36,222.55,1060742.52,13164152.48
2026-08-05T01:57:43+08:00,1,2,96.8,1711.1,12.93,157595.1,772407.7,99,18571,32768,37,293.81,1060742.70,13164118.30
2026-08-05T01:57:53+08:00,1,2,96.8,1708.7,13.15,156353.1,772407.7,99,14913,32768,37,220.46,1060743.84,13164116.16
2026-08-05T01:58:03+08:00,1,2,96.8,1704.2,12.52,156902.1,772407.7,88,19733,32768,36,229.52,1060744.03,13164086.97
2026-08-05T01:58:13+08:00,1,2,96.8,1707.8,12.57,156508.4,772407.7,99,18571,32768,37,222.55,1060744.22,13164057.78
2026-08-05T01:58:23+08:00,1,2,96.9,1709.6,12.17,155963.9,772407.7,99,15051,32768,37,295.66,1060745.05,13164031.95
2026-08-05T01:58:34+08:00,1,2,96.9,1704.9,12.08,156916.6,772407.7,88,19733,32768,36,234.90,1060745.38,13164020.62
2026-08-05T01:58:44+08:00,1,2,96.9,1704.3,12.21,156213.5,772407.7,99,18573,32768,37,278.83,1060745.58,13163996.42
2026-08-05T01:58:54+08:00,1,2,96.8,1706.0,12.63,156963.7,772407.7,99,15053,32768,37,240.07,1060745.78,13163988.22
2026-08-05T01:59:04+08:00,1,2,96.9,1705.6,12.69,156248.3,772407.7,95,8633,32768,34,73.03,1060746.01,13164059.99
2026-08-05T01:59:14+08:00,1,2,96.9,1705.0,12.27,155751.4,772407.7,98,18771,32768,37,207.95,1060746.12,13164127.88
2026-08-05T01:59:24+08:00,1,2,96.9,1706.7,12.76,156739.9,772407.7,98,15051,32768,37,218.66,1060746.12,13164131.88
2026-08-05T01:59:34+08:00,1,2,96.9,1706.2,12.79,156452.4,772407.7,100,13331,32768,34,236.18,1060741.64,13164146.36
2026-08-05T01:59:44+08:00,1,2,96.9,1705.6,13.04,156279.6,772407.7,99,18771,32768,37,268.13,1060738.86,13164114.14
2026-08-05T01:59:54+08:00,1,2,96.9,1707.3,12.52,156302.3,772407.7,99,15053,32768,36,206.14,1060738.48,13164111.52
2026-08-05T02:00:04+08:00,1,2,96.9,1702.8,12.83,157819.2,772407.7,100,13529,32768,36,304.01,1060738.82,13164071.18
2026-08-05T02:00:14+08:00,1,2,96.9,1706.3,13.86,157344.9,772407.7,98,18953,32768,37,291.39,1060738.86,13164035.14
2026-08-05T02:00:24+08:00,1,2,96.9,1708.0,13.73,156530.7,772407.7,91,15055,32768,36,216.71,1060738.89,13164000.11
2026-08-05T02:00:34+08:00,1,2,96.9,1703.4,14.07,156090.9,772407.7,100,13529,32768,36,216.57,1060738.98,13163966.02
2026-08-05T02:00:44+08:00,1,2,96.9,1706.9,14.68,156659.6,772407.7,98,18951,32768,36,211.85,1060738.95,13163966.05
2026-08-05T02:00:54+08:00,1,2,96.9,1704.6,15.04,155622.3,772407.7,87,15055,32768,36,224.65,1060733.76,13163956.24
2026-08-05T02:01:04+08:00,1,2,96.9,1703.9,15.71,155879.8,772407.7,100,13531,32768,36,271.18,1060733.80,13163949.20
2026-08-05T02:01:14+08:00,1,2,96.9,1703.3,15.61,155305.1,772407.7,99,18951,32768,37,261.77,1060733.84,13163919.16
2026-08-05T02:01:24+08:00,1,2,96.9,1705.1,16.27,155964.2,772407.7,82,15055,32768,36,235.36,1060733.89,13163917.11
2026-08-05T02:01:34+08:00,1,2,96.9,1708.5,15.78,156163.5,772407.7,100,13691,32768,37,303.04,1060733.94,13163909.06
2026-08-05T02:01:44+08:00,1,2,96.9,1703.9,15.05,155584.2,772407.7,98,19151,32768,38,305.18,1060733.99,13163921.01
2026-08-05T02:01:54+08:00,1,2,96.9,1705.7,15.53,156214.4,772407.7,88,3815,32768,34,72.54,1060734.04,13163922.96
2026-08-05T02:02:04+08:00,1,2,96.9,1709.1,14.90,156108.9,772407.7,99,13831,32768,37,287.99,1060734.10,13163933.90
2026-08-05T02:02:14+08:00,1,2,96.9,1704.4,14.45,156054.1,772407.7,98,19151,32768,37,286.91,1060734.15,13163931.85
2026-08-05T02:02:24+08:00,1,2,96.9,1703.7,14.29,157512.9,772407.7,90,11269,32768,35,240.89,1060734.20,13163937.80
2026-08-05T02:02:34+08:00,1,2,96.9,1709.7,13.70,156516.3,772407.7,99,13831,32768,37,273.60,1060734.26,13163950.74
2026-08-05T02:02:44+08:00,1,2,96.9,1705.2,13.99,156110.8,772407.7,98,19351,32768,38,302.84,1060734.31,13163921.69
2026-08-05T02:02:54+08:00,1,2,96.9,1704.6,13.61,155994.5,772407.7,94,17429,32768,34,199.19,1060734.37,13163926.63
2026-08-05T02:03:04+08:00,1,2,96.9,1706.3,12.90,156134.5,772407.7,99,13971,32768,37,252.56,1060734.39,13163935.61
2026-08-05T02:03:14+08:00,1,2,96.9,1705.9,12.83,155885.1,772407.7,100,19531,32768,38,318.85,1060734.25,13163944.75
2026-08-05T02:03:24+08:00,1,2,96.9,1705.3,13.22,156091.8,772407.7,100,17709,32768,36,228.24,1060734.31,13163935.69
2026-08-05T02:03:34+08:00,1,2,96.9,1707.0,12.57,155959.5,772407.7,98,14109,32768,38,251.91,1060734.40,13163942.60
2026-08-05T02:03:45+08:00,1,2,96.9,1706.4,12.71,155900.5,772407.7,100,19531,32768,38,303.04,1060734.47,13163926.53
2026-08-05T02:03:55+08:00,1,2,96.9,1706.0,12.06,155977.4,772407.7,100,17709,32768,36,241.06,1060734.54,13163926.46
2026-08-05T02:04:05+08:00,1,2,96.9,1707.6,11.50,155343.2,772407.7,99,14111,32768,37,254.68,1060734.60,13163913.40
2026-08-05T02:04:15+08:00,1,2,96.9,1702.9,11.72,156033.6,772407.7,99,19531,32768,36,229.85,1060734.68,13163906.32
2026-08-05T02:04:25+08:00,1,2,96.9,1706.4,11.23,156543.7,772407.7,100,17713,32768,37,281.98,1060734.75,13163902.25
2026-08-05T02:04:35+08:00,1,2,96.9,1708.1,11.58,156234.9,772407.7,99,14331,32768,38,268.92,1060734.82,13163903.18
2026-08-05T02:04:45+08:00,1,2,96.9,1703.5,11.25,156264.1,772407.7,99,19731,32768,38,268.44,1060734.24,13163909.76
2026-08-05T02:04:55+08:00,1,2,96.9,1707.0,11.26,156753.3,772407.7,99,17909,32768,36,217.69,1060734.95,13163905.05
2026-08-05T02:05:05+08:00,1,2,96.9,1704.7,11.20,155874.5,772407.7,98,14331,32768,37,255.48,1060734.95,13163904.05
2026-08-05T02:05:15+08:00,1,2,96.9,1708.1,11.33,156165.0,772407.7,100,19731,32768,38,294.69,1060735.02,13163894.98
2026-08-05T02:05:25+08:00,1,2,96.9,1703.4,11.51,156558.0,772407.7,100,18089,32768,37,308.86,1060735.09,13163897.91
2026-08-05T02:05:35+08:00,1,2,96.9,1705.2,11.48,155858.4,772407.7,98,14471,32768,36,211.01,1060735.17,13163892.83
2026-08-05T02:05:45+08:00,1,2,96.9,1708.6,11.48,155847.4,772407.7,98,19733,32768,38,287.39,1060734.99,13163890.01
2026-08-05T02:05:55+08:00,1,2,96.9,1703.9,10.71,156429.1,772407.7,100,18091,32768,37,279.92,1060735.30,13163875.70
2026-08-05T02:06:05+08:00,1,2,96.9,1701.6,10.60,156283.0,772407.7,97,14471,32768,37,259.37,1060735.37,13163884.63
2026-08-05T02:06:15+08:00,1,2,96.9,1709.2,10.89,155753.4,772407.7,98,19731,32768,37,215.25,1060735.51,13163900.49
2026-08-05T02:06:25+08:00,1,2,96.9,1704.6,11.51,156322.9,772407.7,100,17909,32768,36,269.90,1060735.64,13163911.36
2026-08-05T02:06:35+08:00,1,2,96.9,1702.3,11.35,156706.4,772407.7,98,14471,32768,37,224.01,1060735.77,13163919.23
2026-08-05T02:06:45+08:00,1,2,96.9,1709.9,11.37,157010.8,772407.7,98,19731,32768,37,264.06,1060735.89,13163915.11
2026-08-05T02:06:55+08:00,1,2,96.9,1705.2,11.48,156872.1,772407.7,99,18089,32768,37,287.99,1060736.02,13163953.98
2026-08-05T02:07:05+08:00,1,2,96.9,1702.8,13.05,156730.7,772407.7,99,14611,32768,37,215.60,1060736.14,13163978.86
2026-08-05T02:07:15+08:00,1,2,96.9,1706.3,12.66,156544.2,772407.7,93,19733,32768,36,228.39,1060736.29,13163984.71
2026-08-05T02:07:25+08:00,1,2,96.9,1705.9,12.62,157211.2,772407.7,99,18291,32768,36,212.33,1060736.41,13164011.59
2026-08-05T02:07:35+08:00,1,2,96.9,1703.6,12.24,160081.9,772407.7,99,14771,32768,37,216.23,1060736.55,13164042.45
2026-08-05T02:07:45+08:00,1,2,96.9,1707.0,12.67,158227.8,772407.7,89,19733,32768,36,229.85,1060736.60,13164132.40
2026-08-05T02:07:55+08:00,1,2,97.0,1706.5,13.72,158531.2,772407.7,100,18573,32768,38,301.58,1060736.79,13164148.21
2026-08-05T02:08:05+08:00,1,2,97.0,1704.1,14.60,158157.5,772407.7,99,14911,32768,38,298.18,1060736.96,13164168.04
2026-08-05T02:08:15+08:00,1,2,97.0,1707.5,14.26,158609.9,772407.7,92,19735,32768,36,239.12,1060737.15,13164184.85
2026-08-05T02:08:25+08:00,1,2,97.0,1702.9,13.52,157786.2,772407.7,99,18571,32768,36,209.55,1060737.32,13164172.68
2026-08-05T02:08:36+08:00,1,2,97.0,1708.8,13.16,157635.8,772407.7,99,15053,32768,37,298.58,1060737.49,13164827.51
2026-08-05T02:08:46+08:00,1,2,97.0,1708.2,12.90,157384.7,772407.7,87,10075,32768,34,73.96,1060737.66,13164068.34
2026-08-05T02:08:56+08:00,1,2,97.0,1703.6,12.91,157387.9,772407.7,98,18571,32768,37,288.18,1060737.30,13164041.70
2026-08-05T02:09:06+08:00,1,2,97.0,1705.4,12.47,157775.0,772407.7,98,15053,32768,38,296.83,1060738.02,13164031.98
2026-08-05T02:09:16+08:00,1,2,97.0,1709.0,11.93,133092.6,772407.7,91,12695,32768,35,75.42,1060738.20,13164030.80
2026-08-05T02:09:26+08:00,1,2,97.0,1704.3,11.48,145043.1,772407.7,99,18771,32768,37,307.81,1060738.37,13164030.63
2026-08-05T02:09:36+08:00,1,2,97.0,1706.1,11.17,157776.6,772407.7,99,15051,32768,37,221.09,1060738.55,13164004.45
2026-08-05T02:09:46+08:00,1,2,97.0,1705.5,11.16,158104.2,772407.7,87,11195,32768,34,73.47,1060738.75,13163999.25
2026-08-05T02:09:56+08:00,1,2,97.0,1704.8,11.51,158881.3,772407.7,98,18773,32768,37,222.36,1060738.97,13163992.03
2026-08-05T02:10:06+08:00,1,2,97.0,1706.6,11.82,158257.4,772407.7,94,15055,32768,37,216.85,1060739.18,13163972.82
2026-08-05T02:10:16+08:00,1,2,97.0,1701.9,12.10,157763.4,772407.7,100,13531,32768,36,206.98,1060739.37,13163963.63
2026-08-05T02:10:26+08:00,1,2,97.0,1705.4,12.25,158442.5,772407.7,98,18951,32768,38,247.38,1060739.59,13163958.41
2026-08-05T02:10:36+08:00,1,2,97.0,1707.3,12.68,157866.4,772407.7,91,15053,32768,36,206.27,1060739.80,13163966.20
2026-08-05T02:10:46+08:00,1,2,97.0,1702.7,12.42,157191.4,772407.7,100,13691,32768,37,297.80,1060740.01,13163956.99
2026-08-05T02:10:56+08:00,1,2,97.0,1710.3,12.41,157135.4,772407.7,99,19151,32768,37,294.30,1060740.24,13163944.76
2026-08-05T02:11:06+08:00,1,2,97.0,1707.9,11.79,157107.0,772407.7,87,15055,32768,36,222.89,1060740.48,13163957.52
2026-08-05T02:11:16+08:00,1,2,97.0,1703.3,11.59,157201.5,772407.7,100,13829,32768,37,290.12,1060740.70,13163967.30
2026-08-05T02:11:26+08:00,1,2,97.0,1706.7,11.27,157208.5,772407.7,99,19153,32768,37,242.68,1060740.97,13164675.03
2026-08-05T02:11:36+08:00,1,2,97.0,1708.5,11.49,157392.0,772407.7,78,13715,32768,36,83.68,1060741.02,13164018.98
2026-08-05T02:11:46+08:00,1,2,97.0,1703.8,11.58,157506.8,772407.7,100,13529,32768,35,221.92,1060741.04,13164037.96
2026-08-05T02:11:56+08:00,1,2,97.0,1707.2,12.10,158298.9,772407.7,99,18951,32768,37,210.17,1060741.09,13164046.91
2026-08-05T02:12:06+08:00,1,2,97.0,1704.9,12.56,159280.4,772407.7,85,15055,32768,36,213.79,1060741.13,13164105.87
2026-08-05T02:12:16+08:00,1,2,97.0,1704.5,12.55,158397.2,772407.7,100,13691,32768,36,258.55,1060741.16,13164151.84
2026-08-05T02:12:26+08:00,1,2,97.0,1707.9,11.83,159327.6,772407.7,98,19151,32768,37,259.69,1060741.18,13164190.82
2026-08-05T02:12:36+08:00,1,2,97.0,1703.2,11.78,159199.6,772407.7,99,17429,32768,35,129.44,1060741.23,13164216.77
2026-08-05T02:12:46+08:00,1,2,97.0,1705.0,12.04,159041.5,772407.7,98,13971,32768,37,259.03,1060740.70,13164240.30
2026-08-05T02:12:57+08:00,1,2,97.0,1708.4,12.26,159276.6,772407.7,99,19351,32768,36,257.74,1060741.29,13164270.71
2026-08-05T02:13:07+08:00,1,2,97.0,1704.0,12.67,159037.4,772407.7,100,17709,32768,36,292.06,1060727.31,13164332.69
2026-08-05T02:13:17+08:00,1,2,97.0,1701.6,12.56,158307.4,772407.7,98,14331,32768,38,308.17,1060727.98,13164337.02
2026-08-05T02:13:27+08:00,1,2,97.0,1705.2,13.17,158519.4,772407.7,99,19533,32768,37,285.75,1060728.02,13164363.98
2026-08-05T02:13:37+08:00,1,2,97.0,1704.6,12.75,158813.7,772407.7,99,17711,32768,36,264.55,1060728.02,13164400.98
2026-08-05T02:13:47+08:00,1,2,97.0,1702.3,13.12,158580.5,772407.7,98,14331,32768,37,301.09,1060729.59,13164409.41
2026-08-05T02:13:57+08:00,1,2,97.0,1706.0,12.96,157819.7,772407.7,98,19531,32768,37,281.08,1060734.51,13164436.49
2026-08-05T02:14:07+08:00,1,2,97.0,1705.5,13.10,157728.8,772407.7,99,17911,32768,37,305.46,1060734.56,13164443.44
2026-08-05T02:14:17+08:00,1,2,97.0,1703.2,12.61,157814.6,772407.7,98,14471,32768,37,296.73,1060734.59,13164462.41
2026-08-05T02:14:27+08:00,1,2,97.0,1702.6,11.82,158028.0,772407.7,100,19731,32768,37,314.48,1060735.62,13164489.38
2026-08-05T02:14:37+08:00,1,2,97.0,1706.0,11.93,157506.4,772407.7,99,18091,32768,37,313.72,1060735.68,13164512.32
2026-08-05T02:14:47+08:00,1,2,97.0,1707.8,11.31,158366.4,772407.7,97,14471,32768,37,268.44,1060735.53,13164594.47
2026-08-05T02:14:57+08:00,1,2,97.0,1703.1,11.35,157835.4,772407.7,98,19733,32768,36,195.19,1060736.41,13164594.59
2026-08-05T02:15:07+08:00,1,2,97.0,1710.6,10.92,156844.7,772407.7,99,18089,32768,36,240.89,1060736.67,13164601.33
2026-08-05T02:15:17+08:00,1,2,97.0,1708.3,11.24,158382.9,772407.7,98,14611,32768,37,213.45,1060736.72,13164582.28
2026-08-05T02:15:27+08:00,1,2,97.0,1703.6,11.23,157241.9,772407.7,94,19733,32768,36,222.89,1060736.76,13164533.24
2026-08-05T02:15:37+08:00,1,2,97.0,1707.1,11.50,157235.4,772407.7,99,18291,32768,37,297.50,1060736.65,13164483.35
2026-08-05T02:15:47+08:00,1,2,97.0,1709.0,11.74,157259.2,772407.7,98,14911,32768,37,297.60,1060736.23,13164430.77
2026-08-05T02:15:57+08:00,1,2,97.0,1704.3,11.15,156919.5,772407.7,88,19733,32768,36,222.07,1060737.06,13164388.94
2026-08-05T02:16:07+08:00,1,2,97.0,1707.8,11.36,156990.5,772407.7,99,18571,32768,37,281.19,1060737.09,13164357.91
2026-08-05T02:16:18+08:00,1,2,97.0,1705.5,11.08,156800.2,772407.7,98,15053,32768,37,302.07,1060737.12,13164330.88
2026-08-05T02:16:28+08:00,1,2,97.0,1705.0,10.76,156776.8,772407.7,89,7795,32768,34,72.58,1060737.75,13164313.25
2026-08-05T02:16:38+08:00,1,2,97.0,1708.5,10.66,157135.4,772407.7,99,18771,32768,38,299.64,1060738.12,13164299.88
2026-08-05T02:16:48+08:00,1,2,97.0,1706.2,10.79,157472.0,772407.7,98,15051,32768,38,300.32,1060739.94,13164269.06
2026-08-05T02:16:58+08:00,1,2,97.0,1705.7,10.57,157437.0,772407.7,100,8711,32768,34,188.61,1060740.76,13164276.24
2026-08-05T02:17:08+08:00,1,2,97.0,1709.2,10.56,157547.2,772407.7,98,18771,32768,38,240.24,1060740.80,13164284.20
2026-08-05T02:17:18+08:00,1,2,97.0,1706.8,10.60,157264.2,772407.7,94,15055,32768,37,226.78,1060740.83,13164297.17
2026-08-05T02:17:28+08:00,1,2,97.0,1702.1,10.97,157522.0,772407.7,100,13531,32768,36,284.78,1060740.86,13164281.14
2026-08-05T02:17:38+08:00,1,2,97.0,1709.7,11.21,157810.4,772407.7,99,18951,32768,37,211.36,1060740.89,13164309.11
2026-08-05T02:17:48+08:00,1,2,97.0,1707.3,11.50,157683.2,772407.7,88,15055,32768,36,233.44,1060740.93,13164319.07
2026-08-05T02:17:58+08:00,1,2,97.0,1702.8,11.02,156672.4,772407.7,100,13691,32768,36,220.75,1060740.96,13164317.04
2026-08-05T02:18:08+08:00,1,2,97.0,1706.1,10.93,156759.9,772407.7,98,19153,32768,37,211.85,1060741.00,13164360.00
2026-08-05T02:18:18+08:00,1,2,97.1,1708.0,11.41,157950.2,772407.7,93,2209,32768,33,119.68,1060741.03,13164371.97
2026-08-05T02:18:28+08:00,1,2,97.1,1707.4,11.56,157532.8,772407.7,98,13831,32768,36,235.05,1060740.51,13164403.49
2026-08-05T02:18:38+08:00,1,2,97.1,1702.8,11.87,157406.3,772407.7,99,19351,32768,37,251.91,1060741.10,13164444.90
2026-08-05T02:18:48+08:00,1,2,97.1,1706.2,11.66,157288.2,772407.7,100,17429,32768,34,255.16,1060741.13,13164466.87
2026-08-05T02:18:58+08:00,1,2,97.1,1708.0,11.87,157477.3,772407.7,98,14111,32768,37,286.05,1060741.16,13164466.84
2026-08-05T02:19:08+08:00,1,2,97.1,1703.4,12.33,157689.2,772407.7,98,19533,32768,37,213.30,1060741.19,13164471.81
2026-08-05T02:19:18+08:00,1,2,97.1,1702.7,11.66,157043.6,772407.7,96,17911,32768,37,245.11,1060741.22,13164475.78
2026-08-05T02:19:28+08:00,1,2,97.1,1708.6,11.40,157175.2,772407.7,98,14471,32768,37,226.30,1060741.25,13164501.75
2026-08-05T02:19:39+08:00,1,2,97.1,1704.1,13.01,157080.6,772407.7,100,19731,32768,38,252.24,1060741.29,13164523.71
2026-08-05T02:19:49+08:00,1,2,97.1,1703.5,13.61,157271.8,772407.7,99,18293,32768,37,288.66,1060740.77,13164554.23
2026-08-05T02:19:59+08:00,1,2,97.1,1709.3,14.11,157238.1,772407.7,99,14771,32768,38,291.39,1060741.35,13164592.65
2026-08-05T02:20:09+08:00,1,2,97.1,1704.7,13.63,156922.7,772407.7,89,19733,32768,36,225.47,1060741.08,13164599.92
2026-08-05T02:20:19+08:00,1,2,97.1,1704.1,13.63,157465.0,772407.7,99,18571,32768,38,296.92,1060741.43,13164580.57
2026-08-05T02:20:29+08:00,1,2,97.1,1705.9,13.08,157095.0,772407.7,98,14911,32768,37,256.45,1060740.89,13164882.11
2026-08-05T02:20:39+08:00,1,2,97.1,1705.4,13.06,157000.2,772407.7,89,13655,32768,35,79.77,1060741.49,13164486.51
2026-08-05T02:20:49+08:00,1,2,97.1,1709.0,12.81,156467.7,772407.7,99,18771,32768,38,242.51,1060740.88,13164450.12
2026-08-05T02:20:59+08:00,1,2,97.1,1706.6,12.85,156915.9,772407.7,99,15053,32768,37,211.08,1060741.58,13164418.42
2026-08-05T02:21:09+08:00,1,2,97.1,1706.1,12.62,156390.7,772407.7,100,13531,32768,36,206.63,1060741.64,13164376.36
2026-08-05T02:21:19+08:00,1,2,97.1,1709.5,12.74,156750.2,772407.7,98,18951,32768,37,275.73,1060741.68,13164339.32
2026-08-05T02:21:29+08:00,1,2,97.1,1707.1,12.09,156054.4,772407.7,90,14335,32768,36,161.93,1060741.74,13164320.26
2026-08-05T02:21:39+08:00,1,2,97.1,1702.5,11.85,156443.2,772407.7,98,13831,32768,37,219.49,1060742.19,13164295.81
2026-08-05T02:21:49+08:00,1,2,97.1,1710.1,11.56,156267.8,772407.7,98,19353,32768,38,246.73,1060741.86,13164278.14
2026-08-05T02:21:59+08:00,1,2,97.1,1705.4,11.39,156346.5,772407.7,98,17429,32768,35,277.19,1060741.90,13164275.10
2026-08-05T02:22:09+08:00,1,2,97.1,1703.1,11.72,156593.1,772407.7,98,13971,32768,36,255.15,1060741.73,13164260.27
2026-08-05T02:22:19+08:00,1,2,97.1,1710.6,12.15,156485.8,772407.7,98,19351,32768,37,252.40,1060741.71,13164240.29
2026-08-05T02:22:29+08:00,1,2,97.1,1705.9,12.36,157521.2,772407.7,100,17429,32768,36,291.87,1060741.79,13164216.21
2026-08-05T02:22:39+08:00,1,2,97.1,1703.6,12.52,157166.6,772407.7,98,14111,32768,38,305.95,1060741.86,13164204.14
2026-08-05T02:22:49+08:00,1,2,97.1,1703.0,12.92,156973.8,772407.7,99,19531,32768,37,212.82,1060741.90,13164206.10
2026-08-05T02:22:59+08:00,1,2,97.1,1706.5,12.84,156920.5,772407.7,98,17909,32768,37,295.46,1060741.96,13164186.04
2026-08-05T02:23:10+08:00,1,2,97.1,1704.2,12.32,156780.3,772407.7,99,14471,32768,37,303.04,1060742.00,13164190.00
2026-08-05T02:23:20+08:00,1,2,97.1,1703.8,12.27,156804.0,772407.7,99,19733,32768,37,286.53,1060742.02,13164209.98
2026-08-05T02:23:30+08:00,1,2,97.1,1703.1,12.32,157134.1,772407.7,100,18089,32768,37,257.43,1060742.06,13164201.94
2026-08-05T02:23:40+08:00,1,2,97.1,1704.9,12.27,157275.9,772407.7,98,14611,32768,37,257.89,1060742.06,13164194.94
2026-08-05T02:23:50+08:00,1,2,97.1,1704.3,12.39,157195.7,772407.7,92,19733,32768,36,233.11,1060742.12,13164212.88
2026-08-05T02:24:00+08:00,1,2,97.1,1703.7,12.06,156928.1,772407.7,98,18293,32768,37,278.16,1060742.17,13164208.83
2026-08-05T02:24:10+08:00,1,2,97.1,1709.6,11.51,156342.2,772407.7,98,14913,32768,37,270.69,1060742.21,13164216.79
2026-08-05T02:24:20+08:00,1,2,97.1,1705.1,11.35,156495.1,772407.7,94,1429,32768,34,82.27,1060742.29,13164222.71
2026-08-05T02:24:30+08:00,1,2,97.1,1704.4,14.75,156393.6,772407.7,98,18773,32768,37,215.11,1060742.28,13164231.72
2026-08-05T02:24:40+08:00,1,2,97.1,1706.2,14.42,156355.5,772407.7,90,15055,32768,36,215.60,1060742.30,13164233.70
2026-08-05T02:24:50+08:00,1,2,97.1,1705.6,13.82,156776.0,772407.7,100,13531,32768,36,299.64,1060742.35,13164254.65
2026-08-05T02:25:00+08:00,1,2,97.1,1704.9,13.71,157035.4,772407.7,98,18771,32768,37,268.61,1060742.35,13164269.65
2026-08-05T02:25:10+08:00,1,2,97.1,1706.7,13.52,157447.8,772407.7,91,15055,32768,36,218.17,1060742.40,13164318.60
2026-08-05T02:25:20+08:00,1,2,97.1,1706.1,13.13,157542.3,772407.7,100,13533,32768,36,268.44,1060742.49,13164341.51
2026-08-05T02:25:30+08:00,1,2,97.1,1705.5,12.58,157373.5,772407.7,99,19151,32768,38,297.21,1060742.55,13164345.45
2026-08-05T02:25:40+08:00,1,2,97.1,1707.3,11.88,157084.9,772407.7,91,8755,32768,35,79.82,1060742.62,13164363.38
2026-08-05T02:25:50+08:00,1,2,97.1,1702.6,11.66,157461.8,772407.7,99,13831,32768,37,275.55,1060742.48,13164374.52
2026-08-05T02:26:00+08:00,1,2,97.1,1710.2,11.78,156986.7,772407.7,99,19353,32768,37,216.71,1060742.75,13164476.25
2026-08-05T02:26:10+08:00,1,2,97.1,1705.7,11.35,157415.2,772407.7,100,17709,32768,36,273.60,1060742.80,13164486.20
2026-08-05T02:26:21+08:00,1,2,97.1,1703.4,11.38,156632.8,772407.7,99,14111,32768,37,272.15,1060742.76,13164484.24
2026-08-05T02:26:31+08:00,1,2,97.1,1711.0,10.94,157120.1,772407.7,98,19733,32768,38,307.61,1060742.93,13164475.07
2026-08-05T02:26:41+08:00,1,2,97.1,1706.3,11.15,156229.5,772407.7,98,17913,32768,36,274.58,1060743.00,13164461.00
2026-08-05T02:26:51+08:00,1,2,97.1,1704.0,11.05,156503.2,772407.7,98,14471,32768,37,259.69,1060743.04,13164445.96
2026-08-05T02:27:01+08:00,1,2,97.1,1707.3,10.97,156537.9,772407.7,98,19733,32768,37,215.88,1060743.12,13164470.88
2026-08-05T02:27:11+08:00,1,2,97.1,1706.8,11.36,155913.9,772407.7,98,18291,32768,37,301.78,1060743.18,13164494.82
2026-08-05T02:27:21+08:00,1,2,97.1,1704.4,11.85,156491.1,772407.7,98,14771,32768,36,242.68,1060743.25,13164509.75
2026-08-05T02:27:31+08:00,1,2,97.1,1707.8,12.10,157109.0,772407.7,92,19733,32768,36,235.21,1060743.32,13164518.68
2026-08-05T02:27:41+08:00,1,2,97.1,1707.4,12.05,157386.5,772407.7,99,18571,32768,37,217.54,1060744.69,13164517.31
2026-08-05T02:27:51+08:00,1,2,97.1,1705.1,12.22,157057.7,772407.7,99,15051,32768,38,220.90,1060745.41,13164521.59
2026-08-05T02:28:01+08:00,1,2,97.1,1704.6,12.02,156882.3,772407.7,90,1029,32768,33,72.49,1060746.13,13164692.87
2026-08-05T02:28:11+08:00,1,2,97.1,1704.1,12.48,157246.9,772407.7,99,18773,32768,38,277.49,1060746.27,13164693.73
2026-08-05T02:28:21+08:00,1,2,97.1,1701.7,12.33,157582.0,772407.7,98,15053,32768,37,272.15,1060746.27,13164716.73
2026-08-05T02:28:31+08:00,1,2,97.1,1705.3,11.88,157666.2,772407.7,100,13329,32768,34,208.09,1060746.37,13164716.63
2026-08-05T02:28:41+08:00,1,2,97.1,1704.6,11.25,158398.5,772407.7,99,18773,32768,36,286.72,1060746.10,13164698.90
2026-08-05T02:28:51+08:00,1,2,97.1,1702.3,10.91,157844.4,772407.7,90,15055,32768,36,220.32,1060746.58,13164706.42
2026-08-05T02:29:01+08:00,1,2,97.1,1705.9,10.79,157754.2,772407.7,100,13531,32768,35,198.35,1060746.69,13164662.31
2026-08-05T02:29:11+08:00,1,2,97.2,1705.2,10.42,157443.3,772407.7,99,19151,32768,37,300.61,1060746.80,13164641.20
2026-08-05T02:29:21+08:00,1,2,97.2,1707.0,11.51,157653.7,772407.7,88,5129,32768,34,201.62,1060746.88,13164624.12
2026-08-05T02:29:31+08:00,1,2,97.2,1702.3,11.79,156893.3,772407.7,99,13973,32768,37,278.64,1060738.22,13164637.78
2026-08-05T02:29:42+08:00,1,2,97.2,1705.9,12.72,157531.3,772407.7,98,19351,32768,37,246.24,1060738.79,13164647.21
2026-08-05T02:29:52+08:00,1,2,97.2,1705.3,13.23,156912.4,772407.7,100,17709,32768,36,217.06,1060738.88,13164627.12
2026-08-05T02:30:02+08:00,1,2,97.2,1703.0,12.49,157078.3,772407.7,98,14331,32768,37,292.36,1060738.97,13164633.03
2026-08-05T02:30:12+08:00,1,2,97.2,1706.4,12.42,157039.6,772407.7,98,19731,32768,38,248.67,1060746.05,13164615.95
2026-08-05T02:30:22+08:00,1,2,97.2,1705.9,11.82,156660.7,772407.7,99,18091,32768,38,294.98,1060745.93,13164620.07
2026-08-05T02:30:32+08:00,1,2,97.2,1703.6,11.62,157878.6,772407.7,98,14611,32768,38,310.32,1060746.09,13164611.91
2026-08-05T02:30:42+08:00,1,2,97.2,1707.1,11.91,157220.1,772407.7,98,19731,32768,38,221.58,1060746.82,13164586.18
2026-08-05T02:30:52+08:00,1,2,97.2,1706.6,11.71,157631.5,772407.7,100,18089,32768,37,274.94,1060747.36,13164599.64
2026-08-05T02:31:02+08:00,1,2,97.2,1704.3,11.14,157434.1,772407.7,99,14773,32768,38,307.20,1060747.51,13164599.49
2026-08-05T02:31:12+08:00,1,2,97.2,1707.8,11.43,157561.9,772407.7,91,19733,32768,36,242.99,1060748.20,13164608.80
2026-08-05T02:31:22+08:00,1,2,97.2,1707.4,11.51,157557.0,772407.7,97,18573,32768,37,282.83,1060748.33,13164630.67
2026-08-05T02:31:32+08:00,1,2,97.2,1705.1,11.65,157690.4,772407.7,98,14911,32768,37,220.61,1060748.78,13164612.22
2026-08-05T02:31:42+08:00,1,2,97.2,1704.5,11.54,158358.4,772407.7,88,19735,32768,36,245.11,1060748.93,13165309.07
2026-08-05T02:31:52+08:00,1,2,97.2,1707.9,11.62,158012.5,772407.7,99,18571,32768,37,292.06,1060749.09,13164650.91
2026-08-05T02:32:02+08:00,1,2,97.2,1705.6,10.90,132966.3,772407.7,99,15051,32768,36,208.44,1060749.25,13164668.75
2026-08-05T02:32:12+08:00,1,2,97.2,1705.1,10.39,133608.0,772407.7,93,4669,32768,34,222.41,1060749.32,13164679.68
2026-08-05T02:32:22+08:00,1,2,97.2,1704.6,10.01,146064.6,772407.7,98,18773,32768,37,225.47,1060749.70,13164716.30
2026-08-05T02:32:32+08:00,1,2,97.2,1706.4,10.17,158395.6,772407.7,98,15051,32768,37,208.93,1060749.87,13164728.13
2026-08-05T02:32:42+08:00,1,2,97.2,1705.8,11.32,158465.8,772407.7,95,13329,32768,35,291.09,1060750.04,13164712.96
2026-08-05T02:32:52+08:00,1,2,97.2,1705.2,11.36,158103.7,772407.7,99,18951,32768,37,247.86,1060749.58,13164705.42
2026-08-05T02:33:03+08:00,1,2,97.2,1702.9,15.06,158515.4,772407.7,92,15055,32768,36,220.80,1060750.42,13164692.58
2026-08-05T02:33:13+08:00,1,2,97.2,1706.5,14.59,158539.4,772407.7,100,13691,32768,37,284.78,1060750.58,13164750.42
2026-08-05T02:33:23+08:00,1,2,97.2,1705.8,13.65,158350.2,772407.7,100,19151,32768,38,289.93,1060750.79,13164806.21
2026-08-05T02:33:33+08:00,1,2,97.2,1703.4,12.88,158250.4,772407.7,90,7797,32768,35,76.35,1060750.99,13164811.01
2026-08-05T02:33:43+08:00,1,2,97.2,1706.9,12.34,158422.5,772407.7,99,13831,32768,37,266.49,1060751.19,13164806.81
2026-08-05T02:33:53+08:00,1,2,97.2,1706.3,11.75,157440.1,772407.7,99,19351,32768,37,316.90,1060751.22,13164796.78
2026-08-05T02:34:03+08:00,1,2,97.2,1705.7,11.64,157439.3,772407.7,100,17429,32768,35,273.17,1060751.44,13164770.56
2026-08-05T02:34:13+08:00,1,2,97.2,1703.4,11.31,156670.9,772407.7,99,14111,32768,37,298.38,1060751.44,13164756.56
2026-08-05T02:34:23+08:00,1,2,97.2,1706.8,11.24,156390.4,772407.7,99,19533,32768,37,292.36,1060751.44,13164735.56
2026-08-05T02:34:33+08:00,1,2,97.2,1706.3,11.35,156002.8,772407.7,100,17709,32768,36,211.77,1060751.44,13164725.56
2026-08-05T02:34:43+08:00,1,2,97.2,1703.9,11.45,155944.2,772407.7,98,14331,32768,38,303.52,1060751.44,13164735.56
2026-08-05T02:34:53+08:00,1,2,97.2,1707.4,11.30,155857.7,772407.7,100,19731,32768,38,297.50,1060751.45,13164711.55
2026-08-05T02:35:03+08:00,1,2,97.2,1706.8,11.69,156293.6,772407.7,96,17911,32768,37,289.15,1060751.59,13164712.41
2026-08-05T02:35:13+08:00,1,2,97.2,1704.5,11.44,155615.3,772407.7,99,14473,32768,38,303.52,1060751.46,13164712.54
2026-08-05T02:35:23+08:00,1,2,97.2,1707.9,11.29,156435.1,772407.7,99,19731,32768,37,271.53,1060746.24,13164723.76
2026-08-05T02:35:33+08:00,1,2,97.2,1707.3,11.40,156248.2,772407.7,98,18091,32768,38,277.67,1060746.25,13164734.75
2026-08-05T02:35:43+08:00,1,2,97.2,1705.0,11.49,156650.6,772407.7,98,14611,32768,37,225.13,1060746.26,13164741.74
2026-08-05T02:35:53+08:00,1,2,97.2,1708.4,11.19,156664.7,772407.7,94,19733,32768,37,227.91,1060746.28,13164737.72
2026-08-05T02:36:03+08:00,1,2,97.2,1707.8,11.47,158156.3,772407.7,99,18291,32768,38,321.00,1060745.86,13164724.14
2026-08-05T02:36:13+08:00,1,2,97.2,1705.5,12.15,157254.2,772407.7,98,14771,32768,38,261.32,1060746.30,13164712.70
2026-08-05T02:36:24+08:00,1,2,97.2,1705.0,12.03,156986.6,772407.7,89,19733,32768,36,231.31,1060746.33,13164700.67
2026-08-05T02:36:34+08:00,1,2,97.2,1704.3,11.86,157660.2,772407.7,98,18571,32768,38,242.99,1060746.35,13164694.65
2026-08-05T02:36:44+08:00,1,2,97.2,1706.2,12.28,157014.3,772407.7,98,15051,32768,38,312.54,1060746.38,13164718.62
2026-08-05T02:36:54+08:00,1,2,97.2,1705.8,12.85,156821.2,772407.7,90,16175,32768,36,97.79,1060746.39,13164730.61
2026-08-05T02:37:04+08:00,1,2,97.2,1705.4,12.87,156467.1,772407.7,98,18571,32768,37,263.75,1060746.33,13164745.67
2026-08-05T02:37:14+08:00,1,2,97.2,1703.1,12.33,156205.7,772407.7,99,15053,32768,37,258.40,1060746.43,13164770.57
2026-08-05T02:37:24+08:00,1,2,97.2,1706.6,12.30,156281.6,772407.7,89,8711,32768,35,252.41,1060746.45,13164759.55
2026-08-05T02:37:34+08:00,1,2,97.2,1705.9,12.50,156456.9,772407.7,98,18771,32768,36,213.30,1060746.47,13164772.53
2026-08-05T02:37:44+08:00,1,2,97.2,1703.7,12.51,156754.7,772407.7,99,15053,32768,36,213.79,1060746.50,13164764.50
2026-08-05T02:37:54+08:00,1,2,97.2,1707.3,12.66,157137.2,772407.7,100,13531,32768,36,276.03,1060746.30,13164756.70
2026-08-05T02:38:04+08:00,1,2,97.2,1706.6,12.33,156550.3,772407.7,99,18953,32768,37,205.17,1060746.42,13164769.58
2026-08-05T02:38:14+08:00,1,2,97.2,1704.3,12.38,156935.4,772407.7,88,15055,32768,36,220.26,1060746.39,13164769.61
2026-08-05T02:38:24+08:00,1,2,97.2,1707.8,12.47,157373.3,772407.7,100,13691,32768,37,282.16,1060746.42,13164763.58
2026-08-05T02:38:34+08:00,1,2,97.2,1707.2,12.47,157045.5,772407.7,99,19153,32768,38,293.04,1060746.45,13164758.55
2026-08-05T02:38:44+08:00,1,2,97.2,1704.9,13.08,157024.3,772407.7,92,1855,32768,34,72.49,1060746.49,13164760.51
2026-08-05T02:38:54+08:00,1,2,97.2,1704.3,12.66,156663.1,772407.7,99,13831,32768,37,217.34,1060746.54,13164758.46
2026-08-05T02:39:04+08:00,1,2,97.2,1703.8,12.32,157236.6,772407.7,99,19351,32768,38,300.90,1060746.58,13164757.42
2026-08-05T02:39:14+08:00,1,2,97.2,1707.2,12.04,157431.5,772407.7,98,17429,32768,35,297.70,1060746.62,13164743.38
2026-08-05T02:39:24+08:00,1,2,97.2,1704.9,12.03,157743.6,772407.7,98,14111,32768,37,286.72,1060746.66,13164750.34
2026-08-05T02:39:34+08:00,1,2,97.2,1704.7,11.65,157364.4,772407.7,100,19351,32768,37,283.99,1060746.69,13164771.31
2026-08-05T02:39:45+08:00,1,2,97.2,1708.2,12.17,158732.5,772407.7,100,17709,32768,36,253.37,1060746.75,13164782.25
2026-08-05T02:39:55+08:00,1,2,97.2,1705.9,12.54,158557.1,772407.7,98,14331,32768,37,300.61,1060746.78,13164785.22
2026-08-05T02:40:05+08:00,1,2,97.2,1701.5,12.44,157602.1,772407.7,99,19733,32768,38,271.53,1060746.81,13164782.19
2026-08-05T02:40:15+08:00,1,2,97.2,1709.0,12.84,157746.7,772407.7,99,17909,32768,36,244.46,1060746.50,13164781.50
2026-08-05T02:40:25+08:00,1,2,97.2,1706.7,12.56,158142.9,772407.7,98,14471,32768,37,264.24,1060746.89,13164786.11
2026-08-05T02:40:35+08:00,1,2,97.2,1702.2,12.00,158460.5,772407.7,99,19731,32768,37,228.73,1060746.93,13165100.07
2026-08-05T02:40:45+08:00,1,2,97.2,1709.7,11.92,158747.6,772407.7,100,18091,32768,37,274.45,1060746.99,13165104.01
2026-08-05T02:40:55+08:00,1,2,97.2,1707.3,11.31,158993.0,772407.7,99,14633,32768,37,270.38,1060746.99,13165110.01
2026-08-05T02:41:05+08:00,1,2,97.3,1702.8,10.94,158039.5,772407.7,92,19733,32768,36,222.41,1060747.08,13165109.92
2026-08-05T02:41:15+08:00,1,2,97.3,1706.2,11.19,157798.2,772407.7,99,18291,32768,36,216.71,1060747.17,13165448.83
2026-08-05T02:41:25+08:00,1,2,97.3,1708.2,11.24,158164.6,772407.7,98,14773,32768,37,282.91,1060746.90,13165455.10
2026-08-05T02:41:35+08:00,1,2,97.3,1703.5,11.37,157570.2,772407.7,92,19733,32768,36,234.08,1060747.38,13165121.62
2026-08-05T02:41:45+08:00,1,2,97.3,1707.1,11.39,158202.1,772407.7,99,18573,32768,38,232.29,1060747.47,13165117.53
2026-08-05T02:41:55+08:00,1,2,97.3,1704.8,11.47,158336.8,772407.7,98,15053,32768,38,294.49,1060747.57,13165103.43
2026-08-05T02:42:05+08:00,1,2,97.3,1704.2,11.01,158558.7,772407.7,91,1229,32768,34,83.30,1060747.67,13165093.33
2026-08-05T02:42:15+08:00,1,2,97.3,1707.7,11.48,157828.7,772407.7,98,18771,32768,36,227.27,1060749.47,13165086.53
2026-08-05T02:42:25+08:00,1,2,97.3,1705.3,11.32,158004.0,772407.7,92,15053,32768,36,217.69,1060751.38,13165083.62
2026-08-05T02:42:35+08:00,1,2,97.3,1704.8,11.66,159638.8,772407.7,100,13531,32768,36,215.25,1060751.74,13165064.26
2026-08-05T02:42:45+08:00,1,2,97.3,1708.2,12.21,159601.0,772407.7,98,18951,32768,37,214.76,1060751.92,13165065.08
2026-08-05T02:42:55+08:00,1,2,97.3,1706.0,12.58,158942.9,772407.7,86,15055,32768,36,206.00,1060752.29,13165037.71
2026-08-05T02:43:05+08:00,1,2,97.3,1701.5,12.24,158791.8,772407.7,100,13691,32768,36,219.15,1060753.43,13165028.57
2026-08-05T02:43:15+08:00,1,2,97.3,1709.0,11.75,158434.0,772407.7,98,19151,32768,37,217.20,1060754.00,13165046.00
2026-08-05T02:43:25+08:00,1,2,97.3,1704.3,11.42,160855.8,772407.7,100,17429,32768,35,208.23,1060754.16,13165044.84
2026-08-05T02:43:35+08:00,1,2,97.3,1706.1,11.75,159164.5,772407.7,98,13971,32768,37,287.99,1060754.42,13165035.58
2026-08-05T02:43:45+08:00,1,2,97.3,1709.5,12.18,158978.0,772407.7,99,19531,32768,37,275.06,1060754.63,13165050.37
2026-08-05T02:43:56+08:00,1,2,97.3,1704.9,11.92,159185.3,772407.7,100,17709,32768,36,217.00,1060755.64,13165046.36
2026-08-05T02:44:06+08:00,1,2,97.3,1706.7,12.09,158938.8,772407.7,99,14111,32768,37,255.80,1060756.54,13165060.46
2026-08-05T02:44:16+08:00,1,2,97.3,1702.0,11.80,158729.5,772407.7,98,19533,32768,37,290.61,1060756.73,13165081.27
2026-08-05T02:44:26+08:00,1,2,97.3,1705.4,12.07,158400.4,772407.7,98,17911,32768,37,244.78,1060756.93,13165067.07
2026-08-05T02:44:36+08:00,1,2,97.3,1707.1,12.29,157804.8,772407.7,99,14331,32768,36,245.11,1060757.30,13165067.70
2026-08-05T02:44:46+08:00,1,2,97.3,1702.5,12.09,157032.4,772407.7,98,19731,32768,37,274.58,1060757.61,13165149.39
2026-08-05T02:44:56+08:00,1,2,97.3,1710.1,11.56,157139.3,772407.7,99,18091,32768,37,281.86,1060757.85,13165196.15
2026-08-05T02:45:06+08:00,1,2,97.3,1707.8,11.16,156654.5,772407.7,98,14611,32768,38,292.55,1060758.00,13165205.00
2026-08-05T02:45:16+08:00,1,2,97.3,1703.1,13.02,156751.1,772407.7,98,19731,32768,37,223.67,1060758.20,13165184.80
2026-08-05T02:45:26+08:00,1,2,97.3,1706.6,13.02,156176.0,772407.7,98,18291,32768,37,313.23,1060759.58,13165154.42
2026-08-05T02:45:36+08:00,1,2,97.3,1704.3,12.65,156531.7,772407.7,98,14773,32768,38,250.94,1060760.03,13165103.97
2026-08-05T02:45:46+08:00,1,2,97.3,1703.7,12.64,156840.5,772407.7,92,19733,32768,36,237.33,1060760.26,13165048.74
2026-08-05T02:45:56+08:00,1,2,97.3,1707.1,12.46,157065.9,772407.7,99,18291,32768,37,217.34,1060760.41,13165014.59
2026-08-05T02:46:06+08:00,1,2,97.3,1704.8,12.32,156000.5,772407.7,99,14771,32768,37,272.15,1060751.88,13164979.12
2026-08-05T02:46:16+08:00,1,2,97.3,1704.3,11.79,155806.5,772407.7,92,19733,32768,36,217.06,1060752.58,13164953.42
2026-08-05T02:46:26+08:00,1,2,97.3,1707.7,11.99,156023.3,772407.7,98,18571,32768,37,303.52,1060752.71,13164920.29
2026-08-05T02:46:36+08:00,1,2,97.3,1705.4,11.70,155776.7,772407.7,99,14913,32768,37,262.46,1060752.73,13164891.27
2026-08-05T02:46:46+08:00,1,2,97.3,1704.9,11.73,155504.6,772407.7,91,8353,32768,35,72.98,1060759.26,13164862.74
2026-08-05T02:46:56+08:00,1,2,97.3,1708.4,11.57,155959.9,772407.7,98,18771,32768,38,276.21,1060759.23,13164854.77
2026-08-05T02:47:06+08:00,1,2,97.3,1706.1,11.24,155446.3,772407.7,99,15051,32768,37,286.42,1060759.23,13164842.77
2026-08-05T02:47:17+08:00,1,2,97.3,1701.4,10.98,155958.2,772407.7,100,13531,32768,36,304.29,1060759.93,13165515.07
2026-08-05T02:47:27+08:00,1,2,97.3,1709.2,11.30,155353.9,772407.7,100,18951,32768,38,312.54,1060760.23,13164827.77
2026-08-05T02:47:37+08:00,1,2,97.3,1706.9,10.95,156244.3,772407.7,87,15055,32768,36,213.79,1060760.23,13164822.77
2026-08-05T02:47:47+08:00,1,2,97.3,1702.4,11.16,155841.2,772407.7,100,13691,32768,36,239.43,1060760.46,13164822.54
2026-08-05T02:47:57+08:00,1,2,97.3,1709.9,10.90,156358.0,772407.7,99,19151,32768,36,265.35,1060760.90,13164828.10
2026-08-05T02:48:07+08:00,1,2,97.3,1707.6,11.23,156409.9,772407.7,93,2209,32768,34,123.75,1060755.87,13164850.13
2026-08-05T02:48:17+08:00,1,2,97.3,1703.0,11.58,157089.7,772407.7,98,13969,32768,37,220.90,1060755.89,13164853.11
2026-08-05T02:48:27+08:00,1,2,97.3,1706.5,11.94,156254.9,772407.7,99,19353,32768,37,276.88,1060755.92,13164838.08
2026-08-05T02:48:37+08:00,1,2,97.3,1706.0,11.79,156725.8,772407.7,100,17709,32768,36,203.57,1060757.92,13164833.08
2026-08-05T02:48:47+08:00,1,2,97.3,1707.8,12.05,157840.9,772407.7,97,14111,32768,37,211.29,1060758.59,13164828.41
2026-08-05T02:48:57+08:00,1,2,97.3,1703.1,12.34,157060.3,772407.7,98,19531,32768,37,222.41,1060758.88,13164824.12
2026-08-05T02:49:07+08:00,1,2,97.3,1706.5,12.13,157508.7,772407.7,98,17911,32768,37,307.40,1060758.60,13164837.40
2026-08-05T02:49:17+08:00,1,2,97.3,1708.3,12.72,157531.3,772407.7,98,14331,32768,37,278.95,1060758.68,13164850.32
2026-08-05T02:49:27+08:00,1,2,97.3,1703.7,13.55,158228.7,772407.7,98,19731,32768,37,282.35,1060758.60,13164845.40
2026-08-05T02:49:37+08:00,1,2,97.3,1703.2,13.92,158322.7,772407.7,99,18091,32768,37,215.11,1060758.44,13164844.56
2026-08-05T02:49:47+08:00,1,2,97.3,1709.1,13.92,158140.5,772407.7,98,14613,32768,37,264.55,1060758.73,13164830.27
2026-08-05T02:49:57+08:00,1,2,97.3,1704.4,13.61,157620.4,772407.7,96,19733,32768,36,226.78,1060758.76,13164843.24
2026-08-05T02:50:07+08:00,1,2,97.3,1703.7,13.11,157925.5,772407.7,99,18291,32768,37,314.96,1060758.84,13164855.16
2026-08-05T02:50:17+08:00,1,2,97.3,1705.5,13.10,157994.3,772407.7,98,14771,32768,38,250.95,1060758.79,13164864.21
2026-08-05T02:50:27+08:00,1,2,97.3,1704.9,13.92,158100.3,772407.7,90,19733,32768,36,232.10,1060758.60,13164889.40
2026-08-05T02:50:38+08:00,1,2,97.3,1708.4,14.69,159030.2,772407.7,98,18571,32768,37,314.96,1060758.67,13164848.33
2026-08-05T02:50:48+08:00,1,2,97.3,1706.0,15.52,157902.3,772407.7,97,14913,32768,37,266.80,1060758.71,13164850.29
2026-08-05T02:50:58+08:00,1,2,97.3,1705.5,15.03,158007.1,772407.7,89,6875,32768,34,72.54,1060758.31,13164839.69
2026-08-05T02:51:08+08:00,1,2,97.3,1709.0,14.71,158717.7,772407.7,98,18771,32768,38,324.18,1060758.85,13164825.15
2026-08-05T02:51:18+08:00,1,2,97.3,1706.7,14.39,159817.3,772407.7,97,15053,32768,37,263.09,1060758.44,13164821.56
2026-08-05T02:51:28+08:00,1,2,97.3,1702.0,14.71,159460.1,772407.7,92,6411,32768,34,279.25,1060759.00,13164809.00
2026-08-05T02:51:38+08:00,1,2,97.3,1709.5,15.00,158460.4,772407.7,98,18771,32768,37,300.81,1060759.05,13164802.95
2026-08-05T02:51:48+08:00,1,2,97.3,1707.2,14.78,159115.7,772407.7,97,15051,32768,37,280.77,1060759.09,13164785.91
2026-08-05T02:51:58+08:00,1,2,97.3,1702.7,13.75,158699.2,772407.7,100,13331,32768,34,248.51,1060759.13,13164769.87
2026-08-05T02:52:08+08:00,1,2,97.3,1710.4,13.57,158346.2,772407.7,99,18771,32768,37,225.13,1060758.75,13164764.25
2026-08-05T02:52:18+08:00,1,2,97.3,1708.1,13.16,158243.3,772407.7,98,15051,32768,37,260.00,1060759.20,13164739.80
2026-08-05T02:52:28+08:00,1,2,97.3,1703.5,12.97,158477.4,772407.7,99,4109,32768,33,159.98,1060759.24,13164737.76
2026-08-05T02:52:38+08:00,1,2,97.3,1707.1,12.59,158408.0,772407.7,99,18771,32768,36,212.33,1060758.74,13164738.26
2026-08-05T02:52:48+08:00,1,2,97.3,1708.9,11.80,158140.0,772407.7,99,15053,32768,37,194.45,1060759.32,13164723.68
2026-08-05T02:52:58+08:00,1,2,97.3,1704.3,11.68,157004.0,772407.7,100,13529,32768,36,286.05,1060759.36,13164712.64
2026-08-05T02:53:08+08:00,1,2,97.4,1707.8,11.62,157165.4,772407.7,99,18953,32768,37,280.89,1060758.91,13164711.09
2026-08-05T02:53:18+08:00,1,2,97.4,1705.5,11.44,157534.4,772407.7,87,15055,32768,36,207.95,1060759.50,13164708.50
2026-08-05T02:53:28+08:00,1,2,97.4,1705.1,12.15,156607.7,772407.7,100,13531,32768,36,269.23,1060759.60,13164729.40
2026-08-05T02:53:38+08:00,1,2,97.4,1708.6,12.03,156229.2,772407.7,99,18951,32768,36,234.90,1060759.70,13165116.30
2026-08-05T02:53:49+08:00,1,2,97.4,1706.2,11.66,156309.3,772407.7,89,15055,32768,36,227.91,1060759.82,13164776.18
2026-08-05T02:53:59+08:00,1,2,97.4,1705.7,11.40,156628.5,772407.7,99,13691,32768,36,257.57,1060759.93,13164786.07
2026-08-05T02:54:09+08:00,1,2,97.4,1705.1,12.02,157294.7,772407.7,99,19151,32768,36,227.27,1060760.02,13164802.98
2026-08-05T02:54:19+08:00,1,2,97.4,1704.4,12.25,158108.8,772407.7,100,8209,32768,34,308.17,1060759.69,13164802.31
2026-08-05T02:54:29+08:00,1,2,97.4,1702.1,12.89,157666.6,772407.7,99,13831,32768,37,259.69,1060760.22,13164897.78
2026-08-05T02:54:39+08:00,1,2,97.4,1705.6,12.97,158347.4,772407.7,100,19351,32768,38,246.73,1060760.31,13164984.69
2026-08-05T02:54:49+08:00,1,2,97.4,1705.1,13.89,158013.0,772407.7,99,17429,32768,34,171.67,1060760.71,13164989.29
2026-08-05T02:54:59+08:00,1,2,97.4,1706.9,13.53,158125.6,772407.7,98,13971,32768,37,245.59,1060760.80,13165024.20
2026-08-05T02:55:09+08:00,1,2,97.4,1702.3,12.98,132669.7,772407.7,99,19351,32768,36,269.90,1060760.93,13165022.07
2026-08-05T02:55:19+08:00,1,2,97.4,1705.9,12.99,145207.6,772407.7,100,17709,32768,36,299.35,1060761.07,13165026.93
2026-08-05T02:55:29+08:00,1,2,97.4,1707.6,13.84,158412.6,772407.7,98,14111,32768,37,219.49,1060761.21,13165000.79
2026-08-05T02:55:39+08:00,1,2,97.4,1703.0,13.54,157883.0,772407.7,99,19531,32768,38,231.80,1060761.36,13164979.64
2026-08-05T02:55:49+08:00,1,2,97.4,1706.5,12.99,157892.1,772407.7,100,17709,32768,36,233.11,1060761.21,13164948.79
2026-08-05T02:55:59+08:00,1,2,97.4,1708.2,13.08,158967.8,772407.7,98,14331,32768,37,293.42,1060761.30,13164932.70
2026-08-05T02:56:09+08:00,1,2,97.4,1703.5,13.46,159411.9,772407.7,100,19733,32768,38,290.50,1060761.51,13164931.49
2026-08-05T02:56:19+08:00,1,2,97.4,1702.8,14.53,160869.8,772407.7,98,17911,32768,37,290.90,1060761.65,13164932.35
2026-08-05T02:56:29+08:00,1,2,97.4,1708.9,15.14,160754.9,772407.7,98,14331,32768,36,220.46,1060761.79,13164928.21
2026-08-05T02:56:39+08:00,1,2,97.4,1704.2,15.29,160733.6,772407.7,99,19733,32768,38,295.07,1060761.95,13164923.05
2026-08-05T02:56:49+08:00,1,2,97.4,1707.6,15.40,160398.3,772407.7,98,17911,32768,37,242.19,1060762.10,13164928.90
2026-08-05T02:57:00+08:00,1,2,97.4,1709.4,15.40,159636.4,772407.7,99,14473,32768,38,287.21,1060762.25,13164924.75
2026-08-05T02:57:10+08:00,1,2,97.4,1704.7,15.04,160420.5,772407.7,99,19733,32768,37,250.94,1060762.46,13164970.54
2026-08-05T02:57:20+08:00,1,2,97.4,1708.2,14.41,160029.2,772407.7,100,18089,32768,38,241.54,1060762.62,13164969.38
2026-08-05T02:57:30+08:00,1,2,97.4,1705.8,13.89,159380.0,772407.7,98,14613,32768,37,220.61,1060762.81,13164970.19
2026-08-05T02:57:40+08:00,1,2,97.4,1705.3,13.61,159080.1,772407.7,98,19731,32768,37,215.05,1060763.01,13164969.99
2026-08-05T02:57:50+08:00,1,2,97.4,1709.1,12.90,159403.9,772407.7,98,18291,32768,37,282.83,1060763.18,13164975.82
2026-08-05T02:58:00+08:00,1,2,97.4,1706.8,12.90,159372.2,772407.7,98,14773,32768,38,292.26,1060763.39,13164978.61
2026-08-05T02:58:10+08:00,1,2,97.4,1706.3,13.01,158082.9,772407.7,91,19733,32768,36,215.74,1060763.56,13164989.44
2026-08-05T02:58:20+08:00,1,2,97.4,1705.7,12.78,157562.5,772407.7,99,18571,32768,37,317.39,1060763.76,13164982.24
2026-08-05T02:58:30+08:00,1,2,97.4,1707.3,12.27,156826.6,772407.7,99,14911,32768,37,254.83,1060763.97,13165008.03
2026-08-05T02:58:40+08:00,1,2,97.4,1702.7,11.77,156347.6,772407.7,91,10535,32768,35,73.47,1060764.19,13165001.81
2026-08-05T02:58:50+08:00,1,2,97.4,1706.2,12.20,157346.3,772407.7,98,18771,32768,38,283.02,1060764.19,13165212.81
2026-08-05T02:59:00+08:00,1,2,97.4,1707.9,11.64,156615.4,772407.7,98,15051,32768,37,223.19,1060764.19,13165223.81
2026-08-05T02:59:10+08:00,1,2,97.4,1703.3,11.30,156821.6,772407.7,100,13531,32768,36,290.90,1060764.19,13165201.81
2026-08-05T02:59:20+08:00,1,2,97.4,1702.9,11.34,156561.6,772407.7,99,18951,32768,37,223.04,1060764.19,13165178.81
2026-08-05T02:59:30+08:00,1,2,97.4,1708.7,10.76,155930.2,772407.7,88,15053,32768,36,220.61,1060764.63,13165140.37
2026-08-05T02:59:40+08:00,1,2,97.4,1704.1,11.21,155872.3,772407.7,100,13693,32768,37,247.54,1060764.63,13165067.37
2026-08-05T02:59:50+08:00,1,2,97.4,1703.5,11.12,156006.9,772407.7,99,19151,32768,37,244.78,1060764.63,13165033.37
2026-08-05T03:00:00+08:00,1,2,97.4,1709.5,13.42,156402.0,772407.7,90,1147,32768,34,77.92,1060764.63,13164990.37
2026-08-05T03:00:10+08:00,1,2,97.4,1704.9,13.46,155951.1,772407.7,99,13971,32768,37,288.18,1060764.65,13164975.35
2026-08-05T03:00:21+08:00,1,2,97.4,1704.4,13.09,155864.9,772407.7,99,19353,32768,37,267.15,1060759.41,13165630.59
2026-08-05T03:00:31+08:00,1,2,97.4,1707.8,12.37,155821.6,772407.7,100,17429,32768,36,295.95,1060759.44,13165572.56
2026-08-05T03:00:41+08:00,1,2,97.4,1705.6,12.09,155900.2,772407.7,99,14109,32768,37,303.52,1060759.42,13164878.58
2026-08-05T03:00:51+08:00,1,2,97.4,1705.0,12.23,156693.9,772407.7,99,19531,32768,36,216.71,1060759.45,13164894.55
2026-08-05T03:01:01+08:00,1,2,97.4,1704.4,11.50,155889.1,772407.7,100,17711,32768,36,233.90,1060759.46,13164900.54
2026-08-05T03:01:11+08:00,1,2,97.4,1710.2,12.03,156227.8,772407.7,99,14331,32768,38,298.18,1060759.49,13164899.51
2026-08-05T03:01:21+08:00,1,2,97.4,1705.6,12.03,155296.6,772407.7,99,19731,32768,38,245.11,1060759.51,13164892.49
2026-08-05T03:01:31+08:00,1,2,97.4,1704.9,12.41,156180.4,772407.7,97,17911,32768,36,259.52,1060759.54,13164888.46
2026-08-05T03:01:41+08:00,1,2,97.4,1706.7,12.42,157924.8,772407.7,98,14471,32768,37,256.29,1060759.56,13164894.44
2026-08-05T03:01:51+08:00,1,2,97.4,1706.1,12.12,156507.6,772407.7,99,19731,32768,37,241.70,1060759.57,13164898.43
2026-08-05T03:02:01+08:00,1,2,97.4,1705.4,11.88,156584.1,772407.7,99,18089,32768,37,292.84,1060759.60,13164898.40
2026-08-05T03:02:11+08:00,1,2,97.4,1707.2,11.51,156771.7,772407.7,97,14613,32768,37,272.15,1060759.63,13164908.37
2026-08-05T03:02:21+08:00,1,2,97.4,1706.6,11.13,156939.4,772407.7,97,19733,32768,36,232.59,1060759.64,13164939.36
2026-08-05T03:02:31+08:00,1,2,97.4,1710.0,11.43,157534.4,772407.7,99,18293,32768,37,307.89,1060751.12,13164963.88
2026-08-05T03:02:41+08:00,1,2,97.4,1707.7,11.00,157038.9,772407.7,99,14771,32768,37,258.55,1060751.60,13164979.40
2026-08-05T03:02:51+08:00,1,2,97.4,1703.0,10.53,156922.4,772407.7,89,19733,32768,36,241.38,1060751.65,13164969.35
2026-08-05T03:03:01+08:00,1,2,97.4,1710.5,10.60,157076.3,772407.7,99,18291,32768,36,217.54,1060751.68,13164974.32
2026-08-05T03:03:11+08:00,1,2,97.4,1708.2,10.20,156933.1,772407.7,99,14913,32768,38,305.75,1060757.78,13164961.22
2026-08-05T03:03:21+08:00,1,2,97.4,1703.5,9.77,156251.1,772407.7,89,19733,32768,36,240.89,1060757.82,13165303.18
2026-08-05T03:03:31+08:00,1,2,97.4,1702.9,9.97,155869.7,772407.7,99,18571,32768,37,248.51,1060757.86,13165029.14
2026-08-05T03:03:42+08:00,1,2,97.4,1708.7,9.89,156165.7,772407.7,97,15051,32768,38,305.58,1060758.85,13165024.15
2026-08-05T03:03:52+08:00,1,2,97.4,1704.1,10.22,155988.3,772407.7,87,10175,32768,35,73.47,1060758.89,13165039.11
2026-08-05T03:04:02+08:00,1,2,97.4,1703.5,10.66,156142.3,772407.7,98,18771,32768,37,304.21,1060758.92,13165031.08
2026-08-05T03:04:12+08:00,1,2,97.4,1705.2,10.47,156188.9,772407.7,98,15051,32768,37,220.95,1060759.59,13165025.41
2026-08-05T03:04:22+08:00,1,2,97.4,1704.8,10.72,156222.8,772407.7,94,13329,32768,35,233.75,1060759.80,13165024.20
2026-08-05T03:04:32+08:00,1,2,97.4,1704.4,10.91,155925.5,772407.7,98,18773,32768,36,217.69,1060759.85,13165021.15
2026-08-05T03:04:42+08:00,1,2,97.4,1706.0,11.00,156239.0,772407.7,98,15053,32768,36,200.78,1060759.90,13165006.10
2026-08-05T03:04:52+08:00,1,2,97.4,1705.6,10.61,156093.3,772407.7,100,13529,32768,36,292.26,1060759.94,13164985.06
2026-08-05T03:05:02+08:00,1,2,97.4,1705.1,10.21,156466.8,772407.7,98,18951,32768,38,300.12,1060760.01,13164975.99
2026-08-05T03:05:12+08:00,1,2,97.4,1706.9,10.17,156145.2,772407.7,90,15055,32768,36,208.65,1060760.05,13164963.95
2026-08-05T03:05:22+08:00,1,2,97.4,1702.2,9.99,156258.3,772407.7,100,13691,32768,36,214.28,1060760.07,13164961.93
2026-08-05T03:05:32+08:00,1,2,97.4,1705.7,10.76,156538.0,772407.7,99,18951,32768,37,258.23,1060760.10,13164969.90
2026-08-05T03:05:42+08:00,1,2,97.4,1707.4,11.04,157097.4,772407.7,86,15055,32768,36,222.55,1060760.20,13164962.80
2026-08-05T03:05:52+08:00,1,2,97.4,1702.7,11.48,156776.7,772407.7,100,13831,32768,37,287.50,1060760.30,13164958.70
2026-08-05T03:06:02+08:00,1,2,97.4,1706.3,12.01,157758.1,772407.7,99,19153,32768,37,208.71,1060760.40,13164951.60
2026-08-05T03:06:12+08:00,1,2,97.4,1708.0,14.17,157348.6,772407.7,86,3655,32768,34,72.93,1060760.50,13164941.50
2026-08-05T03:06:22+08:00,1,2,97.4,1707.5,14.21,157939.7,772407.7,98,13831,32768,36,254.51,1060760.61,13164930.39
2026-08-05T03:06:32+08:00,1,2,97.4,1702.8,13.57,157481.6,772407.7,98,19351,32768,37,284.59,1060760.70,13164935.30
2026-08-05T03:06:42+08:00,1,2,97.4,1706.4,12.65,157606.9,772407.7,100,17429,32768,35,248.02,1060760.79,13165290.21
2026-08-05T03:06:52+08:00,1,2,97.4,1708.3,12.46,157405.6,772407.7,99,13971,32768,37,278.46,1060760.88,13164952.12
2026-08-05T03:07:03+08:00,1,2,97.4,1703.6,11.62,157522.4,772407.7,98,19531,32768,38,248.99,1060760.97,13165007.03
2026-08-05T03:07:13+08:00,1,2,97.4,1707.2,11.15,156982.5,772407.7,98,17711,32768,36,268.44,1060761.08,13165041.92
2026-08-05T03:07:23+08:00,1,2,97.4,1708.9,11.57,158193.1,772407.7,98,14331,32768,37,295.85,1060761.18,13165076.82
2026-08-05T03:07:33+08:00,1,2,97.4,1704.2,11.88,157562.3,772407.7,98,19533,32768,37,276.52,1060761.30,13165076.70
2026-08-05T03:07:43+08:00,1,2,97.4,1707.7,11.53,157624.2,772407.7,100,17909,32768,37,285.15,1060761.45,13165102.55
2026-08-05T03:07:53+08:00,1,2,97.4,1709.5,11.76,158032.1,772407.7,97,14331,32768,37,266.01,1060761.61,13165118.39
2026-08-05T03:08:03+08:00,1,2,97.4,1704.8,11.65,157784.3,772407.7,98,19733,32768,38,261.80,1060761.73,13165148.27
2026-08-05T03:08:13+08:00,1,2,97.5,1700.2,11.62,157273.5,772407.7,100,18091,32768,37,300.12,1060761.86,13165183.14
2026-08-05T03:08:23+08:00,1,2,97.5,1710.1,11.06,157931.9,772407.7,98,14471,32768,37,290.90,1060762.02,13165211.98
2026-08-05T03:08:33+08:00,1,2,97.5,1705.4,10.89,157759.4,772407.7,98,19731,32768,37,216.71,1060762.18,13165247.82
2026-08-05T03:08:43+08:00,1,2,97.5,1704.8,10.43,157410.6,772407.7,97,18091,32768,37,282.35,1060762.32,13165290.68
2026-08-05T03:08:53+08:00,1,2,97.5,1706.5,10.43,157125.9,772407.7,99,14473,32768,37,247.05,1060762.47,13165309.53
2026-08-05T03:09:03+08:00,1,2,97.5,1705.9,10.43,156006.1,772407.7,99,19731,32768,38,317.39,1060762.61,13165372.39
2026-08-05T03:09:13+08:00,1,2,97.5,1705.3,10.91,156959.7,772407.7,98,18091,32768,37,206.14,1060762.76,13165424.24
2026-08-05T03:09:23+08:00,1,2,97.5,1707.0,10.60,157267.5,772407.7,98,14613,32768,37,220.61,1060762.95,13165444.05
2026-08-05T03:09:33+08:00,1,2,97.5,1706.5,10.88,158480.6,772407.7,95,19733,32768,36,224.35,1060763.11,13165495.89
2026-08-05T03:09:43+08:00,1,2,97.5,1706.0,11.96,157383.6,772407.7,99,18291,32768,37,212.33,1060763.29,13165611.71
2026-08-05T03:09:53+08:00,1,2,97.5,1707.6,12.24,157883.0,772407.7,98,14911,32768,38,293.04,1060763.46,13165743.54
2026-08-05T03:10:03+08:00,1,2,97.5,1703.2,12.51,157854.3,772407.7,91,19735,32768,36,204.90,1060763.65,13165814.35
2026-08-05T03:10:13+08:00,1,2,97.5,1706.9,12.20,157438.5,772407.7,98,18571,32768,37,248.67,1060763.83,13165866.17
2026-08-05T03:10:24+08:00,1,2,97.5,1704.6,12.15,157764.3,772407.7,98,15051,32768,38,297.70,1060763.98,13165888.02
2026-08-05T03:10:34+08:00,1,2,97.5,1703.9,12.77,158364.1,772407.7,90,15613,32768,36,88.51,1060764.17,13165850.83
2026-08-05T03:10:44+08:00,1,2,97.5,1707.5,12.48,157537.4,772407.7,98,18571,32768,37,272.33,1060764.40,13165798.60
2026-08-05T03:10:54+08:00,1,2,97.5,1705.1,12.46,159549.2,772407.7,99,15053,32768,37,297.70,1060764.61,13165749.39
2026-08-05T03:11:04+08:00,1,2,97.5,1704.5,11.92,158451.9,772407.7,100,13331,32768,35,207.95,1060764.73,13165699.27
2026-08-05T03:11:14+08:00,1,2,97.5,1703.9,11.71,158396.4,772407.7,98,18951,32768,38,303.52,1060764.73,13165673.27
2026-08-05T03:11:24+08:00,1,2,97.5,1705.7,12.35,158434.8,772407.7,96,15053,32768,36,217.20,1060764.70,13165645.30
2026-08-05T03:11:34+08:00,1,2,97.5,1705.0,12.68,157620.1,772407.7,100,13531,32768,36,258.72,1060764.71,13165614.29
2026-08-05T03:11:44+08:00,1,2,97.5,1704.5,12.33,157608.0,772407.7,98,18951,32768,37,219.63,1060764.73,13165586.27
2026-08-05T03:11:54+08:00,1,2,97.5,1702.2,11.88,157798.8,772407.7,87,15055,32768,36,192.38,1060764.74,13165567.26
2026-08-05T03:12:04+08:00,1,2,97.5,1705.6,11.68,158283.7,772407.7,100,13691,32768,37,295.27,1060764.74,13165550.26
2026-08-05T03:12:14+08:00,1,2,97.5,1705.0,11.55,158186.3,772407.7,96,19153,32768,37,288.96,1060764.74,13165515.26
2026-08-05T03:12:24+08:00,1,2,97.5,1702.7,11.30,156933.3,772407.7,90,5955,32768,34,73.96,1060764.75,13165489.25
2026-08-05T03:12:34+08:00,1,2,97.5,1710.2,11.33,156187.1,772407.7,98,13831,32768,36,260.17,1060764.74,13165456.26
2026-08-05T03:12:44+08:00,1,2,97.5,1705.6,11.13,156250.0,772407.7,98,19351,32768,36,267.47,1060759.72,13165456.28
2026-08-05T03:12:54+08:00,1,2,97.5,1704.9,11.56,156155.0,772407.7,100,17431,32768,36,298.67,1060759.97,13165424.03
2026-08-05T03:13:04+08:00,1,2,97.5,1706.6,12.29,156147.7,772407.7,99,13971,32768,37,276.03,1060759.98,13165396.02
2026-08-05T03:13:14+08:00,1,2,97.5,1706.1,12.01,155994.9,772407.7,98,19531,32768,38,284.10,1060760.00,13165379.00
2026-08-05T03:13:24+08:00,1,2,97.5,1701.4,11.93,155675.0,772407.7,100,17709,32768,36,227.27,1060760.02,13165352.98
2026-08-05T03:13:34+08:00,1,2,97.5,1707.1,13.03,156233.8,772407.7,98,14111,32768,37,289.93,1060760.04,13165329.96
2026-08-05T03:13:44+08:00,1,2,97.5,1706.6,12.96,156484.8,772407.7,99,19551,32768,37,278.83,1060760.05,13165324.95
2026-08-05T03:13:55+08:00,1,2,97.5,1706.0,13.32,156225.3,772407.7,100,17709,32768,36,231.47,1060760.07,13165440.93
2026-08-05T03:14:05+08:00,1,2,97.5,1707.7,14.13,156103.5,772407.7,98,14111,32768,37,299.55,1060760.10,13165428.90
2026-08-05T03:14:15+08:00,1,2,97.5,1703.0,13.81,156262.6,772407.7,98,19531,32768,38,304.49,1060760.08,13165398.92
2026-08-05T03:14:25+08:00,1,2,97.5,1702.4,13.60,156643.6,772407.7,69,1025,32768,33,69.07,1060760.11,13165377.89
2026-08-05T03:14:35+08:00,1,2,97.4,1669.8,13.62,152269.5,772407.7,0,1025,32768,29,56.35,1060760.12,13165332.88
2026-08-05T03:14:45+08:00,1,2,97.4,1669.8,13.28,153315.1,772407.7,0,1025,32768,29,55.86,1060760.16,13165242.84
2026-08-05T03:14:55+08:00,1,2,97.3,1669.8,12.54,154035.4,772407.7,0,1025,32768,29,55.90,1060760.18,13165223.82
2026-08-05T03:15:05+08:00,1,2,97.3,1669.8,12.74,155321.8,772407.7,0,1025,32768,29,55.86,1060760.00,13165178.00
2026-08-05T03:15:15+08:00,1,2,97.2,1669.8,12.15,155916.4,772407.7,0,1025,32768,29,55.86,1060760.03,13165145.97
2026-08-05T03:15:25+08:00,1,2,97.2,1669.8,12.43,156928.9,772407.7,0,1025,32768,29,55.90,1060760.07,13165127.93
2026-08-05T03:15:35+08:00,1,2,97.2,1706.9,13.46,153503.3,772407.7,0,1027,32768,29,55.86,1060760.11,13165105.89
2026-08-05T03:15:45+08:00,1,2,97.1,1706.9,13.47,153592.2,772407.7,0,1027,32768,29,55.86,1060760.14,13165107.86
2026-08-05T03:15:55+08:00,1,2,97.1,1706.9,13.37,154323.5,772407.7,0,1027,32768,29,55.90,1060760.19,13165106.81
2026-08-05T03:16:05+08:00,1,2,97.0,1706.9,13.93,154939.3,772407.7,0,1027,32768,29,55.86,1060760.22,13165096.78
2026-08-05T03:16:15+08:00,1,2,97.0,1706.9,13.62,155855.1,772407.7,0,1027,32768,29,55.86,1060760.27,13165111.73
2026-08-05T03:16:25+08:00,1,2,96.9,1706.9,13.84,156101.9,772407.7,0,1027,32768,29,55.94,1060760.30,13165125.70
2026-08-05T03:16:35+08:00,1,2,96.9,1704.1,14.00,156343.7,772407.7,0,1027,32768,29,55.86,1060760.33,13165136.67
2026-08-05T03:16:45+08:00,1,2,96.9,1695.1,14.25,151902.9,772407.7,0,1027,32768,29,55.90,1060760.38,13165136.62
2026-08-05T03:16:55+08:00,1,2,96.8,1695.1,13.39,152747.6,772407.7,0,1027,32768,29,55.90,1060760.40,13165155.60
2026-08-05T03:17:05+08:00,1,2,96.8,1695.1,13.19,153951.2,772407.7,0,1027,32768,29,55.90,1060760.43,13165167.57
2026-08-05T03:17:15+08:00,1,2,96.7,1695.1,12.99,154435.4,772407.7,0,1027,32768,29,55.86,1060760.48,13165193.52
2026-08-05T03:17:25+08:00,1,2,96.7,1695.1,13.07,155603.5,772407.7,0,1027,32768,29,55.90,1060760.51,13165213.49
2026-08-05T03:17:35+08:00,1,2,96.6,1697.1,13.53,155789.2,772407.7,0,1027,32768,29,55.86,1060760.53,13165205.47
2026-08-05T03:17:45+08:00,1,2,96.6,1699.0,12.98,155753.2,772407.7,99,13829,32768,37,301.29,1060760.59,13165256.41
2026-08-05T03:17:56+08:00,1,2,96.6,1698.5,12.53,155336.1,772407.7,98,19351,32768,37,297.70,1060760.67,13165245.33
2026-08-05T03:18:06+08:00,1,2,96.6,1697.8,11.91,129478.0,772407.7,100,17429,32768,35,259.06,1060760.76,13165242.24
2026-08-05T03:18:16+08:00,1,2,96.6,1699.6,14.24,142727.5,772407.7,99,14011,32768,37,280.71,1060760.85,13165242.15
2026-08-05T03:18:26+08:00,1,2,96.6,1699.1,13.44,155961.8,772407.7,99,19531,32768,36,214.42,1060760.95,13165268.05
2026-08-05T03:18:36+08:00,1,2,96.7,1698.4,13.43,156582.2,772407.7,98,17911,32768,36,213.79,1060760.95,13165290.05
2026-08-05T03:18:46+08:00,1,2,96.7,1696.1,12.82,156000.6,772407.7,98,14471,32768,37,259.06,1060761.06,13165293.94
2026-08-05T03:18:56+08:00,1,2,96.7,1699.7,12.46,155631.0,772407.7,99,19731,32768,37,210.73,1060753.63,13165292.37
2026-08-05T03:19:06+08:00,1,2,96.7,1699.1,12.15,155832.8,772407.7,99,18091,32768,36,261.15,1060753.72,13165335.28
2026-08-05T03:19:16+08:00,1,2,96.7,1696.8,11.82,156019.0,772407.7,99,14771,32768,38,291.96,1060753.80,13165373.20
2026-08-05T03:19:26+08:00,1,2,96.7,1700.3,11.79,157103.3,772407.7,91,19733,32768,36,233.59,1060755.40,13165359.60
2026-08-05T03:19:36+08:00,1,2,96.7,1699.6,12.05,156865.5,772407.7,99,18571,32768,38,273.60,1060759.77,13165337.23
2026-08-05T03:19:46+08:00,1,2,96.7,1697.3,11.44,157016.9,772407.7,99,14911,32768,37,282.83,1060759.87,13165309.13
2026-08-05T03:19:56+08:00,1,2,96.7,1696.8,11.83,158004.8,772407.7,89,2493,32768,34,72.49,1060760.00,13165272.00
2026-08-05T03:20:06+08:00,1,2,96.7,1700.2,12.65,158325.2,772407.7,99,18771,32768,38,278.46,1060761.08,13165222.92
2026-08-05T03:20:16+08:00,1,2,96.7,1701.9,12.23,158179.3,772407.7,99,15051,32768,37,228.24,1060761.23,13165161.77
2026-08-05T03:20:26+08:00,1,2,96.7,1697.3,11.74,158336.3,772407.7,100,13529,32768,36,268.75,1060761.40,13165124.60
2026-08-05T03:20:36+08:00,1,2,96.7,1700.8,11.48,158196.2,772407.7,98,18951,32768,37,214.91,1060762.15,13165426.85
2026-08-05T03:20:46+08:00,1,2,96.7,1702.5,11.18,158062.1,772407.7,87,15055,32768,36,231.65,1060762.42,13165367.58
2026-08-05T03:20:56+08:00,1,2,96.7,1697.9,10.69,158325.5,772407.7,100,13831,32768,37,276.70,1060762.57,13165008.43
2026-08-05T03:21:06+08:00,1,2,96.7,1697.3,11.35,157129.1,772407.7,99,19351,32768,37,273.30,1060762.73,13164960.27
2026-08-05T03:21:17+08:00,1,2,96.7,1700.8,11.47,157034.0,772407.7,95,17429,32768,34,186.29,1060762.90,13164918.10
2026-08-05T03:21:27+08:00,1,2,96.7,1698.5,12.01,156563.9,772407.7,99,13971,32768,37,286.23,1060763.03,13164901.97
2026-08-05T03:21:37+08:00,1,2,96.7,1701.8,11.70,156402.4,772407.7,98,19531,32768,37,219.15,1060763.17,13164892.83
2026-08-05T03:21:47+08:00,1,2,96.7,1701.3,11.83,155977.8,772407.7,99,17909,32768,36,288.96,1060763.33,13164881.67
2026-08-05T03:21:57+08:00,1,2,96.7,1699.0,11.85,156703.5,772407.7,99,14331,32768,37,286.42,1060763.51,13164860.49
2026-08-05T03:22:07+08:00,1,2,96.7,1698.5,11.66,156468.4,772407.7,98,19731,32768,37,254.34,1060763.67,13164835.33
2026-08-05T03:22:17+08:00,1,2,96.7,1697.8,11.27,156825.2,772407.7,99,18093,32768,36,214.76,1060763.86,13164812.14
2026-08-05T03:22:27+08:00,1,2,96.7,1699.6,10.95,157307.7,772407.7,98,14613,32768,36,261.46,1060764.02,13164822.98
2026-08-05T03:22:37+08:00,1,2,96.7,1699.1,10.58,156962.6,772407.7,92,19733,32768,36,229.22,1060764.20,13164808.80
2026-08-05T03:22:47+08:00,1,2,96.7,1698.4,10.64,157380.3,772407.7,98,18291,32768,37,220.61,1060764.40,13164800.60
2026-08-05T03:22:57+08:00,1,2,96.7,1696.1,11.00,157838.0,772407.7,98,14771,32768,37,261.00,1060764.57,13164807.43
2026-08-05T03:23:07+08:00,1,2,96.7,1699.6,10.84,157382.5,772407.7,91,19733,32768,36,209.82,1060764.78,13164792.22
2026-08-05T03:23:17+08:00,1,2,96.7,1699.0,10.56,157233.9,772407.7,99,18571,32768,37,211.36,1060764.97,13164795.03
2026-08-05T03:23:27+08:00,1,2,96.7,1696.6,10.79,157024.1,772407.7,98,15051,32768,38,294.78,1060765.17,13164828.83
2026-08-05T03:23:37+08:00,1,2,96.7,1700.1,11.36,158049.9,772407.7,88,8553,32768,34,72.98,1060765.23,13164847.77
2026-08-05T03:23:47+08:00,1,2,96.7,1699.4,11.73,157155.1,772407.7,99,18571,32768,37,235.38,1060765.23,13165525.77
2026-08-05T03:23:57+08:00,1,2,96.7,1697.2,11.46,157351.4,772407.7,98,15051,32768,37,257.57,1060765.21,13164873.79
2026-08-05T03:24:07+08:00,1,2,96.7,1696.8,11.69,157990.8,772407.7,100,13329,32768,36,287.39,1060765.23,13164924.77
2026-08-05T03:24:17+08:00,1,2,96.7,1700.3,11.11,157784.5,772407.7,98,18951,32768,38,287.02,1060765.24,13164944.76
2026-08-05T03:24:27+08:00,1,2,96.7,1697.9,11.86,158829.4,772407.7,84,15053,32768,36,226.60,1060765.23,13164957.77
2026-08-05T03:24:37+08:00,1,2,96.7,1697.4,11.51,157982.1,772407.7,100,13691,32768,36,306.92,1060765.19,13164972.81
2026-08-05T03:24:48+08:00,1,2,96.7,1700.8,12.30,158307.4,772407.7,99,19153,32768,37,293.71,1060765.24,13165007.76
2026-08-05T03:24:58+08:00,1,2,96.7,1702.6,13.01,158294.8,772407.7,86,10117,32768,35,82.32,1060765.25,13165040.75
2026-08-05T03:25:08+08:00,1,2,96.7,1697.9,13.94,158148.6,772407.7,98,13831,32768,36,216.71,1060760.02,13165061.98
2026-08-05T03:25:18+08:00,1,2,96.7,1697.3,13.72,157507.1,772407.7,100,19151,32768,37,271.05,1060760.03,13165081.97
2026-08-05T03:25:28+08:00,1,2,96.7,1700.7,13.00,157396.9,772407.7,97,17429,32768,35,137.74,1060760.05,13165074.95
2026-08-05T03:25:38+08:00,1,2,96.7,1698.4,12.08,157851.7,772407.7,98,13971,32768,37,275.06,1060760.05,13165070.95
2026-08-05T03:25:48+08:00,1,2,96.7,1693.8,12.54,157881.2,772407.7,98,19533,32768,37,247.54,1060760.08,13165069.92
2026-08-05T03:25:58+08:00,1,2,96.7,1701.4,12.84,157800.2,772407.7,99,17709,32768,35,224.99,1060760.09,13165060.91
2026-08-05T03:26:08+08:00,1,2,96.7,1699.1,13.09,157735.1,772407.7,99,14331,32768,38,284.29,1060760.12,13165050.88
2026-08-05T03:26:18+08:00,1,2,96.7,1694.5,12.32,157026.9,772407.7,99,19733,32768,37,243.65,1060760.14,13165033.86
2026-08-05T03:26:28+08:00,1,2,96.7,1702.0,11.80,157647.7,772407.7,98,17911,32768,36,278.64,1060760.15,13165009.85
2026-08-05T03:26:38+08:00,1,2,96.7,1699.7,11.82,158276.4,772407.7,98,14613,32768,37,288.96,1060760.17,13165009.83
2026-08-05T03:26:48+08:00,1,2,96.7,1699.2,12.10,156975.8,772407.7,98,19731,32768,37,219.29,1060760.19,13165008.81
2026-08-05T03:26:58+08:00,1,2,96.7,1698.5,11.61,157126.4,772407.7,99,18091,32768,37,287.39,1060760.21,13165013.79
2026-08-05T03:27:08+08:00,1,2,96.7,1700.3,11.13,156707.8,772407.7,98,14611,32768,38,302.55,1060760.64,13165012.36
2026-08-05T03:27:18+08:00,1,2,96.7,1699.9,11.11,157198.1,772407.7,96,19733,32768,36,234.88,1060760.66,13165011.34
2026-08-05T03:27:28+08:00,1,2,96.7,1699.3,10.94,156892.6,772407.7,99,18291,32768,36,266.01,1060760.48,13165014.52
2026-08-05T03:27:38+08:00,1,2,96.7,1696.9,10.93,157117.9,772407.7,98,14911,32768,37,218.51,1060760.54,13165005.46
2026-08-05T03:27:48+08:00,1,2,96.7,1700.6,11.10,157506.9,772407.7,89,19333,32768,36,156.56,1060760.56,13165041.44
2026-08-05T03:27:59+08:00,1,2,96.7,1699.9,11.10,157595.4,772407.7,98,18571,32768,37,228.69,1060760.61,13165149.39
2026-08-05T03:28:09+08:00,1,2,96.7,1697.7,12.21,158320.8,772407.7,99,15051,32768,37,291.58,1060760.64,13165157.36
2026-08-05T03:28:19+08:00,1,2,96.7,1701.2,12.01,158684.9,772407.7,97,13331,32768,35,300.12,1060760.68,13165174.32
2026-08-05T03:28:29+08:00,1,2,96.7,1700.5,12.33,158254.9,772407.7,99,18953,32768,37,308.17,1060760.72,13165183.28
2026-08-05T03:28:39+08:00,1,2,96.7,1698.1,12.44,158900.8,772407.7,88,15055,32768,36,224.50,1060760.75,13165216.25
2026-08-05T03:28:49+08:00,1,2,96.7,1697.6,13.23,158706.2,772407.7,100,13691,32768,36,252.88,1060760.79,13165212.21
2026-08-05T03:28:59+08:00,1,2,96.7,1701.1,13.18,158416.2,772407.7,98,19151,32768,37,226.78,1060760.83,13165186.17
2026-08-05T03:29:09+08:00,1,2,96.7,1700.5,12.63,158307.7,772407.7,98,11271,32768,35,234.23,1060760.86,13165156.14
2026-08-05T03:29:19+08:00,1,2,96.7,1698.2,12.54,157932.2,772407.7,99,13831,32768,37,284.29,1060760.89,13165314.11
2026-08-05T03:29:29+08:00,1,2,96.7,1697.8,12.32,157754.8,772407.7,100,19351,32768,38,243.15,1060760.94,13165286.06
2026-08-05T03:29:39+08:00,1,2,96.7,1701.2,11.72,157161.4,772407.7,100,17711,32768,37,312.05,1060760.98,13165268.02
2026-08-05T03:29:49+08:00,1,2,96.7,1698.9,11.84,157475.9,772407.7,99,14111,32768,37,312.05,1060761.02,13165265.98
2026-08-05T03:29:59+08:00,1,2,96.8,1694.2,11.41,158023.2,772407.7,99,19531,32768,37,219.78,1060761.04,13165245.96
2026-08-05T03:30:09+08:00,1,2,96.8,1701.8,11.18,157482.0,772407.7,97,17911,32768,37,218.17,1060761.07,13165213.93
2026-08-05T03:30:19+08:00,1,2,96.8,1699.6,10.99,157338.2,772407.7,99,14471,32768,38,306.72,1060761.34,13165185.66
2026-08-05T03:30:29+08:00,1,2,96.8,1695.1,10.99,157101.3,772407.7,99,19731,32768,38,296.73,1060761.47,13165136.53
2026-08-05T03:30:39+08:00,1,2,96.8,1702.6,10.74,157604.1,772407.7,99,18091,32768,37,272.94,1060761.58,13165101.42
2026-08-05T03:30:49+08:00,1,2,96.8,1700.3,11.40,158235.7,772407.7,99,14771,32768,38,280.40,1060761.63,13165097.37
2026-08-05T03:30:59+08:00,1,2,96.8,1695.7,12.04,158167.8,772407.7,88,19733,32768,36,204.33,1060761.76,13165079.24
2026-08-05T03:31:09+08:00,1,2,96.8,1699.3,12.57,157791.7,772407.7,99,18573,32768,37,305.18,1060761.84,13165086.16
2026-08-05T03:31:19+08:00,1,2,96.8,1701.2,11.77,157928.2,772407.7,98,14911,32768,37,278.46,1060761.94,13165083.06
2026-08-05T03:31:29+08:00,1,2,96.8,1696.7,11.40,158137.4,772407.7,92,13053,32768,35,74.39,1060762.03,13165089.97
2026-08-05T03:31:39+08:00,1,2,96.8,1700.1,11.10,157837.0,772407.7,99,18571,32768,37,253.20,1060762.14,13165095.86
2026-08-05T03:31:50+08:00,1,2,96.8,1697.8,10.78,157981.7,772407.7,98,15053,32768,37,240.24,1060762.23,13165119.77
2026-08-05T03:32:00+08:00,1,2,96.8,1697.2,11.20,158068.9,772407.7,100,13331,32768,34,139.60,1060762.34,13165140.66
2026-08-05T03:32:10+08:00,1,2,96.8,1700.6,11.63,157601.8,772407.7,98,18771,32768,37,264.58,1060762.43,13165157.57
2026-08-05T03:32:20+08:00,1,2,96.8,1698.3,11.43,157791.9,772407.7,97,15055,32768,36,219.78,1060762.56,13165178.44
2026-08-05T03:32:30+08:00,1,2,96.8,1697.8,11.61,158329.8,772407.7,100,13531,32768,36,249.65,1060762.71,13165189.29
2026-08-05T03:32:40+08:00,1,2,96.8,1701.4,11.52,157752.2,772407.7,99,18951,32768,38,281.86,1060762.86,13165206.14
2026-08-05T03:32:50+08:00,1,2,96.8,1699.0,11.21,157417.7,772407.7,87,15055,32768,36,228.06,1060763.00,13165211.00
2026-08-05T03:33:00+08:00,1,2,96.8,1694.4,10.79,157230.8,772407.7,100,13689,32768,36,230.52,1060763.14,13165212.86
2026-08-05T03:33:10+08:00,1,2,96.8,1702.0,10.57,156955.2,772407.7,99,19151,32768,36,209.06,1060763.29,13165212.71
2026-08-05T03:33:20+08:00,1,2,96.8,1697.4,10.63,156853.0,772407.7,93,8211,32768,34,273.79,1060763.42,13165326.58
2026-08-05T03:33:30+08:00,1,2,96.8,1695.1,10.70,158008.2,772407.7,99,13971,32768,38,286.05,1060763.54,13165340.46
2026-08-05T03:33:40+08:00,1,2,96.8,1702.6,11.49,157521.5,772407.7,98,19353,32768,37,291.87,1060763.70,13165367.30
2026-08-05T03:33:50+08:00,1,2,96.8,1697.9,11.89,157928.1,772407.7,100,17429,32768,34,156.56,1060763.87,13165392.13
2026-08-05T03:34:00+08:00,1,2,96.8,1695.6,12.20,158346.9,772407.7,99,13971,32768,37,250.77,1060764.03,13165403.97
2026-08-05T03:34:10+08:00,1,2,96.8,1699.1,13.01,157912.9,772407.7,97,19353,32768,37,253.20,1060764.19,13165365.81
2026-08-05T03:34:20+08:00,1,2,96.8,1698.5,13.41,158602.3,772407.7,100,17709,32768,37,298.38,1060764.36,13165329.64
2026-08-05T03:34:30+08:00,1,2,96.8,1700.3,14.30,158844.7,772407.7,98,14111,32768,37,288.66,1060764.57,13165294.43
2026-08-05T03:34:40+08:00,1,2,96.8,1695.6,14.18,157756.4,772407.7,99,19531,32768,37,210.87,1060764.70,13165262.30
2026-08-05T03:34:50+08:00,1,2,96.8,1699.0,13.84,157758.1,772407.7,100,17911,32768,37,249.65,1060764.91,13165233.09
2026-08-05T03:35:00+08:00,1,2,96.8,1700.8,14.09,158261.5,772407.7,98,14473,32768,38,310.60,1060765.10,13165213.90
2026-08-05T03:35:10+08:00,1,2,96.8,1696.2,13.84,157786.3,772407.7,98,19731,32768,37,273.30,1060756.47,13165209.53
2026-08-05T03:35:20+08:00,1,2,96.8,1703.7,13.31,157859.0,772407.7,99,18091,32768,37,304.78,1060757.32,13165180.68
2026-08-05T03:35:30+08:00,1,2,96.8,1701.3,13.12,157813.4,772407.7,98,14471,32768,37,270.51,1060757.54,13165180.46
2026-08-05T03:35:40+08:00,1,2,96.8,1696.7,12.71,157575.7,772407.7,100,19733,32768,38,311.57,1060757.79,13165167.21
2026-08-05T03:35:50+08:00,1,2,96.8,1700.1,13.33,157157.4,772407.7,98,18093,32768,37,211.36,1060764.19,13165144.81
2026-08-05T03:36:00+08:00,1,2,96.8,1701.9,12.79,156602.6,772407.7,98,14613,32768,37,266.98,1060764.63,13165345.37
2026-08-05T03:36:10+08:00,1,2,96.8,1697.3,12.20,157514.3,772407.7,97,19733,32768,36,225.96,1060764.63,13165137.37
2026-08-05T03:36:20+08:00,1,2,96.8,1700.7,11.54,157646.8,772407.7,98,18291,32768,37,219.92,1060765.61,13165151.39
2026-08-05T03:36:30+08:00,1,2,96.8,1698.4,11.31,157143.0,772407.7,98,14911,32768,38,302.07,1060765.58,13165502.42
2026-08-05T03:36:40+08:00,1,2,96.8,1697.9,11.50,157439.1,772407.7,90,19733,32768,36,220.61,1060765.59,13165170.41
2026-08-05T03:36:51+08:00,1,2,96.8,1701.3,11.81,156782.7,772407.7,98,18571,32768,37,270.07,1060766.16,13165179.84
2026-08-05T03:37:01+08:00,1,2,96.8,1698.9,11.98,157143.4,772407.7,99,15051,32768,37,251.76,1060766.42,13165201.58
2026-08-05T03:37:11+08:00,1,2,96.8,1698.4,12.12,157821.4,772407.7,98,13329,32768,35,274.88,1060766.44,13165211.56
2026-08-05T03:37:21+08:00,1,2,96.8,1701.9,12.56,157875.2,772407.7,99,18953,32768,38,302.46,1060766.45,13165217.55
2026-08-05T03:37:31+08:00,1,2,96.8,1699.6,12.87,157354.2,772407.7,95,15055,32768,36,213.93,1060761.22,13165211.78
2026-08-05T03:37:41+08:00,1,2,96.8,1699.3,12.96,157426.6,772407.7,100,13531,32768,36,282.83,1060761.24,13165217.76
2026-08-05T03:37:51+08:00,1,2,96.8,1698.7,12.43,157300.0,772407.7,98,19151,32768,38,291.58,1060761.24,13165231.76
2026-08-05T03:38:01+08:00,1,2,96.8,1700.4,12.27,157704.1,772407.7,90,1149,32768,34,92.96,1060761.28,13165215.72
2026-08-05T03:38:11+08:00,1,2,96.8,1695.9,11.84,156696.2,772407.7,99,13831,32768,37,265.17,1060761.28,13165215.72
2026-08-05T03:38:21+08:00,1,2,96.8,1699.6,12.18,156954.4,772407.7,99,19351,32768,37,244.46,1060761.30,13165209.70
2026-08-05T03:38:31+08:00,1,2,96.8,1699.1,12.43,156916.3,772407.7,100,17429,32768,35,259.86,1060761.32,13165219.68
2026-08-05T03:38:41+08:00,1,2,96.8,1696.8,12.37,157107.4,772407.7,99,14113,32768,37,303.92,1060761.34,13165556.66
2026-08-05T03:38:51+08:00,1,2,96.8,1700.3,11.93,157336.2,772407.7,98,19531,32768,37,285.26,1060761.36,13165213.64
2026-08-05T03:39:01+08:00,1,2,96.8,1699.6,12.33,156622.2,772407.7,100,17911,32768,37,299.06,1060761.37,13165226.63
2026-08-05T03:39:11+08:00,1,2,96.8,1697.3,12.13,156521.5,772407.7,98,14333,32768,37,272.15,1060761.39,13165221.61
2026-08-05T03:39:21+08:00,1,2,96.8,1700.8,12.11,157071.7,772407.7,98,19733,32768,37,268.92,1060761.39,13165215.61
2026-08-05T03:39:31+08:00,1,2,96.8,1700.1,12.32,156624.3,772407.7,98,18091,32768,38,280.89,1060761.43,13165211.57
2026-08-05T03:39:41+08:00,1,2,96.8,1697.8,12.21,157577.2,772407.7,98,14611,32768,38,283.02,1060761.45,13165196.55
2026-08-05T03:39:51+08:00,1,2,96.8,1697.2,12.00,156921.0,772407.7,98,19733,32768,37,196.76,1060761.24,13165226.76
2026-08-05T03:40:01+08:00,1,2,96.8,1700.6,12.17,157154.7,772407.7,100,18091,32768,37,284.59,1060761.30,13165245.70
2026-08-05T03:40:11+08:00,1,2,96.8,1698.3,12.52,156932.4,772407.7,98,14771,32768,38,300.32,1060761.34,13165247.66
2026-08-05T03:40:21+08:00,1,2,96.8,1697.7,12.58,157163.5,772407.7,89,19733,32768,36,213.30,1060761.38,13165251.62
2026-08-05T03:40:31+08:00,1,2,96.8,1697.1,12.65,156998.0,772407.7,99,18291,32768,38,281.38,1060761.41,13165248.59
2026-08-05T03:40:41+08:00,1,2,96.8,1702.9,12.73,156823.7,772407.7,99,14771,32768,37,211.98,1060761.45,13165224.55
2026-08-05T03:40:51+08:00,1,2,96.8,1698.2,12.36,131699.8,772407.7,90,19733,32768,36,216.23,1060761.49,13165196.51
2026-08-05T03:41:01+08:00,1,2,96.8,1693.6,12.31,132206.8,772407.7,99,18291,32768,36,271.66,1060761.53,13165170.47
2026-08-05T03:41:11+08:00,1,2,96.8,1703.5,12.13,145832.6,772407.7,98,14913,32768,37,306.72,1060761.57,13165165.43
2026-08-05T03:41:21+08:00,1,2,96.8,1698.9,12.18,157485.6,772407.7,89,19733,32768,36,195.68,1060761.60,13165155.40
2026-08-05T03:41:31+08:00,1,2,96.8,1694.4,12.14,157557.4,772407.7,98,18291,32768,36,206.98,1060761.62,13165127.38
2026-08-05T03:41:41+08:00,1,2,96.8,1700.1,12.83,157127.0,772407.7,99,14771,32768,36,227.27,1060761.66,13165129.34
2026-08-05T03:41:52+08:00,1,2,96.8,1699.6,12.54,157165.5,772407.7,88,19733,32768,36,214.91,1060761.71,13166111.29
2026-08-05T03:42:02+08:00,1,2,96.8,1699.0,12.24,157578.1,772407.7,98,18293,32768,36,235.69,1060761.75,13165114.25
2026-08-05T03:42:12+08:00,1,2,96.8,1696.7,12.89,157146.8,772407.7,98,14771,32768,37,268.92,1060761.76,13165133.24
2026-08-05T03:42:22+08:00,1,2,96.8,1700.2,13.37,157454.2,772407.7,89,19733,32768,36,239.76,1060761.85,13165144.15
2026-08-05T03:42:32+08:00,1,2,96.9,1699.6,12.78,157525.6,772407.7,99,18291,32768,37,273.60,1060761.89,13165151.11
2026-08-05T03:42:42+08:00,1,2,96.9,1697.2,12.34,156780.1,772407.7,98,14913,32768,37,294.49,1060761.97,13165146.03
2026-08-05T03:42:52+08:00,1,2,96.9,1700.8,11.82,156113.1,772407.7,92,19733,32768,36,231.95,1060762.06,13165183.94
2026-08-05T03:43:02+08:00,1,2,96.9,1700.2,11.70,156257.3,772407.7,98,18571,32768,36,211.98,1060762.17,13165196.83
2026-08-05T03:43:12+08:00,1,2,96.9,1697.8,11.89,157129.5,772407.7,98,15051,32768,37,245.27,1060762.26,13165221.74
2026-08-05T03:43:22+08:00,1,2,96.9,1697.2,12.59,156672.4,772407.7,100,8711,32768,35,237.49,1060762.35,13165208.65
2026-08-05T03:43:32+08:00,1,2,96.9,1700.7,12.21,156442.6,772407.7,98,18771,32768,37,289.15,1060762.47,13165223.53
2026-08-05T03:43:42+08:00,1,2,96.9,1698.4,11.95,156207.1,772407.7,95,15055,32768,36,234.08,1060762.55,13165250.45
2026-08-05T03:43:52+08:00,1,2,96.9,1697.8,11.73,155917.7,772407.7,100,13571,32768,36,279.73,1060762.65,13165253.35
2026-08-05T03:44:02+08:00,1,2,96.9,1701.5,11.74,156460.0,772407.7,98,18951,32768,37,214.28,1060762.75,13165257.25
2026-08-05T03:44:12+08:00,1,2,96.9,1699.1,11.79,156686.1,772407.7,90,15055,32768,36,233.26,1060762.85,13165256.15
2026-08-05T03:44:22+08:00,1,2,96.9,1698.4,11.14,156906.7,772407.7,100,13691,32768,36,216.08,1060762.93,13165253.07
2026-08-05T03:44:32+08:00,1,2,96.9,1698.0,11.36,156778.8,772407.7,98,19151,32768,37,300.12,1060763.06,13165267.94
2026-08-05T03:44:42+08:00,1,2,96.9,1699.8,11.84,156609.9,772407.7,87,15055,32768,36,231.31,1060763.21,13165247.79
2026-08-05T03:44:52+08:00,1,2,96.9,1699.1,12.32,156866.7,772407.7,100,13831,32768,37,295.56,1060763.35,13165252.65
2026-08-05T03:45:02+08:00,1,2,96.9,1698.7,12.28,157021.3,772407.7,98,19153,32768,37,218.80,1060763.50,13165252.50
2026-08-05T03:45:12+08:00,1,2,96.9,1694.2,12.69,157559.3,772407.7,87,5129,32768,33,239.74,1060763.67,13165227.33
2026-08-05T03:45:22+08:00,1,2,96.9,1700.0,12.65,156720.7,772407.7,99,13831,32768,36,257.74,1060764.37,13165225.63
2026-08-05T03:45:32+08:00,1,2,96.9,1699.5,12.31,156517.6,772407.7,99,19351,32768,38,304.98,1060764.45,13165232.55
2026-08-05T03:45:42+08:00,1,2,96.9,1694.9,11.74,157108.2,772407.7,100,17429,32768,36,279.92,1060764.50,13165233.50
2026-08-05T03:45:52+08:00,1,2,96.9,1696.6,11.70,157040.8,772407.7,98,13971,32768,36,224.50,1060764.58,13165231.42
2026-08-05T03:46:02+08:00,1,2,96.9,1700.3,12.43,156529.6,772407.7,99,19351,32768,38,267.95,1060764.74,13165218.26
2026-08-05T03:46:12+08:00,1,2,96.9,1695.7,12.23,156562.0,772407.7,99,17429,32768,34,197.24,1060764.87,13165222.13
2026-08-05T03:46:22+08:00,1,2,96.9,1697.3,11.87,156380.5,772407.7,97,13971,32768,37,252.08,1060765.08,13165200.92
2026-08-05T03:46:32+08:00,1,2,96.9,1701.0,11.97,155809.4,772407.7,100,19351,32768,38,239.74,1060765.24,13165198.76
2026-08-05T03:46:42+08:00,1,2,96.9,1696.3,12.19,155590.5,772407.7,100,17429,32768,35,272.02,1060765.42,13165195.58
2026-08-05T03:46:53+08:00,1,2,96.9,1702.0,12.45,155338.3,772407.7,98,14111,32768,38,281.38,1060765.62,13165191.38
2026-08-05T03:47:03+08:00,1,2,96.9,1697.4,12.46,155384.4,772407.7,100,19351,32768,37,277.31,1060765.81,13165191.19
2026-08-05T03:47:13+08:00,1,2,96.9,1696.9,12.00,156003.8,772407.7,100,17709,32768,36,209.41,1060765.98,13165255.02
2026-08-05T03:47:23+08:00,1,2,96.9,1702.7,11.47,156436.6,772407.7,99,14111,32768,37,264.86,1060766.16,13165373.84
2026-08-05T03:47:33+08:00,1,2,96.9,1698.0,11.24,156987.2,772407.7,98,19531,32768,37,245.27,1060766.33,13165388.67
2026-08-05T03:47:43+08:00,1,2,96.9,1697.4,10.88,157277.7,772407.7,99,17911,32768,37,288.37,1060766.56,13165388.44
2026-08-05T03:47:53+08:00,1,2,96.9,1699.2,10.93,158616.2,772407.7,98,14331,32768,37,251.43,1060766.77,13165429.23
2026-08-05T03:48:03+08:00,1,2,96.9,1698.5,11.00,158629.5,772407.7,98,19531,32768,37,277.49,1060766.94,13165444.06
2026-08-05T03:48:13+08:00,1,2,96.9,1697.9,10.30,158358.4,772407.7,99,17911,32768,37,303.04,1060767.10,13165482.90
2026-08-05T03:48:23+08:00,1,2,96.9,1699.7,10.90,158780.7,772407.7,98,14471,32768,38,283.02,1060767.10,13165428.90
2026-08-05T03:48:33+08:00,1,2,96.9,1699.1,10.90,157986.9,772407.7,100,19731,32768,36,274.88,1060767.11,13165429.89
2026-08-05T03:48:43+08:00,1,2,96.9,1698.6,10.90,157038.9,772407.7,99,18091,32768,37,206.49,1060767.11,13165426.89
2026-08-05T03:48:53+08:00,1,2,96.9,1696.4,11.48,157605.1,772407.7,98,14611,32768,38,290.99,1060767.13,13165433.87
2026-08-05T03:49:03+08:00,1,2,96.9,1699.8,11.78,157193.3,772407.7,99,19733,32768,38,257.57,1060767.10,13165434.90
2026-08-05T03:49:13+08:00,1,2,96.9,1699.2,11.51,157009.4,772407.7,99,18091,32768,36,215.25,1060767.12,13165461.88
2026-08-05T03:49:23+08:00,1,2,96.9,1696.9,11.44,156072.3,772407.7,99,14611,32768,38,294.20,1060767.12,13165551.88
2026-08-05T03:49:33+08:00,1,2,96.9,1700.4,11.29,155575.1,772407.7,100,19731,32768,37,223.04,1060761.89,13165562.11
2026-08-05T03:49:43+08:00,1,2,96.9,1699.8,11.10,155909.1,772407.7,99,18091,32768,37,163.39,1060761.92,13165562.08
2026-08-05T03:49:53+08:00,1,2,96.9,1697.5,10.32,155304.9,772407.7,99,14771,32768,38,300.12,1060761.92,13165563.08
2026-08-05T03:50:03+08:00,1,2,96.9,1697.0,10.81,155807.1,772407.7,93,19733,32768,36,218.80,1060761.92,13165546.08
2026-08-05T03:50:13+08:00,1,2,96.9,1700.6,10.53,156013.5,772407.7,98,18293,32768,37,223.19,1060761.92,13165542.08
2026-08-05T03:50:23+08:00,1,2,96.9,1698.3,10.22,155525.9,772407.7,99,14771,32768,37,270.07,1060761.95,13165520.05
2026-08-05T03:50:33+08:00,1,2,96.9,1697.6,10.42,155477.9,772407.7,90,19733,32768,36,228.88,1060761.96,13165514.04
2026-08-05T03:50:43+08:00,1,2,96.9,1701.2,9.98,155566.0,772407.7,98,18291,32768,37,277.19,1060761.99,13165507.01
2026-08-05T03:50:53+08:00,1,2,96.9,1698.8,9.75,155019.0,772407.7,99,14913,32768,37,312.46,1060762.00,13165501.00
2026-08-05T03:51:03+08:00,1,2,96.9,1698.1,9.87,155531.5,772407.7,88,19733,32768,36,244.29,1060762.02,13165494.98
2026-08-05T03:51:13+08:00,1,2,96.9,1697.6,9.73,155375.8,772407.7,99,18571,32768,37,311.77,1060762.04,13165490.96
2026-08-05T03:51:23+08:00,1,2,96.9,1699.5,9.94,155999.1,772407.7,98,14911,32768,37,251.91,1060762.08,13165482.92
2026-08-05T03:51:33+08:00,1,2,96.9,1698.9,10.71,155623.4,772407.7,88,19733,32768,36,245.75,1060762.09,13165470.91
2026-08-05T03:51:43+08:00,1,2,96.9,1698.3,10.44,155277.8,772407.7,98,18571,32768,37,243.16,1060754.26,13165461.74
2026-08-05T03:51:54+08:00,1,2,96.9,1696.0,10.38,155765.7,772407.7,98,15051,32768,37,310.60,1060754.27,13165437.73
2026-08-05T03:52:04+08:00,1,2,96.9,1699.4,10.40,156108.4,772407.7,90,19735,32768,36,212.47,1060754.27,13165427.73
2026-08-05T03:52:14+08:00,1,2,96.9,1699.0,10.42,156195.1,772407.7,98,18571,32768,37,302.95,1060759.80,13165430.20
2026-08-05T03:52:24+08:00,1,2,96.9,1696.6,9.90,156389.5,772407.7,99,15053,32768,37,222.89,1060759.84,13165399.16
2026-08-05T03:52:34+08:00,1,2,96.9,1700.2,9.69,155898.3,772407.7,92,2015,32768,34,72.44,1060759.88,13165373.12
2026-08-05T03:52:44+08:00,1,2,96.9,1699.5,9.74,155970.6,772407.7,100,18773,32768,36,268.92,1060761.20,13165353.80
2026-08-05T03:52:54+08:00,1,2,96.9,1697.2,9.93,155716.7,772407.7,98,15053,32768,37,224.99,1060761.23,13165357.77
2026-08-05T03:53:04+08:00,1,2,96.9,1700.8,10.42,156725.4,772407.7,95,13331,32768,35,150.04,1060761.27,13165342.73
2026-08-05T03:53:14+08:00,1,2,96.9,1700.1,9.98,156973.2,772407.7,99,18773,32768,37,257.57,1060761.94,13165348.06
2026-08-05T03:53:24+08:00,1,2,96.9,1697.8,11.25,158090.3,772407.7,91,15055,32768,36,198.96,1060762.42,13165354.58
2026-08-05T03:53:34+08:00,1,2,96.9,1697.2,11.30,157805.1,772407.7,100,13531,32768,36,316.63,1060762.71,13165357.29
2026-08-05T03:53:44+08:00,1,2,96.9,1700.6,11.31,157593.4,772407.7,100,18953,32768,38,297.60,1060762.75,13165350.25
2026-08-05T03:53:54+08:00,1,2,96.9,1698.3,11.82,157536.4,772407.7,92,15055,32768,36,222.55,1060762.78,13165350.22
2026-08-05T03:54:04+08:00,1,2,96.9,1697.9,11.54,157548.4,772407.7,100,13531,32768,36,255.80,1060762.83,13165358.17
2026-08-05T03:54:14+08:00,1,2,96.9,1701.5,11.46,157425.5,772407.7,99,18951,32768,36,235.05,1060762.86,13165347.14
2026-08-05T03:54:24+08:00,1,2,96.9,1699.2,11.69,157685.3,772407.7,89,15055,32768,36,210.87,1060762.90,13165353.10
2026-08-05T03:54:34+08:00,1,2,96.9,1698.6,10.74,157506.3,772407.7,100,13691,32768,36,265.04,1060762.93,13165379.07
2026-08-05T03:54:44+08:00,1,2,96.9,1698.0,10.70,158021.5,772407.7,99,19151,32768,36,232.77,1060762.97,13165377.03
2026-08-05T03:54:54+08:00,1,2,96.9,1699.8,10.74,158284.5,772407.7,90,9415,32768,35,79.77,1060763.01,13165400.99
2026-08-05T03:55:04+08:00,1,2,96.9,1699.2,10.53,158442.8,772407.7,100,13831,32768,37,280.22,1060763.09,13165416.91
2026-08-05T03:55:14+08:00,1,2,96.9,1698.6,10.29,157132.5,772407.7,98,19151,32768,38,255.33,1060763.19,13165429.81
2026-08-05T03:55:24+08:00,1,2,96.9,1696.2,10.94,157298.1,772407.7,89,9295,32768,35,82.76,1060763.29,13165463.71
2026-08-05T03:55:34+08:00,1,2,96.9,1699.8,11.01,157472.7,772407.7,99,13831,32768,36,236.34,1060763.38,13165487.62
2026-08-05T03:55:44+08:00,1,2,96.9,1699.1,10.56,158108.4,772407.7,99,19353,32768,38,291.09,1060763.48,13165520.52
2026-08-05T03:55:54+08:00,1,2,96.9,1698.5,10.62,157339.9,772407.7,100,17429,32768,34,258.57,1060763.58,13165528.42
2026-08-05T03:56:04+08:00,1,2,97.0,1696.1,10.59,156927.2,772407.7,99,13971,32768,36,219.00,1060763.66,13165521.34
2026-08-05T03:56:14+08:00,1,2,97.0,1699.6,10.05,156957.4,772407.7,100,19351,32768,37,274.14,1060763.77,13165505.23
2026-08-05T03:56:24+08:00,1,2,97.0,1699.0,9.66,156963.2,772407.7,100,17709,32768,36,300.81,1060763.85,13165487.15
2026-08-05T03:56:34+08:00,1,2,97.0,1696.7,9.71,156156.3,772407.7,98,13971,32768,37,251.59,1060763.93,13165526.07
2026-08-05T03:56:44+08:00,1,2,97.0,1704.2,10.14,157275.3,772407.7,98,19351,32768,37,247.54,1060764.02,13165702.98
2026-08-05T03:56:55+08:00,1,2,97.0,1699.5,10.41,158077.2,772407.7,100,17709,32768,37,298.86,1060764.17,13165692.83
2026-08-05T03:57:05+08:00,1,2,97.0,1697.2,10.45,157988.9,772407.7,98,14111,32768,37,287.99,1060764.32,13165667.68
2026-08-05T03:57:15+08:00,1,2,97.0,1700.6,11.55,157506.9,772407.7,99,19533,32768,38,242.51,1060764.47,13165654.53
2026-08-05T03:57:25+08:00,1,2,97.0,1700.2,11.54,156880.2,772407.7,100,17711,32768,36,273.91,1060764.60,13165615.40
2026-08-05T03:57:35+08:00,1,2,97.0,1697.9,11.91,157416.5,772407.7,98,14113,32768,37,241.22,1060764.74,13165576.26
2026-08-05T03:57:45+08:00,1,2,97.0,1697.4,11.93,158028.7,772407.7,100,19533,32768,37,214.42,1060764.89,13165568.11
2026-08-05T03:57:55+08:00,1,2,97.0,1700.9,11.62,157871.2,772407.7,100,17911,32768,37,301.87,1060765.05,13165506.95
2026-08-05T03:58:05+08:00,1,2,97.0,1698.6,11.97,157989.7,772407.7,98,14331,32768,38,291.87,1060765.19,13165472.81
2026-08-05T03:58:15+08:00,1,2,97.0,1698.0,13.01,157383.2,772407.7,100,19731,32768,38,308.09,1060765.32,13165442.68
2026-08-05T03:58:25+08:00,1,2,97.0,1697.3,13.08,156452.2,772407.7,98,17909,32768,36,258.06,1060765.45,13165416.55
2026-08-05T03:58:35+08:00,1,2,97.0,1699.1,12.14,156154.4,772407.7,99,14471,32768,37,280.71,1060765.58,13165393.42
2026-08-05T03:58:45+08:00,1,2,97.0,1698.7,12.03,156364.5,772407.7,99,19731,32768,37,287.69,1060765.76,13165374.24
2026-08-05T03:58:55+08:00,1,2,97.0,1698.2,12.11,156947.2,772407.7,100,18093,32768,37,311.49,1060765.96,13165334.04
2026-08-05T03:59:05+08:00,1,2,97.0,1695.9,11.61,156103.5,772407.7,98,14471,32768,37,256.60,1060766.12,13165338.88
2026-08-05T03:59:15+08:00,1,2,97.0,1699.6,12.01,156368.9,772407.7,98,19731,32768,37,203.30,1060766.30,13165330.70
2026-08-05T03:59:25+08:00,1,2,97.0,1699.0,11.63,156788.8,772407.7,100,18091,32768,36,239.27,1060766.46,13165314.54
2026-08-05T03:59:35+08:00,1,2,97.0,1696.7,11.93,156665.2,772407.7,98,14611,32768,38,252.88,1060766.65,13165316.35
2026-08-05T03:59:45+08:00,1,2,97.0,1700.3,11.86,155880.6,772407.7,96,19733,32768,36,235.05,1060766.82,13165317.18
2026-08-05T03:59:55+08:00,1,2,97.0,1699.6,11.50,155665.3,772407.7,98,18291,32768,37,317.60,1060766.99,13165367.01
2026-08-05T04:00:05+08:00,1,2,97.0,1697.3,11.44,155513.5,772407.7,99,14611,32768,37,271.84,1060767.19,13165365.81
2026-08-05T04:00:15+08:00,1,2,97.0,1700.8,11.44,156315.0,772407.7,97,19733,32768,36,206.00,1060767.41,13165374.59
2026-08-05T04:00:25+08:00,1,2,97.0,1700.1,11.53,155991.2,772407.7,100,18291,32768,37,275.06,1060767.59,13165400.41
2026-08-05T04:00:35+08:00,1,2,97.0,1697.8,11.38,155683.6,772407.7,99,14771,32768,38,292.06,1060767.65,13165419.35
2026-08-05T04:00:45+08:00,1,2,97.0,1697.2,12.09,156403.6,772407.7,91,19733,32768,36,218.66,1060767.65,13165437.35
2026-08-05T04:00:55+08:00,1,2,97.0,1700.7,12.22,155937.5,772407.7,97,18571,32768,38,301.58,1060767.65,13165476.35
2026-08-05T04:01:05+08:00,1,2,97.0,1698.4,12.32,155489.3,772407.7,98,14773,32768,37,275.06,1060767.65,13165534.35
2026-08-05T04:01:15+08:00,1,2,97.0,1698.1,11.74,155959.5,772407.7,92,19735,32768,36,236.51,1060767.65,13165601.35
2026-08-05T04:01:25+08:00,1,2,97.0,1701.5,11.70,156046.4,772407.7,99,18571,32768,38,290.61,1060768.06,13165640.94
2026-08-05T04:01:35+08:00,1,2,97.0,1703.2,11.43,155603.9,772407.7,98,14913,32768,37,220.12,1060768.06,13165663.94
2026-08-05T04:01:45+08:00,1,2,97.0,1698.7,11.52,156048.4,772407.7,90,19615,32768,36,205.03,1060768.09,13165687.91
2026-08-05T04:01:56+08:00,1,2,97.0,1694.1,11.14,155743.2,772407.7,100,18571,32768,36,263.09,1060768.09,13165710.91
2026-08-05T04:02:06+08:00,1,2,97.0,1704.0,11.20,156050.0,772407.7,98,15051,32768,38,295.66,1060762.86,13165743.14
2026-08-05T04:02:16+08:00,1,2,97.0,1699.4,12.16,156099.5,772407.7,89,10053,32768,35,73.03,1060762.89,13165747.11
2026-08-05T04:02:26+08:00,1,2,97.0,1694.7,12.06,155927.1,772407.7,99,18571,32768,36,223.38,1060762.88,13165750.12
2026-08-05T04:02:36+08:00,1,2,97.0,1700.4,11.82,155803.4,772407.7,98,15051,32768,37,273.12,1060762.90,13165756.10
2026-08-05T04:02:46+08:00,1,2,97.0,1699.9,11.61,156525.0,772407.7,89,6375,32768,34,72.49,1060762.91,13165746.09
2026-08-05T04:02:56+08:00,1,2,97.0,1695.2,11.12,155838.9,772407.7,99,18771,32768,37,244.29,1060762.93,13165748.07
2026-08-05T04:03:06+08:00,1,2,97.0,1701.0,12.29,155672.3,772407.7,99,15053,32768,37,226.74,1060762.95,13165748.05
2026-08-05T04:03:16+08:00,1,2,97.0,1700.5,11.77,155906.6,772407.7,100,13529,32768,36,288.37,1060763.02,13167062.98
2026-08-05T04:03:26+08:00,1,2,97.0,1696.1,11.78,156830.5,772407.7,99,18951,32768,38,297.70,1060763.37,13165711.63
2026-08-05T04:03:36+08:00,1,2,97.0,1701.8,11.56,156770.2,772407.7,95,15055,32768,36,206.27,1060763.39,13165708.61
2026-08-05T04:03:46+08:00,1,2,97.0,1697.3,11.27,156573.2,772407.7,100,13531,32768,36,230.68,1060763.40,13165704.60
2026-08-05T04:03:56+08:00,1,2,97.0,1700.8,11.29,130666.5,772407.7,98,18951,32768,38,246.73,1060763.42,13165713.58
2026-08-05T04:04:06+08:00,1,2,97.0,1698.5,11.16,137539.1,772407.7,86,15055,32768,36,215.39,1060763.44,13165933.56
2026-08-05T04:04:16+08:00,1,2,97.0,1697.8,11.05,157530.6,772407.7,100,13531,32768,35,229.70,1060763.46,13166048.54
2026-08-05T04:04:26+08:00,1,2,97.0,1701.3,11.19,157350.8,772407.7,99,19153,32768,37,293.81,1060763.47,13166094.53
2026-08-05T04:04:36+08:00,1,2,97.0,1699.0,10.39,157774.2,772407.7,88,15055,32768,36,212.82,1060763.31,13166089.69
2026-08-05T04:04:46+08:00,1,2,97.0,1698.7,10.70,157402.9,772407.7,98,13831,32768,37,304.49,1060763.35,13166077.65
2026-08-05T04:04:56+08:00,1,2,97.0,1698.1,10.83,157463.7,772407.7,99,19153,32768,37,248.99,1060763.40,13166034.60
2026-08-05T04:05:06+08:00,1,2,97.0,1699.9,11.00,156647.1,772407.7,88,7515,32768,35,75.91,1060763.43,13165973.57
2026-08-05T04:05:16+08:00,1,2,97.0,1699.2,11.18,156991.6,772407.7,98,13831,32768,37,270.20,1060763.48,13165911.52
2026-08-05T04:05:26+08:00,1,2,97.0,1698.7,11.52,157123.3,772407.7,99,19151,32768,37,304.78,1060763.51,13165890.49
2026-08-05T04:05:36+08:00,1,2,97.0,1696.3,11.58,157342.1,772407.7,88,5297,32768,34,73.42,1060763.56,13165836.44
2026-08-05T04:05:46+08:00,1,2,97.0,1700.0,12.12,157682.4,772407.7,100,13831,32768,37,284.48,1060763.59,13165821.41
2026-08-05T04:05:56+08:00,1,2,97.0,1699.4,11.72,157370.8,772407.7,99,19351,32768,38,308.66,1060763.63,13166116.37
2026-08-05T04:06:06+08:00,1,2,97.0,1698.7,12.45,158453.3,772407.7,96,16669,32768,35,247.38,1060763.63,13166099.37
2026-08-05T04:06:16+08:00,1,2,97.0,1700.5,12.53,158656.7,772407.7,99,13971,32768,38,263.09,1060763.70,13165735.30
2026-08-05T04:06:26+08:00,1,2,97.0,1699.9,12.05,158480.2,772407.7,99,19351,32768,37,265.83,1060763.74,13165744.26
2026-08-05T04:06:36+08:00,1,2,97.0,1695.2,12.41,158108.4,772407.7,100,17431,32768,36,303.52,1060763.79,13165721.21
2026-08-05T04:06:46+08:00,1,2,97.0,1696.9,12.18,158329.2,772407.7,98,14111,32768,38,287.80,1060763.82,13165698.18
2026-08-05T04:06:57+08:00,1,2,97.0,1700.4,11.68,158201.4,772407.7,99,19531,32768,38,286.72,1060763.82,13165681.18
2026-08-05T04:07:07+08:00,1,2,97.0,1695.8,11.04,157926.7,772407.7,100,17709,32768,37,275.91,1060763.86,13165679.14
2026-08-05T04:07:17+08:00,1,2,97.0,1701.7,10.87,157321.2,772407.7,99,14113,32768,37,253.85,1060763.91,13165661.09
2026-08-05T04:07:27+08:00,1,2,97.0,1697.1,10.59,157353.2,772407.7,98,19531,32768,38,282.35,1060764.39,13165654.61
2026-08-05T04:07:37+08:00,1,2,97.0,1696.5,10.86,157050.7,772407.7,100,17709,32768,35,241.86,1060764.47,13165638.53
2026-08-05T04:07:47+08:00,1,2,97.0,1702.2,10.80,157116.6,772407.7,99,14331,32768,37,224.01,1060756.00,13165634.00
2026-08-05T04:07:57+08:00,1,2,97.0,1697.6,11.21,157462.7,772407.7,98,19733,32768,38,280.89,1060757.27,13165625.73
2026-08-05T04:08:07+08:00,1,2,97.0,1697.2,11.47,157415.2,772407.7,98,17911,32768,36,212.19,1060757.38,13165603.62
2026-08-05T04:08:17+08:00,1,2,97.0,1702.9,12.15,157955.1,772407.7,98,14473,32768,37,292.06,1060758.26,13165569.74
2026-08-05T04:08:27+08:00,1,2,97.0,1698.4,12.91,157702.5,772407.7,98,19733,32768,37,212.82,1060763.38,13165571.62
2026-08-05T04:08:37+08:00,1,2,97.0,1693.9,12.83,157350.9,772407.7,98,17909,32768,37,280.40,1060763.46,13165570.54
2026-08-05T04:08:47+08:00,1,2,97.0,1699.7,12.63,157954.6,772407.7,97,14611,32768,37,291.28,1060763.57,13165542.43
2026-08-05T04:08:57+08:00,1,2,97.0,1699.0,12.35,157369.2,772407.7,98,19731,32768,37,301.87,1060764.64,13165536.36
2026-08-05T04:09:07+08:00,1,2,97.0,1698.4,11.84,157373.4,772407.7,97,17913,32768,36,251.10,1060764.73,13165540.27
2026-08-05T04:09:17+08:00,1,2,97.0,1696.1,11.68,157162.3,772407.7,98,14471,32768,37,249.97,1060764.84,13165532.16
2026-08-05T04:09:27+08:00,1,2,97.0,1699.7,11.34,157653.9,772407.7,99,19731,32768,37,220.12,1060765.56,13165516.44
2026-08-05T04:09:37+08:00,1,2,97.0,1699.1,11.59,157126.5,772407.7,98,18091,32768,36,276.21,1060765.92,13165524.08
2026-08-05T04:09:47+08:00,1,2,97.0,1696.9,11.50,156939.5,772407.7,99,14611,32768,37,296.92,1060766.08,13165526.92
2026-08-05T04:09:57+08:00,1,2,97.0,1700.5,11.71,157194.3,772407.7,96,19733,32768,37,230.19,1060766.22,13165556.78
2026-08-05T04:10:07+08:00,1,2,97.0,1700.0,12.14,157565.2,772407.7,100,18091,32768,37,265.04,1060766.37,13165558.63
2026-08-05T04:10:17+08:00,1,2,97.0,1697.7,12.36,157044.3,772407.7,98,14771,32768,38,287.02,1060766.50,13165562.50
2026-08-05T04:10:27+08:00,1,2,97.0,1697.0,12.60,156829.8,772407.7,95,19733,32768,36,227.61,1060766.99,13165561.01
2026-08-05T04:10:37+08:00,1,2,97.0,1700.5,12.61,157533.9,772407.7,100,18291,32768,37,273.60,1060767.90,13165558.10
2026-08-05T04:10:47+08:00,1,2,97.0,1698.1,12.89,157779.8,772407.7,98,14771,32768,37,252.41,1060768.06,13165573.94
2026-08-05T04:10:57+08:00,1,2,97.0,1697.5,13.06,157536.5,772407.7,93,19735,32768,36,229.37,1060768.18,13165579.82
2026-08-05T04:11:07+08:00,1,2,97.1,1701.1,12.68,158059.1,772407.7,99,18293,32768,37,210.52,1060768.34,13165584.66
2026-08-05T04:11:17+08:00,1,2,97.1,1698.8,12.73,158071.7,772407.7,98,14913,32768,37,272.51,1060768.53,13165924.47
2026-08-05T04:11:27+08:00,1,2,97.1,1698.1,14.94,158037.8,772407.7,90,19735,32768,36,243.81,1060767.67,13165932.33
2026-08-05T04:11:37+08:00,1,2,97.1,1701.7,14.41,158164.4,772407.7,98,18571,32768,37,220.75,1060767.95,13165944.05
2026-08-05T04:11:47+08:00,1,2,97.1,1699.3,13.81,158793.9,772407.7,98,15053,32768,37,247.86,1060768.19,13165943.81
2026-08-05T04:11:58+08:00,1,2,97.1,1698.6,13.53,157758.7,772407.7,91,17335,32768,36,92.90,1060768.37,13165946.63
2026-08-05T04:12:08+08:00,1,2,97.1,1698.2,12.86,157744.1,772407.7,99,18771,32768,38,304.49,1060768.53,13165931.47
2026-08-05T04:12:18+08:00,1,2,97.1,1695.8,12.73,158292.0,772407.7,98,15051,32768,37,274.88,1060768.71,13165903.29
2026-08-05T04:12:28+08:00,1,2,97.1,1703.4,13.70,158728.4,772407.7,95,5015,32768,33,72.44,1060768.93,13165876.07
2026-08-05T04:12:38+08:00,1,2,97.1,1698.8,14.14,158438.7,772407.7,98,18773,32768,38,280.29,1060769.14,13165848.86
2026-08-05T04:12:48+08:00,1,2,97.1,1696.4,14.04,158363.9,772407.7,99,15051,32768,38,264.55,1060769.35,13165794.65
2026-08-05T04:12:58+08:00,1,2,97.1,1700.0,13.88,158155.7,772407.7,93,9991,32768,34,248.99,1060769.38,13165772.62
2026-08-05T04:13:08+08:00,1,2,97.1,1699.3,13.37,157940.9,772407.7,99,18771,32768,37,223.53,1060769.38,13165748.62
2026-08-05T04:13:18+08:00,1,2,97.1,1697.0,12.90,158765.3,772407.7,98,15051,32768,37,224.99,1060769.39,13165755.61
2026-08-05T04:13:28+08:00,1,2,97.1,1700.5,12.77,158332.7,772407.7,96,13331,32768,35,268.26,1060769.39,13165760.61
2026-08-05T04:13:38+08:00,1,2,97.1,1699.8,12.57,157681.9,772407.7,98,18771,32768,37,287.02,1060769.40,13165755.60
2026-08-05T04:13:48+08:00,1,2,97.1,1697.5,12.08,157700.8,772407.7,92,15055,32768,36,226.78,1060769.39,13165726.61
2026-08-05T04:13:58+08:00,1,2,97.1,1696.9,11.60,157450.4,772407.7,100,13531,32768,35,219.97,1060769.39,13165710.61
2026-08-05T04:14:08+08:00,1,2,97.1,1700.3,10.96,156356.4,772407.7,99,18951,32768,37,284.48,1060769.39,13165724.61
2026-08-05T04:14:18+08:00,1,2,97.1,1698.0,11.19,157109.3,772407.7,88,15055,32768,36,222.21,1060769.39,13165734.61
2026-08-05T04:14:28+08:00,1,2,97.1,1697.4,11.14,157441.7,772407.7,100,13689,32768,37,285.26,1060764.16,13165719.84
2026-08-05T04:14:38+08:00,1,2,97.1,1696.8,11.20,157958.4,772407.7,100,19153,32768,38,302.26,1060764.19,13165735.81
2026-08-05T04:14:48+08:00,1,2,97.1,1702.7,11.54,157216.7,772407.7,89,5977,32768,34,72.58,1060764.19,13165759.81
2026-08-05T04:14:58+08:00,1,2,97.1,1698.0,11.53,157612.2,772407.7,99,13689,32768,36,253.85,1060764.20,13165765.80
2026-08-05T04:15:08+08:00,1,2,97.1,1697.3,11.75,158301.3,772407.7,98,19153,32768,38,248.19,1060764.22,13165758.78
2026-08-05T04:15:18+08:00,1,2,97.1,1699.1,11.87,157677.7,772407.7,90,2795,32768,34,72.44,1060764.24,13165789.76
2026-08-05T04:15:28+08:00,1,2,97.1,1698.7,11.66,157404.2,772407.7,98,13831,32768,37,293.81,1060764.25,13165783.75
2026-08-05T04:15:38+08:00,1,2,97.1,1698.0,12.19,157924.3,772407.7,100,19151,32768,37,270.20,1060764.25,13165767.75
2026-08-05T04:15:48+08:00,1,2,97.1,1701.6,11.55,157744.7,772407.7,97,8211,32768,34,303.24,1060764.28,13165740.72
2026-08-05T04:15:58+08:00,1,2,97.1,1699.3,11.63,157825.6,772407.7,98,13831,32768,37,263.89,1060764.33,13165727.67
2026-08-05T04:16:08+08:00,1,2,97.1,1698.6,12.08,158140.6,772407.7,98,19151,32768,37,279.13,1060764.34,13165702.66
2026-08-05T04:16:18+08:00,1,2,97.1,1698.0,12.07,158224.8,772407.7,87,5129,32768,34,241.22,1060764.36,13165678.64
2026-08-05T04:16:28+08:00,1,2,97.1,1699.8,12.74,158121.4,772407.7,98,13971,32768,38,288.47,1060764.37,13165662.63
2026-08-05T04:16:38+08:00,1,2,97.1,1699.2,13.09,158988.9,772407.7,99,19353,32768,37,277.98,1060764.39,13165652.61
2026-08-05T04:16:49+08:00,1,2,97.1,1698.5,13.85,158692.9,772407.7,100,17709,32768,36,280.71,1060764.40,13165664.60
2026-08-05T04:16:59+08:00,1,2,97.1,1696.2,14.41,158498.8,772407.7,99,14111,32768,38,296.24,1060764.23,13165751.77
2026-08-05T04:17:09+08:00,1,2,97.1,1699.8,13.72,158636.1,772407.7,99,19531,32768,38,286.72,1060766.16,13165814.84
2026-08-05T04:17:19+08:00,1,2,97.1,1699.1,13.38,158937.7,772407.7,100,17709,32768,36,251.43,1060766.94,13165871.06
2026-08-05T04:17:29+08:00,1,2,97.1,1696.8,13.02,158048.9,772407.7,98,14113,32768,37,276.03,1060766.94,13165898.06
2026-08-05T04:17:39+08:00,1,2,97.1,1700.3,13.16,157421.9,772407.7,100,19533,32768,37,255.65,1060766.57,13165932.43
2026-08-05T04:17:49+08:00,1,2,97.1,1699.6,13.13,157767.8,772407.7,100,17909,32768,37,278.76,1060767.00,13165959.00
2026-08-05T04:17:59+08:00,1,2,97.1,1697.3,13.27,157687.0,772407.7,98,14331,32768,37,243.64,1060767.05,13165978.95
2026-08-05T04:18:09+08:00,1,2,97.1,1700.8,12.45,157782.6,772407.7,98,19733,32768,38,297.21,1060767.02,13166004.98
2026-08-05T04:18:19+08:00,1,2,97.1,1700.2,12.69,158438.2,772407.7,97,17909,32768,37,213.79,1060767.10,13166013.90
2026-08-05T04:18:29+08:00,1,2,97.1,1697.9,12.36,158172.8,772407.7,99,14333,32768,37,273.79,1060767.16,13166020.84
2026-08-05T04:18:39+08:00,1,2,97.1,1697.3,11.85,157709.9,772407.7,99,19731,32768,36,212.12,1060767.19,13166390.81
2026-08-05T04:18:49+08:00,1,2,97.1,1700.8,11.50,157690.0,772407.7,100,18093,32768,37,310.32,1060767.22,13166410.78
2026-08-05T04:18:59+08:00,1,2,97.1,1702.5,11.90,158310.6,772407.7,98,14473,32768,38,261.63,1060767.23,13166098.77
2026-08-05T04:19:09+08:00,1,2,97.1,1697.9,11.84,158324.1,772407.7,98,19731,32768,37,312.54,1060767.33,13166128.67
2026-08-05T04:19:19+08:00,1,2,97.1,1697.2,11.70,157979.7,772407.7,100,18091,32768,36,267.77,1060767.05,13166133.95
2026-08-05T04:19:29+08:00,1,2,97.1,1703.1,12.05,157817.2,772407.7,98,14611,32768,38,290.41,1060767.42,13166147.58
2026-08-05T04:19:39+08:00,1,2,97.1,1698.5,11.95,157931.9,772407.7,99,19731,32768,37,225.81,1060768.40,13166141.60
2026-08-05T04:19:49+08:00,1,2,97.1,1697.9,11.42,157680.8,772407.7,100,18291,32768,38,301.09,1060768.62,13166132.38
2026-08-05T04:19:59+08:00,1,2,97.1,1699.7,11.46,157500.8,772407.7,98,14771,32768,37,297.02,1060768.74,13166130.26
2026-08-05T04:20:09+08:00,1,2,97.1,1699.2,10.77,157681.5,772407.7,94,19733,32768,36,233.75,1060768.81,13166122.19
2026-08-05T04:20:19+08:00,1,2,97.1,1698.5,11.04,156278.7,772407.7,100,18293,32768,37,296.24,1060768.92,13166117.08
2026-08-05T04:20:29+08:00,1,2,97.1,1700.2,12.03,156623.8,772407.7,98,14771,32768,38,252.88,1060769.01,13166108.99
2026-08-05T04:20:39+08:00,1,2,97.1,1699.9,12.51,156272.3,772407.7,91,19735,32768,36,225.47,1060768.14,13166106.86
2026-08-05T04:20:49+08:00,1,2,97.1,1695.5,12.52,157445.0,772407.7,98,18571,32768,37,293.52,1060768.28,13166106.72
2026-08-05T04:20:59+08:00,1,2,97.1,1701.2,12.51,158117.7,772407.7,98,14911,32768,37,299.64,1060768.37,13166062.63
2026-08-05T04:21:09+08:00,1,2,97.1,1696.5,12.65,157279.0,772407.7,91,19735,32768,36,235.21,1060768.47,13166037.53
2026-08-05T04:21:19+08:00,1,2,97.1,1700.0,12.55,158558.2,772407.7,99,18571,32768,37,218.80,1060768.56,13166032.44
2026-08-05T04:21:29+08:00,1,2,97.1,1701.7,11.76,158292.0,772407.7,98,14911,32768,37,281.86,1060768.65,13166022.35
2026-08-05T04:21:40+08:00,1,2,97.1,1697.0,11.26,158260.1,772407.7,90,4573,32768,34,72.49,1060768.76,13166012.24
2026-08-05T04:21:50+08:00,1,2,97.1,1700.5,11.15,158222.3,772407.7,100,18773,32768,38,291.87,1060768.94,13166039.06
2026-08-05T04:22:00+08:00,1,2,97.1,1702.2,11.13,159256.1,772407.7,98,15051,32768,37,217.69,1060769.09,13166008.91
2026-08-05T04:22:10+08:00,1,2,97.1,1697.6,11.34,158373.5,772407.7,92,11831,32768,35,249.00,1060769.25,13166013.75
2026-08-05T04:22:20+08:00,1,2,97.1,1697.0,11.99,160142.1,772407.7,99,18771,32768,37,213.79,1060769.39,13166018.61
2026-08-05T04:22:30+08:00,1,2,97.1,1702.7,13.29,159785.5,772407.7,98,15051,32768,37,273.79,1060769.24,13166045.76
2026-08-05T04:22:40+08:00,1,2,97.1,1698.1,12.40,158936.8,772407.7,98,13329,32768,35,146.91,1060769.66,13166052.34
2026-08-05T04:22:50+08:00,1,2,97.1,1697.5,12.18,158640.9,772407.7,98,18773,32768,36,277.79,1060769.80,13166079.20
2026-08-05T04:23:00+08:00,1,2,97.1,1699.4,12.01,158782.8,772407.7,98,15053,32768,37,203.84,1060769.93,13166112.07
2026-08-05T04:23:10+08:00,1,2,97.1,1698.7,11.61,158235.7,772407.7,100,13331,32768,34,262.29,1060770.10,13166160.90
2026-08-05T04:23:20+08:00,1,2,97.1,1698.1,11.67,158033.6,772407.7,98,18771,32768,36,269.90,1060771.63,13166198.37
2026-08-05T04:23:30+08:00,1,2,97.1,1695.9,11.03,157993.8,772407.7,93,15053,32768,37,228.88,1060772.00,13166237.00
2026-08-05T04:23:40+08:00,1,2,97.1,1699.4,11.34,158124.5,772407.7,100,13531,32768,36,278.46,1060763.37,13166271.63
2026-08-05T04:23:50+08:00,1,2,97.1,1698.8,11.26,157879.0,772407.7,99,18951,32768,36,268.26,1060764.59,13166286.41
2026-08-05T04:24:00+08:00,1,2,97.1,1696.5,12.30,157835.9,772407.7,92,15055,32768,36,229.85,1060764.78,13166316.22
2026-08-05T04:24:10+08:00,1,2,97.1,1699.9,13.01,157308.0,772407.7,100,13691,32768,37,287.21,1060764.96,13166337.04
2026-08-05T04:24:20+08:00,1,2,97.1,1699.3,13.69,157234.3,772407.7,99,18953,32768,37,285.75,1060771.10,13166326.90
2026-08-05T04:24:30+08:00,1,2,97.1,1697.0,14.00,157731.7,772407.7,87,15055,32768,36,229.85,1060771.27,13166358.73
2026-08-05T04:24:40+08:00,1,2,97.1,1700.4,13.77,157753.4,772407.7,100,13691,32768,36,216.02,1060771.46,13166380.54
2026-08-05T04:24:50+08:00,1,2,97.1,1699.9,13.79,157555.0,772407.7,99,19153,32768,38,288.18,1060772.59,13166411.41
2026-08-05T04:25:00+08:00,1,2,97.1,1697.6,13.52,157607.0,772407.7,89,8675,32768,35,74.44,1060772.80,13166447.20
2026-08-05T04:25:10+08:00,1,2,97.1,1701.1,12.66,157730.3,772407.7,99,13831,32768,37,247.05,1060772.80,13166473.20
2026-08-05T04:25:20+08:00,1,2,97.1,1700.6,13.11,157556.6,772407.7,100,19151,32768,37,301.29,1060773.02,13166527.98
2026-08-05T04:25:30+08:00,1,2,97.1,1698.2,13.63,157662.6,772407.7,87,1495,32768,34,72.58,1060773.13,13166563.87
2026-08-05T04:25:40+08:00,1,2,97.1,1701.6,13.36,158098.0,772407.7,97,13831,32768,37,261.80,1060773.93,13166582.07
2026-08-05T04:25:50+08:00,1,2,97.1,1697.0,13.77,157777.9,772407.7,99,19351,32768,37,312.18,1060773.93,13166810.07
2026-08-05T04:26:00+08:00,1,2,97.1,1700.5,13.64,157742.3,772407.7,100,14209,32768,35,206.49,1060773.94,13166942.06
2026-08-05T04:26:10+08:00,1,2,97.1,1698.2,13.40,157797.7,772407.7,98,13971,32768,37,297.31,1060773.94,13167125.06
2026-08-05T04:26:20+08:00,1,2,97.1,1697.5,12.86,157801.6,772407.7,98,19351,32768,37,278.76,1060775.25,13167149.75
2026-08-05T04:26:30+08:00,1,2,97.1,1701.1,12.56,158368.5,772407.7,100,17429,32768,35,279.62,1060775.91,13167154.09
2026-08-05T04:26:41+08:00,1,2,97.1,1698.7,12.08,157702.2,772407.7,99,14111,32768,37,313.51,1060776.06,13167141.94
2026-08-05T04:26:51+08:00,1,2,97.1,1698.1,11.90,133154.7,772407.7,99,19533,32768,38,290.41,1060776.57,13167108.43
2026-08-05T04:27:01+08:00,1,2,97.1,1697.5,12.16,136617.9,772407.7,100,17709,32768,36,277.98,1060771.35,13167082.65
2026-08-05T04:27:11+08:00,1,2,97.1,1699.3,11.59,158332.8,772407.7,98,14113,32768,37,240.24,1060771.36,13167049.64
2026-08-05T04:27:21+08:00,1,2,97.1,1698.7,11.33,157860.5,772407.7,99,19533,32768,37,246.56,1060771.32,13167016.68
2026-08-05T04:27:31+08:00,1,2,97.2,1698.1,12.01,157405.6,772407.7,100,17709,32768,36,284.78,1060771.37,13166989.63
2026-08-05T04:27:41+08:00,1,2,97.2,1695.8,11.60,158121.1,772407.7,99,14331,32768,37,238.46,1060771.39,13166959.61
2026-08-05T04:27:51+08:00,1,2,97.2,1699.2,11.44,158298.4,772407.7,98,19731,32768,38,288.47,1060771.45,13166937.55
2026-08-05T04:28:01+08:00,1,2,97.2,1698.6,12.88,158048.9,772407.7,98,17911,32768,37,279.32,1060771.47,13166915.53
2026-08-05T04:28:11+08:00,1,2,97.2,1696.3,12.40,157098.6,772407.7,98,14471,32768,36,226.30,1060771.49,13166889.51
2026-08-05T04:28:21+08:00,1,2,97.2,1699.7,11.81,156882.9,772407.7,100,19731,32768,38,292.84,1060771.50,13166855.50
2026-08-05T04:28:31+08:00,1,2,97.2,1699.2,11.69,156561.1,772407.7,99,18091,32768,37,292.36,1060771.52,13166829.48
2026-08-05T04:28:41+08:00,1,2,97.2,1696.8,11.82,157033.0,772407.7,98,14471,32768,37,263.71,1060771.54,13166950.46
2026-08-05T04:28:51+08:00,1,2,97.2,1700.2,11.92,156590.7,772407.7,100,19731,32768,38,315.93,1060771.48,13166979.52
2026-08-05T04:29:01+08:00,1,2,97.2,1699.9,11.94,156993.2,772407.7,99,18093,32768,37,306.35,1060771.59,13166967.41
2026-08-05T04:29:11+08:00,1,2,97.2,1697.6,11.84,157223.3,772407.7,98,14611,32768,37,288.96,1060771.59,13166957.41
2026-08-05T04:29:21+08:00,1,2,97.2,1701.0,11.95,156539.1,772407.7,99,19731,32768,37,226.30,1060772.71,13166934.29
2026-08-05T04:29:31+08:00,1,2,97.2,1700.5,12.29,156636.5,772407.7,98,18091,32768,37,290.61,1060772.54,13166906.46
2026-08-05T04:29:41+08:00,1,2,97.2,1698.1,12.39,156657.6,772407.7,99,14771,32768,38,297.21,1060772.55,13166868.45
2026-08-05T04:29:51+08:00,1,2,97.2,1697.5,12.34,156585.4,772407.7,92,19733,32768,37,236.03,1060772.59,13166868.41
2026-08-05T04:30:01+08:00,1,2,97.2,1701.0,12.27,156424.3,772407.7,99,18291,32768,37,313.51,1060772.66,13166844.34
2026-08-05T04:30:11+08:00,1,2,97.2,1698.7,12.46,156433.8,772407.7,99,14773,32768,38,272.63,1060772.69,13166831.31
2026-08-05T04:30:21+08:00,1,2,97.2,1698.2,12.22,156529.2,772407.7,89,19733,32768,36,229.18,1060771.85,13166795.15
2026-08-05T04:30:31+08:00,1,2,97.2,1697.7,12.25,156828.0,772407.7,99,18291,32768,37,286.72,1060772.09,13166754.91
2026-08-05T04:30:41+08:00,1,2,97.2,1699.4,11.82,156406.9,772407.7,99,14773,32768,37,266.49,1060772.11,13166712.89
2026-08-05T04:30:51+08:00,1,2,97.2,1699.0,11.47,157378.6,772407.7,89,19733,32768,36,215.25,1060772.17,13166683.83
2026-08-05T04:31:01+08:00,1,2,97.2,1698.3,12.17,157864.6,772407.7,98,18293,32768,36,215.11,1060772.19,13166642.81
2026-08-05T04:31:11+08:00,1,2,97.2,1696.1,12.06,158015.6,772407.7,98,14911,32768,38,292.45,1060772.23,13166620.77
2026-08-05T04:31:21+08:00,1,2,97.2,1699.6,11.42,157392.1,772407.7,90,19735,32768,36,224.01,1060772.26,13166590.74
2026-08-05T04:31:31+08:00,1,2,97.2,1699.0,12.12,157831.0,772407.7,98,18571,32768,38,297.98,1060772.31,13166558.69
2026-08-05T04:31:42+08:00,1,2,97.2,1696.7,12.01,157636.0,772407.7,99,14913,32768,37,283.32,1060772.34,13166519.66
2026-08-05T04:31:52+08:00,1,2,97.2,1700.4,12.50,158014.5,772407.7,90,11235,32768,34,72.93,1060772.40,13166479.60
2026-08-05T04:32:02+08:00,1,2,97.2,1699.7,12.73,157882.0,772407.7,98,18573,32768,37,278.46,1060772.42,13166457.58
2026-08-05T04:32:12+08:00,1,2,97.2,1697.4,12.61,158095.6,772407.7,99,15053,32768,37,227.91,1060772.46,13166434.54
2026-08-05T04:32:22+08:00,1,2,97.2,1696.8,12.42,156965.6,772407.7,96,1027,32768,34,72.49,1060772.55,13166413.45
2026-08-05T04:32:32+08:00,1,2,97.2,1700.2,12.74,157172.1,772407.7,99,18771,32768,37,296.43,1060772.64,13166350.36
2026-08-05T04:32:42+08:00,1,2,97.2,1701.9,13.01,157412.0,772407.7,98,15053,32768,37,208.79,1060772.10,13166325.90
2026-08-05T04:32:52+08:00,1,2,97.2,1697.4,13.15,157036.8,772407.7,95,13331,32768,36,290.41,1060772.85,13166310.15
2026-08-05T04:33:02+08:00,1,2,97.2,1696.8,13.36,156841.5,772407.7,98,18773,32768,37,266.80,1060772.95,13166296.05
2026-08-05T04:33:12+08:00,1,2,97.2,1702.7,12.61,156587.7,772407.7,94,15055,32768,36,216.85,1060773.04,13166293.96
2026-08-05T04:33:22+08:00,1,2,97.2,1698.2,11.83,155846.6,772407.7,100,13529,32768,36,254.34,1060773.12,13166274.88
2026-08-05T04:33:32+08:00,1,2,97.2,1697.5,11.62,156243.7,772407.7,99,18771,32768,37,268.75,1060773.23,13166268.77
2026-08-05T04:33:42+08:00,1,2,97.2,1703.4,11.98,156275.5,772407.7,92,15053,32768,36,201.49,1060772.73,13166271.27
2026-08-05T04:33:52+08:00,1,2,97.2,1698.8,12.39,157070.0,772407.7,100,13529,32768,36,239.59,1060773.43,13166287.57
2026-08-05T04:34:02+08:00,1,2,97.2,1694.3,12.16,157448.6,772407.7,99,18953,32768,36,276.52,1060773.52,13166284.48
2026-08-05T04:34:12+08:00,1,2,97.2,1700.0,12.44,158149.3,772407.7,86,15055,32768,36,232.26,1060773.62,13166331.38
2026-08-05T04:34:22+08:00,1,2,97.2,1699.4,12.12,158208.1,772407.7,100,13693,32768,36,217.69,1060773.78,13166366.22
2026-08-05T04:34:32+08:00,1,2,97.2,1698.8,12.34,158438.6,772407.7,99,19151,32768,37,300.61,1060773.31,13166434.69
2026-08-05T04:34:42+08:00,1,2,97.2,1700.5,12.06,158085.2,772407.7,84,15057,32768,36,230.79,1060774.09,13166471.91
2026-08-05T04:34:52+08:00,1,2,97.2,1700.1,12.21,158570.8,772407.7,100,13691,32768,36,249.65,1060774.23,13166472.77
2026-08-05T04:35:02+08:00,1,2,97.2,1699.5,12.55,158121.6,772407.7,100,19151,32768,38,246.56,1060774.38,13166439.62
2026-08-05T04:35:12+08:00,1,2,97.2,1700.9,11.84,158110.9,772407.7,88,1147,32768,33,72.98,1060774.54,13166400.46
2026-08-05T04:35:22+08:00,1,2,97.2,1696.6,12.67,157800.9,772407.7,98,13833,32768,37,221.43,1060774.34,13166358.66
2026-08-05T04:35:32+08:00,1,2,97.2,1700.2,12.66,157499.0,772407.7,98,19151,32768,37,242.19,1060774.81,13166321.19
2026-08-05T04:35:42+08:00,1,2,97.2,1699.5,12.55,157839.6,772407.7,97,8209,32768,35,276.82,1060774.96,13166309.04
2026-08-05T04:35:52+08:00,1,2,97.2,1697.1,12.46,157389.6,772407.7,99,13971,32768,37,278.28,1060775.13,13166274.87
2026-08-05T04:36:02+08:00,1,2,97.2,1696.7,12.18,157234.2,772407.7,98,19353,32768,38,248.99,1060775.29,13166260.71
2026-08-05T04:36:12+08:00,1,2,97.2,1700.1,11.99,157548.1,772407.7,100,17429,32768,36,278.64,1060775.45,13166272.55
2026-08-05T04:36:22+08:00,1,2,97.2,1697.8,12.26,157791.4,772407.7,99,14111,32768,37,292.84,1060775.68,13166266.32
2026-08-05T04:36:33+08:00,1,2,97.2,1697.3,11.92,157569.0,772407.7,98,19533,32768,38,305.75,1060775.79,13166280.21
2026-08-05T04:36:43+08:00,1,2,97.2,1700.9,12.15,157477.5,772407.7,100,17709,32768,36,204.06,1060775.97,13166289.03
2026-08-05T04:36:53+08:00,1,2,97.2,1698.6,12.37,157656.6,772407.7,99,14111,32768,37,237.49,1060776.14,13166309.86
2026-08-05T04:37:03+08:00,1,2,97.2,1698.0,11.78,156812.1,772407.7,99,19533,32768,37,215.25,1060776.30,13166312.70
2026-08-05T04:37:13+08:00,1,2,97.2,1697.4,11.42,156720.5,772407.7,100,17713,32768,36,269.23,1060776.49,13166323.51
2026-08-05T04:37:23+08:00,1,2,97.2,1699.2,11.43,157277.5,772407.7,98,14111,32768,37,287.50,1060776.72,13166364.28
2026-08-05T04:37:33+08:00,1,2,97.2,1698.8,11.79,157058.0,772407.7,98,19733,32768,38,301.38,1060776.91,13166373.09
2026-08-05T04:37:43+08:00,1,2,97.2,1698.1,11.21,156320.8,772407.7,99,17911,32768,36,214.14,1060777.08,13166450.92
2026-08-05T04:37:53+08:00,1,2,97.2,1695.8,11.19,156958.3,772407.7,98,14471,32768,38,280.40,1060777.08,13166433.92
2026-08-05T04:38:03+08:00,1,2,97.2,1699.3,11.51,157055.1,772407.7,99,19731,32768,38,270.38,1060777.08,13166396.92
2026-08-05T04:38:13+08:00,1,2,97.2,1698.6,10.96,156983.1,772407.7,100,18091,32768,38,280.40,1060777.08,13167080.92
2026-08-05T04:38:23+08:00,1,2,97.2,1700.4,11.29,157553.0,772407.7,99,14611,32768,37,282.65,1060777.75,13166391.25
2026-08-05T04:38:33+08:00,1,2,97.2,1699.8,11.86,157641.4,772407.7,99,19733,32768,38,282.35,1060778.19,13166382.81
2026-08-05T04:38:43+08:00,1,2,97.2,1699.1,12.25,158254.1,772407.7,99,18091,32768,37,214.91,1060778.17,13166378.83
2026-08-05T04:38:53+08:00,1,2,97.2,1700.9,12.44,157649.9,772407.7,99,14613,32768,37,303.04,1060778.16,13166368.84
2026-08-05T04:39:03+08:00,1,2,97.2,1696.2,12.36,157578.4,772407.7,99,19733,32768,37,227.27,1060778.14,13166368.86
2026-08-05T04:39:13+08:00,1,2,97.2,1699.7,12.08,157801.6,772407.7,100,18291,32768,37,296.04,1060778.19,13166380.81
2026-08-05T04:39:23+08:00,1,2,97.2,1701.4,11.96,157740.7,772407.7,99,14771,32768,37,322.45,1060771.96,13166395.04
2026-08-05T04:39:33+08:00,1,2,97.2,1696.7,12.12,158000.6,772407.7,93,19733,32768,36,233.59,1060772.05,13166402.95
2026-08-05T04:39:43+08:00,1,2,97.2,1700.3,11.74,157962.6,772407.7,98,18293,32768,37,303.52,1060772.07,13166391.93
2026-08-05T04:39:53+08:00,1,2,97.2,1702.0,12.10,158079.5,772407.7,97,14771,32768,37,263.40,1060764.50,13166409.50
2026-08-05T04:40:03+08:00,1,2,97.2,1697.3,12.07,158505.3,772407.7,93,19733,32768,36,232.77,1060764.52,13166413.48
2026-08-05T04:40:13+08:00,1,2,97.2,1696.8,12.22,159773.1,772407.7,98,18291,32768,37,268.61,1060764.53,13166452.47
2026-08-05T04:40:23+08:00,1,2,97.2,1702.5,12.26,160174.7,772407.7,98,14911,32768,38,273.60,1060766.15,13166477.85
2026-08-05T04:40:33+08:00,1,2,97.2,1697.9,12.06,159327.0,772407.7,91,19733,32768,36,240.73,1060770.39,13166514.61
2026-08-05T04:40:43+08:00,1,2,97.2,1697.3,11.34,158818.9,772407.7,99,18573,32768,37,220.12,1060770.39,13166551.61
2026-08-05T04:40:53+08:00,1,2,97.2,1698.9,11.14,159078.3,772407.7,99,15053,32768,37,299.15,1060770.42,13166584.58
2026-08-05T04:41:04+08:00,1,2,97.2,1698.4,10.81,158064.4,772407.7,91,19733,32768,36,235.52,1060771.40,13166596.60
2026-08-05T04:41:14+08:00,1,2,97.2,1698.0,10.92,157570.2,772407.7,99,18571,32768,37,236.03,1060771.40,13166626.60
2026-08-05T04:41:24+08:00,1,2,97.2,1695.6,10.71,158515.1,772407.7,97,15053,32768,37,215.74,1060770.86,13166669.14
2026-08-05T04:41:34+08:00,1,2,97.2,1699.1,11.23,158457.5,772407.7,90,2615,32768,34,72.49,1060772.09,13166993.91
2026-08-05T04:41:44+08:00,1,2,97.2,1698.5,11.40,158275.9,772407.7,99,18771,32768,38,292.06,1060772.04,13166729.96
2026-08-05T04:41:54+08:00,1,2,97.2,1696.2,10.88,157255.4,772407.7,98,15053,32768,37,203.70,1060772.08,13166763.92
2026-08-05T04:42:04+08:00,1,2,97.2,1699.7,10.59,156888.9,772407.7,99,13329,32768,35,291.48,1060772.11,13166788.89
2026-08-05T04:42:14+08:00,1,2,97.2,1699.1,10.58,156942.0,772407.7,100,18771,32768,37,275.73,1060772.16,13166773.84
2026-08-05T04:42:24+08:00,1,2,97.2,1696.7,10.49,157005.2,772407.7,98,15055,32768,36,213.65,1060772.19,13166770.81
2026-08-05T04:42:34+08:00,1,2,97.2,1700.1,10.49,156434.4,772407.7,100,13531,32768,36,299.83,1060772.23,13166756.77
2026-08-05T04:42:44+08:00,1,2,97.2,1699.6,10.18,155113.1,772407.7,99,18953,32768,38,298.67,1060772.28,13166732.72
2026-08-05T04:42:54+08:00,1,2,97.2,1697.3,9.83,155269.2,772407.7,89,15053,32768,36,215.74,1060772.33,13166685.67
2026-08-05T04:43:04+08:00,1,2,97.2,1700.7,9.65,154965.2,772407.7,100,13691,32768,36,216.23,1060772.37,13166651.63
2026-08-05T04:43:14+08:00,1,2,97.2,1700.2,9.92,155521.5,772407.7,97,19153,32768,37,230.83,1060772.38,13166613.62
2026-08-05T04:43:24+08:00,1,2,97.2,1697.8,9.61,155011.6,772407.7,87,13795,32768,36,103.16,1060772.41,13166591.59
2026-08-05T04:43:34+08:00,1,2,97.2,1701.4,10.29,155660.0,772407.7,100,13691,32768,37,297.41,1060772.48,13166581.52
2026-08-05T04:43:44+08:00,1,2,97.2,1696.8,10.33,155564.6,772407.7,98,19153,32768,38,281.56,1060772.51,13166561.49
2026-08-05T04:43:54+08:00,1,2,97.2,1698.6,11.36,157039.8,772407.7,90,4055,32768,34,72.98,1060772.55,13166556.45
2026-08-05T04:44:04+08:00,1,2,97.2,1702.0,10.98,155903.4,772407.7,99,13829,32768,37,287.02,1060772.60,13166532.40
2026-08-05T04:44:14+08:00,1,2,97.2,1697.4,10.89,156204.1,772407.7,99,19351,32768,38,311.29,1060772.63,13166540.37
2026-08-05T04:44:24+08:00,1,2,97.2,1701.0,11.09,157094.7,772407.7,95,17429,32768,34,198.70,1060772.66,13166498.34
2026-08-05T04:44:34+08:00,1,2,97.3,1702.7,10.83,156856.6,772407.7,99,13971,32768,37,256.12,1060772.70,13166487.30
2026-08-05T04:44:44+08:00,1,2,97.3,1698.0,10.60,156849.0,772407.7,100,19351,32768,37,286.72,1060772.80,13166465.20
2026-08-05T04:44:54+08:00,1,2,97.3,1697.5,10.66,157042.2,772407.7,100,17709,32768,36,298.18,1060772.89,13166477.11
2026-08-05T04:45:04+08:00,1,2,97.3,1699.2,10.50,157771.0,772407.7,99,13973,32768,36,246.73,1060773.00,13166474.00
2026-08-05T04:45:14+08:00,1,2,97.3,1698.6,10.63,158056.2,772407.7,98,19531,32768,37,307.89,1060773.10,13166466.90
2026-08-05T04:45:25+08:00,1,2,97.3,1698.0,10.45,156969.9,772407.7,100,17711,32768,36,275.55,1060773.24,13166463.76
2026-08-05T04:45:35+08:00,1,2,97.3,1695.7,10.47,157366.4,772407.7,98,13971,32768,37,282.35,1060773.32,13166448.68
2026-08-05T04:45:45+08:00,1,2,97.3,1699.3,10.63,157332.9,772407.7,99,19351,32768,37,254.51,1060773.41,13166430.59
2026-08-05T04:45:55+08:00,1,2,97.3,1698.8,10.85,156773.7,772407.7,100,17709,32768,37,278.64,1060773.52,13166413.48
2026-08-05T04:46:05+08:00,1,2,97.3,1696.4,10.93,157268.1,772407.7,97,14113,32768,37,299.83,1060773.62,13166406.38
2026-08-05T04:46:15+08:00,1,2,97.3,1699.8,10.94,156565.5,772407.7,99,19531,32768,38,235.05,1060773.71,13166403.29
2026-08-05T04:46:25+08:00,1,2,97.3,1699.3,10.70,156684.2,772407.7,100,17709,32768,36,269.23,1060773.80,13166415.20
2026-08-05T04:46:35+08:00,1,2,97.3,1697.0,10.76,157227.2,772407.7,98,14331,32768,37,263.40,1060773.93,13166423.07
2026-08-05T04:46:45+08:00,1,2,97.3,1700.6,10.94,156454.0,772407.7,99,19731,32768,38,292.36,1060774.08,13166438.92
2026-08-05T04:46:55+08:00,1,2,97.3,1700.1,10.94,155889.0,772407.7,98,17909,32768,36,265.04,1060774.24,13166447.76
2026-08-05T04:47:05+08:00,1,2,97.3,1697.7,11.21,155866.0,772407.7,98,14471,32768,37,293.23,1060775.16,13166449.84
2026-08-05T04:47:15+08:00,1,2,97.3,1697.0,11.55,155695.8,772407.7,100,19731,32768,37,269.41,1060776.46,13166501.54
2026-08-05T04:47:25+08:00,1,2,97.3,1700.6,12.26,156341.9,772407.7,99,18091,32768,37,296.73,1060777.88,13166564.12
2026-08-05T04:47:35+08:00,1,2,97.3,1698.3,11.76,156542.7,772407.7,99,14473,32768,37,222.41,1060778.50,13166617.50
2026-08-05T04:47:45+08:00,1,2,97.3,1701.7,12.07,156419.6,772407.7,99,19733,32768,37,204.90,1060778.66,13166642.34
2026-08-05T04:47:55+08:00,1,2,97.3,1697.0,11.70,156852.6,772407.7,98,18091,32768,37,258.23,1060778.81,13166681.19
2026-08-05T04:48:05+08:00,1,2,97.3,1698.9,12.20,156680.2,772407.7,98,14611,32768,38,292.84,1060778.98,13166707.02
2026-08-05T04:48:15+08:00,1,2,97.3,1702.3,12.63,157583.0,772407.7,93,19731,32768,37,222.55,1060779.14,13166712.86
2026-08-05T04:48:25+08:00,1,2,97.3,1697.7,12.24,156822.2,772407.7,99,18093,32768,37,263.89,1060779.30,13166728.70
2026-08-05T04:48:35+08:00,1,2,97.3,1699.6,12.11,156659.8,772407.7,98,14771,32768,37,290.12,1060778.51,13166721.49
2026-08-05T04:48:45+08:00,1,2,97.3,1703.2,12.09,157282.5,772407.7,94,19733,32768,37,218.80,1060778.71,13166721.29
2026-08-05T04:48:55+08:00,1,2,97.3,1698.5,12.08,157368.3,772407.7,99,18291,32768,37,217.83,1060778.89,13166713.11
2026-08-05T04:49:05+08:00,1,2,97.3,1696.1,11.90,156762.1,772407.7,98,14773,32768,37,279.32,1060779.05,13166716.95
2026-08-05T04:49:15+08:00,1,2,97.3,1699.7,11.38,157018.2,772407.7,91,19733,32768,36,214.07,1060779.25,13166723.75
2026-08-05T04:49:25+08:00,1,2,97.3,1699.0,11.64,157442.1,772407.7,98,18571,32768,37,281.56,1060779.41,13166750.59
2026-08-05T04:49:35+08:00,1,2,97.3,1696.7,12.39,156772.8,772407.7,98,14911,32768,38,308.17,1060779.60,13166744.40
2026-08-05T04:49:45+08:00,1,2,97.3,1700.2,12.83,131472.5,772407.7,90,19733,32768,36,231.65,1060779.81,13166739.19
2026-08-05T04:49:55+08:00,1,2,97.3,1699.6,12.24,131479.9,772407.7,99,18571,32768,37,305.26,1060780.09,13166743.91
2026-08-05T04:50:06+08:00,1,2,97.3,1697.3,12.18,132176.5,772407.7,98,14913,32768,37,243.65,1060780.21,13166748.79
2026-08-05T04:50:16+08:00,1,2,97.3,1696.7,12.32,157212.9,772407.7,88,19733,32768,36,227.08,1060780.23,13166752.77
2026-08-05T04:50:26+08:00,1,2,97.3,1700.2,12.34,157662.3,772407.7,99,18773,32768,38,282.35,1060780.23,13166748.77
2026-08-05T04:50:36+08:00,1,2,97.3,1697.8,12.27,157039.5,772407.7,98,15051,32768,37,215.74,1060780.21,13166757.79
2026-08-05T04:50:46+08:00,1,2,97.3,1697.2,12.45,157493.5,772407.7,91,1027,32768,33,72.44,1060780.21,13166750.79
2026-08-05T04:50:56+08:00,1,2,97.3,1700.7,12.68,157755.2,772407.7,98,18771,32768,38,243.16,1060780.21,13166760.79
2026-08-05T04:51:06+08:00,1,2,97.3,1698.4,12.79,157202.8,772407.7,99,15051,32768,37,267.15,1060780.21,13166785.79
2026-08-05T04:51:16+08:00,1,2,97.3,1698.1,12.59,157995.4,772407.7,94,13331,32768,34,213.30,1060780.21,13166826.79
2026-08-05T04:51:26+08:00,1,2,97.3,1697.4,12.11,157196.1,772407.7,98,18771,32768,36,208.79,1060780.16,13166842.84
2026-08-05T04:51:36+08:00,1,2,97.3,1699.2,11.86,156730.7,772407.7,98,15053,32768,37,202.51,1060780.22,13166855.78
2026-08-05T04:51:46+08:00,1,2,97.3,1698.6,11.51,156989.2,772407.7,98,8589,32768,35,148.38,1060774.96,13166900.04
2026-08-05T04:51:56+08:00,1,2,97.3,1697.9,11.66,157806.8,772407.7,98,18771,32768,37,210.38,1060775.01,13166922.99
2026-08-05T04:52:06+08:00,1,2,97.3,1699.6,12.17,158506.2,772407.7,92,15053,32768,37,215.74,1060774.70,13166927.30
2026-08-05T04:52:16+08:00,1,2,97.3,1699.1,12.37,158009.3,772407.7,100,13531,32768,36,207.95,1060775.05,13166909.95
2026-08-05T04:52:26+08:00,1,2,97.3,1698.4,11.55,157978.0,772407.7,99,19151,32768,37,297.12,1060775.06,13166881.94
2026-08-05T04:52:36+08:00,1,2,97.3,1700.1,11.70,157853.8,772407.7,88,15055,32768,36,212.82,1060775.07,13166865.93
2026-08-05T04:52:46+08:00,1,2,97.3,1699.6,11.67,158301.6,772407.7,100,13831,32768,37,311.77,1060775.09,13166848.91
2026-08-05T04:52:56+08:00,1,2,97.3,1699.0,11.33,158366.2,772407.7,99,19151,32768,37,274.88,1060775.11,13166831.89
2026-08-05T04:53:06+08:00,1,2,97.3,1700.6,11.34,158319.2,772407.7,86,1147,32768,34,83.25,1060775.14,13166839.86
2026-08-05T04:53:16+08:00,1,2,97.3,1700.1,11.28,157934.7,772407.7,100,13831,32768,37,222.89,1060774.94,13166826.06
2026-08-05T04:53:26+08:00,1,2,97.3,1699.5,11.31,158174.7,772407.7,100,19153,32768,37,306.72,1060775.17,13166836.83
2026-08-05T04:53:36+08:00,1,2,97.3,1698.9,11.12,158194.5,772407.7,100,17429,32768,35,246.89,1060775.18,13166819.82
2026-08-05T04:53:46+08:00,1,2,97.3,1696.6,11.09,158369.2,772407.7,98,13971,32768,37,297.70,1060774.74,13166811.26
2026-08-05T04:53:56+08:00,1,2,97.3,1700.2,11.14,157635.5,772407.7,99,19351,32768,37,213.30,1060774.74,13166802.26
2026-08-05T04:54:06+08:00,1,2,97.3,1699.7,11.20,157953.4,772407.7,100,17429,32768,36,305.75,1060775.21,13166777.79
2026-08-05T04:54:16+08:00,1,2,97.3,1697.4,10.71,158030.1,772407.7,98,14111,32768,38,301.01,1060775.02,13166759.98
2026-08-05T04:54:26+08:00,1,2,97.3,1696.8,10.76,157295.9,772407.7,98,19533,32768,38,273.12,1060775.05,13166724.95
2026-08-05T04:54:37+08:00,1,2,97.3,1700.2,11.03,157396.0,772407.7,100,17429,32768,36,283.32,1060775.09,13166678.91
2026-08-05T04:54:47+08:00,1,2,97.3,1697.9,11.20,157828.9,772407.7,99,14111,32768,38,289.63,1060775.13,13166643.87
2026-08-05T04:54:57+08:00,1,2,97.3,1697.5,11.93,158028.5,772407.7,98,19531,32768,38,248.35,1060774.98,13166613.02
2026-08-05T04:55:07+08:00,1,2,97.3,1700.9,12.01,157806.0,772407.7,100,17709,32768,36,253.37,1060774.69,13166613.31
2026-08-05T04:55:17+08:00,1,2,97.3,1698.5,12.30,157668.1,772407.7,98,14331,32768,37,251.43,1060775.07,13166590.93
2026-08-05T04:55:27+08:00,1,2,97.3,1698.0,12.85,157759.4,772407.7,99,19731,32768,38,291.09,1060775.28,13166558.72
2026-08-05T04:55:37+08:00,1,2,97.3,1697.5,12.40,157304.2,772407.7,100,17911,32768,37,292.26,1060775.32,13166542.68
2026-08-05T04:55:47+08:00,1,2,97.3,1699.4,12.56,157991.9,772407.7,98,14471,32768,38,296.53,1060767.32,13166550.68
2026-08-05T04:55:57+08:00,1,2,97.3,1698.8,12.23,157759.2,772407.7,98,19733,32768,37,275.91,1060767.38,13166534.62
2026-08-05T04:56:07+08:00,1,2,97.3,1698.2,11.80,156682.7,772407.7,99,18091,32768,37,311.98,1060767.31,13166520.69
2026-08-05T04:56:17+08:00,1,2,97.3,1695.9,11.51,156561.0,772407.7,98,14611,32768,37,312.54,1060769.33,13166522.67
2026-08-05T04:56:27+08:00,1,2,97.3,1699.5,11.04,156421.3,772407.7,100,19731,32768,37,199.55,1060773.81,13166545.19
2026-08-05T04:56:37+08:00,1,2,97.3,1698.8,10.96,157089.3,772407.7,99,18091,32768,37,221.58,1060773.81,13166573.19
2026-08-05T04:56:47+08:00,1,2,97.3,1696.4,11.41,156813.9,772407.7,98,14611,32768,36,210.73,1060773.84,13166620.16
2026-08-05T04:56:57+08:00,1,2,97.3,1699.9,11.51,156625.9,772407.7,99,19731,32768,38,301.09,1060775.97,13166668.03
2026-08-05T04:57:07+08:00,1,2,97.3,1699.2,11.05,156606.0,772407.7,99,18091,32768,36,220.12,1060776.17,13166667.83
2026-08-05T04:57:17+08:00,1,2,97.3,1701.1,10.65,157235.5,772407.7,98,14611,32768,37,257.43,1060776.26,13166701.74
2026-08-05T04:57:27+08:00,1,2,97.3,1696.6,10.54,156781.4,772407.7,98,19733,32768,36,193.35,1060778.31,13166713.69
2026-08-05T04:57:37+08:00,1,2,97.3,1700.2,10.71,156901.1,772407.7,98,18091,32768,36,216.57,1060779.25,13166701.75
2026-08-05T04:57:47+08:00,1,2,97.3,1702.0,10.90,157162.4,772407.7,97,14611,32768,37,249.16,1060779.97,13166724.03
2026-08-05T04:57:57+08:00,1,2,97.3,1697.3,10.90,156524.9,772407.7,98,19731,32768,37,210.52,1060779.15,13166745.85
2026-08-05T04:58:07+08:00,1,2,97.3,1696.8,11.34,156908.2,772407.7,99,18089,32768,37,274.27,1060779.25,13166763.75
2026-08-05T04:58:17+08:00,1,2,97.3,1702.5,11.45,156849.6,772407.7,98,14611,32768,37,289.44,1060779.36,13166851.64
2026-08-05T04:58:27+08:00,1,2,97.3,1697.9,11.20,156423.0,772407.7,91,19733,32768,36,217.83,1060779.43,13166880.57
2026-08-05T04:58:37+08:00,1,2,97.3,1697.3,11.16,156757.8,772407.7,98,18293,32768,37,212.47,1060779.54,13166898.46
2026-08-05T04:58:47+08:00,1,2,97.3,1703.1,11.37,156651.3,772407.7,98,14771,32768,37,271.35,1060779.64,13166902.36
2026-08-05T04:58:57+08:00,1,2,97.3,1698.5,11.99,156842.9,772407.7,89,19733,32768,36,219.15,1060779.72,13166883.28
2026-08-05T04:59:07+08:00,1,2,97.3,1698.0,12.14,156839.0,772407.7,99,18571,32768,38,268.92,1060779.86,13167517.14
2026-08-05T04:59:18+08:00,1,2,97.3,1699.6,12.10,156569.3,772407.7,98,15051,32768,38,294.78,1060780.05,13166804.95
2026-08-05T04:59:28+08:00,1,2,97.3,1699.1,11.86,156447.2,772407.7,94,5595,32768,33,72.49,1060780.17,13166771.83
2026-08-05T04:59:38+08:00,1,2,97.3,1698.5,11.82,156284.6,772407.7,99,18773,32768,38,312.05,1060780.28,13166737.72
2026-08-05T04:59:48+08:00,1,2,97.3,1700.2,11.38,156617.0,772407.7,99,15051,32768,38,267.29,1060780.47,13166709.53
2026-08-05T04:59:58+08:00,1,2,97.3,1699.7,11.40,156347.6,772407.7,100,2653,32768,33,72.00,1060780.58,13166701.42
2026-08-05T05:00:08+08:00,1,2,97.3,1699.1,10.89,156179.9,772407.7,99,18771,32768,38,298.86,1060780.73,13166682.27
2026-08-05T05:00:18+08:00,1,2,97.3,1696.8,12.16,158032.0,772407.7,99,15051,32768,38,296.53,1060780.90,13166726.10
2026-08-05T05:00:28+08:00,1,2,97.3,1696.0,12.21,157518.2,772407.7,100,13331,32768,34,185.07,1060781.01,13166744.99
2026-08-05T05:00:38+08:00,1,2,97.3,1699.6,12.50,157357.6,772407.7,98,18773,32768,37,245.59,1060781.18,13166742.82
2026-08-05T05:00:48+08:00,1,2,97.3,1697.2,13.35,158312.6,772407.7,98,15051,32768,37,235.38,1060781.32,13166725.68
2026-08-05T05:00:58+08:00,1,2,97.3,1696.5,13.29,157753.1,772407.7,97,13331,32768,36,278.46,1060781.53,13166704.47
2026-08-05T05:01:08+08:00,1,2,97.3,1700.1,12.79,157940.3,772407.7,99,18953,32768,37,312.26,1060781.44,13166702.56
2026-08-05T05:01:18+08:00,1,2,97.3,1697.7,13.03,159523.7,772407.7,83,15055,32768,36,208.71,1060781.87,13166693.13
2026-08-05T05:01:28+08:00,1,2,97.3,1701.1,13.40,158776.2,772407.7,98,13691,32768,37,295.75,1060782.06,13166671.94
2026-08-05T05:01:38+08:00,1,2,97.3,1696.5,13.11,158827.2,772407.7,99,19151,32768,37,301.58,1060782.23,13166664.77
2026-08-05T05:01:48+08:00,1,2,97.3,1668.3,13.48,155123.2,772407.7,0,1025,32768,29,56.35,1060782.40,13166656.60
2026-08-05T05:01:58+08:00,1,2,97.3,1668.3,13.63,154425.8,772407.7,0,1025,32768,29,56.35,1060782.59,13166642.41
2026-08-05T05:02:08+08:00,1,2,97.2,1668.3,13.08,154850.9,772407.7,0,1025,32768,29,55.86,1060782.78,13167650.22
2026-08-05T05:02:18+08:00,1,2,97.2,1668.3,12.70,155678.3,772407.7,0,1025,32768,29,55.86,1060782.99,13166975.01
2026-08-05T05:02:28+08:00,1,2,97.2,1668.3,11.96,156306.1,772407.7,0,1025,32768,29,55.86,1060783.22,13166626.78
2026-08-05T05:02:38+08:00,1,2,97.1,1668.3,12.62,157026.5,772407.7,0,1025,32768,29,55.97,1060783.21,13166619.79
2026-08-05T05:02:48+08:00,1,2,97.1,1707.5,14.45,158264.5,772407.7,0,1027,32768,29,55.90,1060783.29,13166605.71
2026-08-05T05:02:58+08:00,1,2,97.1,1703.4,16.54,153828.6,772407.7,0,1027,32768,29,55.94,1060783.29,13166577.71
2026-08-05T05:03:08+08:00,1,2,97.0,1703.4,15.59,154618.2,772407.7,0,1027,32768,29,55.86,1060783.26,13166573.74
2026-08-05T05:03:18+08:00,1,2,97.0,1703.4,14.97,154504.4,772407.7,0,1027,32768,29,55.83,1060783.02,13166562.98
2026-08-05T05:03:29+08:00,1,2,97.0,1703.4,14.54,155928.0,772407.7,0,1027,32768,29,55.86,1060783.29,13166563.71
2026-08-05T05:03:39+08:00,1,2,96.9,1703.4,14.30,156711.5,772407.7,0,1027,32768,29,55.86,1060783.30,13166542.70
2026-08-05T05:03:49+08:00,1,2,96.9,1701.9,14.05,157197.6,772407.7,9,1027,32768,29,59.81,1060783.30,13166561.70
2026-08-05T05:03:59+08:00,1,2,96.9,1701.5,13.82,152969.2,772407.7,0,1027,32768,29,55.90,1060778.07,13166588.93
2026-08-05T05:04:09+08:00,1,2,96.9,1701.5,13.46,154222.8,772407.7,0,1027,32768,29,55.90,1060778.08,13166595.92
2026-08-05T05:04:19+08:00,1,2,96.8,1701.5,13.09,154895.5,772407.7,0,1027,32768,29,55.94,1060777.85,13166578.15
2026-08-05T05:04:29+08:00,1,2,96.8,1701.5,12.97,155529.6,772407.7,0,1027,32768,29,55.94,1060778.10,13166553.90
2026-08-05T05:04:39+08:00,1,2,96.7,1701.5,13.06,156367.2,772407.7,0,1027,32768,29,55.86,1060778.12,13166538.88
2026-08-05T05:04:49+08:00,1,2,96.7,1701.5,13.59,157241.4,772407.7,0,1027,32768,29,55.86,1060778.14,13166534.86
2026-08-05T05:04:59+08:00,1,2,96.7,1849.4,13.49,152965.2,772407.7,0,1027,32768,29,55.86,1060778.15,13166514.85
2026-08-05T05:05:09+08:00,1,2,96.7,1849.4,13.03,153411.9,772407.7,0,1027,32768,29,55.86,1060778.17,13166502.83
2026-08-05T05:05:19+08:00,1,2,96.6,1849.4,13.04,155865.6,772407.7,0,1027,32768,29,55.90,1060777.69,13166512.31
2026-08-05T05:05:29+08:00,1,2,96.6,1849.4,12.40,155563.8,772407.7,0,1027,32768,29,55.86,1060778.20,13166496.80
2026-08-05T05:05:39+08:00,1,2,96.6,1849.4,12.11,156139.1,772407.7,0,1027,32768,29,55.86,1060778.23,13166503.77
2026-08-05T05:05:49+08:00,1,2,96.5,1849.4,11.63,157046.7,772407.7,0,1027,32768,29,55.86,1060778.25,13166519.75
2026-08-05T05:05:59+08:00,1,2,103.0,355.7,11.65,152295.3,772407.7,0,309,32768,29,55.90,1060778.26,13166541.74
2026-08-05T05:06:09+08:00,1,2,58.8,1030.9,11.39,152909.0,772407.7,0,865,32768,29,55.94,1060779.39,13166548.61
2026-08-05T05:06:19+08:00,1,2,30.9,1030.9,11.41,153840.0,772407.7,0,865,32768,29,55.86,1060779.14,13166548.86
2026-08-05T05:06:29+08:00,1,2,20.9,1030.9,10.74,154284.6,772407.7,0,865,32768,29,55.86,1060779.20,13166589.80
2026-08-05T05:06:39+08:00,1,2,15.9,1030.9,10.54,154771.1,772407.7,0,865,32768,29,55.90,1060779.26,13166772.74
2026-08-05T05:06:49+08:00,1,2,12.8,1030.9,10.39,155972.4,772407.7,0,865,32768,29,55.90,1060779.30,13166800.70
2026-08-05T05:06:59+08:00,1,2,10.7,1030.9,10.73,156541.6,772407.7,0,865,32768,29,55.86,1060778.22,13166826.78
2026-08-05T05:07:09+08:00,1,2,19.9,1968.8,11.01,158251.8,772407.7,58,17453,32768,34,288.77,1060778.42,13166887.58
2026-08-05T05:07:19+08:00,1,2,30.2,2162.1,11.26,158251.0,772407.7,100,13755,32768,36,280.29,1060778.46,13166898.54
2026-08-05T05:07:29+08:00,1,2,39.0,1970.7,11.36,158395.9,772407.7,100,18895,32768,36,239.27,1060778.50,13166889.50
2026-08-05T05:07:39+08:00,1,2,45.4,2164.2,11.15,158283.0,772407.7,99,15275,32768,37,252.88,1060778.52,13166878.48
2026-08-05T05:07:50+08:00,1,2,51.2,1971.4,10.83,158462.9,772407.7,100,20337,32768,36,220.95,1060778.57,13166850.43
2026-08-05T05:08:00+08:00,1,2,55.4,2016.1,10.62,158072.6,772407.7,76,1231,32768,32,72.93,1060778.62,13166824.38
2026-08-05T05:08:10+08:00,1,2,59.5,2164.9,11.04,158828.5,772407.7,68,1199,32768,33,72.09,1060778.65,13166829.35
2026-08-05T05:08:20+08:00,1,2,63.1,1972.3,11.18,158649.4,772407.7,97,18035,32768,36,287.02,1060778.70,13166805.30
2026-08-05T05:08:30+08:00,1,2,65.8,2165.6,10.86,158339.9,772407.7,99,14195,32768,36,252.72,1060778.72,13166785.28
2026-08-05T05:08:40+08:00,1,2,68.6,1972.8,10.40,157844.7,772407.7,98,19195,32768,37,281.68,1060778.78,13166764.22
2026-08-05T05:08:50+08:00,1,2,70.7,2166.3,10.18,158090.5,772407.7,98,15277,32768,37,294.01,1060778.80,13166746.20
2026-08-05T05:09:00+08:00,1,2,72.9,1973.6,10.17,157682.2,772407.7,99,20335,32768,37,307.20,1060778.83,13166735.17
2026-08-05T05:09:10+08:00,1,2,74.5,2165.6,10.13,157713.7,772407.7,89,15719,32768,36,227.57,1060778.87,13166755.13
2026-08-05T05:09:20+08:00,1,2,76.3,1972.9,10.04,157586.5,772407.7,87,20639,32768,36,231.50,1060779.01,13166778.99
2026-08-05T05:09:30+08:00,1,2,78.0,1973.3,10.81,157959.0,772407.7,97,17753,32768,36,282.16,1060779.06,13166750.94
2026-08-05T05:09:40+08:00,1,2,79.2,2165.9,11.58,157924.1,772407.7,100,13755,32768,36,252.40,1060779.16,13166738.84
2026-08-05T05:09:50+08:00,1,2,80.5,1972.9,11.67,157605.3,772407.7,97,18615,32768,36,269.90,1060779.25,13166736.75
2026-08-05T05:10:00+08:00,1,2,81.5,2166.2,11.41,157866.5,772407.7,99,14855,32768,36,263.58,1060779.33,13166734.67
2026-08-05T05:10:10+08:00,1,2,82.6,1973.1,10.86,157551.5,772407.7,98,19757,32768,37,306.92,1060778.98,13166726.02
2026-08-05T05:10:20+08:00,1,2,83.4,2165.8,11.27,158157.3,772407.7,96,15717,32768,36,183.37,1060779.55,13166737.45
2026-08-05T05:10:30+08:00,1,2,84.4,1972.9,11.23,157642.7,772407.7,99,20635,32768,37,287.88,1060779.64,13166727.36
2026-08-05T05:10:40+08:00,1,2,85.2,2018.1,11.06,157117.6,772407.7,100,1851,32768,32,72.93,1060779.75,13166724.25
2026-08-05T05:10:50+08:00,1,2,86.0,2166.5,12.06,157691.1,772407.7,77,1457,32768,33,72.00,1060779.84,13166856.16
2026-08-05T05:11:00+08:00,1,2,86.8,1972.9,12.04,157433.1,772407.7,98,18035,32768,36,265.38,1060779.94,13166928.06
2026-08-05T05:11:10+08:00,1,2,87.4,2166.0,11.50,158124.3,772407.7,98,14195,32768,36,262.92,1060780.72,13166919.28
2026-08-05T05:11:20+08:00,1,2,88.1,1973.8,11.20,157530.7,772407.7,98,19195,32768,36,218.03,1060771.40,13166910.60
2026-08-05T05:11:30+08:00,1,2,88.6,2166.5,11.79,158695.1,772407.7,98,15497,32768,37,300.90,1060772.25,13166872.75
2026-08-05T05:11:40+08:00,1,2,89.2,1972.9,11.52,157677.3,772407.7,98,20337,32768,37,263.09,1060772.39,13166842.61
2026-08-05T05:11:50+08:00,1,2,89.6,2309.7,11.06,158103.2,772407.7,82,1051,32768,33,72.49,1060773.08,13166801.92
2026-08-05T05:12:00+08:00,1,2,90.2,1988.9,10.83,158169.4,772407.7,91,20637,32768,35,101.69,1060778.94,13166773.06
2026-08-05T05:12:11+08:00,1,2,90.8,1972.9,10.69,158130.1,772407.7,100,18033,32768,37,311.57,1060779.10,13166751.90
2026-08-05T05:12:21+08:00,1,2,90.9,2165.8,11.21,158656.2,772407.7,99,14195,32768,37,303.52,1060779.23,13166721.77
2026-08-05T05:12:31+08:00,1,2,91.4,1973.1,11.26,158442.0,772407.7,98,18895,32768,36,211.36,1060780.34,13166692.66
2026-08-05T05:12:41+08:00,1,2,91.7,2166.4,13.16,133493.0,772407.7,98,15075,32768,37,281.86,1060780.50,13166668.50
2026-08-05T05:12:51+08:00,1,2,92.1,1972.9,12.28,132896.2,772407.7,98,20055,32768,37,217.69,1060780.63,13166656.37
2026-08-05T05:13:01+08:00,1,2,92.4,2165.8,11.78,155283.9,772407.7,85,15719,32768,36,210.87,1060781.03,13166641.97
2026-08-05T05:13:11+08:00,1,2,92.8,1972.9,11.33,156823.5,772407.7,88,20637,32768,36,215.54,1060781.78,13166642.22
2026-08-05T05:13:21+08:00,1,2,93.2,1973.5,11.42,157466.9,772407.7,61,17453,32768,33,261.63,1060781.96,13166647.04
2026-08-05T05:13:31+08:00,1,2,93.5,2165.9,11.20,158119.6,772407.7,100,13753,32768,36,313.02,1060782.14,13166666.86
2026-08-05T05:13:41+08:00,1,2,93.9,1972.9,10.99,158157.4,772407.7,97,18615,32768,37,243.16,1060782.30,13166674.70
2026-08-05T05:13:51+08:00,1,2,94.1,2166.0,10.91,158226.8,772407.7,97,14855,32768,37,304.78,1060782.48,13166670.52
2026-08-05T05:14:01+08:00,1,2,94.4,1972.9,10.62,157902.8,772407.7,98,19755,32768,37,222.41,1060782.67,13166692.33
2026-08-05T05:14:11+08:00,1,2,94.6,2166.8,10.84,158126.9,772407.7,98,15717,32768,36,216.85,1060782.85,13166703.15
2026-08-05T05:14:21+08:00,1,2,94.9,1973.5,11.94,157976.9,772407.7,98,20635,32768,37,205.03,1060783.03,13166733.97
2026-08-05T05:14:31+08:00,1,2,95.2,2018.1,12.29,157415.1,772407.7,100,2191,32768,32,74.39,1060783.21,13166754.79
2026-08-05T05:14:41+08:00,1,2,95.4,2165.8,12.01,157958.4,772407.7,100,13333,32768,35,266.98,1060783.41,13166775.59
2026-08-05T05:14:51+08:00,1,2,95.7,1972.9,12.69,156891.0,772407.7,97,18315,32768,37,302.07,1060783.51,13166798.49
2026-08-05T05:15:01+08:00,1,2,95.8,2165.9,12.81,158693.8,772407.7,99,14415,32768,37,300.61,1060783.51,13166826.49
2026-08-05T05:15:11+08:00,1,2,96.1,1972.9,13.24,157653.7,772407.7,98,19195,32768,36,244.78,1060783.52,13166856.48
2026-08-05T05:15:21+08:00,1,2,96.3,2166.8,13.18,157526.0,772407.7,98,15275,32768,36,262.92,1060783.56,13166856.44
2026-08-05T05:15:31+08:00,1,2,96.5,1973.5,12.47,157171.2,772407.7,99,20335,32768,37,275.37,1060784.58,13166876.42
2026-08-05T05:15:41+08:00,1,2,96.6,2165.9,12.32,157575.7,772407.7,85,15719,32768,36,217.34,1060784.58,13166924.42
2026-08-05T05:15:51+08:00,1,2,96.8,1972.9,12.75,157698.3,772407.7,90,20637,32768,36,212.68,1060784.59,13167599.41
2026-08-05T05:16:01+08:00,1,2,97.1,1973.4,12.79,157995.7,772407.7,84,17753,32768,35,283.99,1060784.60,13166967.40
2026-08-05T05:16:11+08:00,1,2,97.2,2165.8,13.05,157647.0,772407.7,100,13755,32768,36,218.17,1060779.38,13166962.62
2026-08-05T05:16:21+08:00,1,2,97.4,1972.9,12.67,157836.1,772407.7,98,18895,32768,37,306.23,1060778.28,13166965.72
2026-08-05T05:16:31+08:00,1,2,97.5,2166.2,12.25,157577.5,772407.7,99,15075,32768,37,283.99,1060778.46,13166968.54
2026-08-05T05:16:42+08:00,1,2,97.7,1973.3,11.75,157037.2,772407.7,99,20055,32768,37,248.84,1060778.48,13166951.52
2026-08-05T05:16:52+08:00,1,2,97.7,2165.9,11.87,157300.8,772407.7,90,15717,32768,36,217.54,1060778.50,13166938.50
2026-08-05T05:17:02+08:00,1,2,97.9,1972.9,11.80,156828.0,772407.7,89,20637,32768,36,233.44,1060778.24,13166929.76
2026-08-05T05:17:12+08:00,1,2,98.0,1973.3,11.84,157093.2,772407.7,92,17453,32768,35,295.85,1060778.52,13166928.48
2026-08-05T05:17:22+08:00,1,2,98.1,2165.9,11.31,155976.8,772407.7,100,13755,32768,36,267.95,1060778.55,13166907.45
2026-08-05T05:17:32+08:00,1,2,98.3,1972.9,12.23,156184.1,772407.7,98,18615,32768,36,219.97,1060778.56,13166887.44
2026-08-05T05:17:42+08:00,1,2,98.4,2166.4,11.72,156355.7,772407.7,98,14855,32768,37,307.40,1060778.56,13166890.44
2026-08-05T05:17:52+08:00,1,2,98.6,1973.5,11.58,156655.9,772407.7,97,19757,32768,38,313.44,1060778.59,13166889.41
2026-08-05T05:18:02+08:00,1,2,98.6,2166.5,11.32,156797.5,772407.7,99,15715,32768,37,261.15,1060778.61,13166876.39
2026-08-05T05:18:12+08:00,1,2,98.8,1972.9,10.81,156786.1,772407.7,99,20635,32768,37,224.35,1060778.65,13166878.35
2026-08-05T05:18:22+08:00,1,2,99.0,1973.2,10.97,156353.0,772407.7,100,2313,32768,32,97.30,1060779.82,13166892.18
2026-08-05T05:18:32+08:00,1,2,99.0,2165.8,10.91,156591.5,772407.7,100,13533,32768,36,286.53,1060780.62,13166903.38
2026-08-05T05:18:42+08:00,1,2,99.2,1972.9,10.99,156747.8,772407.7,99,18313,32768,36,242.68,1060781.08,13166925.92
2026-08-05T05:18:52+08:00,1,2,99.2,2166.4,10.76,156830.0,772407.7,97,14635,32768,37,294.78,1060781.12,13167117.88
2026-08-05T05:19:02+08:00,1,2,99.4,1973.6,10.94,156546.4,772407.7,99,19475,32768,37,211.85,1060781.14,13167111.86
2026-08-05T05:19:12+08:00,1,2,99.4,2166.0,10.88,157034.2,772407.7,98,15717,32768,38,287.50,1060780.96,13167141.04
2026-08-05T05:19:22+08:00,1,2,99.6,1972.9,10.75,157104.8,772407.7,98,20635,32768,37,216.85,1060781.26,13167163.74
2026-08-05T05:19:32+08:00,1,2,99.7,2018.1,10.88,156857.1,772407.7,100,1811,32768,32,77.33,1060781.33,13167152.67
2026-08-05T05:19:42+08:00,1,2,99.8,2165.9,11.18,156631.2,772407.7,81,1913,32768,33,177.40,1060781.37,13167139.63
2026-08-05T05:19:52+08:00,1,2,99.9,1973.2,11.39,157093.8,772407.7,99,18033,32768,36,309.35,1060781.40,13167111.60
2026-08-05T05:20:02+08:00,1,2,100.0,2166.4,11.81,156555.3,772407.7,98,14195,32768,37,293.04,1060781.44,13167082.56
2026-08-05T05:20:12+08:00,1,2,100.0,1973.2,12.13,157242.2,772407.7,98,18895,32768,37,298.18,1060781.48,13167066.52
2026-08-05T05:20:22+08:00,1,2,100.0,2165.9,12.42,157163.9,772407.7,97,15075,32768,37,219.15,1060781.49,13167043.51
2026-08-05T05:20:32+08:00,1,2,100.0,1973.1,11.89,156711.7,772407.7,98,20055,32768,37,221.92,1060781.56,13167020.44
2026-08-05T05:20:42+08:00,1,2,100.0,2166.2,11.68,156244.9,772407.7,89,15719,32768,36,216.57,1060781.59,13166992.41
2026-08-05T05:20:52+08:00,1,2,100.0,1972.9,11.82,156653.4,772407.7,95,20637,32768,36,220.46,1060781.63,13166995.37
2026-08-05T05:21:02+08:00,1,2,100.0,1972.9,11.78,156328.7,772407.7,77,8233,32768,32,242.35,1060781.67,13167014.33
2026-08-05T05:21:12+08:00,1,2,100.0,2166.0,12.35,157505.4,772407.7,100,13533,32768,35,216.02,1060781.70,13167003.30
2026-08-05T05:21:23+08:00,1,2,100.0,1974.0,12.31,156686.2,772407.7,100,18615,32768,37,298.47,1060781.42,13167004.58
2026-08-05T05:21:33+08:00,1,2,100.0,2165.8,11.63,157286.1,772407.7,98,14855,32768,37,296.63,1060781.78,13166998.22
2026-08-05T05:21:43+08:00,1,2,100.0,1972.9,12.14,156942.2,772407.7,98,19475,32768,36,219.63,1060781.89,13167003.11
2026-08-05T05:21:53+08:00,1,2,100.0,2166.2,11.82,158026.0,772407.7,99,15715,32768,38,256.77,1060781.97,13166998.03
2026-08-05T05:22:03+08:00,1,2,100.0,1972.9,12.14,157660.7,772407.7,98,20635,32768,37,209.41,1060782.08,13166998.92
2026-08-05T05:22:13+08:00,1,2,100.0,2018.1,12.57,158093.9,772407.7,100,1811,32768,32,81.29,1060782.17,13166993.83
2026-08-05T05:22:23+08:00,1,2,101.0,2166.6,12.40,158507.5,772407.7,82,6413,32768,33,254.34,1060782.28,13167675.72
2026-08-05T05:22:33+08:00,1,2,101.0,1972.9,12.11,158325.6,772407.7,98,18033,32768,36,287.31,1060782.34,13167694.66
2026-08-05T05:22:43+08:00,1,2,101.0,2165.9,12.02,158570.7,772407.7,98,14415,32768,37,271.66,1060782.47,13167035.53
2026-08-05T05:22:53+08:00,1,2,101.0,1973.5,12.23,158001.4,772407.7,98,19475,32768,36,215.88,1060782.56,13167048.44
2026-08-05T05:23:03+08:00,1,2,101.0,2165.8,12.28,158693.0,772407.7,99,15495,32768,37,257.09,1060782.54,13167045.46
2026-08-05T05:23:13+08:00,1,2,101.0,1972.9,12.14,158253.1,772407.7,98,20635,32768,36,220.12,1060782.77,13167049.23
2026-08-05T05:23:23+08:00,1,2,101.0,2017.6,12.36,157832.1,772407.7,100,1511,32768,32,72.93,1060783.05,13167041.95
2026-08-05T05:23:33+08:00,1,2,101.0,2165.9,12.37,158594.5,772407.7,59,12617,32768,34,72.54,1060782.98,13167023.02
2026-08-05T05:23:43+08:00,1,2,101.0,1972.9,12.16,158067.9,772407.7,99,18035,32768,37,284.29,1060783.13,13167014.87
2026-08-05T05:23:53+08:00,1,2,101.0,2165.9,11.68,159060.3,772407.7,99,13975,32768,36,245.59,1060783.28,13167009.72
2026-08-05T05:24:03+08:00,1,2,101.0,1973.4,11.63,157720.3,772407.7,99,18895,32768,37,243.81,1060783.17,13167001.83
2026-08-05T05:24:13+08:00,1,2,101.0,2166.0,12.00,157637.5,772407.7,98,15075,32768,38,291.09,1060782.92,13166979.08
2026-08-05T05:24:23+08:00,1,2,101.0,1972.9,11.39,157047.0,772407.7,98,20055,32768,37,244.29,1060783.71,13166978.29
2026-08-05T05:24:33+08:00,1,2,101.0,2165.8,11.25,156832.6,772407.7,91,15719,32768,36,221.92,1060783.85,13166937.15
2026-08-05T05:24:43+08:00,1,2,101.0,1972.9,11.05,156144.4,772407.7,93,20637,32768,36,228.06,1060783.98,13166924.02
2026-08-05T05:24:54+08:00,1,2,101.0,1973.4,11.53,156383.3,772407.7,86,17753,32768,36,301.09,1060785.25,13166936.75
2026-08-05T05:25:04+08:00,1,2,101.0,2166.1,11.37,157062.9,772407.7,100,13753,32768,36,266.80,1060785.25,13166948.75
2026-08-05T05:25:14+08:00,1,2,101.0,1973.7,11.25,155899.1,772407.7,98,18615,32768,36,235.54,1060785.40,13166953.60
2026-08-05T05:25:24+08:00,1,2,101.0,2165.8,11.66,156306.9,772407.7,98,14855,32768,37,258.55,1060785.57,13166971.43
2026-08-05T05:25:34+08:00,1,2,102.0,1973.5,11.49,155911.4,772407.7,99,19755,32768,38,252.08,1060785.74,13166979.26
2026-08-05T05:25:44+08:00,1,2,102.0,2165.9,11.43,155910.0,772407.7,99,15717,32768,37,212.33,1060785.80,13167036.20
2026-08-05T05:25:54+08:00,1,2,102.0,1972.9,11.19,155683.0,772407.7,99,20637,32768,38,317.39,1060786.08,13167011.92
2026-08-05T05:26:04+08:00,1,2,102.0,2018.2,11.23,155899.6,772407.7,100,2271,32768,32,72.54,1060784.63,13167024.37
2026-08-05T05:26:14+08:00,1,2,102.0,2166.0,10.92,155823.2,772407.7,100,13533,32768,36,260.17,1060785.49,13167040.51
2026-08-05T05:26:24+08:00,1,2,102.0,1973.4,11.17,155646.5,772407.7,98,18313,32768,37,311.77,1060785.66,13167044.34
2026-08-05T05:26:34+08:00,1,2,102.0,2166.3,11.61,155092.6,772407.7,98,14415,32768,37,290.12,1060785.46,13167043.54
2026-08-05T05:26:44+08:00,1,2,102.0,1972.9,11.36,156674.6,772407.7,100,19477,32768,37,299.15,1060786.02,13167033.98
2026-08-05T05:26:54+08:00,1,2,102.0,2165.9,11.24,156542.4,772407.7,98,15497,32768,37,281.38,1060786.26,13167085.74
2026-08-05T05:27:04+08:00,1,2,102.0,1973.3,12.20,156927.4,772407.7,98,20637,32768,37,205.03,1060786.47,13167119.53
2026-08-05T05:27:14+08:00,1,2,102.0,2018.2,12.23,156126.2,772407.7,100,1551,32768,32,73.42,1060778.98,13167132.02
2026-08-05T05:27:24+08:00,1,2,102.0,2166.2,11.89,156294.5,772407.7,63,7037,32768,33,72.09,1060778.46,13167135.54
2026-08-05T05:27:34+08:00,1,2,102.0,1973.3,12.10,156246.8,772407.7,99,17753,32768,35,211.98,1060779.11,13167116.89
2026-08-05T05:27:44+08:00,1,2,102.0,2165.8,12.00,157031.5,772407.7,100,13755,32768,36,260.00,1060779.11,13167097.89
2026-08-05T05:27:54+08:00,1,2,102.0,1972.9,12.54,156275.4,772407.7,97,18615,32768,36,261.77,1060784.83,13167080.17
2026-08-05T05:28:04+08:00,1,2,102.0,2165.9,12.19,156152.0,772407.7,97,14855,32768,36,255.65,1060784.84,13167081.16
2026-08-05T05:28:14+08:00,1,2,102.0,1973.7,11.84,155665.4,772407.7,98,19755,32768,37,216.23,1060784.83,13167051.17
2026-08-05T05:28:24+08:00,1,2,102.0,2165.8,12.01,156191.3,772407.7,96,15717,32768,37,222.55,1060785.82,13167043.18
2026-08-05T05:28:35+08:00,1,2,102.0,1973.8,12.22,155875.9,772407.7,99,20635,32768,36,210.52,1060785.80,13167026.20
2026-08-05T05:28:45+08:00,1,2,102.0,1972.9,12.42,155603.0,772407.7,100,2293,32768,32,87.10,1060785.77,13167008.23
2026-08-05T05:28:55+08:00,1,2,102.0,2165.9,12.27,155671.0,772407.7,67,13333,32768,34,220.61,1060781.20,13167047.80
2026-08-05T05:29:05+08:00,1,2,102.0,1973.3,12.47,155452.5,772407.7,98,18035,32768,36,218.66,1060781.41,13167054.59
2026-08-05T05:29:15+08:00,1,2,102.0,2165.8,12.86,156334.2,772407.7,98,14195,32768,36,240.89,1060781.86,13167070.14
2026-08-05T05:29:25+08:00,1,2,102.0,1973.5,12.19,155497.9,772407.7,100,19195,32768,37,244.62,1060781.87,13167046.13
2026-08-05T05:29:35+08:00,1,2,102.0,2166.0,12.24,155761.1,772407.7,98,15275,32768,37,288.47,1060781.89,13167043.11
2026-08-05T05:29:45+08:00,1,2,102.0,1973.5,11.98,155772.8,772407.7,99,20335,32768,38,248.67,1060781.95,13167045.05
2026-08-05T05:29:55+08:00,1,2,102.0,2166.5,11.68,155703.0,772407.7,86,15719,32768,36,223.38,1060781.96,13167052.04
2026-08-05T05:30:05+08:00,1,2,103.0,1972.9,11.34,156146.2,772407.7,87,20637,32768,36,234.05,1060781.98,13167072.02
2026-08-05T05:30:15+08:00,1,2,103.0,1972.9,11.08,155898.8,772407.7,88,17453,32768,35,299.64,1060782.24,13167072.76
2026-08-05T05:30:25+08:00,1,2,103.0,2166.0,11.70,155751.3,772407.7,100,13533,32768,35,244.13,1060782.28,13167063.72
2026-08-05T05:30:35+08:00,1,2,103.0,1973.5,12.73,156326.2,772407.7,99,18315,32768,37,278.76,1060782.29,13167049.71
2026-08-05T05:30:45+08:00,1,2,103.0,2165.8,12.98,155608.9,772407.7,97,14635,32768,37,301.29,1060782.32,13167131.68
2026-08-05T05:30:55+08:00,1,2,103.0,1973.4,12.37,155344.5,772407.7,98,19755,32768,38,296.73,1060782.34,13167189.66
2026-08-05T05:31:05+08:00,1,2,103.0,2165.9,11.99,155884.0,772407.7,99,15715,32768,37,300.81,1060782.34,13167177.66
2026-08-05T05:31:15+08:00,1,2,103.0,1972.9,11.46,155581.9,772407.7,99,20637,32768,37,211.98,1060782.15,13167835.85
2026-08-05T05:31:25+08:00,1,2,103.0,1976.2,11.22,155462.2,772407.7,100,2271,32768,32,76.40,1060782.19,13167122.81
2026-08-05T05:31:35+08:00,1,2,103.0,2165.8,11.43,156250.4,772407.7,100,13533,32768,36,305.95,1060782.23,13167065.77
2026-08-05T05:31:45+08:00,1,2,103.0,1973.2,11.45,155490.4,772407.7,98,18315,32768,37,273.30,1060782.27,13166992.73
2026-08-05T05:31:55+08:00,1,2,103.0,2166.0,11.38,156879.2,772407.7,99,14415,32768,37,249.97,1060782.27,13166937.73
2026-08-05T05:32:05+08:00,1,2,103.0,1973.3,11.55,156968.8,772407.7,98,19195,32768,37,287.69,1060782.34,13166888.66
2026-08-05T05:32:15+08:00,1,2,103.0,2166.3,12.16,157263.2,772407.7,98,15275,32768,37,256.45,1060782.38,13166840.62
2026-08-05T05:32:25+08:00,1,2,103.0,1972.9,11.88,156114.7,772407.7,99,20335,32768,38,283.99,1060782.42,13166800.58
2026-08-05T05:32:36+08:00,1,2,103.0,2204.2,11.98,157015.9,772407.7,89,15719,32768,35,74.39,1060782.46,13166775.54
2026-08-05T05:32:46+08:00,1,2,103.0,1973.4,11.74,156877.2,772407.7,89,20637,32768,36,154.72,1060782.49,13166736.51
2026-08-05T05:32:56+08:00,1,2,103.0,1972.9,11.31,156020.4,772407.7,99,17753,32768,36,271.18,1060782.57,13166707.43
2026-08-05T05:33:06+08:00,1,2,103.0,2166.0,11.03,156054.7,772407.7,98,14195,32768,37,297.21,1060782.61,13166688.39
2026-08-05T05:33:16+08:00,1,2,103.0,1973.9,11.04,156107.7,772407.7,99,18895,32768,37,304.98,1060782.65,13166676.35
2026-08-05T05:33:26+08:00,1,2,103.0,2165.9,11.01,156007.1,772407.7,98,15275,32768,37,290.61,1060782.68,13167005.32
2026-08-05T05:33:36+08:00,1,2,103.0,1972.9,10.94,155814.7,772407.7,98,20335,32768,38,294.78,1060782.72,13167005.28
2026-08-05T05:33:46+08:00,1,2,103.0,2281.9,10.42,155634.1,772407.7,87,13839,32768,34,72.00,1060782.76,13166666.24
2026-08-05T05:33:56+08:00,1,2,103.0,1972.9,10.75,155710.6,772407.7,88,20637,32768,36,139.87,1060782.79,13166625.21
2026-08-05T05:34:06+08:00,1,2,103.0,1972.9,10.78,154880.2,772407.7,98,18035,32768,37,301.58,1060782.88,13166629.12
2026-08-05T05:34:16+08:00,1,2,103.0,2165.9,10.89,155230.9,772407.7,99,13975,32768,37,285.75,1060782.98,13166632.02
2026-08-05T05:34:26+08:00,1,2,103.0,1972.9,10.81,154547.0,772407.7,100,18895,32768,37,318.36,1060783.08,13166630.92
2026-08-05T05:34:36+08:00,1,2,103.0,2165.8,10.92,154518.6,772407.7,98,14857,32768,36,214.76,1060783.20,13166661.80
2026-08-05T05:34:46+08:00,1,2,103.0,1973.2,13.61,154848.2,772407.7,99,20055,32768,37,291.87,1060784.40,13166665.60
2026-08-05T05:34:56+08:00,1,2,103.0,2166.6,13.97,155654.7,772407.7,89,15719,32768,36,219.92,1060784.54,13166685.46
2026-08-05T05:35:06+08:00,1,2,103.0,1973.6,13.52,154698.5,772407.7,94,20635,32768,36,201.27,1060784.63,13166689.37
2026-08-05T05:35:16+08:00,1,2,103.0,1976.2,13.28,154532.5,772407.7,100,2293,32768,33,96.45,1060784.73,13166680.27
2026-08-05T05:35:26+08:00,1,2,103.0,2165.8,13.81,155450.4,772407.7,100,13533,32768,35,298.86,1060784.83,13166684.17
2026-08-05T05:35:36+08:00,1,2,103.0,1973.5,13.85,129642.9,772407.7,97,18315,32768,37,299.35,1060783.90,13166689.10
2026-08-05T05:35:46+08:00,1,2,103.0,2165.9,13.26,129888.1,772407.7,98,14195,32768,36,259.20,1060784.09,13166702.91
2026-08-05T05:35:56+08:00,1,2,103.0,1973.4,12.52,151191.0,772407.7,99,19197,32768,37,243.65,1060784.22,13166702.78
2026-08-05T05:36:07+08:00,1,2,103.0,2165.8,12.45,157354.3,772407.7,99,15275,32768,37,262.92,1060784.39,13166716.61
2026-08-05T05:36:17+08:00,1,2,103.0,1973.2,12.61,156280.6,772407.7,98,20335,32768,36,265.35,1060784.55,13166695.45
2026-08-05T05:36:27+08:00,1,2,103.0,2343.7,12.75,157867.4,772407.7,70,1051,32768,33,72.44,1060784.68,13166682.32
2026-08-05T05:36:37+08:00,1,2,103.0,2165.9,12.95,157921.0,772407.7,61,8317,32768,33,72.05,1060784.84,13166719.16
2026-08-05T05:36:47+08:00,1,2,103.0,1972.9,13.18,156943.0,772407.7,98,18035,32768,37,299.64,1060784.95,13166703.05
2026-08-05T05:36:57+08:00,1,2,103.0,2165.8,12.53,157156.4,772407.7,99,14195,32768,37,253.85,1060785.11,13166694.89
2026-08-05T05:37:07+08:00,1,2,104.0,1973.1,12.14,156760.1,772407.7,99,18895,32768,36,218.03,1060785.27,13166716.73
2026-08-05T05:37:17+08:00,1,2,104.0,2166.3,12.18,158230.2,772407.7,98,15075,32768,37,288.66,1060785.42,13166719.58
2026-08-05T05:37:27+08:00,1,2,104.0,1972.9,12.92,158495.2,772407.7,98,19757,32768,36,238.28,1060785.54,13166713.46
2026-08-05T05:37:37+08:00,1,2,104.0,2166.0,12.86,158031.1,772407.7,98,15719,32768,36,190.19,1060785.73,13166728.27
2026-08-05T05:37:47+08:00,1,2,104.0,1972.9,12.44,157376.8,772407.7,96,20635,32768,37,206.98,1060785.91,13166746.09
2026-08-05T05:37:57+08:00,1,2,104.0,2018.2,12.62,157850.7,772407.7,100,2271,32768,32,72.93,1060786.11,13166762.89
2026-08-05T05:38:07+08:00,1,2,104.0,2165.9,13.88,157764.7,772407.7,66,13333,32768,33,130.42,1060786.28,13166805.72
2026-08-05T05:38:17+08:00,1,2,104.0,1973.4,13.79,157411.7,772407.7,99,18033,32768,36,286.72,1060786.46,13166883.54
2026-08-05T05:38:27+08:00,1,2,104.0,2165.8,13.21,158152.4,772407.7,99,14415,32768,37,241.38,1060786.63,13166917.37
2026-08-05T05:38:37+08:00,1,2,104.0,1972.9,13.02,158489.0,772407.7,98,19195,32768,36,215.74,1060786.84,13166950.16
2026-08-05T05:38:47+08:00,1,2,104.0,2166.7,12.62,158408.6,772407.7,99,15275,32768,37,258.23,1060787.02,13166974.98
2026-08-05T05:38:57+08:00,1,2,104.0,1972.9,12.66,157523.0,772407.7,99,20337,32768,38,284.10,1060787.23,13166985.77
2026-08-05T05:39:07+08:00,1,2,104.0,2307.0,12.41,157919.0,772407.7,85,11579,32768,34,72.58,1060787.43,13166976.57
2026-08-05T05:39:18+08:00,1,2,104.0,2047.2,12.18,157467.2,772407.7,69,20637,32768,35,70.97,1060787.65,13166950.35
2026-08-05T05:39:28+08:00,1,2,104.0,1974.2,11.71,157330.8,772407.7,99,18035,32768,37,275.55,1060787.64,13166923.36
2026-08-05T05:39:38+08:00,1,2,104.0,2165.9,11.61,157857.6,772407.7,98,14195,32768,37,278.28,1060787.64,13166895.36
2026-08-05T05:39:48+08:00,1,2,104.0,1972.9,11.98,157319.3,772407.7,98,18895,32768,36,209.69,1060787.65,13166869.35
2026-08-05T05:39:58+08:00,1,2,104.0,2166.0,12.46,158367.4,772407.7,98,15075,32768,36,254.02,1060787.68,13166885.32
2026-08-05T05:40:08+08:00,1,2,104.0,1972.9,12.63,158263.1,772407.7,98,20057,32768,38,280.40,1060787.65,13166842.35
2026-08-05T05:40:18+08:00,1,2,104.0,2166.8,12.60,157690.5,772407.7,88,15719,32768,36,219.00,1060787.69,13166838.31
2026-08-05T05:40:28+08:00,1,2,104.0,1973.6,12.58,157155.2,772407.7,92,20637,32768,36,223.67,1060787.70,13166834.30
2026-08-05T05:40:38+08:00,1,2,104.0,1972.9,11.89,157327.7,772407.7,99,18035,32768,37,316.90,1060787.69,13166820.31
2026-08-05T05:40:48+08:00,1,2,104.0,2165.8,11.44,156839.7,772407.7,97,13975,32768,36,267.15,1060787.69,13166810.31
2026-08-05T05:40:58+08:00,1,2,104.0,1972.9,11.68,156865.6,772407.7,99,18895,32768,36,206.27,1060782.46,13166817.54
2026-08-05T05:41:08+08:00,1,2,104.0,2166.4,11.11,156821.1,772407.7,99,15075,32768,37,215.39,1060782.49,13166800.51
2026-08-05T05:41:18+08:00,1,2,104.0,1972.9,11.10,156600.0,772407.7,98,20055,32768,37,221.58,1060782.50,13166829.50
2026-08-05T05:41:28+08:00,1,2,104.0,2166.5,11.10,157571.5,772407.7,89,15719,32768,36,235.69,1060782.51,13166858.49
2026-08-05T05:41:38+08:00,1,2,104.0,1974.1,11.39,157436.5,772407.7,91,20637,32768,36,230.49,1060782.52,13166871.48
2026-08-05T05:41:48+08:00,1,2,104.0,1972.9,11.65,157993.5,772407.7,87,17753,32768,35,221.09,1060782.55,13166891.45
2026-08-05T05:41:58+08:00,1,2,104.0,2165.9,12.63,158117.5,772407.7,100,13975,32768,37,297.80,1060782.57,13166891.43
2026-08-05T05:42:08+08:00,1,2,104.0,1973.9,12.81,157626.3,772407.7,99,18895,32768,37,288.96,1060782.59,13166892.41
2026-08-05T05:42:18+08:00,1,2,104.0,2165.8,12.98,158149.9,772407.7,99,15077,32768,37,281.75,1060782.61,13166900.39
2026-08-05T05:42:28+08:00,1,2,104.0,1972.9,12.60,157608.4,772407.7,98,20057,32768,37,294.30,1060783.06,13166892.94
2026-08-05T05:42:38+08:00,1,2,104.0,2165.9,12.51,158050.3,772407.7,87,15719,32768,36,226.60,1060783.02,13166878.98
2026-08-05T05:42:49+08:00,1,2,104.0,1973.0,11.62,157647.6,772407.7,89,20637,32768,36,235.69,1060783.12,13166875.88
2026-08-05T05:42:59+08:00,1,2,104.0,1973.4,11.31,157328.0,772407.7,85,17753,32768,36,285.08,1060783.17,13166856.83
2026-08-05T05:43:09+08:00,1,2,104.0,2165.9,11.05,158396.2,772407.7,100,13975,32768,37,299.15,1060783.17,13166863.83
2026-08-05T05:43:19+08:00,1,2,104.0,1972.9,11.65,157759.3,772407.7,99,18615,32768,37,274.27,1060774.76,13166849.24
2026-08-05T05:43:29+08:00,1,2,104.0,2165.9,12.77,157684.3,772407.7,98,14855,32768,38,307.69,1060774.80,13166849.20
2026-08-05T05:43:39+08:00,1,2,104.0,1972.9,12.81,158241.7,772407.7,99,19755,32768,37,303.52,1060774.83,13166816.17
2026-08-05T05:43:49+08:00,1,2,104.0,2165.9,13.06,158432.2,772407.7,98,15715,32768,37,280.40,1060782.23,13166787.77
2026-08-05T05:43:59+08:00,1,2,104.0,1973.6,12.22,157751.4,772407.7,97,20635,32768,37,227.76,1060782.42,13166747.58
2026-08-05T05:44:09+08:00,1,2,104.0,1976.2,11.80,158242.0,772407.7,100,5173,32768,32,214.76,1060782.47,13166742.53
2026-08-05T05:44:19+08:00,1,2,104.0,2165.9,11.83,158501.7,772407.7,100,13533,32768,35,304.49,1060782.53,13166749.47
2026-08-05T05:44:29+08:00,1,2,104.0,1973.3,12.03,158137.2,772407.7,99,18315,32768,36,212.12,1060783.52,13166739.48
2026-08-05T05:44:39+08:00,1,2,104.0,2165.8,12.50,157920.7,772407.7,98,14415,32768,37,270.20,1060783.55,13166762.45
2026-08-05T05:44:49+08:00,1,2,104.0,1973.3,12.94,157268.5,772407.7,99,19477,32768,38,281.38,1060782.60,13166801.40
2026-08-05T05:44:59+08:00,1,2,104.0,2165.9,13.10,157567.5,772407.7,99,15497,32768,37,262.92,1060783.48,13166820.52
2026-08-05T05:45:09+08:00,1,2,104.0,1973.2,13.08,157562.2,772407.7,99,20335,32768,37,269.23,1060783.73,13166835.27
2026-08-05T05:45:19+08:00,1,2,104.0,2309.7,12.15,157630.3,772407.7,77,1051,32768,33,72.09,1060783.75,13166881.25
2026-08-05T05:45:29+08:00,1,2,104.0,2165.9,11.76,157675.5,772407.7,90,17037,32768,34,72.00,1060783.79,13166880.21
2026-08-05T05:45:39+08:00,1,2,104.0,1972.9,11.72,157413.2,772407.7,99,17755,32768,36,272.15,1060783.85,13166882.15
2026-08-05T05:45:49+08:00,1,2,104.0,2166.5,11.99,158081.6,772407.7,99,13975,32768,36,245.59,1060783.88,13166906.12
2026-08-05T05:45:59+08:00,1,2,104.0,1972.9,12.77,158538.5,772407.7,98,18895,32768,37,304.01,1060783.93,13166906.07
2026-08-05T05:46:09+08:00,1,2,104.0,2166.2,13.33,158145.0,772407.7,99,14855,32768,37,258.55,1060783.99,13166914.01
2026-08-05T05:46:20+08:00,1,2,104.0,1974.5,13.04,157247.6,772407.7,98,19755,32768,36,247.54,1060784.09,13167572.91
2026-08-05T05:46:30+08:00,1,2,104.0,2165.9,12.28,157539.9,772407.7,98,15717,32768,38,193.84,1060784.19,13166919.81
2026-08-05T05:46:40+08:00,1,2,104.0,1972.9,12.24,157890.8,772407.7,95,20635,32768,36,237.64,1060784.28,13166915.72
2026-08-05T05:46:50+08:00,1,2,104.0,1973.1,13.15,157658.8,772407.7,85,17453,32768,35,286.42,1060784.37,13166915.63
2026-08-05T05:47:00+08:00,1,2,104.0,2165.8,13.29,157626.4,772407.7,100,13755,32768,37,218.03,1060784.47,13166932.53
2026-08-05T05:47:10+08:00,1,2,104.0,1972.9,12.73,156773.3,772407.7,98,18615,32768,36,264.38,1060784.57,13166952.43
2026-08-05T05:47:20+08:00,1,2,104.0,2166.4,13.26,156186.1,772407.7,99,14855,32768,37,249.16,1060784.66,13167201.34
2026-08-05T05:47:30+08:00,1,2,104.0,1973.2,13.31,155666.4,772407.7,99,19755,32768,37,221.09,1060784.77,13166983.23
2026-08-05T05:47:40+08:00,1,2,104.0,2166.3,12.85,155883.0,772407.7,98,15717,32768,37,212.47,1060784.87,13167004.13
2026-08-05T05:47:50+08:00,1,2,104.0,1973.7,13.54,156889.0,772407.7,99,20635,32768,37,223.04,1060784.94,13167038.06
2026-08-05T05:48:00+08:00,1,2,104.0,2018.2,13.69,157377.1,772407.7,100,2293,32768,32,131.97,1060785.09,13167062.91
2026-08-05T05:48:10+08:00,1,2,104.0,2166.2,13.03,156200.2,772407.7,100,13533,32768,35,212.82,1060785.21,13167067.79
2026-08-05T05:48:20+08:00,1,2,104.0,1972.9,13.59,156453.6,772407.7,100,18313,32768,37,293.04,1060785.37,13167069.63
2026-08-05T05:48:30+08:00,1,2,104.0,2166.5,13.12,156286.3,772407.7,98,14637,32768,37,285.75,1060785.51,13167110.49
2026-08-05T05:48:40+08:00,1,2,104.0,1973.1,12.71,156000.9,772407.7,98,19475,32768,38,246.08,1060785.64,13167166.36
2026-08-05T05:48:50+08:00,1,2,104.0,2165.9,12.82,156373.5,772407.7,98,15495,32768,37,279.43,1060785.79,13167226.21
2026-08-05T05:49:00+08:00,1,2,104.0,1973.3,12.62,156895.1,772407.7,99,20335,32768,36,255.15,1060785.93,13167192.07
2026-08-05T05:49:10+08:00,1,2,104.0,2309.7,12.46,157421.5,772407.7,82,1051,32768,33,72.44,1060786.06,13167178.94
2026-08-05T05:49:21+08:00,1,2,104.0,2165.9,12.08,156321.6,772407.7,73,7397,32768,33,71.95,1060786.20,13167165.80
2026-08-05T05:49:31+08:00,1,2,104.0,1972.9,13.10,155814.9,772407.7,99,18317,32768,37,301.09,1060786.37,13167150.63
2026-08-05T05:49:41+08:00,1,2,104.0,2166.5,12.77,156337.4,772407.7,99,14195,32768,37,271.18,1060786.50,13167128.50
2026-08-05T05:49:51+08:00,1,2,104.0,1972.9,12.86,156441.0,772407.7,98,19195,32768,36,225.96,1060786.68,13167120.32
2026-08-05T05:50:01+08:00,1,2,104.0,2166.5,12.81,156784.8,772407.7,99,15497,32768,37,306.92,1060786.86,13167113.14
2026-08-05T05:50:11+08:00,1,2,104.0,1972.9,12.08,156819.6,772407.7,98,20335,32768,37,259.37,1060787.05,13167130.95
2026-08-05T05:50:21+08:00,1,2,104.0,2309.8,11.69,156866.0,772407.7,69,7359,32768,34,72.49,1060787.24,13167130.76
2026-08-05T05:50:31+08:00,1,2,105.0,1973.2,11.81,156881.7,772407.7,84,20637,32768,36,110.07,1060787.41,13167154.59
2026-08-05T05:50:41+08:00,1,2,105.0,1972.9,11.95,156849.9,772407.7,100,18035,32768,36,224.84,1060787.58,13167181.42
2026-08-05T05:50:51+08:00,1,2,105.0,2166.1,11.34,156332.4,772407.7,97,14195,32768,37,241.70,1060787.79,13167195.21
2026-08-05T05:51:01+08:00,1,2,105.0,1972.9,11.60,156143.1,772407.7,99,19195,32768,38,244.13,1060787.96,13167239.04
2026-08-05T05:51:11+08:00,1,2,105.0,2165.9,11.64,156261.7,772407.7,99,15275,32768,38,237.97,1060788.16,13167248.84
2026-08-05T05:51:21+08:00,1,2,105.0,1972.9,11.94,155865.9,772407.7,100,20335,32768,38,289.63,1060788.36,13167268.64
2026-08-05T05:51:31+08:00,1,2,105.0,2263.9,11.73,157141.0,772407.7,84,14719,32768,35,71.95,1060788.54,13167262.46
2026-08-05T05:51:41+08:00,1,2,105.0,1972.9,11.63,156329.3,772407.7,87,20637,32768,36,158.13,1060788.54,13167276.46
2026-08-05T05:51:51+08:00,1,2,105.0,1972.9,12.13,155749.1,772407.7,95,18035,32768,37,241.38,1060788.54,13167295.46
2026-08-05T05:52:01+08:00,1,2,105.0,2167.1,12.41,156868.4,772407.7,99,14195,32768,37,224.99,1060788.54,13167307.46
2026-08-05T05:52:11+08:00,1,2,105.0,1972.9,13.00,156344.9,772407.7,100,19195,32768,37,243.32,1060788.58,13167355.42
2026-08-05T05:52:21+08:00,1,2,105.0,2165.9,12.39,156829.0,772407.7,98,15495,32768,38,306.23,1060788.57,13167561.43
2026-08-05T05:52:31+08:00,1,2,105.0,1972.9,12.25,156819.0,772407.7,99,20337,32768,36,214.76,1060788.57,13167561.43
2026-08-05T05:52:41+08:00,1,2,105.0,2309.7,11.76,157135.8,772407.7,68,1051,32768,33,72.44,1060788.81,13167627.19
2026-08-05T05:52:52+08:00,1,2,105.0,2005.6,11.41,156840.9,772407.7,91,20639,32768,35,74.93,1060789.66,13167651.34
2026-08-05T05:53:02+08:00,1,2,105.0,1972.9,11.65,156095.0,772407.7,100,18033,32768,36,299.92,1060789.66,13167664.34
2026-08-05T05:53:12+08:00,1,2,105.0,2166.7,11.10,156337.8,772407.7,99,13975,32768,37,250.62,1060784.44,13167664.56
2026-08-05T05:53:22+08:00,1,2,105.0,1973.4,11.24,156000.6,772407.7,98,18895,32768,37,302.07,1060784.45,13167620.55
2026-08-05T05:53:32+08:00,1,2,105.0,2166.5,11.53,156865.2,772407.7,98,15075,32768,37,296.73,1060784.46,13167575.54
2026-08-05T05:53:42+08:00,1,2,105.0,1972.9,12.05,156482.4,772407.7,98,19755,32768,38,245.59,1060783.30,13167528.70
2026-08-05T05:53:52+08:00,1,2,105.0,2165.9,12.19,156994.1,772407.7,98,15715,32768,37,307.12,1060783.58,13167493.42
2026-08-05T05:54:02+08:00,1,2,105.0,1972.9,11.86,155816.4,772407.7,99,20635,32768,38,240.40,1060783.60,13167465.40
2026-08-05T05:54:12+08:00,1,2,105.0,1973.5,11.89,156130.8,772407.7,100,9613,32768,34,287.50,1060783.61,13167510.39
2026-08-05T05:54:22+08:00,1,2,105.0,2166.7,11.99,156915.9,772407.7,100,13533,32768,36,283.80,1060783.63,13167485.37
2026-08-05T05:54:32+08:00,1,2,105.0,1972.9,12.24,156346.2,772407.7,98,18313,32768,36,263.89,1060783.64,13167452.36
2026-08-05T05:54:42+08:00,1,2,105.0,2166.0,11.83,156744.3,772407.7,98,14635,32768,37,277.37,1060783.68,13167425.32
2026-08-05T05:54:52+08:00,1,2,105.0,1972.9,11.31,156779.6,772407.7,99,19757,32768,37,299.35,1060783.68,13167380.32
2026-08-05T05:55:02+08:00,1,2,105.0,2166.8,11.33,156861.5,772407.7,98,15717,32768,37,268.61,1060783.71,13167340.29
2026-08-05T05:55:12+08:00,1,2,105.0,1972.9,11.14,156907.2,772407.7,98,20635,32768,37,257.43,1060783.73,13167305.27
2026-08-05T05:55:22+08:00,1,2,105.0,1988.1,11.31,156343.3,772407.7,96,1811,32768,32,72.49,1060783.73,13167276.27
2026-08-05T05:55:32+08:00,1,2,105.0,2166.0,11.66,156634.6,772407.7,66,13333,32768,34,147.99,1060783.53,13167267.47
2026-08-05T05:55:42+08:00,1,2,105.0,1973.5,11.55,155725.4,772407.7,98,18315,32768,37,313.92,1060783.59,13167245.41
2026-08-05T05:55:52+08:00,1,2,105.0,2165.9,11.78,156049.5,772407.7,98,14195,32768,36,265.70,1060783.63,13167231.37
2026-08-05T05:56:02+08:00,1,2,105.0,1973.1,12.27,155883.8,772407.7,98,19197,32768,38,301.58,1060783.67,13167220.33
2026-08-05T05:56:13+08:00,1,2,105.0,2166.0,12.23,155903.6,772407.7,98,15275,32768,37,275.55,1060783.70,13167190.30
2026-08-05T05:56:23+08:00,1,2,105.0,1972.9,11.66,156635.5,772407.7,100,20337,32768,37,217.06,1060783.74,13167839.26
2026-08-05T05:56:33+08:00,1,2,105.0,2309.8,12.00,156479.7,772407.7,90,6259,32768,34,72.00,1060784.21,13167133.79
2026-08-05T05:56:43+08:00,1,2,105.0,1990.9,12.07,156263.4,772407.7,89,20637,32768,35,79.77,1060784.25,13167117.75
2026-08-05T05:56:53+08:00,1,2,105.0,1973.5,11.74,155875.8,772407.7,99,18033,32768,37,304.78,1060784.28,13167086.72
2026-08-05T05:57:03+08:00,1,2,105.0,2166.3,12.12,156441.9,772407.7,98,14195,32768,36,213.93,1060784.33,13167061.67
2026-08-05T05:57:13+08:00,1,2,105.0,1972.9,11.73,157233.4,772407.7,98,19195,32768,38,289.63,1060784.36,13167024.64
2026-08-05T05:57:23+08:00,1,2,105.0,2165.9,11.45,157252.0,772407.7,99,15275,32768,37,220.95,1060784.39,13166990.61
2026-08-05T05:57:33+08:00,1,2,105.0,1973.4,11.25,156545.3,772407.7,100,20057,32768,37,270.03,1060784.43,13166962.57
2026-08-05T05:57:43+08:00,1,2,105.0,2198.6,11.04,157212.1,772407.7,88,15719,32768,35,76.40,1060784.48,13166929.52
2026-08-05T05:57:53+08:00,1,2,105.0,1972.9,10.80,156768.8,772407.7,91,20637,32768,36,244.13,1060784.51,13166908.49
2026-08-05T05:58:03+08:00,1,2,105.0,1973.3,10.59,157019.7,772407.7,98,18035,32768,37,246.24,1060784.54,13166893.46
2026-08-05T05:58:13+08:00,1,2,105.0,2166.5,10.67,157434.4,772407.7,98,14195,32768,37,220.46,1060784.62,13166906.38
2026-08-05T05:58:23+08:00,1,2,105.0,1972.9,10.80,157402.7,772407.7,99,19195,32768,37,213.59,1060784.71,13166902.29
2026-08-05T05:58:33+08:00,1,2,105.0,2165.8,10.92,133007.7,772407.7,99,15275,32768,37,273.30,1060784.79,13166892.21
2026-08-05T05:58:43+08:00,1,2,105.0,1972.9,10.70,132825.5,772407.7,99,20337,32768,38,294.69,1060784.62,13166876.38
2026-08-05T05:58:53+08:00,1,2,105.0,2166.8,10.82,154998.8,772407.7,87,15719,32768,36,110.07,1060782.58,13166866.42
2026-08-05T05:59:03+08:00,1,2,105.0,1972.9,10.55,156507.7,772407.7,89,20639,32768,36,240.73,1060782.67,13166845.33
2026-08-05T05:59:13+08:00,1,2,105.0,1972.9,10.25,156706.3,772407.7,99,17753,32768,35,261.95,1060773.96,13166854.04
2026-08-05T05:59:23+08:00,1,2,105.0,2166.1,9.96,156878.7,772407.7,100,13975,32768,37,256.45,1060774.68,13167204.32
2026-08-05T05:59:33+08:00,1,2,105.0,1974.2,10.36,156075.1,772407.7,99,18897,32768,36,212.82,1060774.78,13166861.22
2026-08-05T05:59:44+08:00,1,2,105.0,2165.9,10.09,156060.1,772407.7,98,15075,32768,37,270.20,1060774.87,13166887.13
2026-08-05T05:59:54+08:00,1,2,105.0,1973.4,10.21,155598.3,772407.7,99,20057,32768,37,283.13,1060781.28,13166898.72
2026-08-05T06:00:04+08:00,1,2,105.0,2165.9,10.13,155665.9,772407.7,88,15719,32768,36,223.72,1060781.43,13166902.57
2026-08-05T06:00:14+08:00,1,2,105.0,1972.9,10.74,155449.8,772407.7,94,20637,32768,36,218.66,1060781.59,13166901.41
2026-08-05T06:00:24+08:00,1,2,105.0,1973.4,10.48,155797.6,772407.7,99,17755,32768,36,262.92,1060781.79,13166889.21
2026-08-05T06:00:34+08:00,1,2,105.0,2166.2,10.54,155548.4,772407.7,99,13975,32768,36,254.36,1060782.83,13166859.17
2026-08-05T06:00:44+08:00,1,2,105.0,1974.0,10.46,155759.5,772407.7,99,18895,32768,36,259.20,1060782.99,13166862.01
2026-08-05T06:00:54+08:00,1,2,105.0,2165.9,10.53,156180.6,772407.7,98,15075,32768,36,250.62,1060783.13,13166845.87
2026-08-05T06:01:04+08:00,1,2,105.0,1972.9,10.99,156579.6,772407.7,98,20055,32768,37,268.61,1060783.93,13166847.07
2026-08-05T06:01:14+08:00,1,2,105.0,2166.5,11.84,156922.4,772407.7,87,15719,32768,36,208.44,1060784.27,13166834.73
2026-08-05T06:01:24+08:00,1,2,105.0,1972.9,12.40,156089.2,772407.7,89,20637,32768,36,229.70,1060785.37,13166827.63
2026-08-05T06:01:34+08:00,1,2,105.0,1972.9,12.26,156065.3,772407.7,94,17453,32768,34,291.58,1060785.61,13166861.39
2026-08-05T06:01:44+08:00,1,2,105.0,2165.9,11.67,155968.1,772407.7,100,13533,32768,36,280.10,1060785.76,13167011.24
2026-08-05T06:01:54+08:00,1,2,105.0,1972.9,11.56,155866.2,772407.7,97,18613,32768,37,248.19,1060785.76,13167088.24
2026-08-05T06:02:04+08:00,1,2,105.0,2165.9,11.33,156615.9,772407.7,98,14635,32768,36,233.90,1060785.91,13167121.09
2026-08-05T06:02:14+08:00,1,2,105.0,1973.5,11.76,156687.0,772407.7,98,19475,32768,37,270.56,1060786.09,13167117.91
2026-08-05T06:02:24+08:00,1,2,105.0,2165.8,11.94,156355.4,772407.7,98,15715,32768,38,298.38,1060786.27,13167117.73
2026-08-05T06:02:34+08:00,1,2,105.0,1972.9,12.56,155629.5,772407.7,100,20635,32768,38,310.60,1060785.36,13167115.64
2026-08-05T06:02:44+08:00,1,2,105.0,2310.6,13.40,156507.7,772407.7,74,1051,32768,33,72.49,1060785.73,13167118.27
2026-08-05T06:02:54+08:00,1,2,105.0,1972.9,13.80,155943.8,772407.7,88,20639,32768,36,237.97,1060785.90,13167116.10
2026-08-05T06:03:04+08:00,1,2,105.0,1972.9,13.90,155003.7,772407.7,88,17753,32768,36,242.19,1060786.09,13167095.91
2026-08-05T06:03:15+08:00,1,2,105.0,2165.8,13.38,154882.0,772407.7,100,13753,32768,37,279.13,1060786.27,13167079.73
2026-08-05T06:03:25+08:00,1,2,105.0,1973.2,13.22,155048.1,772407.7,98,18615,32768,36,218.95,1060786.62,13167090.38
2026-08-05T06:03:35+08:00,1,2,105.0,2165.9,13.35,156003.4,772407.7,99,14855,32768,37,306.92,1060786.84,13167070.16
2026-08-05T06:03:45+08:00,1,2,105.0,1973.4,13.06,155192.7,772407.7,99,19755,32768,38,277.19,1060787.03,13167057.97
2026-08-05T06:03:55+08:00,1,2,105.0,2166.7,13.28,155838.8,772407.7,97,15715,32768,37,221.43,1060787.15,13167081.85
2026-08-05T06:04:05+08:00,1,2,105.0,1972.9,13.15,155560.1,772407.7,98,20635,32768,37,216.57,1060787.17,13167062.83
2026-08-05T06:04:15+08:00,1,2,105.0,2018.2,12.97,155350.7,772407.7,100,1971,32768,32,74.49,1060787.16,13167031.84
2026-08-05T06:04:25+08:00,1,2,105.0,2165.9,12.21,155870.9,772407.7,68,1833,32768,33,119.76,1060787.16,13167000.84
2026-08-05T06:04:35+08:00,1,2,105.0,1973.4,11.85,155694.9,772407.7,99,18315,32768,37,259.37,1060787.16,13166966.84
2026-08-05T06:04:45+08:00,1,2,105.0,2165.8,11.42,155733.6,772407.7,97,14415,32768,37,272.33,1060787.16,13167618.84
2026-08-05T06:04:55+08:00,1,2,105.0,1973.1,11.12,156127.7,772407.7,99,19475,32768,38,314.48,1060787.16,13166909.84
2026-08-05T06:05:05+08:00,1,2,105.0,2166.3,11.64,156751.5,772407.7,98,15495,32768,37,216.23,1060787.16,13166892.84
2026-08-05T06:05:15+08:00,1,2,105.0,1973.7,11.16,155665.2,772407.7,99,20635,32768,38,272.15,1060787.16,13166882.84
2026-08-05T06:05:25+08:00,1,2,105.0,2018.0,11.05,155854.3,772407.7,100,1551,32768,32,72.93,1060787.17,13166864.83
2026-08-05T06:05:35+08:00,1,2,105.0,2166.0,11.65,156163.3,772407.7,87,5997,32768,33,72.00,1060782.38,13166844.62
2026-08-05T06:05:45+08:00,1,2,105.0,1972.9,11.40,156331.4,772407.7,99,18313,32768,37,296.14,1060782.40,13166831.60
2026-08-05T06:05:55+08:00,1,2,105.0,2165.9,11.87,156464.8,772407.7,99,14415,32768,37,285.08,1060782.41,13166810.59
2026-08-05T06:06:05+08:00,1,2,105.0,1972.9,12.06,157033.5,772407.7,98,19475,32768,37,301.09,1060782.42,13166804.58
2026-08-05T06:06:15+08:00,1,2,105.0,2166.5,11.82,156829.0,772407.7,98,15715,32768,37,280.59,1060782.44,13166796.56
2026-08-05T06:06:25+08:00,1,2,105.0,1973.7,11.85,155821.6,772407.7,99,20635,32768,37,293.81,1060782.45,13166789.55
2026-08-05T06:06:35+08:00,1,2,105.0,2018.0,12.19,156794.8,772407.7,69,1351,32768,33,78.79,1060782.47,13166781.53
2026-08-05T06:06:45+08:00,1,2,105.0,2166.3,12.54,157069.5,772407.7,89,15879,32768,34,72.05,1060782.48,13166787.52
2026-08-05T06:06:55+08:00,1,2,105.0,1972.9,12.54,156621.3,772407.7,100,18033,32768,37,299.35,1060782.51,13166805.49
2026-08-05T06:07:05+08:00,1,2,105.0,2165.8,12.14,156262.2,772407.7,97,14195,32768,37,273.60,1060782.53,13166791.47
2026-08-05T06:07:16+08:00,1,2,105.0,1973.2,11.57,155195.2,772407.7,99,18895,32768,37,297.41,1060782.55,13166783.45
2026-08-05T06:07:26+08:00,1,2,105.0,2165.9,11.77,156295.4,772407.7,98,15275,32768,37,293.52,1060782.56,13166782.44
2026-08-05T06:07:36+08:00,1,2,105.0,1973.2,11.56,155005.1,772407.7,99,20335,32768,38,275.06,1060782.58,13166792.42
2026-08-05T06:07:46+08:00,1,2,105.0,2255.8,11.72,156140.3,772407.7,89,14559,32768,34,71.51,1060782.59,13166796.41
2026-08-05T06:07:56+08:00,1,2,105.0,1973.5,11.54,155007.5,772407.7,91,20637,32768,36,224.50,1060782.41,13166774.59
2026-08-05T06:08:06+08:00,1,2,105.0,1972.9,12.20,155646.5,772407.7,96,17753,32768,36,246.73,1060782.44,13166759.56
2026-08-05T06:08:16+08:00,1,2,105.0,2165.9,12.17,155960.3,772407.7,100,13975,32768,37,309.63,1060782.47,13166746.53
2026-08-05T06:08:26+08:00,1,2,105.0,1972.9,11.98,156411.5,772407.7,97,18895,32768,37,290.31,1060782.51,13166755.49
2026-08-05T06:08:36+08:00,1,2,105.0,2166.5,11.74,156427.0,772407.7,98,14875,32768,37,280.89,1060782.56,13166757.44
2026-08-05T06:08:46+08:00,1,2,105.0,1973.7,12.11,155951.1,772407.7,98,19755,32768,37,217.20,1060782.59,13166770.41
2026-08-05T06:08:56+08:00,1,2,105.0,2165.9,12.23,156465.4,772407.7,95,15717,32768,37,198.61,1060782.62,13166745.38
2026-08-05T06:09:06+08:00,1,2,105.0,1973.6,11.97,155811.2,772407.7,98,20635,32768,38,268.44,1060782.66,13166730.34
2026-08-05T06:09:16+08:00,1,2,105.0,1972.9,11.80,155959.1,772407.7,100,17453,32768,34,231.65,1060782.70,13166714.30
2026-08-05T06:09:26+08:00,1,2,105.0,2165.9,11.59,155855.1,772407.7,100,13533,32768,36,225.47,1060782.74,13166711.26
2026-08-05T06:09:36+08:00,1,2,105.0,1973.1,11.56,155826.1,772407.7,97,18615,32768,37,284.59,1060782.77,13166710.23
2026-08-05T06:09:46+08:00,1,2,105.0,2166.0,13.53,156427.4,772407.7,98,14635,32768,36,235.05,1060783.78,13166697.22
2026-08-05T06:09:56+08:00,1,2,105.0,1973.3,12.84,156181.1,772407.7,98,19755,32768,38,272.63,1060783.82,13166701.18
2026-08-05T06:10:06+08:00,1,2,105.0,2165.8,12.70,156352.9,772407.7,98,15715,32768,37,302.55,1060783.85,13166711.15
2026-08-05T06:10:16+08:00,1,2,105.0,1972.9,12.28,156036.5,772407.7,99,20635,32768,37,221.77,1060783.89,13166713.11
2026-08-05T06:10:26+08:00,1,2,105.0,1972.9,12.48,156090.2,772407.7,100,8235,32768,33,301.09,1060782.96,13166709.04
2026-08-05T06:10:37+08:00,1,2,105.0,2166.5,12.34,156515.0,772407.7,100,13533,32768,35,231.31,1060783.00,13166702.00
2026-08-05T06:10:47+08:00,1,2,105.0,1972.9,12.57,156102.1,772407.7,98,18615,32768,37,283.13,1060783.18,13167089.82
2026-08-05T06:10:57+08:00,1,2,105.0,2166.3,12.55,156565.1,772407.7,98,14635,32768,37,278.16,1060783.28,13166758.72
2026-08-05T06:11:07+08:00,1,2,105.0,1972.9,13.15,157680.2,772407.7,98,19475,32768,37,259.52,1060783.38,13166784.62
2026-08-05T06:11:17+08:00,1,2,105.0,2165.9,13.66,158082.5,772407.7,98,15715,32768,37,220.12,1060783.49,13166807.51
2026-08-05T06:11:27+08:00,1,2,105.0,1972.9,15.70,158392.1,772407.7,99,20637,32768,38,314.48,1060783.58,13166904.42
2026-08-05T06:11:37+08:00,1,2,105.0,1976.2,15.50,158547.0,772407.7,100,1651,32768,32,72.93,1060783.67,13167059.33
2026-08-05T06:11:47+08:00,1,2,105.0,2166.0,15.27,158856.3,772407.7,75,4113,32768,33,209.76,1060783.77,13167169.23
2026-08-05T06:11:57+08:00,1,2,105.0,1972.9,14.92,157868.9,772407.7,99,18315,32768,37,275.06,1060783.86,13167205.14
2026-08-05T06:12:07+08:00,1,2,105.0,2166.0,15.35,157632.1,772407.7,99,14195,32768,36,247.21,1060783.96,13167220.04
2026-08-05T06:12:17+08:00,1,2,105.0,1972.9,14.74,157234.9,772407.7,99,19195,32768,36,222.21,1060784.06,13167252.94
2026-08-05T06:12:27+08:00,1,2,105.0,2165.8,13.99,158003.0,772407.7,98,15495,32768,38,297.21,1060784.16,13167252.84
2026-08-05T06:12:37+08:00,1,2,105.0,1973.2,13.46,157104.2,772407.7,100,20335,32768,37,244.29,1060784.28,13167263.72
2026-08-05T06:12:47+08:00,1,2,105.0,2285.9,13.16,157718.8,772407.7,84,13099,32768,34,71.95,1060784.41,13167294.59
2026-08-05T06:12:57+08:00,1,2,105.0,1979.6,12.81,157162.8,772407.7,90,20637,32768,35,84.17,1060784.57,13167347.43
2026-08-05T06:13:07+08:00,1,2,105.0,1972.9,12.43,156439.6,772407.7,99,18035,32768,36,274.27,1060784.71,13167475.29
2026-08-05T06:13:17+08:00,1,2,105.0,2165.8,11.91,156179.6,772407.7,98,14195,32768,37,299.83,1060784.84,13167527.16
2026-08-05T06:13:27+08:00,1,2,105.0,1973.6,11.92,155480.0,772407.7,99,19197,32768,37,306.64,1060784.98,13167555.02
2026-08-05T06:13:37+08:00,1,2,105.0,2165.9,11.38,155380.6,772407.7,99,15275,32768,37,276.88,1060785.12,13167571.88
2026-08-05T06:13:47+08:00,1,2,105.0,1973.2,12.03,156049.8,772407.7,98,20055,32768,37,274.58,1060785.28,13167557.72
2026-08-05T06:13:57+08:00,1,2,105.0,2199.9,12.41,156163.5,772407.7,90,15719,32768,35,72.93,1060785.43,13167547.57
2026-08-05T06:14:08+08:00,1,2,105.0,1972.9,12.57,155943.0,772407.7,91,20637,32768,36,224.50,1060785.56,13167528.44
2026-08-05T06:14:18+08:00,1,2,105.0,1972.9,11.78,155863.1,772407.7,99,18033,32768,37,282.83,1060785.70,13167515.30
2026-08-05T06:14:28+08:00,1,2,105.0,2166.3,11.67,156447.5,772407.7,99,13973,32768,36,273.60,1060785.86,13167494.14
2026-08-05T06:14:38+08:00,1,2,105.0,1972.9,11.72,156109.1,772407.7,98,18897,32768,37,287.02,1060786.01,13167455.99
2026-08-05T06:14:48+08:00,1,2,105.0,2165.8,11.86,156292.9,772407.7,98,15075,32768,37,293.23,1060786.19,13167452.81
2026-08-05T06:14:58+08:00,1,2,105.0,1972.9,12.05,156417.8,772407.7,99,20055,32768,38,276.52,1060786.39,13167454.61
2026-08-05T06:15:08+08:00,1,2,105.0,2165.9,11.72,156439.5,772407.7,90,15719,32768,36,222.89,1060787.00,13167445.00
2026-08-05T06:15:18+08:00,1,2,105.0,1973.6,11.69,156122.7,772407.7,88,20637,32768,36,212.96,1060778.37,13167445.63
2026-08-05T06:15:28+08:00,1,2,105.0,1972.9,11.29,156384.3,772407.7,97,17453,32768,34,227.27,1060779.72,13167439.28
2026-08-05T06:15:38+08:00,1,2,105.0,2166.2,11.64,156972.7,772407.7,100,13535,32768,36,213.30,1060779.88,13167420.12
2026-08-05T06:15:48+08:00,1,2,105.0,1973.4,12.31,156393.3,772407.7,99,18315,32768,37,212.47,1060780.07,13167410.93
2026-08-05T06:15:58+08:00,1,2,105.0,2165.8,12.49,156601.0,772407.7,98,14415,32768,37,294.01,1060782.44,13167385.56
2026-08-05T06:16:08+08:00,1,2,105.0,1972.9,12.95,156358.6,772407.7,98,19195,32768,37,206.49,1060786.36,13167352.64
2026-08-05T06:16:18+08:00,1,2,105.0,2165.8,12.81,156479.3,772407.7,98,15275,32768,37,219.49,1060786.46,13167343.54
2026-08-05T06:16:28+08:00,1,2,105.0,1972.9,13.01,156263.8,772407.7,99,20055,32768,37,268.88,1060786.45,13167335.55
2026-08-05T06:16:38+08:00,1,2,105.0,2166.9,13.17,156419.2,772407.7,87,15719,32768,36,224.99,1060787.43,13167331.57
2026-08-05T06:16:48+08:00,1,2,105.0,1973.3,12.98,156426.9,772407.7,88,20637,32768,36,233.59,1060787.43,13167645.57
2026-08-05T06:16:58+08:00,1,2,105.0,1972.9,12.75,156263.1,772407.7,100,17753,32768,36,258.23,1060788.26,13167265.74
2026-08-05T06:17:08+08:00,1,2,105.0,2166.1,12.08,156407.7,772407.7,98,13975,32768,37,298.18,1060788.94,13167249.06
2026-08-05T06:17:18+08:00,1,2,105.0,1972.9,12.15,157063.6,772407.7,99,18895,32768,37,300.81,1060789.08,13167277.92
2026-08-05T06:17:28+08:00,1,2,105.0,2165.9,11.51,157189.0,772407.7,97,15075,32768,37,307.69,1060789.08,13167251.92
2026-08-05T06:17:39+08:00,1,2,105.0,1973.1,11.27,157205.0,772407.7,100,19755,32768,37,290.12,1060789.08,13167211.92
2026-08-05T06:17:49+08:00,1,2,105.0,2166.5,11.30,156746.0,772407.7,92,15717,32768,36,219.49,1060782.92,13167188.08
2026-08-05T06:17:59+08:00,1,2,105.0,1972.9,12.38,156924.2,772407.7,89,20637,32768,36,226.45,1060783.11,13167168.89
2026-08-05T06:18:09+08:00,1,2,105.0,1972.9,12.39,156790.3,772407.7,84,17755,32768,36,296.92,1060783.13,13167142.87
2026-08-05T06:18:19+08:00,1,2,105.0,2166.3,11.73,156723.5,772407.7,100,13755,32768,36,247.05,1060783.13,13167103.87
2026-08-05T06:18:29+08:00,1,2,105.0,1972.9,11.60,157167.2,772407.7,98,18615,32768,37,283.32,1060783.15,13167070.85
2026-08-05T06:18:39+08:00,1,2,105.0,2165.9,11.83,157218.3,772407.7,99,14855,32768,38,279.43,1060783.17,13167032.83
2026-08-05T06:18:49+08:00,1,2,105.0,1972.9,11.87,156597.2,772407.7,99,19757,32768,37,302.26,1060783.19,13166998.81
2026-08-05T06:18:59+08:00,1,2,105.0,2166.5,11.73,156310.5,772407.7,99,15715,32768,37,223.67,1060783.21,13166967.79
2026-08-05T06:19:09+08:00,1,2,105.0,1972.9,11.15,155990.9,772407.7,98,20635,32768,37,236.67,1060783.22,13166938.78
2026-08-05T06:19:19+08:00,1,2,105.0,1972.9,11.38,155174.2,772407.7,100,5173,32768,33,218.03,1060783.25,13166916.75
2026-08-05T06:19:29+08:00,1,2,105.0,2166.5,11.62,155749.5,772407.7,100,13533,32768,36,284.67,1060783.26,13166900.74
2026-08-05T06:19:39+08:00,1,2,105.0,1973.1,11.83,155521.5,772407.7,99,18315,32768,36,221.92,1060783.27,13166894.73
2026-08-05T06:19:49+08:00,1,2,105.0,2165.9,11.87,156750.7,772407.7,99,14415,32768,37,293.04,1060783.30,13167544.70
2026-08-05T06:19:59+08:00,1,2,105.0,1973.6,12.50,156368.1,772407.7,98,19195,32768,36,237.80,1060783.32,13166857.68
2026-08-05T06:20:09+08:00,1,2,105.0,2166.4,13.60,156203.4,772407.7,99,15275,32768,38,266.01,1060783.32,13166841.68
2026-08-05T06:20:19+08:00,1,2,105.0,1972.9,13.42,156161.3,772407.7,98,20335,32768,37,295.17,1060783.14,13166833.86
2026-08-05T06:20:29+08:00,1,2,105.0,2167.9,13.29,156662.9,772407.7,89,15719,32768,35,88.08,1060783.19,13166815.81
2026-08-05T06:20:39+08:00,1,2,105.0,1972.9,13.08,157210.7,772407.7,89,20639,32768,36,234.57,1060783.22,13166819.78
2026-08-05T06:20:49+08:00,1,2,106.0,1972.9,12.53,156593.9,772407.7,98,17753,32768,35,235.05,1060783.25,13166825.75
2026-08-05T06:20:59+08:00,1,2,106.0,2166.5,12.28,157146.0,772407.7,99,13975,32768,36,295.07,1060783.29,13166838.71
2026-08-05T06:21:10+08:00,1,2,106.0,1972.9,12.53,156517.6,772407.7,99,18895,32768,36,215.74,1060783.34,13166825.66
2026-08-05T06:21:20+08:00,1,2,105.0,2166.9,11.89,157919.7,772407.7,98,14855,32768,36,263.09,1060783.43,13166834.57
2026-08-05T06:21:30+08:00,1,2,105.0,1973.8,11.96,131341.0,772407.7,100,20055,32768,38,277.49,1060783.47,13166863.53
2026-08-05T06:21:40+08:00,1,2,105.0,2165.8,11.74,131800.9,772407.7,91,15719,32768,36,230.19,1060783.51,13166885.49
2026-08-05T06:21:50+08:00,1,2,106.0,1973.4,11.78,153300.0,772407.7,91,20637,32768,36,241.54,1060783.54,13166898.46
2026-08-05T06:22:00+08:00,1,2,106.0,1972.9,11.79,157399.8,772407.7,92,17753,32768,36,291.58,1060783.57,13166905.43
2026-08-05T06:22:10+08:00,1,2,106.0,2166.3,11.67,158013.9,772407.7,100,13975,32768,37,309.27,1060783.61,13166926.39
2026-08-05T06:22:20+08:00,1,2,106.0,1973.0,11.42,157150.0,772407.7,99,18897,32768,37,288.85,1060783.88,13166926.12
2026-08-05T06:22:30+08:00,1,2,106.0,2166.3,11.72,157601.2,772407.7,98,15075,32768,37,292.55,1060783.92,13166949.08
2026-08-05T06:22:40+08:00,1,2,106.0,1973.7,11.31,157063.2,772407.7,98,20055,32768,38,293.81,1060783.96,13166967.04
2026-08-05T06:22:50+08:00,1,2,106.0,2166.0,11.60,157158.3,772407.7,95,15719,32768,36,224.35,1060784.00,13166991.00
2026-08-05T06:23:00+08:00,1,2,106.0,1972.9,11.51,156353.4,772407.7,93,20637,32768,36,239.43,1060784.47,13166955.53
2026-08-05T06:23:10+08:00,1,2,106.0,1972.9,11.67,156635.3,772407.7,88,17753,32768,36,277.79,1060784.57,13166943.43
2026-08-05T06:23:20+08:00,1,2,106.0,2165.8,12.09,157032.4,772407.7,100,13757,32768,36,270.03,1060784.66,13166948.34
2026-08-05T06:23:30+08:00,1,2,106.0,1972.9,12.18,157059.2,772407.7,100,18615,32768,37,286.23,1060785.51,13166928.49
2026-08-05T06:23:40+08:00,1,2,106.0,2167.2,11.70,156894.9,772407.7,99,14855,32768,37,295.95,1060785.61,13166930.39
2026-08-05T06:23:50+08:00,1,2,106.0,1972.9,11.29,156851.2,772407.7,99,20055,32768,37,309.35,1060785.71,13166920.29
2026-08-05T06:24:00+08:00,1,2,106.0,2165.9,10.85,156971.6,772407.7,98,15719,32768,37,197.37,1060785.79,13166913.21
2026-08-05T06:24:10+08:00,1,2,106.0,1972.9,10.65,156557.3,772407.7,96,20637,32768,36,233.75,1060785.04,13166899.96
2026-08-05T06:24:20+08:00,1,2,106.0,1973.5,11.07,156217.6,772407.7,100,17453,32768,33,177.27,1060785.32,13166895.68
2026-08-05T06:24:31+08:00,1,2,106.0,2165.9,11.67,156442.3,772407.7,100,13753,32768,37,288.47,1060785.41,13166877.59
2026-08-05T06:24:41+08:00,1,2,106.0,1972.9,11.26,157086.2,772407.7,99,18617,32768,37,269.41,1060785.50,13166880.50
2026-08-05T06:24:51+08:00,1,2,106.0,2166.3,11.30,157573.2,772407.7,98,14855,32768,37,276.82,1060785.60,13166889.40
2026-08-05T06:25:01+08:00,1,2,106.0,1972.9,11.48,157663.3,772407.7,98,19755,32768,37,239.10,1060785.74,13166891.26
2026-08-05T06:25:11+08:00,1,2,106.0,2165.9,11.18,158040.7,772407.7,98,15715,32768,37,303.52,1060785.88,13166939.12
2026-08-05T06:25:21+08:00,1,2,106.0,1972.9,11.85,158586.9,772407.7,98,20635,32768,37,284.59,1060786.04,13166972.96
2026-08-05T06:25:31+08:00,1,2,106.0,2018.2,12.23,158133.3,772407.7,100,2271,32768,32,72.93,1060786.20,13166964.80
2026-08-05T06:25:41+08:00,1,2,106.0,2166.0,12.80,158199.3,772407.7,100,13533,32768,36,219.63,1060786.33,13166977.67
2026-08-05T06:25:51+08:00,1,2,106.0,1972.9,12.89,158209.0,772407.7,98,18315,32768,37,282.23,1060786.46,13166985.54
2026-08-05T06:26:01+08:00,1,2,106.0,2166.0,12.37,158087.5,772407.7,98,14415,32768,37,266.80,1060786.59,13166974.41
2026-08-05T06:26:11+08:00,1,2,106.0,1972.9,12.45,157492.0,772407.7,98,19475,32768,38,289.93,1060786.72,13167619.28
2026-08-05T06:26:21+08:00,1,2,106.0,2165.9,12.12,157742.2,772407.7,97,15275,32768,36,256.77,1060786.88,13166931.12
2026-08-05T06:26:31+08:00,1,2,106.0,1973.1,11.94,156405.6,772407.7,99,20337,32768,38,283.32,1060787.01,13166904.99
2026-08-05T06:26:41+08:00,1,2,106.0,2166.0,11.89,157091.2,772407.7,87,15719,32768,36,229.67,1060787.16,13166892.84
2026-08-05T06:26:51+08:00,1,2,106.0,1972.9,11.80,157140.3,772407.7,91,20637,32768,36,245.59,1060787.33,13166899.67
2026-08-05T06:27:01+08:00,1,2,106.0,1972.9,11.84,156969.9,772407.7,99,17753,32768,35,199.81,1060787.49,13166900.51
2026-08-05T06:27:11+08:00,1,2,106.0,2165.8,11.32,156932.5,772407.7,98,13975,32768,37,253.85,1060787.68,13166899.32
2026-08-05T06:27:21+08:00,1,2,106.0,1972.9,11.25,156380.9,772407.7,99,18895,32768,37,209.55,1060787.85,13166908.15
2026-08-05T06:27:31+08:00,1,2,106.0,2166.6,11.37,157002.1,772407.7,98,15075,32768,37,305.75,1060788.02,13166953.98
2026-08-05T06:27:41+08:00,1,2,106.0,1973.0,11.47,157655.2,772407.7,99,20055,32768,38,261.32,1060788.17,13166948.83
2026-08-05T06:27:52+08:00,1,2,106.0,2165.9,11.09,157432.0,772407.7,92,15719,32768,36,224.50,1060788.35,13166931.65
2026-08-05T06:28:02+08:00,1,2,106.0,1973.2,10.99,157259.1,772407.7,89,20637,32768,36,222.75,1060788.53,13167103.47
2026-08-05T06:28:12+08:00,1,2,106.0,1973.6,10.91,156930.9,772407.7,85,17753,32768,35,308.30,1060788.72,13167121.28
2026-08-05T06:28:22+08:00,1,2,106.0,2166.5,11.31,156551.0,772407.7,100,13975,32768,37,290.71,1060789.45,13167144.55
2026-08-05T06:28:32+08:00,1,2,106.0,1972.9,11.43,156263.7,772407.7,98,18895,32768,37,300.41,1060789.59,13167152.41
2026-08-05T06:28:42+08:00,1,2,106.0,2166.2,10.89,156617.6,772407.7,99,15075,32768,37,297.70,1060789.16,13167156.84
2026-08-05T06:28:52+08:00,1,2,106.0,1972.9,10.88,156443.3,772407.7,99,20055,32768,37,225.32,1060789.21,13167136.79
2026-08-05T06:29:02+08:00,1,2,106.0,2165.8,11.13,156380.4,772407.7,92,15719,32768,36,207.95,1060789.22,13167492.78
2026-08-05T06:29:12+08:00,1,2,106.0,1972.9,11.27,155951.4,772407.7,92,20637,32768,36,231.01,1060789.21,13167130.79
2026-08-05T06:29:22+08:00,1,2,106.0,1973.5,11.20,155877.3,772407.7,87,17753,32768,35,236.03,1060789.21,13167107.79
2026-08-05T06:29:32+08:00,1,2,106.0,2166.5,11.08,156139.7,772407.7,99,13975,32768,37,260.49,1060789.21,13167111.79
2026-08-05T06:29:42+08:00,1,2,106.0,1972.9,12.07,155644.6,772407.7,99,18895,32768,37,293.23,1060789.21,13167087.79
2026-08-05T06:29:52+08:00,1,2,106.0,2166.3,14.99,156057.1,772407.7,99,15075,32768,37,215.25,1060789.21,13167067.79
2026-08-05T06:30:02+08:00,1,2,106.0,1973.2,14.32,155809.6,772407.7,99,20055,32768,36,216.51,1060789.23,13167054.77
2026-08-05T06:30:12+08:00,1,2,106.0,2165.9,15.14,156321.5,772407.7,89,15719,32768,36,202.38,1060784.25,13167046.75
2026-08-05T06:30:22+08:00,1,2,106.0,1972.9,14.20,155950.4,772407.7,92,20637,32768,36,242.68,1060784.26,13167040.74
2026-08-05T06:30:32+08:00,1,2,106.0,1973.8,13.46,156277.5,772407.7,83,17753,32768,36,274.76,1060784.27,13167016.73
2026-08-05T06:30:42+08:00,1,2,106.0,2165.9,13.17,157151.5,772407.7,98,13975,32768,37,286.53,1060784.36,13166982.64
2026-08-05T06:30:52+08:00,1,2,106.0,1972.9,12.62,157027.9,772407.7,100,18895,32768,36,212.82,1060777.30,13166955.70
2026-08-05T06:31:02+08:00,1,2,106.0,2166.0,12.09,157247.2,772407.7,98,15077,32768,37,301.09,1060777.41,13166924.59
2026-08-05T06:31:13+08:00,1,2,106.0,1972.9,11.78,157298.4,772407.7,99,20055,32768,36,217.20,1060777.42,13166899.58
2026-08-05T06:31:23+08:00,1,2,106.0,2165.9,11.37,158043.8,772407.7,93,15719,32768,36,217.40,1060778.38,13166885.62
2026-08-05T06:31:33+08:00,1,2,106.0,1972.9,11.67,158139.8,772407.7,92,20637,32768,36,233.90,1060783.40,13166882.60
2026-08-05T06:31:43+08:00,1,2,106.0,1973.2,11.49,159448.7,772407.7,98,17453,32768,33,202.11,1060783.42,13166875.58
2026-08-05T06:31:53+08:00,1,2,106.0,2166.6,12.10,159823.1,772407.7,100,13753,32768,36,310.04,1060783.10,13166875.90
2026-08-05T06:32:03+08:00,1,2,106.0,1973.7,12.33,158881.8,772407.7,99,18615,32768,36,247.05,1060784.11,13166857.89
2026-08-05T06:32:13+08:00,1,2,106.0,2166.4,11.80,159038.3,772407.7,98,14855,32768,37,219.15,1060784.12,13167503.88
2026-08-05T06:32:23+08:00,1,2,106.0,1972.9,12.69,159014.9,772407.7,98,19755,32768,38,301.58,1060784.16,13166825.84
2026-08-05T06:32:33+08:00,1,2,106.0,2166.0,12.66,158717.3,772407.7,99,15515,32768,37,280.10,1060784.78,13166818.22
2026-08-05T06:32:43+08:00,1,2,106.0,1973.4,12.88,158037.3,772407.7,99,20635,32768,37,250.30,1060784.74,13166807.26
2026-08-05T06:32:53+08:00,1,2,106.0,2310.0,12.75,158596.3,772407.7,67,1051,32768,33,72.00,1060784.80,13166798.20
2026-08-05T06:33:03+08:00,1,2,106.0,2166.5,12.72,157735.7,772407.7,62,9797,32768,33,72.00,1060784.95,13166769.05
2026-08-05T06:33:13+08:00,1,2,106.0,1973.2,12.47,157222.5,772407.7,99,18037,32768,36,213.79,1060784.99,13166791.01
2026-08-05T06:33:23+08:00,1,2,106.0,2165.8,11.77,157162.4,772407.7,98,14415,32768,37,292.55,1060784.90,13166783.10
2026-08-05T06:33:33+08:00,1,2,106.0,1972.9,11.19,156944.3,772407.7,99,19477,32768,38,300.61,1060784.97,13166773.03
2026-08-05T06:33:43+08:00,1,2,106.0,2165.9,10.55,157325.2,772407.7,98,15275,32768,37,261.80,1060781.97,13166768.03
2026-08-05T06:33:53+08:00,1,2,106.0,1972.9,10.31,156832.4,772407.7,98,20335,32768,38,304.98,1060782.01,13166785.99
2026-08-05T06:34:03+08:00,1,2,106.0,2166.3,10.34,158492.9,772407.7,89,15719,32768,36,222.55,1060782.05,13166788.95
2026-08-05T06:34:13+08:00,1,2,106.0,1972.9,10.67,157394.7,772407.7,89,20637,32768,36,196.76,1060782.09,13166808.91
2026-08-05T06:34:23+08:00,1,2,106.0,1973.3,10.73,157177.4,772407.7,99,17753,32768,35,219.15,1060782.12,13167491.88
2026-08-05T06:34:34+08:00,1,2,106.0,2166.4,10.61,158144.8,772407.7,98,13975,32768,37,254.99,1060782.16,13166811.84
2026-08-05T06:34:44+08:00,1,2,106.0,1973.7,11.26,157468.6,772407.7,98,18895,32768,37,247.54,1060782.20,13166833.80
2026-08-05T06:34:54+08:00,1,2,106.0,2165.8,11.20,157251.9,772407.7,99,15137,32768,37,271.00,1060782.24,13166827.76
2026-08-05T06:35:04+08:00,1,2,106.0,1973.2,11.02,157328.4,772407.7,99,20335,32768,38,270.03,1060782.27,13166832.73
2026-08-05T06:35:14+08:00,1,2,106.0,2166.0,10.79,157313.4,772407.7,82,15719,32768,36,226.93,1060782.31,13166829.69
2026-08-05T06:35:24+08:00,1,2,106.0,1972.9,10.74,157598.1,772407.7,90,20637,32768,36,237.49,1060782.36,13166832.64
2026-08-05T06:35:34+08:00,1,2,106.0,1973.2,10.70,157183.3,772407.7,92,17753,32768,36,220.95,1060782.44,13166825.56
2026-08-05T06:35:44+08:00,1,2,106.0,2165.8,10.83,157060.9,772407.7,99,13975,32768,37,282.83,1060782.54,13166823.46
2026-08-05T06:35:54+08:00,1,2,106.0,1973.5,10.69,156757.6,772407.7,99,18895,32768,37,310.80,1060782.63,13166829.37
2026-08-05T06:36:04+08:00,1,2,106.0,2166.5,11.05,156919.1,772407.7,98,15075,32768,38,307.69,1060782.74,13166823.26
2026-08-05T06:36:14+08:00,1,2,106.0,1972.9,10.57,156288.0,772407.7,99,19755,32768,37,293.81,1060782.83,13166879.17
2026-08-05T06:36:24+08:00,1,2,106.0,2166.3,10.73,157053.8,772407.7,98,15715,32768,37,299.06,1060782.93,13166867.07
2026-08-05T06:36:34+08:00,1,2,106.0,1972.9,10.67,156537.2,772407.7,100,20635,32768,38,300.12,1060783.46,13166843.54
2026-08-05T06:36:44+08:00,1,2,106.0,2018.1,11.07,157752.3,772407.7,100,1971,32768,32,73.91,1060783.56,13166862.44
2026-08-05T06:36:54+08:00,1,2,106.0,2165.9,11.68,157036.7,772407.7,80,13333,32768,34,229.70,1060783.65,13166825.35
2026-08-05T06:37:04+08:00,1,2,106.0,1973.2,11.73,157373.8,772407.7,98,18035,32768,36,251.43,1060783.76,13166785.24
2026-08-05T06:37:14+08:00,1,2,106.0,2165.8,11.39,157191.6,772407.7,99,14415,32768,37,273.12,1060783.85,13166767.15
2026-08-05T06:37:24+08:00,1,2,106.0,1973.7,11.55,157610.5,772407.7,100,19477,32768,38,246.08,1060783.97,13167369.03
2026-08-05T06:37:34+08:00,1,2,106.0,2165.9,11.46,158040.9,772407.7,98,15495,32768,37,252.72,1060784.11,13166682.89
2026-08-05T06:37:44+08:00,1,2,106.0,1972.9,11.23,157802.1,772407.7,97,20635,32768,37,210.38,1060784.28,13166655.72
2026-08-05T06:37:54+08:00,1,2,106.0,2310.1,10.72,158071.1,772407.7,72,1051,32768,33,72.00,1060784.40,13166635.60
2026-08-05T06:38:05+08:00,1,2,106.0,2147.8,11.08,158622.7,772407.7,81,19777,32768,34,70.58,1060784.55,13166647.45
2026-08-05T06:38:15+08:00,1,2,106.0,1972.9,11.85,158774.8,772407.7,99,17753,32768,35,227.76,1060784.68,13166658.32
2026-08-05T06:38:25+08:00,1,2,106.0,2166.7,12.01,158120.0,772407.7,100,13975,32768,37,278.64,1060784.83,13166676.17
2026-08-05T06:38:35+08:00,1,2,106.0,1973.4,11.56,158039.3,772407.7,98,18895,32768,37,233.11,1060784.83,13166681.17
2026-08-05T06:38:45+08:00,1,2,106.0,2165.8,12.26,158616.6,772407.7,99,15077,32768,38,311.29,1060784.99,13166704.01
2026-08-05T06:38:55+08:00,1,2,106.0,1972.9,12.16,158953.8,772407.7,100,20055,32768,38,302.07,1060785.13,13166736.87
2026-08-05T06:39:05+08:00,1,2,106.0,2165.9,12.31,157574.8,772407.7,93,15717,32768,36,225.32,1060785.26,13166761.74
2026-08-05T06:39:15+08:00,1,2,106.0,1972.9,12.99,157398.3,772407.7,92,20637,32768,36,236.67,1060785.40,13166791.60
2026-08-05T06:39:25+08:00,1,2,106.0,1973.4,12.85,156611.9,772407.7,96,17453,32768,33,126.51,1060785.59,13166816.41
2026-08-05T06:39:35+08:00,1,2,106.0,2165.8,12.34,156252.8,772407.7,100,13535,32768,36,228.06,1060785.77,13166869.23
2026-08-05T06:39:45+08:00,1,2,106.0,1972.9,12.08,157007.4,772407.7,98,18615,32768,37,284.59,1060785.94,13166884.06
2026-08-05T06:39:55+08:00,1,2,106.0,2165.9,12.47,156694.0,772407.7,99,14635,32768,37,251.59,1060786.11,13166918.89
2026-08-05T06:40:05+08:00,1,2,106.0,1973.5,12.84,157113.5,772407.7,98,19475,32768,38,228.73,1060786.28,13166942.72
2026-08-05T06:40:15+08:00,1,2,106.0,2165.9,12.89,156552.2,772407.7,98,15495,32768,37,259.83,1060786.42,13166992.58
2026-08-05T06:40:25+08:00,1,2,106.0,1972.9,12.15,155707.0,772407.7,100,20635,32768,37,242.68,1060786.64,13166985.36
2026-08-05T06:40:35+08:00,1,2,106.0,2017.8,11.80,156085.1,772407.7,69,1251,32768,33,73.47,1060786.80,13167007.20
2026-08-05T06:40:45+08:00,1,2,106.0,2165.9,12.16,156825.3,772407.7,63,12599,32768,34,72.44,1060787.02,13167009.98
2026-08-05T06:40:55+08:00,1,2,106.0,1972.9,12.14,156297.2,772407.7,100,17753,32768,36,280.29,1060787.21,13167016.79
2026-08-05T06:41:05+08:00,1,2,106.0,2165.9,12.26,156776.9,772407.7,100,13973,32768,37,229.70,1060787.41,13167031.59
2026-08-05T06:41:15+08:00,1,2,106.0,1973.2,12.62,156580.8,772407.7,98,18895,32768,37,291.68,1060787.45,13167032.55
2026-08-05T06:41:25+08:00,1,2,106.0,2165.9,12.29,156533.7,772407.7,98,14855,32768,38,292.36,1060787.45,13167011.55
2026-08-05T06:41:35+08:00,1,2,106.0,1973.7,12.31,156170.2,772407.7,99,19757,32768,37,283.32,1060787.47,13167011.53
2026-08-05T06:41:45+08:00,1,2,106.0,2165.8,11.89,156712.1,772407.7,98,15715,32768,38,252.88,1060787.46,13167034.54
2026-08-05T06:41:55+08:00,1,2,106.0,1972.9,11.77,156476.3,772407.7,98,20635,32768,37,232.47,1060787.46,13167036.54
2026-08-05T06:42:06+08:00,1,2,106.0,2018.1,12.16,156569.5,772407.7,100,1511,32768,32,78.36,1060787.46,13167123.54
2026-08-05T06:42:16+08:00,1,2,106.0,2165.9,11.99,156068.4,772407.7,69,1339,32768,33,72.05,1060787.46,13167171.54
2026-08-05T06:42:26+08:00,1,2,106.0,1973.2,11.84,156281.6,772407.7,92,18035,32768,36,237.00,1060787.46,13167188.54
2026-08-05T06:42:36+08:00,1,2,106.0,2165.8,11.80,156434.8,772407.7,98,14195,32768,37,262.92,1060787.46,13167184.54
2026-08-05T06:42:46+08:00,1,2,106.0,1973.1,12.72,156270.3,772407.7,100,19195,32768,37,292.55,1060782.24,13167173.76
2026-08-05T06:42:56+08:00,1,2,106.0,2166.9,12.30,155820.7,772407.7,98,15495,32768,37,255.31,1060782.26,13167147.74
2026-08-05T06:43:06+08:00,1,2,106.0,1972.9,12.19,155655.9,772407.7,100,20635,32768,38,311.98,1060782.27,13167110.73
2026-08-05T06:43:16+08:00,1,2,106.0,1976.0,11.39,155568.4,772407.7,76,1351,32768,33,74.98,1060782.28,13167081.72
2026-08-05T06:43:26+08:00,1,2,106.0,2166.0,11.42,156486.7,772407.7,71,6413,32768,34,258.55,1060782.30,13167056.70
2026-08-05T06:43:36+08:00,1,2,106.0,1972.9,11.50,156304.5,772407.7,97,18035,32768,36,218.95,1060782.32,13167048.68
2026-08-05T06:43:46+08:00,1,2,106.0,2165.9,11.87,156477.2,772407.7,98,14195,32768,36,267.29,1060782.34,13167014.66
2026-08-05T06:43:56+08:00,1,2,106.0,1972.9,12.21,155890.4,772407.7,98,19195,32768,37,301.58,1060782.35,13167010.65
2026-08-05T06:44:06+08:00,1,2,106.0,2166.0,12.04,156412.1,772407.7,99,15275,32768,37,220.46,1060782.37,13167038.63
2026-08-05T06:44:16+08:00,1,2,106.0,1974.0,13.12,156895.0,772407.7,98,20335,32768,37,211.98,1060782.41,13167026.59
2026-08-05T06:44:26+08:00,1,2,106.0,2199.9,13.25,131815.4,772407.7,90,15719,32768,35,75.91,1060782.42,13167022.58
2026-08-05T06:44:36+08:00,1,2,106.0,1972.9,12.67,132130.1,772407.7,88,20637,32768,36,242.35,1060782.44,13167023.56
2026-08-05T06:44:46+08:00,1,2,106.0,1972.9,12.96,150997.0,772407.7,99,17753,32768,35,227.27,1060782.46,13167019.54
2026-08-05T06:44:56+08:00,1,2,106.0,2165.9,12.82,157270.7,772407.7,100,13975,32768,37,311.98,1060782.48,13167008.52
2026-08-05T06:45:06+08:00,1,2,106.0,1972.9,12.46,157493.5,772407.7,98,18615,32768,36,268.08,1060782.28,13167001.72
2026-08-05T06:45:16+08:00,1,2,106.0,2166.2,12.70,157439.0,772407.7,98,14855,32768,37,290.61,1060782.27,13167001.73
2026-08-05T06:45:26+08:00,1,2,106.0,1974.4,12.31,157204.8,772407.7,98,19755,32768,37,268.75,1060782.31,13166998.69
2026-08-05T06:45:37+08:00,1,2,106.0,2165.9,12.79,157194.3,772407.7,98,15717,32768,36,209.06,1060782.35,13166981.65
2026-08-05T06:45:47+08:00,1,2,106.0,1972.9,13.59,156648.3,772407.7,96,20637,32768,36,228.88,1060782.39,13166971.61
2026-08-05T06:45:57+08:00,1,2,106.0,1973.2,13.42,156990.2,772407.7,100,11313,32768,33,305.46,1060782.43,13166972.57
2026-08-05T06:46:07+08:00,1,2,106.0,2165.9,13.45,156742.8,772407.7,100,13533,32768,36,225.47,1060782.46,13166963.54
2026-08-05T06:46:17+08:00,1,2,106.0,1972.9,13.51,156081.0,772407.7,99,18315,32768,37,280.59,1060775.27,13166956.73
2026-08-05T06:46:27+08:00,1,2,106.0,2165.8,13.23,156719.6,772407.7,98,14417,32768,37,220.95,1060775.30,13166972.70
2026-08-05T06:46:37+08:00,1,2,106.0,1972.9,13.66,156714.4,772407.7,100,19475,32768,38,303.52,1060775.34,13166922.66
2026-08-05T06:46:47+08:00,1,2,106.0,2165.9,13.95,157294.0,772407.7,99,15495,32768,37,257.26,1060777.57,13166915.43
2026-08-05T06:46:57+08:00,1,2,106.0,1973.1,14.21,155699.9,772407.7,98,20335,32768,38,290.90,1060780.91,13166914.09
2026-08-05T06:47:07+08:00,1,2,106.0,2017.6,14.24,156111.6,772407.7,75,1511,32768,33,72.49,1060780.95,13166910.05
2026-08-05T06:47:17+08:00,1,2,106.0,2166.5,14.68,155952.0,772407.7,67,6413,32768,33,274.09,1060782.94,13166881.06
2026-08-05T06:47:27+08:00,1,2,106.0,1972.9,14.19,156268.6,772407.7,99,18317,32768,37,302.07,1060784.60,13166869.40
2026-08-05T06:47:37+08:00,1,2,106.0,2166.9,14.40,156320.2,772407.7,98,14415,32768,37,257.26,1060784.62,13166848.38
2026-08-05T06:47:47+08:00,1,2,106.0,1972.9,14.56,155904.7,772407.7,99,19475,32768,38,291.58,1060784.69,13166850.31
2026-08-05T06:47:57+08:00,1,2,106.0,2165.8,13.78,155973.2,772407.7,98,15715,32768,38,244.29,1060785.14,13166841.86
2026-08-05T06:48:07+08:00,1,2,106.0,1972.9,13.98,155886.0,772407.7,98,20635,32768,38,302.55,1060785.59,13166831.41
2026-08-05T06:48:17+08:00,1,2,106.0,2018.2,14.77,155770.4,772407.7,100,2111,32768,32,72.44,1060785.68,13166828.32
2026-08-05T06:48:27+08:00,1,2,106.0,2166.1,14.56,155987.8,772407.7,100,13533,32768,36,282.65,1060785.79,13166822.21
2026-08-05T06:48:37+08:00,1,2,106.0,1972.9,14.63,156174.2,772407.7,99,18315,32768,36,236.51,1060785.89,13166822.11
2026-08-05T06:48:47+08:00,1,2,106.0,2165.9,14.10,156097.6,772407.7,98,14415,32768,37,233.75,1060785.98,13166811.02
2026-08-05T06:48:57+08:00,1,2,106.0,1972.9,14.17,156295.8,772407.7,99,19477,32768,38,305.75,1060785.41,13166807.59
2026-08-05T06:49:08+08:00,1,2,106.0,2165.9,14.66,156578.8,772407.7,98,15495,32768,37,218.80,1060786.17,13166812.83
2026-08-05T06:49:18+08:00,1,2,106.0,1972.9,14.19,156351.6,772407.7,97,20335,32768,38,286.05,1060786.27,13166819.73
2026-08-05T06:49:28+08:00,1,2,106.0,2223.8,13.62,156160.2,772407.7,71,15719,32768,35,72.00,1060786.38,13166822.62
2026-08-05T06:49:38+08:00,1,2,106.0,2012.9,13.92,155341.4,772407.7,90,20637,32768,35,74.44,1060786.48,13166824.52
2026-08-05T06:49:48+08:00,1,2,106.0,1972.9,13.89,155478.5,772407.7,92,17753,32768,35,226.78,1060786.56,13166816.44
2026-08-05T06:49:58+08:00,1,2,106.0,2166.4,13.90,156146.0,772407.7,98,13975,32768,37,221.73,1060786.09,13166804.91
2026-08-05T06:50:08+08:00,1,2,106.0,1972.9,13.76,156609.4,772407.7,98,18895,32768,36,217.20,1060786.87,13166817.13
2026-08-05T06:50:18+08:00,1,2,106.0,2165.9,13.82,157446.6,772407.7,97,15075,32768,37,222.07,1060787.02,13166890.98
2026-08-05T06:50:28+08:00,1,2,106.0,1972.9,14.03,156423.9,772407.7,98,20055,32768,37,210.38,1060787.15,13166880.85
2026-08-05T06:50:38+08:00,1,2,106.0,2165.9,14.35,157217.3,772407.7,84,15719,32768,36,224.65,1060787.32,13166892.68
2026-08-05T06:50:48+08:00,1,2,106.0,1972.9,14.61,157198.6,772407.7,90,20637,32768,36,218.17,1060787.45,13166961.55
2026-08-05T06:50:58+08:00,1,2,106.0,1972.9,13.88,156651.2,772407.7,88,17753,32768,36,317.39,1060786.97,13166990.03
2026-08-05T06:51:08+08:00,1,2,106.0,2166.6,13.60,157190.5,772407.7,100,13753,32768,36,255.80,1060787.73,13166966.27
2026-08-05T06:51:18+08:00,1,2,106.0,1972.9,13.06,157324.3,772407.7,97,18615,32768,36,239.76,1060787.86,13166936.14
2026-08-05T06:51:28+08:00,1,2,106.0,2166.5,13.37,157838.0,772407.7,98,14855,32768,37,249.97,1060788.04,13166935.96
2026-08-05T06:51:38+08:00,1,2,106.0,1973.1,13.16,157187.3,772407.7,100,19755,32768,38,305.46,1060787.61,13166915.39
2026-08-05T06:51:48+08:00,1,2,106.0,2166.0,13.30,157783.4,772407.7,97,15715,32768,37,250.46,1060788.09,13166903.91
2026-08-05T06:51:58+08:00,1,2,106.0,1972.9,13.83,157160.2,772407.7,99,20637,32768,37,219.97,1060788.57,13166894.43
2026-08-05T06:52:08+08:00,1,2,106.0,1973.5,13.55,157055.3,772407.7,100,17453,32768,33,179.24,1060788.76,13166889.24
2026-08-05T06:52:18+08:00,1,2,106.0,2165.9,13.72,157943.9,772407.7,100,13533,32768,35,209.90,1060788.96,13166878.04
2026-08-05T06:52:29+08:00,1,2,106.0,1973.5,13.46,156326.8,772407.7,99,18315,32768,37,286.23,1060788.83,13166889.17
2026-08-05T06:52:39+08:00,1,2,106.0,2166.0,13.39,156246.0,772407.7,99,14635,32768,37,272.81,1060789.16,13166889.84
2026-08-05T06:52:49+08:00,1,2,106.0,1973.1,14.05,156678.2,772407.7,99,19757,32768,37,303.81,1060789.45,13166907.55
2026-08-05T06:52:59+08:00,1,2,106.0,2165.8,13.89,156682.2,772407.7,97,15715,32768,38,252.24,1060789.67,13166912.33
2026-08-05T06:53:09+08:00,1,2,106.0,1972.9,14.08,157861.9,772407.7,98,20635,32768,38,304.98,1060789.28,13166900.72
2026-08-05T06:53:19+08:00,1,2,106.0,2018.0,15.07,157957.6,772407.7,74,1651,32768,32,73.07,1060790.10,13166888.90
2026-08-05T06:53:29+08:00,1,2,106.0,2165.9,15.76,157506.2,772407.7,63,6413,32768,34,275.91,1060790.13,13166885.87
2026-08-05T06:53:39+08:00,1,2,106.0,1972.9,15.49,157732.0,772407.7,97,18033,32768,36,214.28,1060790.12,13166889.88
2026-08-05T06:53:49+08:00,1,2,106.0,2165.9,14.87,157165.2,772407.7,99,14195,32768,37,297.70,1060790.39,13166850.61
2026-08-05T06:53:59+08:00,1,2,106.0,1973.0,14.02,157391.8,772407.7,98,18895,32768,37,297.89,1060790.40,13166864.60
2026-08-05T06:54:09+08:00,1,2,106.0,2166.3,13.79,157462.4,772407.7,99,15277,32768,37,315.45,1060790.41,13166878.59
2026-08-05T06:54:19+08:00,1,2,106.0,1972.9,13.06,157363.3,772407.7,98,20055,32768,37,277.19,1060789.92,13166891.08
2026-08-05T06:54:29+08:00,1,2,106.0,2166.6,13.18,157345.4,772407.7,87,15719,32768,36,224.01,1060790.42,13166903.58
2026-08-05T06:54:39+08:00,1,2,106.0,1972.9,13.08,157417.4,772407.7,91,20639,32768,36,208.93,1060790.42,13166917.58
2026-08-05T06:54:49+08:00,1,2,106.0,1973.7,13.23,158916.3,772407.7,88,17753,32768,36,294.01,1060790.20,13166907.80
2026-08-05T06:54:59+08:00,1,2,106.0,2165.8,13.74,157844.0,772407.7,100,13975,32768,37,294.59,1060784.97,13166906.03
2026-08-05T06:55:09+08:00,1,2,106.0,1972.9,13.18,157817.9,772407.7,99,18895,32768,37,285.26,1060784.89,13166888.11
2026-08-05T06:55:19+08:00,1,2,106.0,2166.0,13.15,158048.9,772407.7,98,14855,32768,37,224.84,1060785.01,13167077.99
2026-08-05T06:55:29+08:00,1,2,106.0,1972.9,13.87,158161.6,772407.7,98,19755,32768,37,306.92,1060785.02,13166870.98
2026-08-05T06:55:39+08:00,1,2,106.0,2166.9,14.05,158067.4,772407.7,99,15715,32768,37,277.01,1060785.04,13166896.96
2026-08-05T06:55:49+08:00,1,2,106.0,1972.9,13.94,157591.8,772407.7,98,20635,32768,37,231.62,1060784.09,13166923.91
2026-08-05T06:56:00+08:00,1,2,106.0,1973.5,14.20,157744.9,772407.7,100,5173,32768,33,149.94,1060784.12,13166935.88
2026-08-05T06:56:10+08:00,1,2,106.0,2166.3,13.72,158272.3,772407.7,100,13533,32768,36,246.08,1060785.45,13166947.55
2026-08-05T06:56:20+08:00,1,2,106.0,1972.9,12.83,157682.6,772407.7,99,18317,32768,36,233.59,1060785.96,13166969.04
2026-08-05T06:56:30+08:00,1,2,106.0,2165.9,12.70,158966.2,772407.7,98,14635,32768,37,290.41,1060786.41,13166966.59
2026-08-05T06:56:40+08:00,1,2,106.0,1973.3,12.58,157675.5,772407.7,99,19755,32768,37,310.80,1060787.08,13166993.92
2026-08-05T06:56:50+08:00,1,2,106.0,2166.8,13.10,158354.2,772407.7,98,15715,32768,36,231.16,1060787.10,13167011.90
2026-08-05T06:57:00+08:00,1,2,106.0,1973.6,12.48,158991.9,772407.7,99,20635,32768,37,277.98,1060786.97,13167015.03
2026-08-05T06:57:10+08:00,1,2,106.0,1976.2,12.01,158384.9,772407.7,100,5173,32768,32,216.71,1060787.14,13167031.86
2026-08-05T06:57:20+08:00,1,2,106.0,2165.8,11.87,157903.6,772407.7,100,13533,32768,35,215.74,1060786.95,13167050.05
2026-08-05T06:57:30+08:00,1,2,106.0,1973.4,11.57,159297.9,772407.7,99,18315,32768,36,263.89,1060786.76,13167089.24
2026-08-05T06:57:40+08:00,1,2,106.0,2165.9,11.23,158985.8,772407.7,99,14635,32768,36,210.87,1060787.02,13167127.98
2026-08-05T06:57:50+08:00,1,2,106.0,1972.9,11.44,159150.2,772407.7,98,19475,32768,37,217.00,1060787.08,13167156.92
2026-08-05T06:58:00+08:00,1,2,106.0,2166.7,11.30,159287.1,772407.7,98,15715,32768,38,287.69,1060787.11,13167199.89
2026-08-05T06:58:10+08:00,1,2,106.0,1972.9,10.94,158454.1,772407.7,99,20635,32768,37,273.12,1060787.12,13167277.88
2026-08-05T06:58:20+08:00,1,2,106.0,2018.2,10.63,158464.8,772407.7,100,2271,32768,32,79.44,1060786.54,13167331.46
2026-08-05T06:58:30+08:00,1,2,106.0,1650.1,11.33,154165.0,772407.7,0,1055,32768,30,56.35,1060787.22,13167423.78
2026-08-05T06:58:40+08:00,1,2,106.0,1650.1,11.51,154957.7,772407.7,0,1055,32768,29,56.35,1060787.25,13167387.75
2026-08-05T06:58:50+08:00,1,2,106.0,1650.1,11.95,156421.7,772407.7,0,1055,32768,29,55.86,1060787.29,13168005.71
2026-08-05T06:59:00+08:00,1,2,105.0,1650.1,12.09,156825.0,772407.7,0,1055,32768,29,55.94,1060786.71,13167962.29
2026-08-05T06:59:10+08:00,1,2,105.0,1650.1,11.92,156050.8,772407.7,0,1055,32768,29,55.90,1060787.38,13167261.62
2026-08-05T06:59:21+08:00,1,2,105.0,1650.1,11.70,155934.6,772407.7,0,1055,32768,29,55.86,1060787.41,13167228.59
2026-08-05T06:59:31+08:00,1,2,105.0,1705.5,11.22,156022.6,772407.7,10,1055,32768,29,61.24,1060787.44,13167195.56
2026-08-05T06:59:41+08:00,1,2,105.0,1718.3,11.33,152533.9,772407.7,0,1055,32768,29,55.86,1060787.48,13167188.52
2026-08-05T06:59:51+08:00,1,2,105.0,1718.3,11.28,153298.2,772407.7,0,1055,32768,29,55.94,1060787.95,13167194.05
2026-08-05T07:00:01+08:00,1,2,105.0,1718.3,11.09,153979.9,772407.7,0,1055,32768,29,55.90,1060787.56,13167190.44
2026-08-05T07:00:11+08:00,1,2,104.0,1718.3,10.92,154625.4,772407.7,0,1055,32768,29,55.86,1060787.62,13167172.38
2026-08-05T07:00:21+08:00,1,2,104.0,1718.3,10.76,154708.6,772407.7,0,1055,32768,29,55.86,1060787.72,13167156.28
2026-08-05T07:00:31+08:00,1,2,104.0,1718.3,10.73,155844.7,772407.7,0,1055,32768,29,55.86,1060787.83,13167144.17
2026-08-05T07:00:41+08:00,1,2,104.0,1716.2,11.95,152259.3,772407.7,0,1055,32768,29,55.90,1060787.91,13167135.09
2026-08-05T07:00:51+08:00,1,2,104.0,1716.2,11.59,152150.1,772407.7,0,1055,32768,29,55.83,1060788.04,13167137.96
2026-08-05T07:01:01+08:00,1,2,104.0,1716.2,12.29,153957.5,772407.7,0,1055,32768,29,55.86,1060788.14,13167209.86
2026-08-05T07:01:11+08:00,1,2,104.0,1716.2,12.09,153687.0,772407.7,0,1055,32768,29,55.90,1060779.42,13167213.58
2026-08-05T07:01:21+08:00,1,2,104.0,1716.2,11.85,155384.3,772407.7,0,1055,32768,29,55.86,1060780.77,13167212.23
2026-08-05T07:01:31+08:00,1,2,103.0,1716.2,11.50,155566.2,772407.7,0,1055,32768,29,55.90,1060781.71,13167205.29
2026-08-05T07:01:41+08:00,1,2,103.0,1904.7,11.51,157209.2,772407.7,96,14195,32768,37,291.87,1060781.79,13167211.21
2026-08-05T07:01:51+08:00,1,2,103.0,2038.9,11.27,156625.8,772407.7,99,18895,32768,36,278.64,1060784.09,13167191.91
2026-08-05T07:02:01+08:00,1,2,103.0,2232.2,11.08,156848.6,772407.7,98,15077,32768,36,281.19,1060787.80,13167177.20
2026-08-05T07:02:11+08:00,1,2,103.0,2038.9,11.05,156220.6,772407.7,98,20055,32768,36,213.10,1060787.94,13167491.06
2026-08-05T07:02:21+08:00,1,2,103.0,2231.8,10.98,157249.1,772407.7,91,15717,32768,36,228.73,1060788.07,13167109.93
2026-08-05T07:02:31+08:00,1,2,103.0,2039.2,11.39,156945.7,772407.7,91,20637,32768,36,243.32,1060789.32,13167105.68
2026-08-05T07:02:41+08:00,1,2,103.0,2039.5,12.18,157264.2,772407.7,99,17753,32768,36,272.15,1060789.46,13167081.54
2026-08-05T07:02:51+08:00,1,2,103.0,2232.1,12.84,157470.6,772407.7,98,13975,32768,36,238.46,1060789.59,13167093.41
2026-08-05T07:03:02+08:00,1,2,103.0,2040.0,13.10,156739.7,772407.7,98,18895,32768,37,282.16,1060790.38,13167079.62
2026-08-05T07:03:12+08:00,1,2,103.0,2231.7,12.47,156927.0,772407.7,98,15075,32768,37,256.77,1060790.69,13167064.31
2026-08-05T07:03:22+08:00,1,2,103.0,2039.1,12.41,157051.0,772407.7,98,20055,32768,38,305.87,1060790.82,13167059.18
2026-08-05T07:03:32+08:00,1,2,103.0,2231.6,12.28,157099.5,772407.7,96,15719,32768,36,221.53,1060790.97,13167063.03
2026-08-05T07:03:42+08:00,1,2,103.0,2038.7,11.91,156391.6,772407.7,91,20637,32768,36,228.58,1060791.11,13167059.89
2026-08-05T07:03:52+08:00,1,2,103.0,2038.8,12.42,156153.8,772407.7,98,17753,32768,36,298.86,1060791.96,13167041.04
2026-08-05T07:04:02+08:00,1,2,103.0,2232.1,12.12,156306.0,772407.7,100,13755,32768,37,286.53,1060791.46,13167028.54
2026-08-05T07:04:12+08:00,1,2,103.0,2039.1,12.18,155686.0,772407.7,100,18615,32768,37,296.43,1060791.64,13167020.36
2026-08-05T07:04:22+08:00,1,2,103.0,2231.8,11.45,156009.9,772407.7,99,14855,32768,37,218.66,1060791.81,13167013.19
2026-08-05T07:04:32+08:00,1,2,103.0,2039.2,11.92,155759.7,772407.7,98,19757,32768,37,206.00,1060792.00,13167015.00
2026-08-05T07:04:42+08:00,1,2,103.0,2231.9,11.99,156733.3,772407.7,98,15715,32768,37,215.74,1060792.18,13167025.82
2026-08-05T07:04:52+08:00,1,2,103.0,2039.6,12.37,156595.2,772407.7,99,20635,32768,37,199.19,1060792.35,13167166.65
2026-08-05T07:05:02+08:00,1,2,103.0,2038.9,12.85,156731.5,772407.7,100,17453,32768,34,220.90,1060793.86,13167153.14
2026-08-05T07:05:12+08:00,1,2,103.0,2232.1,12.48,156495.2,772407.7,100,13533,32768,36,268.75,1060794.36,13167136.64
2026-08-05T07:05:22+08:00,1,2,103.0,2039.6,13.84,155999.7,772407.7,98,18615,32768,37,290.90,1060794.56,13167135.44
2026-08-05T07:05:32+08:00,1,2,103.0,2231.8,14.26,157310.8,772407.7,98,14635,32768,36,240.40,1060794.80,13167106.20
2026-08-05T07:05:42+08:00,1,2,103.0,2038.9,13.88,156734.3,772407.7,99,19475,32768,37,272.63,1060794.85,13167097.15
2026-08-05T07:05:52+08:00,1,2,103.0,2231.8,13.50,157415.8,772407.7,99,15715,32768,37,217.20,1060794.93,13167068.07
2026-08-05T07:06:02+08:00,1,2,103.0,2040.1,12.87,158047.0,772407.7,98,20635,32768,36,211.36,1060794.84,13167032.16
2026-08-05T07:06:12+08:00,1,2,103.0,2084.1,12.49,158003.3,772407.7,100,1991,32768,32,75.42,1060794.84,13166995.16
2026-08-05T07:06:23+08:00,1,2,103.0,2231.9,12.40,157898.1,772407.7,100,13533,32768,36,308.66,1060794.85,13166971.15
2026-08-05T07:06:33+08:00,1,2,103.0,2039.2,12.18,157275.2,772407.7,100,18313,32768,36,245.59,1060794.85,13166978.15
2026-08-05T07:06:43+08:00,1,2,103.0,2231.8,11.83,157225.8,772407.7,98,14635,32768,37,308.45,1060794.85,13166982.15
2026-08-05T07:06:53+08:00,1,2,103.0,2038.9,11.77,157082.4,772407.7,99,19197,32768,37,273.60,1060794.49,13166997.51
2026-08-05T07:07:03+08:00,1,2,103.0,2231.8,12.41,158554.2,772407.7,98,15295,32768,37,280.29,1060794.86,13166997.14
2026-08-05T07:07:13+08:00,1,2,103.0,2039.1,12.65,158420.5,772407.7,97,20335,32768,37,208.44,1060789.64,13166990.36
2026-08-05T07:07:23+08:00,1,2,103.0,2376.1,12.09,133188.0,772407.7,91,9939,32768,34,72.49,1060789.64,13166988.36
2026-08-05T07:07:33+08:00,1,2,103.0,2040.3,12.15,133070.4,772407.7,92,20637,32768,36,134.32,1060789.66,13166997.34
2026-08-05T07:07:43+08:00,1,2,103.0,2038.9,12.13,149889.1,772407.7,100,18035,32768,36,311.21,1060789.65,13167022.35
2026-08-05T07:07:53+08:00,1,2,103.0,2231.8,12.10,159673.7,772407.7,97,14195,32768,37,289.15,1060789.69,13167685.31
2026-08-05T07:08:03+08:00,1,2,103.0,2038.9,11.69,158503.7,772407.7,99,18895,32768,37,299.15,1060789.70,13167053.30
2026-08-05T07:08:13+08:00,1,2,103.0,2231.8,11.59,158578.9,772407.7,98,15075,32768,37,295.27,1060789.54,13167060.46
2026-08-05T07:08:23+08:00,1,2,103.0,2039.3,11.65,159026.2,772407.7,100,19755,32768,37,277.37,1060789.75,13167051.25
2026-08-05T07:08:33+08:00,1,2,103.0,2232.3,12.15,159772.2,772407.7,98,15717,32768,36,219.78,1060789.76,13167048.24
2026-08-05T07:08:43+08:00,1,2,104.0,2039.1,11.96,158982.9,772407.7,94,20637,32768,36,231.65,1060790.16,13167052.84
2026-08-05T07:08:53+08:00,1,2,104.0,2038.9,13.00,161043.8,772407.7,96,17453,32768,34,267.29,1060789.79,13167037.21
2026-08-05T07:09:03+08:00,1,2,104.0,2231.8,13.69,159292.6,772407.7,100,13753,32768,36,283.62,1060789.82,13167016.18
2026-08-05T07:09:13+08:00,1,2,104.0,2038.9,13.66,159340.8,772407.7,98,18895,32768,37,307.20,1060789.84,13166988.16
2026-08-05T07:09:23+08:00,1,2,104.0,2231.8,13.48,159475.0,772407.7,99,14855,32768,36,247.54,1060789.86,13166978.14
2026-08-05T07:09:33+08:00,1,2,104.0,2038.9,13.48,158376.4,772407.7,99,19755,32768,38,287.50,1060789.86,13166963.14
2026-08-05T07:09:44+08:00,1,2,104.0,2232.4,12.72,158473.5,772407.7,98,15717,32768,37,209.90,1060789.68,13166949.32
2026-08-05T07:09:54+08:00,1,2,104.0,2038.9,12.75,157937.4,772407.7,99,20635,32768,36,193.22,1060789.72,13167065.28
2026-08-05T07:10:04+08:00,1,2,104.0,2038.9,12.34,157181.2,772407.7,100,11313,32768,33,101.69,1060789.75,13167091.25
2026-08-05T07:10:14+08:00,1,2,104.0,2232.2,12.73,157734.2,772407.7,100,13535,32768,35,239.26,1060789.79,13167097.21
2026-08-05T07:10:24+08:00,1,2,104.0,2039.1,12.39,157620.0,772407.7,100,18315,32768,37,284.59,1060789.83,13167138.17
2026-08-05T07:10:34+08:00,1,2,104.0,2231.8,12.40,157265.0,772407.7,99,14637,32768,37,210.87,1060789.72,13167276.28
2026-08-05T07:10:44+08:00,1,2,104.0,2038.9,12.29,157155.0,772407.7,99,19757,32768,38,302.55,1060789.90,13167276.10
2026-08-05T07:10:54+08:00,1,2,104.0,2232.4,12.00,158718.0,772407.7,98,15715,32768,38,256.77,1060789.92,13167383.08
2026-08-05T07:11:04+08:00,1,2,104.0,2038.9,12.06,156789.0,772407.7,99,20635,32768,36,219.15,1060789.97,13167488.03
2026-08-05T07:11:14+08:00,1,2,104.0,2084.1,11.34,156193.2,772407.7,100,2293,32768,32,103.09,1060790.01,13167540.99
2026-08-05T07:11:24+08:00,1,2,104.0,2231.8,11.53,156756.4,772407.7,100,13333,32768,34,149.74,1060790.05,13167512.95
2026-08-05T07:11:34+08:00,1,2,104.0,2038.9,11.21,155859.1,772407.7,98,18315,32768,36,213.65,1060789.92,13167529.08
2026-08-05T07:11:44+08:00,1,2,104.0,2232.1,11.16,156377.3,772407.7,99,14635,32768,37,300.61,1060790.13,13167533.87
2026-08-05T07:11:54+08:00,1,2,104.0,2038.9,11.44,156656.0,772407.7,98,19195,32768,37,240.07,1060790.17,13167550.83
2026-08-05T07:12:04+08:00,1,2,104.0,2231.8,11.38,156928.0,772407.7,99,15277,32768,37,219.78,1060790.20,13167559.80
2026-08-05T07:12:14+08:00,1,2,104.0,2038.9,11.47,156533.6,772407.7,98,20057,32768,36,217.83,1060790.24,13167823.76
2026-08-05T07:12:24+08:00,1,2,104.0,2232.0,11.25,156942.0,772407.7,87,15717,32768,36,217.54,1060790.28,13167846.72
2026-08-05T07:12:34+08:00,1,2,104.0,2039.1,11.34,157377.0,772407.7,94,20637,32768,36,225.62,1060790.33,13167859.67
2026-08-05T07:12:44+08:00,1,2,104.0,2039.4,11.60,157697.5,772407.7,98,17455,32768,33,141.64,1060790.43,13167854.57
2026-08-05T07:12:54+08:00,1,2,104.0,2231.9,11.83,157509.1,772407.7,100,13533,32768,35,215.39,1060790.53,13167848.47
2026-08-05T07:13:04+08:00,1,2,104.0,2038.9,12.41,157015.5,772407.7,99,18617,32768,37,278.95,1060790.63,13167822.37
2026-08-05T07:13:14+08:00,1,2,104.0,2232.3,12.67,157701.7,772407.7,99,14635,32768,37,224.50,1060790.73,13167783.27
2026-08-05T07:13:24+08:00,1,2,104.0,2039.0,12.24,157443.2,772407.7,98,19475,32768,37,211.85,1060790.82,13167745.18
2026-08-05T07:13:34+08:00,1,2,104.0,2231.8,12.04,157992.6,772407.7,98,15715,32768,38,249.97,1060790.91,13167722.09
2026-08-05T07:13:45+08:00,1,2,104.0,2038.9,11.65,157365.3,772407.7,99,20635,32768,37,306.43,1060791.00,13167710.00
2026-08-05T07:13:55+08:00,1,2,104.0,2374.9,12.16,158464.2,772407.7,70,13679,32768,34,71.95,1060791.11,13167694.89
2026-08-05T07:14:05+08:00,1,2,104.0,2038.9,12.22,157842.0,772407.7,90,20639,32768,36,216.71,1060791.22,13167678.78
2026-08-05T07:14:15+08:00,1,2,104.0,2038.9,12.06,158114.8,772407.7,99,17753,32768,36,260.35,1060791.22,13167654.78
2026-08-05T07:14:25+08:00,1,2,104.0,2232.0,12.19,158201.5,772407.7,98,13975,32768,37,254.66,1060791.31,13167634.69
2026-08-05T07:14:35+08:00,1,2,104.0,2038.9,11.87,157810.5,772407.7,98,18895,32768,37,300.12,1060791.10,13167605.90
2026-08-05T07:14:45+08:00,1,2,104.0,2232.0,11.74,159147.6,772407.7,99,14855,32768,37,257.09,1060791.58,13167591.42
2026-08-05T07:14:55+08:00,1,2,104.0,2039.4,12.07,158708.2,772407.7,99,19755,32768,37,260.17,1060791.72,13167579.28
2026-08-05T07:15:05+08:00,1,2,104.0,2231.8,11.98,158245.6,772407.7,99,15715,32768,38,307.89,1060791.87,13167573.13
2026-08-05T07:15:15+08:00,1,2,104.0,2038.9,11.38,158477.0,772407.7,99,20637,32768,37,264.86,1060792.03,13167555.97
2026-08-05T07:15:25+08:00,1,2,104.0,2042.1,11.41,157682.3,772407.7,100,2293,32768,32,120.66,1060792.16,13167505.84
2026-08-05T07:15:35+08:00,1,2,104.0,2231.8,11.27,157832.4,772407.7,100,13533,32768,36,286.72,1060791.97,13167479.03
2026-08-05T07:15:45+08:00,1,2,104.0,2039.1,11.22,157997.2,772407.7,99,18315,32768,37,277.67,1060792.44,13167476.56
2026-08-05T07:15:55+08:00,1,2,104.0,2232.1,10.64,157805.5,772407.7,99,14635,32768,37,255.16,1060792.60,13167451.40
2026-08-05T07:16:05+08:00,1,2,104.0,2039.7,10.95,157422.2,772407.7,99,19757,32768,38,283.62,1060792.75,13167423.25
2026-08-05T07:16:15+08:00,1,2,104.0,2232.5,11.65,157530.9,772407.7,98,15717,32768,37,261.15,1060792.89,13167385.11
2026-08-05T07:16:25+08:00,1,2,104.0,2038.9,11.63,157025.1,772407.7,99,20637,32768,37,321.76,1060785.79,13167369.21
2026-08-05T07:16:35+08:00,1,2,104.0,2084.1,11.53,157950.1,772407.7,100,2111,32768,32,72.00,1060785.83,13167354.17
2026-08-05T07:16:45+08:00,1,2,104.0,2231.8,12.22,157394.8,772407.7,85,13335,32768,35,292.06,1060786.13,13167317.87
2026-08-05T07:16:55+08:00,1,2,104.0,2038.9,12.12,156369.1,772407.7,99,18313,32768,37,313.23,1060786.42,13167295.58
2026-08-05T07:17:05+08:00,1,2,104.0,2232.7,12.39,157495.0,772407.7,97,14197,32768,37,223.19,1060792.05,13167277.95
2026-08-05T07:17:15+08:00,1,2,104.0,2038.9,12.73,157308.8,772407.7,98,19195,32768,38,270.69,1060792.23,13167259.77
2026-08-05T07:17:25+08:00,1,2,104.0,2232.0,12.53,158110.6,772407.7,98,15275,32768,37,227.42,1060792.40,13167207.60
2026-08-05T07:17:35+08:00,1,2,104.0,2039.1,12.22,157984.8,772407.7,98,20057,32768,37,281.56,1060793.53,13167200.47
2026-08-05T07:17:45+08:00,1,2,104.0,2231.8,12.14,158271.1,772407.7,89,15719,32768,36,211.85,1060793.76,13167184.24
2026-08-05T07:17:55+08:00,1,2,104.0,2038.9,11.87,157755.6,772407.7,91,20637,32768,36,233.44,1060793.96,13167234.04
2026-08-05T07:18:05+08:00,1,2,104.0,2039.3,11.83,158240.7,772407.7,89,17753,32768,35,204.54,1060794.82,13167227.18
2026-08-05T07:18:15+08:00,1,2,104.0,2231.8,11.32,158565.9,772407.7,100,13975,32768,37,311.57,1060794.96,13167234.04
2026-08-05T07:18:25+08:00,1,2,104.0,2038.9,11.73,158366.3,772407.7,98,18895,32768,37,227.42,1060794.96,13167232.04
2026-08-05T07:18:36+08:00,1,2,104.0,2231.8,11.47,157897.6,772407.7,99,15075,32768,37,211.85,1060794.96,13167240.04
2026-08-05T07:18:46+08:00,1,2,104.0,2039.1,11.16,157901.9,772407.7,99,20055,32768,37,301.98,1060794.97,13167256.03
2026-08-05T07:18:56+08:00,1,2,104.0,2232.5,11.34,158023.2,772407.7,94,15719,32768,36,219.92,1060794.88,13167249.12
2026-08-05T07:19:06+08:00,1,2,104.0,2038.9,10.90,157708.6,772407.7,94,20635,32768,37,225.47,1060794.87,13167245.13
2026-08-05T07:19:16+08:00,1,2,104.0,2039.2,10.90,157597.1,772407.7,100,17455,32768,34,242.68,1060794.87,13167256.13
2026-08-05T07:19:26+08:00,1,2,104.0,2231.9,10.91,157654.1,772407.7,100,13533,32768,35,203.57,1060794.88,13167245.12
2026-08-05T07:19:36+08:00,1,2,104.0,2039.4,12.09,157837.5,772407.7,99,18617,32768,37,297.60,1060794.88,13167255.12
2026-08-05T07:19:46+08:00,1,2,104.0,2231.8,11.84,157756.4,772407.7,98,14635,32768,38,256.29,1060789.66,13167256.34
2026-08-05T07:19:56+08:00,1,2,104.0,2038.9,11.95,157830.2,772407.7,100,19477,32768,37,267.95,1060789.68,13167260.32
2026-08-05T07:20:06+08:00,1,2,104.0,2232.2,11.79,157905.0,772407.7,98,15715,32768,37,244.78,1060789.69,13167260.31
2026-08-05T07:20:16+08:00,1,2,104.0,2038.9,11.60,157640.9,772407.7,99,20635,32768,37,215.25,1060789.72,13167264.28
2026-08-05T07:20:26+08:00,1,2,104.0,2084.1,11.06,157583.4,772407.7,100,2111,32768,32,83.35,1060789.73,13167266.27
2026-08-05T07:20:36+08:00,1,2,104.0,2231.8,10.89,157606.4,772407.7,100,13333,32768,34,250.13,1060789.75,13167280.25
2026-08-05T07:20:46+08:00,1,2,104.0,2039.6,10.75,157378.2,772407.7,99,18313,32768,37,292.65,1060789.76,13167285.24
2026-08-05T07:20:56+08:00,1,2,104.0,2232.5,10.64,157499.9,772407.7,98,14415,32768,37,253.54,1060789.78,13167295.22
2026-08-05T07:21:06+08:00,1,2,104.0,2038.9,10.54,156865.6,772407.7,99,19477,32768,38,249.32,1060789.81,13167347.19
2026-08-05T07:21:16+08:00,1,2,104.0,2232.2,10.53,156696.7,772407.7,98,15495,32768,37,271.66,1060789.83,13167516.17
2026-08-05T07:21:26+08:00,1,2,104.0,2038.9,10.61,156147.5,772407.7,98,20635,32768,37,285.56,1060789.84,13167537.16
2026-08-05T07:21:36+08:00,1,2,104.0,2080.1,10.89,156965.1,772407.7,100,1511,32768,32,72.49,1060789.85,13167563.15
2026-08-05T07:21:46+08:00,1,2,104.0,2157.9,11.43,156833.1,772407.7,89,20639,32768,34,70.97,1060789.89,13167575.11
2026-08-05T07:21:56+08:00,1,2,104.0,2039.6,10.91,156230.2,772407.7,100,18035,32768,37,278.64,1060789.90,13167578.10
2026-08-05T07:22:06+08:00,1,2,104.0,2231.8,11.14,157117.5,772407.7,98,14195,32768,37,281.86,1060789.90,13167553.10
2026-08-05T07:22:16+08:00,1,2,104.0,2038.9,11.60,157090.8,772407.7,98,18895,32768,37,290.12,1060790.98,13167513.02
2026-08-05T07:22:26+08:00,1,2,104.0,2232.0,11.10,157266.7,772407.7,99,15275,32768,37,290.80,1060792.08,13167463.92
2026-08-05T07:22:36+08:00,1,2,104.0,2038.9,10.94,157346.8,772407.7,100,20055,32768,38,283.13,1060791.67,13167434.33
2026-08-05T07:22:46+08:00,1,2,104.0,2233.9,10.89,156994.5,772407.7,88,15719,32768,36,230.16,1060792.70,13167413.30
2026-08-05T07:22:56+08:00,1,2,104.0,2038.9,11.50,157362.6,772407.7,89,20637,32768,36,225.32,1060792.34,13167383.66
2026-08-05T07:23:06+08:00,1,2,104.0,2039.2,11.73,156902.7,772407.7,84,17753,32768,36,277.49,1060792.39,13167365.61
2026-08-05T07:23:16+08:00,1,2,104.0,2232.2,11.69,157686.5,772407.7,100,13755,32768,36,217.20,1060792.39,13167344.61
2026-08-05T07:23:26+08:00,1,2,104.0,2038.9,11.88,156891.3,772407.7,100,18615,32768,37,297.41,1060792.42,13167309.58
2026-08-05T07:23:37+08:00,1,2,104.0,2231.8,11.43,157376.1,772407.7,99,14857,32768,37,270.20,1060792.23,13167292.77
2026-08-05T07:23:47+08:00,1,2,104.0,2038.9,11.06,156711.7,772407.7,98,19755,32768,37,229.22,1060792.65,13167282.35
2026-08-05T07:23:57+08:00,1,2,104.0,2232.5,10.74,157391.0,772407.7,98,15715,32768,38,297.21,1060792.42,13167271.58
2026-08-05T07:24:07+08:00,1,2,104.0,2038.9,10.70,157173.5,772407.7,98,20635,32768,38,301.58,1060792.60,13167235.40
2026-08-05T07:24:17+08:00,1,2,104.0,2375.6,10.15,158508.5,772407.7,86,2279,32768,33,72.00,1060792.60,13167201.40
2026-08-05T07:24:27+08:00,1,2,104.0,2151.8,10.26,157264.2,772407.7,92,20637,32768,34,70.58,1060792.61,13167160.39
2026-08-05T07:24:37+08:00,1,2,104.0,2039.0,10.36,156763.8,772407.7,99,17753,32768,36,271.18,1060792.67,13167151.33
2026-08-05T07:24:47+08:00,1,2,104.0,2231.8,10.48,156760.6,772407.7,98,13975,32768,36,231.80,1060792.69,13167145.31
2026-08-05T07:24:57+08:00,1,2,104.0,2038.9,11.07,156853.1,772407.7,97,18895,32768,38,304.69,1060792.69,13167134.31
2026-08-05T07:25:07+08:00,1,2,104.0,2232.2,10.76,157055.6,772407.7,97,15075,32768,37,274.76,1060792.69,13167143.31
2026-08-05T07:25:17+08:00,1,2,104.0,2038.9,10.78,156962.6,772407.7,98,19755,32768,36,266.01,1060792.69,13167114.31
2026-08-05T07:25:27+08:00,1,2,104.0,2231.8,10.21,156994.3,772407.7,95,15719,32768,36,225.62,1060792.69,13167091.31
2026-08-05T07:25:37+08:00,1,2,104.0,2038.9,10.41,156841.8,772407.7,95,20637,32768,36,232.13,1060792.42,13167060.58
2026-08-05T07:25:47+08:00,1,2,104.0,2039.9,10.13,157319.2,772407.7,85,17455,32768,33,178.01,1060792.70,13167024.30
2026-08-05T07:25:57+08:00,1,2,104.0,2231.8,9.95,156824.4,772407.7,100,13753,32768,36,304.29,1060792.70,13167014.30
2026-08-05T07:26:07+08:00,1,2,104.0,2038.9,10.91,156848.3,772407.7,98,18615,32768,36,213.79,1060792.70,13166992.30
2026-08-05T07:26:17+08:00,1,2,104.0,2231.9,10.78,156468.6,772407.7,98,14855,32768,37,305.75,1060792.70,13166969.30
2026-08-05T07:26:27+08:00,1,2,104.0,2038.9,10.75,157276.6,772407.7,98,19755,32768,37,240.56,1060792.70,13166943.30
2026-08-05T07:26:37+08:00,1,2,104.0,2232.2,10.86,157273.7,772407.7,96,15715,32768,36,201.14,1060792.39,13166929.61
2026-08-05T07:26:47+08:00,1,2,104.0,2038.9,11.27,157224.8,772407.7,100,20635,32768,37,223.04,1060792.63,13166899.37
2026-08-05T07:26:57+08:00,1,2,104.0,2039.7,11.93,157663.3,772407.7,100,2293,32768,32,70.53,1060792.66,13166882.34
2026-08-05T07:27:07+08:00,1,2,104.0,2231.9,11.85,158110.6,772407.7,100,13533,32768,36,297.12,1060792.75,13166837.25
2026-08-05T07:27:17+08:00,1,2,104.0,2038.9,12.40,157770.7,772407.7,98,18313,32768,36,239.27,1060792.46,13166792.54
2026-08-05T07:27:27+08:00,1,2,104.0,2231.8,12.88,160839.7,772407.7,98,14415,32768,36,223.33,1060792.77,13166760.23
2026-08-05T07:27:37+08:00,1,2,104.0,2038.9,13.06,157953.7,772407.7,98,19197,32768,37,259.03,1060792.80,13166720.20
2026-08-05T07:27:47+08:00,1,2,104.0,2232.4,12.96,157309.6,772407.7,98,15495,32768,37,299.35,1060792.84,13166696.16
2026-08-05T07:27:57+08:00,1,2,104.0,2039.4,13.18,157624.5,772407.7,98,20335,32768,37,216.37,1060792.88,13166662.12
2026-08-05T07:28:07+08:00,1,2,104.0,2375.6,13.52,159141.0,772407.7,69,7179,32768,34,72.49,1060792.63,13166648.37
2026-08-05T07:28:17+08:00,1,2,104.0,2038.9,12.98,158239.0,772407.7,87,20639,32768,36,239.92,1060792.97,13166640.03
2026-08-05T07:28:28+08:00,1,2,104.0,2038.9,12.75,158322.4,772407.7,88,17753,32768,35,213.30,1060792.77,13166629.23
2026-08-05T07:28:38+08:00,1,2,104.0,2231.9,12.62,157818.4,772407.7,100,13975,32768,36,312.26,1060792.78,13166575.22
2026-08-05T07:28:48+08:00,1,2,104.0,2038.9,12.89,157965.9,772407.7,98,18895,32768,37,266.98,1060792.78,13166557.22
2026-08-05T07:28:58+08:00,1,2,104.0,2232.4,13.07,158679.1,772407.7,99,15075,32768,37,305.87,1060792.87,13166545.13
2026-08-05T07:29:08+08:00,1,2,104.0,2039.7,12.81,158082.4,772407.7,98,19755,32768,37,217.83,1060792.84,13166544.16
2026-08-05T07:29:18+08:00,1,2,104.0,2231.8,12.84,158818.9,772407.7,99,15717,32768,37,204.54,1060792.86,13166542.14
2026-08-05T07:29:28+08:00,1,2,104.0,2038.9,12.48,157990.6,772407.7,98,20635,32768,37,313.02,1060792.88,13166542.12
2026-08-05T07:29:38+08:00,1,2,104.0,2084.1,12.40,158501.2,772407.7,100,2111,32768,32,77.82,1060792.88,13166516.12
2026-08-05T07:29:48+08:00,1,2,104.0,2231.8,12.18,159099.9,772407.7,67,6415,32768,33,269.72,1060792.90,13166520.10
2026-08-05T07:29:58+08:00,1,2,104.0,2038.9,12.23,158570.7,772407.7,99,18313,32768,37,283.02,1060792.83,13166538.17
2026-08-05T07:30:08+08:00,1,2,104.0,2232.1,11.72,158829.5,772407.7,99,14417,32768,37,240.89,1060792.41,13166532.59
2026-08-05T07:30:18+08:00,1,2,104.0,2039.4,11.76,160056.8,772407.7,99,19475,32768,37,227.76,1060793.11,13166545.89
2026-08-05T07:30:28+08:00,1,2,104.0,2231.8,11.41,107936.4,772407.7,98,15715,32768,38,290.31,1060793.14,13166533.86
2026-08-05T07:30:38+08:00,1,2,104.0,2038.9,11.19,116089.2,772407.7,99,20635,32768,38,283.13,1060793.15,13166533.85
2026-08-05T07:30:48+08:00,1,2,104.0,2084.1,11.07,157414.8,772407.7,99,1511,32768,32,75.91,1060793.17,13166521.83
2026-08-05T07:30:58+08:00,1,2,104.0,2232.0,11.60,157380.6,772407.7,91,11919,32768,34,72.05,1060793.14,13166528.86
2026-08-05T07:31:08+08:00,1,2,104.0,2038.9,11.12,156917.7,772407.7,99,18035,32768,36,221.58,1060785.68,13166521.32
2026-08-05T07:31:18+08:00,1,2,104.0,2232.5,11.25,158435.4,772407.7,98,14195,32768,37,232.13,1060787.87,13166540.13
2026-08-05T07:31:28+08:00,1,2,104.0,2039.1,11.21,157365.2,772407.7,100,18895,32768,37,275.55,1060788.56,13166535.44
2026-08-05T07:31:38+08:00,1,2,104.0,2232.2,11.17,157072.7,772407.7,98,15277,32768,37,285.26,1060788.63,13166552.37
2026-08-05T07:31:48+08:00,1,2,104.0,2038.9,11.28,157166.0,772407.7,98,20055,32768,37,284.59,1060790.83,13166562.17
2026-08-05T07:31:58+08:00,1,2,104.0,2231.8,10.91,156881.4,772407.7,87,15719,32768,36,218.17,1060794.44,13166565.56
2026-08-05T07:32:08+08:00,1,2,104.0,2038.9,11.37,157127.7,772407.7,88,20639,32768,36,235.38,1060794.35,13166562.65
2026-08-05T07:32:18+08:00,1,2,104.0,2039.1,11.69,156578.0,772407.7,41,17755,32768,35,307.20,1060794.40,13166571.60
2026-08-05T07:32:28+08:00,1,2,104.0,2232.7,11.44,156570.3,772407.7,100,13755,32768,36,305.46,1060795.39,13166573.61
2026-08-05T07:32:38+08:00,1,2,104.0,2038.9,11.27,156340.6,772407.7,98,18615,32768,37,223.38,1060795.45,13166584.55
2026-08-05T07:32:48+08:00,1,2,104.0,2231.8,11.08,156910.6,772407.7,98,14635,32768,37,242.68,1060795.49,13166604.51
2026-08-05T07:32:58+08:00,1,2,104.0,2038.9,11.91,156478.4,772407.7,97,19475,32768,36,217.54,1060796.17,13166631.83
2026-08-05T07:33:08+08:00,1,2,104.0,2232.3,12.32,156293.1,772407.7,97,15495,32768,37,261.80,1060796.37,13166666.63
2026-08-05T07:33:18+08:00,1,2,104.0,2039.5,11.88,155958.4,772407.7,99,20335,32768,37,273.30,1060796.20,13166691.80
2026-08-05T07:33:29+08:00,1,2,104.0,2375.9,11.97,156487.2,772407.7,69,6699,32768,33,72.49,1060796.46,13166718.54
2026-08-05T07:33:39+08:00,1,2,104.0,2038.9,11.51,155678.1,772407.7,88,20637,32768,36,237.97,1060796.52,13166764.48
2026-08-05T07:33:49+08:00,1,2,104.0,2039.1,12.04,155597.8,772407.7,92,18035,32768,36,304.29,1060796.57,13166789.43
2026-08-05T07:33:59+08:00,1,2,104.0,2231.9,13.18,155679.3,772407.7,98,14195,32768,37,292.55,1060796.66,13166826.34
2026-08-05T07:34:09+08:00,1,2,104.0,2038.9,13.92,156019.9,772407.7,99,18895,32768,36,206.00,1060796.76,13166863.24
2026-08-05T07:34:19+08:00,1,2,104.0,2232.2,13.92,155817.7,772407.7,98,15073,32768,37,223.19,1060796.88,13166886.12
2026-08-05T07:34:29+08:00,1,2,104.0,2038.9,13.23,155491.4,772407.7,99,20057,32768,37,314.48,1060796.98,13167580.02
2026-08-05T07:34:39+08:00,1,2,104.0,2231.8,12.50,155857.1,772407.7,91,15717,32768,36,222.89,1060797.11,13166919.89
2026-08-05T07:34:49+08:00,1,2,104.0,2038.9,12.12,155029.1,772407.7,96,20637,32768,36,217.54,1060797.26,13166964.74
2026-08-05T07:34:59+08:00,1,2,104.0,2040.0,12.43,155416.9,772407.7,100,17453,32768,33,208.44,1060797.31,13166982.69
2026-08-05T07:35:09+08:00,1,2,104.0,2231.8,12.57,155581.5,772407.7,100,13533,32768,35,266.01,1060797.42,13167055.58
2026-08-05T07:35:19+08:00,1,2,104.0,2038.9,12.71,155641.1,772407.7,98,18313,32768,37,212.96,1060797.54,13167124.46
2026-08-05T07:35:29+08:00,1,2,104.0,2231.9,12.98,155542.6,772407.7,98,14635,32768,37,293.04,1060797.65,13167184.35
2026-08-05T07:35:39+08:00,1,2,104.0,2039.4,12.90,155707.8,772407.7,99,19475,32768,37,245.27,1060797.75,13167234.25
2026-08-05T07:35:49+08:00,1,2,104.0,2231.8,13.06,155614.9,772407.7,99,15715,32768,38,287.50,1060797.88,13167257.12
2026-08-05T07:35:59+08:00,1,2,104.0,2039.0,13.20,155347.5,772407.7,98,20635,32768,38,289.63,1060798.02,13167232.98
2026-08-05T07:36:09+08:00,1,2,104.0,2064.1,12.56,154973.4,772407.7,100,1811,32768,32,72.44,1060798.42,13167190.58
2026-08-05T07:36:19+08:00,1,2,104.0,2231.8,12.32,155633.2,772407.7,70,5419,32768,33,72.00,1060798.33,13167134.67
2026-08-05T07:36:29+08:00,1,2,104.0,2038.9,12.63,155244.9,772407.7,98,18033,32768,36,259.52,1060798.48,13167084.52
2026-08-05T07:36:39+08:00,1,2,104.0,2231.8,12.01,155625.9,772407.7,98,14197,32768,37,282.65,1060798.63,13167064.37
2026-08-05T07:36:49+08:00,1,2,104.0,2038.9,11.94,155115.7,772407.7,99,19195,32768,36,221.09,1060798.74,13167030.26
2026-08-05T07:36:59+08:00,1,2,104.0,2232.4,12.01,155140.4,772407.7,99,15275,32768,37,268.75,1060798.93,13167017.07
2026-08-05T07:37:09+08:00,1,2,104.0,2038.9,11.56,154988.4,772407.7,98,20055,32768,37,262.61,1060799.09,13167002.91
2026-08-05T07:37:19+08:00,1,2,104.0,2231.8,11.31,156052.2,772407.7,84,15719,32768,36,196.40,1060799.24,13166992.76
2026-08-05T07:37:29+08:00,1,2,104.0,2039.4,12.26,155878.4,772407.7,92,20637,32768,36,206.14,1060799.39,13166991.61
2026-08-05T07:37:39+08:00,1,2,104.0,2039.6,12.29,155872.5,772407.7,100,17433,32768,34,244.13,1060799.55,13166991.45
2026-08-05T07:37:49+08:00,1,2,104.0,2231.8,12.33,155570.7,772407.7,100,13535,32768,35,211.50,1060799.74,13166987.26
2026-08-05T07:37:59+08:00,1,2,104.0,2039.0,12.22,156169.0,772407.7,100,18615,32768,37,277.98,1060799.93,13167182.07
2026-08-05T07:38:09+08:00,1,2,104.0,2232.1,12.73,156889.6,772407.7,98,14635,32768,37,215.74,1060800.10,13167195.90
2026-08-05T07:38:20+08:00,1,2,104.0,2039.0,14.47,155897.1,772407.7,99,19477,32768,37,279.43,1060800.35,13167198.65
2026-08-05T07:38:30+08:00,1,2,104.0,2231.8,14.00,156399.9,772407.7,99,15717,32768,38,303.04,1060800.49,13167187.51
2026-08-05T07:38:40+08:00,1,2,104.0,2038.9,13.24,156536.1,772407.7,99,20635,32768,38,286.05,1060800.70,13167166.30
2026-08-05T07:38:50+08:00,1,2,104.0,2084.1,12.65,155713.7,772407.7,85,1511,32768,33,72.58,1060800.87,13167189.13
2026-08-05T07:39:00+08:00,1,2,104.0,2231.8,12.78,156158.8,772407.7,66,4859,32768,33,72.00,1060801.09,13167175.91
2026-08-05T07:39:10+08:00,1,2,104.0,2038.9,12.49,155788.2,772407.7,99,18035,32768,36,288.56,1060801.55,13167142.45
2026-08-05T07:39:20+08:00,1,2,104.0,2232.2,12.18,155678.9,772407.7,97,14195,32768,37,220.12,1060801.54,13167127.46
2026-08-05T07:39:30+08:00,1,2,104.0,2039.4,11.84,155445.6,772407.7,100,19195,32768,37,283.88,1060801.63,13167114.37
2026-08-05T07:39:40+08:00,1,2,104.0,2232.2,11.17,155568.2,772407.7,98,15495,32768,37,218.17,1060801.64,13167128.36
2026-08-05T07:39:50+08:00,1,2,104.0,2038.9,11.45,155065.2,772407.7,99,20337,32768,37,271.53,1060801.64,13167132.36
2026-08-05T07:40:00+08:00,1,2,104.0,2375.7,11.43,155813.9,772407.7,67,2079,32768,33,72.00,1060801.67,13167125.33
2026-08-05T07:40:10+08:00,1,2,104.0,2201.8,11.50,155878.3,772407.7,89,20479,32768,34,69.60,1060801.52,13167122.48
2026-08-05T07:40:20+08:00,1,2,104.0,2039.4,12.00,155370.9,772407.7,98,18035,32768,37,284.59,1060801.69,13167099.31
2026-08-05T07:40:30+08:00,1,2,104.0,2232.2,12.07,155302.6,772407.7,98,14195,32768,37,289.93,1060801.71,13167116.29
2026-08-05T07:40:40+08:00,1,2,104.0,2039.5,11.81,155370.8,772407.7,99,19197,32768,38,310.60,1060801.71,13167087.29
2026-08-05T07:40:50+08:00,1,2,104.0,2231.8,12.08,156607.4,772407.7,98,15275,32768,37,252.88,1060801.71,13167070.29
2026-08-05T07:41:00+08:00,1,2,104.0,2038.9,11.93,156318.2,772407.7,98,20055,32768,37,260.83,1060801.73,13167017.27
2026-08-05T07:41:10+08:00,1,2,104.0,2232.7,12.03,156118.0,772407.7,88,15719,32768,36,232.29,1060796.52,13166998.48
2026-08-05T07:41:20+08:00,1,2,104.0,2038.9,11.48,156287.0,772407.7,88,20637,32768,36,217.54,1060796.54,13166973.46
2026-08-05T07:41:30+08:00,1,2,104.0,2039.4,11.17,156868.6,772407.7,89,17753,32768,36,275.06,1060796.56,13166952.44
2026-08-05T07:41:40+08:00,1,2,104.0,2232.0,11.14,157362.0,772407.7,99,13975,32768,36,281.68,1060796.59,13166938.41
2026-08-05T07:41:50+08:00,1,2,104.0,2040.0,11.12,157056.5,772407.7,100,18615,32768,37,266.80,1060796.62,13166918.38
2026-08-05T07:42:00+08:00,1,2,104.0,2231.8,11.24,157499.8,772407.7,99,14855,32768,37,215.11,1060796.65,13166876.35
2026-08-05T07:42:10+08:00,1,2,104.0,2038.9,10.80,157055.3,772407.7,98,19757,32768,36,218.46,1060796.69,13166848.31
2026-08-05T07:42:20+08:00,1,2,104.0,2232.5,11.21,157891.6,772407.7,97,15715,32768,37,305.95,1060796.69,13166829.31
2026-08-05T07:42:30+08:00,1,2,104.0,2038.9,10.74,157712.5,772407.7,97,20635,32768,38,297.21,1060796.72,13166795.28
2026-08-05T07:42:40+08:00,1,2,104.0,2039.0,11.62,158038.3,772407.7,100,11313,32768,33,310.11,1060796.74,13166793.26
2026-08-05T07:42:50+08:00,1,2,104.0,2232.5,11.98,157982.3,772407.7,100,13535,32768,35,197.37,1060796.77,13166789.23
2026-08-05T07:43:00+08:00,1,2,104.0,2038.9,11.83,157359.4,772407.7,98,18615,32768,37,276.58,1060796.80,13166781.20
2026-08-05T07:43:10+08:00,1,2,104.0,2232.0,12.23,157682.2,772407.7,99,14637,32768,37,267.29,1060796.82,13166767.18
2026-08-05T07:43:21+08:00,1,2,104.0,2038.9,12.41,156487.3,772407.7,98,19475,32768,37,230.68,1060796.95,13166761.05
2026-08-05T07:43:31+08:00,1,2,104.0,2232.3,12.59,157098.0,772407.7,98,15715,32768,37,288.47,1060796.87,13166759.13
2026-08-05T07:43:41+08:00,1,2,104.0,2039.2,12.06,157231.4,772407.7,98,20635,32768,38,295.27,1060796.68,13166750.32
2026-08-05T07:43:51+08:00,1,2,104.0,2376.2,12.03,157455.6,772407.7,95,1071,32768,33,72.93,1060796.75,13166777.25
2026-08-05T07:44:01+08:00,1,2,104.0,2168.6,12.96,157708.8,772407.7,92,20637,32768,34,70.00,1060796.80,13166815.20
2026-08-05T07:44:11+08:00,1,2,104.0,2039.6,13.20,156328.6,772407.7,96,18035,32768,36,257.09,1060796.84,13166802.16
2026-08-05T07:44:21+08:00,1,2,104.0,2231.8,12.32,156768.9,772407.7,99,14415,32768,37,288.56,1060796.49,13166812.51
2026-08-05T07:44:31+08:00,1,2,104.0,2038.9,12.08,157018.5,772407.7,98,19195,32768,37,254.68,1060796.64,13166962.36
2026-08-05T07:44:41+08:00,1,2,104.0,2231.8,11.60,157857.5,772407.7,98,15495,32768,38,290.90,1060795.37,13166991.63
2026-08-05T07:44:51+08:00,1,2,104.0,2038.9,11.12,157115.3,772407.7,99,20335,32768,37,233.93,1060795.40,13167004.60
2026-08-05T07:45:01+08:00,1,2,104.0,2376.8,11.10,157864.7,772407.7,67,9259,32768,34,72.44,1060795.43,13166991.57
2026-08-05T07:45:11+08:00,1,2,104.0,2038.9,11.00,157254.1,772407.7,91,20637,32768,36,220.61,1060795.48,13166986.52
2026-08-05T07:45:21+08:00,1,2,104.0,2038.9,10.86,157548.0,772407.7,94,17755,32768,35,206.98,1060795.50,13166953.50
2026-08-05T07:45:31+08:00,1,2,104.0,2231.8,11.12,157443.9,772407.7,100,13975,32768,37,299.15,1060795.54,13166919.46
2026-08-05T07:45:41+08:00,1,2,104.0,2039.4,11.12,157013.1,772407.7,99,18895,32768,36,238.30,1060795.58,13166864.42
2026-08-05T07:45:51+08:00,1,2,104.0,2231.8,10.94,157068.6,772407.7,99,15075,32768,37,290.90,1060795.62,13166836.38
2026-08-05T07:46:01+08:00,1,2,104.0,2038.9,10.74,157102.2,772407.7,98,20055,32768,37,217.06,1060795.66,13166817.34
2026-08-05T07:46:11+08:00,1,2,104.0,2232.2,11.05,157086.5,772407.7,90,15719,32768,36,204.59,1060795.80,13166781.20
2026-08-05T07:46:21+08:00,1,2,104.0,2038.9,10.97,157260.3,772407.7,88,20637,32768,36,218.80,1060787.62,13166769.38
2026-08-05T07:46:31+08:00,1,2,104.0,2039.2,10.58,157027.9,772407.7,84,17453,32768,35,291.39,1060787.66,13166769.34
2026-08-05T07:46:41+08:00,1,2,104.0,2231.8,10.04,156833.5,772407.7,100,13755,32768,37,291.39,1060787.74,13166749.26
2026-08-05T07:46:51+08:00,1,2,104.0,2039.5,10.41,156156.1,772407.7,98,18615,32768,37,313.99,1060790.32,13166711.68
2026-08-05T07:47:01+08:00,1,2,104.0,2231.9,10.81,155877.6,772407.7,98,14635,32768,37,293.81,1060794.32,13166722.68
2026-08-05T07:47:11+08:00,1,2,104.0,2038.9,12.03,155730.9,772407.7,99,19477,32768,38,291.09,1060794.42,13166686.58
2026-08-05T07:47:21+08:00,1,2,104.0,2233.0,12.04,156445.4,772407.7,98,15715,32768,37,305.18,1060793.87,13166664.13
2026-08-05T07:47:31+08:00,1,2,104.0,2038.9,11.87,155640.4,772407.7,99,20635,32768,37,301.38,1060795.59,13166655.41
2026-08-05T07:47:41+08:00,1,2,104.0,2083.4,11.65,155216.8,772407.7,97,1351,32768,33,76.84,1060795.68,13166617.32
2026-08-05T07:47:51+08:00,1,2,104.0,2092.9,10.94,155481.2,772407.7,89,20639,32768,35,83.68,1060795.78,13166603.22
2026-08-05T07:48:01+08:00,1,2,104.0,2038.9,10.81,155565.0,772407.7,99,18033,32768,36,242.68,1060796.51,13166598.49
2026-08-05T07:48:12+08:00,1,2,104.0,2231.8,10.59,156095.1,772407.7,98,14195,32768,37,285.26,1060796.80,13166597.20
2026-08-05T07:48:22+08:00,1,2,104.0,2040.1,10.74,156019.5,772407.7,99,19195,32768,37,284.48,1060796.89,13166602.11
2026-08-05T07:48:32+08:00,1,2,104.0,2232.2,10.65,156112.6,772407.7,98,15275,32768,36,265.52,1060797.01,13166603.99
2026-08-05T07:48:42+08:00,1,2,104.0,2039.7,10.83,155204.2,772407.7,98,20057,32768,36,266.32,1060797.15,13166602.85
2026-08-05T07:48:52+08:00,1,2,104.0,2232.1,10.71,155392.1,772407.7,90,15719,32768,36,235.87,1060797.30,13166606.70
2026-08-05T07:49:02+08:00,1,2,104.0,2038.9,10.74,155648.6,772407.7,88,20639,32768,36,231.98,1060797.44,13166614.56
2026-08-05T07:49:12+08:00,1,2,104.0,2038.9,10.38,155378.8,772407.7,100,18037,32768,36,300.12,1060797.29,13166644.71
2026-08-05T07:49:22+08:00,1,2,104.0,2231.9,10.49,156464.4,772407.7,99,14195,32768,37,257.26,1060797.65,13166654.35
2026-08-05T07:49:32+08:00,1,2,104.0,2039.4,11.17,156151.5,772407.7,98,18895,32768,37,259.06,1060797.78,13166689.22
2026-08-05T07:49:42+08:00,1,2,104.0,2232.8,13.06,157220.7,772407.7,99,15077,32768,37,279.80,1060797.90,13166773.10
2026-08-05T07:49:52+08:00,1,2,104.0,2039.7,12.82,156660.5,772407.7,99,20057,32768,36,211.50,1060798.11,13166837.89
2026-08-05T07:50:02+08:00,1,2,104.0,2231.9,12.54,156062.9,772407.7,85,15719,32768,36,210.87,1060798.13,13166862.87
2026-08-05T07:50:12+08:00,1,2,104.0,2039.1,13.16,157038.9,772407.7,90,20637,32768,36,237.64,1060798.35,13166908.65
2026-08-05T07:50:22+08:00,1,2,104.0,2038.9,12.82,156139.7,772407.7,100,17453,32768,34,178.38,1060798.50,13166944.50
2026-08-05T07:50:32+08:00,1,2,104.0,2231.8,12.86,156786.9,772407.7,100,13533,32768,36,228.73,1060798.67,13166989.33
2026-08-05T07:50:42+08:00,1,2,104.0,2039.2,13.88,157224.5,772407.7,98,18313,32768,36,265.38,1060798.80,13167043.20
2026-08-05T07:50:52+08:00,1,2,104.0,2232.5,14.35,156710.8,772407.7,98,14635,32768,37,263.75,1060798.93,13167117.07
2026-08-05T07:51:02+08:00,1,2,104.0,2038.9,14.82,156646.8,772407.7,98,19475,32768,38,296.73,1060798.53,13167142.47
2026-08-05T07:51:12+08:00,1,2,104.0,2231.8,14.30,156542.9,772407.7,99,15495,32768,37,285.75,1060799.19,13167152.81
2026-08-05T07:51:22+08:00,1,2,104.0,2038.9,14.25,157012.5,772407.7,99,20335,32768,36,276.70,1060799.31,13167127.69
2026-08-05T07:51:32+08:00,1,2,104.0,2376.5,15.20,157169.9,772407.7,72,7559,32768,34,72.49,1060799.44,13167087.56
2026-08-05T07:51:42+08:00,1,2,104.0,2038.9,15.29,157615.2,772407.7,90,20637,32768,36,227.42,1060799.59,13167036.41
2026-08-05T07:51:52+08:00,1,2,104.0,2038.9,14.55,157713.3,772407.7,91,17755,32768,36,261.32,1060799.77,13166996.23
2026-08-05T07:52:02+08:00,1,2,104.0,2231.8,14.46,157250.8,772407.7,98,13975,32768,36,221.09,1060799.94,13166961.06
2026-08-05T07:52:12+08:00,1,2,104.0,2039.5,14.07,156649.3,772407.7,98,18897,32768,37,266.80,1060800.16,13166939.84
2026-08-05T07:52:22+08:00,1,2,104.0,2231.9,13.37,156585.6,772407.7,98,15077,32768,37,267.47,1060800.36,13166939.64
2026-08-05T07:52:32+08:00,1,2,104.0,2039.4,13.55,156364.5,772407.7,98,20055,32768,37,207.74,1060800.58,13166923.42
2026-08-05T07:52:42+08:00,1,2,104.0,2231.9,12.76,156237.2,772407.7,88,15719,32768,36,224.84,1060800.63,13167273.37
2026-08-05T07:52:52+08:00,1,2,104.0,2038.9,12.64,156339.8,772407.7,92,20637,32768,36,237.64,1060800.63,13166919.37
2026-08-05T07:53:02+08:00,1,2,104.0,2038.9,12.83,156968.0,772407.7,77,17753,32768,35,300.12,1060800.63,13166914.37
2026-08-05T07:53:13+08:00,1,2,104.0,2231.9,12.32,156887.2,772407.7,99,13755,32768,36,251.92,1060800.64,13166907.36
2026-08-05T07:53:23+08:00,1,2,104.0,2038.9,11.72,131766.2,772407.7,99,18895,32768,38,310.32,1060800.64,13166902.36
2026-08-05T07:53:33+08:00,1,2,104.0,2232.3,11.15,132644.6,772407.7,99,15075,32768,37,305.66,1060800.63,13166898.37
2026-08-05T07:53:43+08:00,1,2,104.0,2040.2,11.18,141288.0,772407.7,99,19757,32768,37,276.88,1060800.62,13166894.38
2026-08-05T07:53:53+08:00,1,2,104.0,2232.3,11.22,158029.1,772407.7,92,15717,32768,36,226.78,1060800.64,13166916.36
2026-08-05T07:54:03+08:00,1,2,104.0,2038.9,11.37,157654.0,772407.7,99,20637,32768,36,209.14,1060800.64,13166897.36
2026-08-05T07:54:13+08:00,1,2,104.0,2038.9,11.46,157686.5,772407.7,100,17453,32768,35,296.24,1060795.41,13166902.59
2026-08-05T07:54:23+08:00,1,2,104.0,2232.1,11.54,158101.1,772407.7,100,13755,32768,36,219.49,1060795.42,13166912.58
2026-08-05T07:54:33+08:00,1,2,104.0,2038.9,11.07,157544.5,772407.7,100,18617,32768,37,291.87,1060795.42,13166942.58
2026-08-05T07:54:43+08:00,1,2,104.0,2232.5,10.91,157471.3,772407.7,98,14855,32768,37,266.49,1060795.45,13166972.55
2026-08-05T07:54:53+08:00,1,2,104.0,2039.0,11.37,157693.2,772407.7,99,19755,32768,36,215.74,1060795.46,13167011.54
2026-08-05T07:55:03+08:00,1,2,104.0,2231.8,11.60,157553.4,772407.7,99,15715,32768,37,219.78,1060795.47,13167011.53
2026-08-05T07:55:13+08:00,1,2,104.0,2039.5,11.44,158159.1,772407.7,99,20635,32768,37,225.81,1060795.47,13167034.53
2026-08-05T07:55:23+08:00,1,2,104.0,2084.1,11.30,157049.9,772407.7,100,2271,32768,32,71.95,1060795.51,13167085.49
2026-08-05T07:55:33+08:00,1,2,104.0,2231.9,11.34,156925.5,772407.7,66,13333,32768,34,225.47,1060795.53,13167038.47
2026-08-05T07:55:43+08:00,1,2,104.0,2038.9,11.36,157427.2,772407.7,99,18315,32768,37,299.15,1060795.55,13167027.45
2026-08-05T07:55:53+08:00,1,2,104.0,2231.8,11.54,158774.7,772407.7,98,14195,32768,37,247.70,1060795.56,13167082.44
2026-08-05T07:56:03+08:00,1,2,104.0,2038.9,11.91,157815.3,772407.7,99,19195,32768,37,237.49,1060795.58,13167080.42
2026-08-05T07:56:13+08:00,1,2,104.0,2231.8,11.84,157889.2,772407.7,99,15277,32768,37,266.14,1060795.60,13167083.40
2026-08-05T07:56:23+08:00,1,2,104.0,2038.9,12.16,157599.2,772407.7,100,20337,32768,38,292.55,1060795.62,13167083.38
2026-08-05T07:56:33+08:00,1,2,104.0,2232.0,12.13,158018.8,772407.7,83,15719,32768,36,201.89,1060795.64,13167091.36
2026-08-05T07:56:43+08:00,1,2,104.0,2039.2,12.34,158169.8,772407.7,88,20637,32768,36,234.57,1060795.44,13167117.56
2026-08-05T07:56:53+08:00,1,2,104.0,2038.9,11.75,158097.8,772407.7,96,17753,32768,36,243.32,1060795.47,13167138.53
2026-08-05T07:57:03+08:00,1,2,104.0,2231.9,11.24,158452.5,772407.7,100,13975,32768,37,285.56,1060795.51,13167127.49
2026-08-05T07:57:13+08:00,1,2,104.0,2039.6,11.28,157896.1,772407.7,100,18895,32768,37,311.98,1060795.54,13167119.46
2026-08-05T07:57:23+08:00,1,2,104.0,2231.8,11.32,159579.8,772407.7,98,15075,32768,38,303.52,1060795.60,13167128.40
2026-08-05T07:57:33+08:00,1,2,104.0,2038.9,11.57,158283.2,772407.7,100,19755,32768,37,272.33,1060795.63,13167141.37
2026-08-05T07:57:43+08:00,1,2,104.0,2231.8,11.76,157690.1,772407.7,92,15719,32768,36,228.84,1060795.67,13167149.33
2026-08-05T07:57:53+08:00,1,2,104.0,2039.1,11.87,158149.7,772407.7,95,20637,32768,37,229.70,1060795.71,13167162.29
2026-08-05T07:58:03+08:00,1,2,104.0,2038.9,11.90,158348.6,772407.7,100,17453,32768,33,203.70,1060795.73,13167173.27
2026-08-05T07:58:14+08:00,1,2,104.0,2232.6,12.77,158864.1,772407.7,100,13755,32768,37,243.16,1060795.77,13167197.23
2026-08-05T07:58:24+08:00,1,2,104.0,2038.9,12.87,158339.9,772407.7,98,18617,32768,36,273.12,1060795.80,13167220.20
2026-08-05T07:58:34+08:00,1,2,104.0,2231.8,12.19,158373.4,772407.7,97,14855,32768,37,218.17,1060797.80,13167310.20
2026-08-05T07:58:44+08:00,1,2,104.0,2038.9,12.61,158381.4,772407.7,99,19757,32768,38,274.09,1060798.48,13167340.52
2026-08-05T07:58:54+08:00,1,2,104.0,2232.2,12.66,159150.7,772407.7,97,15715,32768,37,247.21,1060798.78,13167370.22
2026-08-05T07:59:04+08:00,1,2,104.0,2038.9,12.75,158562.5,772407.7,99,20635,32768,37,213.30,1060799.22,13167389.78
2026-08-05T07:59:14+08:00,1,2,104.0,2076.1,12.70,158115.3,772407.7,100,1971,32768,32,73.42,1060798.76,13167385.24
2026-08-05T07:59:24+08:00,1,2,104.0,2232.0,12.92,158813.2,772407.7,100,13333,32768,34,284.96,1060798.77,13167370.23
2026-08-05T07:59:34+08:00,1,2,104.0,2039.4,12.69,158456.3,772407.7,98,18313,32768,37,247.05,1060798.85,13168290.15
2026-08-05T07:59:44+08:00,1,2,104.0,2231.8,13.04,158300.4,772407.7,98,14415,32768,36,241.22,1060798.95,13167321.05
2026-08-05T07:59:54+08:00,1,2,104.0,2038.9,12.65,157916.0,772407.7,98,19475,32768,37,211.36,1060798.42,13167282.58
2026-08-05T08:00:04+08:00,1,2,104.0,2231.9,12.69,157608.5,772407.7,98,15715,32768,37,297.50,1060799.00,13167281.00
2026-08-05T08:00:14+08:00,1,2,104.0,2038.9,12.49,156776.2,772407.7,98,20637,32768,37,288.66,1060799.24,13167281.76
2026-08-05T08:00:24+08:00,1,2,104.0,2376.3,12.27,157406.3,772407.7,69,1051,32768,33,72.49,1060799.34,13167239.66
2026-08-05T08:00:34+08:00,1,2,104.0,2177.8,12.67,156814.2,772407.7,87,20637,32768,34,70.14,1060799.26,13167217.74
2026-08-05T08:00:44+08:00,1,2,104.0,2038.9,12.77,156876.7,772407.7,98,18035,32768,36,221.09,1060799.52,13167240.48
2026-08-05T08:00:54+08:00,1,2,104.0,2232.1,12.57,156585.8,772407.7,99,14195,32768,37,261.46,1060799.62,13167235.38
2026-08-05T08:01:04+08:00,1,2,104.0,2039.1,12.19,157378.6,772407.7,99,19197,32768,37,246.08,1060799.72,13167231.28
2026-08-05T08:01:14+08:00,1,2,104.0,2232.6,11.83,157593.6,772407.7,98,15275,32768,37,271.05,1060799.80,13167217.20
2026-08-05T08:01:24+08:00,1,2,104.0,2038.9,11.77,157156.8,772407.7,98,20335,32768,37,240.73,1060792.27,13167227.73
2026-08-05T08:01:34+08:00,1,2,104.0,2375.7,12.21,158149.1,772407.7,90,10819,32768,34,72.54,1060792.16,13167219.84
2026-08-05T08:01:44+08:00,1,2,105.0,2039.4,12.61,157135.1,772407.7,87,20639,32768,36,223.38,1060792.89,13167215.11
2026-08-05T08:01:54+08:00,1,2,105.0,2039.6,12.73,157003.3,772407.7,99,17753,32768,36,259.03,1060793.07,13167219.93
2026-08-05T08:02:04+08:00,1,2,105.0,2231.8,12.54,156925.6,772407.7,98,13975,32768,36,223.53,1060798.74,13167255.26
2026-08-05T08:02:14+08:00,1,2,105.0,2039.9,12.08,156157.8,772407.7,98,18895,32768,38,300.41,1060798.87,13167233.13
2026-08-05T08:02:24+08:00,1,2,105.0,2232.0,11.76,156762.6,772407.7,98,15077,32768,38,276.34,1060799.02,13167589.98
2026-08-05T08:02:34+08:00,1,2,105.0,2038.9,11.95,157127.7,772407.7,98,19755,32768,37,215.25,1060800.11,13167228.89
2026-08-05T08:02:44+08:00,1,2,105.0,2232.4,11.58,157779.5,772407.7,99,15717,32768,38,301.09,1060800.25,13167239.75
2026-08-05T08:02:55+08:00,1,2,105.0,2038.9,11.56,157621.6,772407.7,100,20635,32768,37,216.08,1060800.40,13167253.60
2026-08-05T08:03:05+08:00,1,2,105.0,2038.9,11.01,157449.0,772407.7,100,17455,32768,34,202.38,1060801.18,13167255.82
2026-08-05T08:03:15+08:00,1,2,105.0,2231.8,10.84,157704.7,772407.7,100,13753,32768,37,291.09,1060801.49,13167269.51
2026-08-05T08:03:25+08:00,1,2,105.0,2039.4,10.70,157496.3,772407.7,98,18617,32768,36,214.91,1060801.65,13167269.35
2026-08-05T08:03:35+08:00,1,2,105.0,2231.8,10.83,158514.0,772407.7,99,14855,32768,37,265.04,1060801.28,13167255.72
2026-08-05T08:03:45+08:00,1,2,105.0,2038.9,11.14,158183.6,772407.7,98,19475,32768,37,269.72,1060801.73,13167243.27
2026-08-05T08:03:55+08:00,1,2,105.0,2232.2,11.12,158685.7,772407.7,97,15715,32768,38,257.26,1060802.18,13167241.82
2026-08-05T08:04:05+08:00,1,2,105.0,2039.2,10.64,158030.5,772407.7,99,20635,32768,37,209.41,1060802.35,13167250.65
2026-08-05T08:04:15+08:00,1,2,105.0,2084.1,10.30,157698.9,772407.7,100,1511,32768,33,79.23,1060802.53,13167279.47
2026-08-05T08:04:25+08:00,1,2,105.0,2232.0,10.27,158147.5,772407.7,87,14077,32768,34,72.44,1060802.70,13167279.30
2026-08-05T08:04:35+08:00,1,2,105.0,2039.5,10.46,158684.8,772407.7,100,18035,32768,37,302.84,1060802.89,13167275.11
2026-08-05T08:04:45+08:00,1,2,105.0,2231.8,10.68,158687.9,772407.7,98,14195,32768,37,312.74,1060803.09,13167258.91
2026-08-05T08:04:55+08:00,1,2,105.0,2038.9,10.73,157935.7,772407.7,98,19197,32768,37,308.66,1060803.28,13167233.72
2026-08-05T08:05:05+08:00,1,2,105.0,2231.8,10.77,158927.1,772407.7,98,15075,32768,37,286.61,1060802.97,13167230.03
2026-08-05T08:05:15+08:00,1,2,105.0,2038.9,10.95,157695.5,772407.7,100,20057,32768,38,271.35,1060803.45,13167236.55
2026-08-05T08:05:25+08:00,1,2,105.0,2232.4,10.79,157987.7,772407.7,84,15717,32768,36,223.38,1060803.45,13167229.55
2026-08-05T08:05:35+08:00,1,2,105.0,2039.2,10.74,157565.2,772407.7,91,20637,32768,36,229.37,1060803.31,13167218.69
2026-08-05T08:05:45+08:00,1,2,105.0,2039.7,11.01,158192.3,772407.7,100,8313,32768,33,271.35,1060803.31,13167246.69
2026-08-05T08:05:55+08:00,1,2,105.0,2232.3,11.00,158235.0,772407.7,100,13533,32768,36,287.58,1060803.31,13167228.69
2026-08-05T08:06:05+08:00,1,2,105.0,2038.9,11.46,157260.5,772407.7,98,18315,32768,37,247.54,1060803.07,13167229.93
2026-08-05T08:06:15+08:00,1,2,105.0,2231.9,11.84,157827.5,772407.7,98,14415,32768,37,237.00,1060803.30,13167225.70
2026-08-05T08:06:25+08:00,1,2,105.0,2039.1,12.56,157739.8,772407.7,98,19475,32768,38,285.86,1060803.31,13167256.69
2026-08-05T08:06:35+08:00,1,2,105.0,2232.3,12.55,156950.8,772407.7,98,15497,32768,37,263.09,1060803.31,13167292.69
2026-08-05T08:06:45+08:00,1,2,105.0,2039.3,12.31,156610.5,772407.7,99,20637,32768,37,223.04,1060798.08,13167317.92
2026-08-05T08:06:55+08:00,1,2,105.0,2084.0,12.50,157285.3,772407.7,100,1809,32768,32,75.37,1060798.10,13167332.90
2026-08-05T08:07:05+08:00,1,2,105.0,2231.9,12.19,157223.8,772407.7,69,6413,32768,33,276.82,1060798.11,13167381.89
2026-08-05T08:07:15+08:00,1,2,105.0,2039.2,12.22,157250.6,772407.7,99,18035,32768,36,287.50,1060798.41,13167431.59
2026-08-05T08:07:25+08:00,1,2,105.0,2231.8,11.72,157081.8,772407.7,98,14197,32768,36,239.27,1060799.46,13167608.54
2026-08-05T08:07:35+08:00,1,2,105.0,2038.9,12.06,156947.2,772407.7,98,19195,32768,37,259.20,1060800.13,13167448.87
2026-08-05T08:07:46+08:00,1,2,105.0,2232.2,11.44,157284.0,772407.7,99,15275,32768,37,261.46,1060800.59,13167439.41
2026-08-05T08:07:56+08:00,1,2,105.0,2040.0,11.14,158563.0,772407.7,97,20335,32768,37,302.95,1060800.82,13167412.18
2026-08-05T08:08:06+08:00,1,2,105.0,2231.8,11.88,157783.7,772407.7,88,15719,32768,36,218.46,1060800.83,13167387.17
2026-08-05T08:08:16+08:00,1,2,105.0,2038.9,12.76,157504.6,772407.7,91,20637,32768,36,210.87,1060800.85,13167374.15
2026-08-05T08:08:26+08:00,1,2,105.0,2039.6,12.77,160229.2,772407.7,84,17753,32768,36,290.12,1060800.86,13167342.14
2026-08-05T08:08:36+08:00,1,2,105.0,2231.8,13.28,159769.1,772407.7,99,13755,32768,36,282.53,1060800.88,13167440.12
2026-08-05T08:08:46+08:00,1,2,105.0,2038.9,13.07,159558.1,772407.7,98,18895,32768,37,288.96,1060800.90,13167435.10
2026-08-05T08:08:56+08:00,1,2,105.0,2231.8,13.16,159493.5,772407.7,99,14857,32768,36,242.35,1060800.92,13167430.08
2026-08-05T08:09:06+08:00,1,2,105.0,2039.4,12.84,159732.2,772407.7,98,19755,32768,38,284.10,1060800.93,13167405.07
2026-08-05T08:09:16+08:00,1,2,105.0,2232.4,12.55,160327.8,772407.7,99,15717,32768,38,266.18,1060800.84,13167404.16
2026-08-05T08:09:26+08:00,1,2,105.0,2038.9,12.15,160107.8,772407.7,99,20635,32768,38,295.46,1060800.79,13167798.21
2026-08-05T08:09:36+08:00,1,2,105.0,2084.1,12.96,160653.0,772407.7,100,2111,32768,32,73.51,1060800.82,13167455.18
2026-08-05T08:09:46+08:00,1,2,105.0,2231.8,12.49,160772.2,772407.7,84,13333,32768,35,269.90,1060800.87,13167452.13
2026-08-05T08:09:56+08:00,1,2,105.0,2039.6,12.88,160781.8,772407.7,98,18317,32768,36,231.31,1060801.05,13167421.95
2026-08-05T08:10:06+08:00,1,2,105.0,2231.9,13.41,160454.1,772407.7,99,14635,32768,37,312.05,1060800.95,13167397.05
2026-08-05T08:10:16+08:00,1,2,105.0,2039.9,12.90,160554.1,772407.7,100,19475,32768,37,240.40,1060800.98,13167392.02
2026-08-05T08:10:26+08:00,1,2,105.0,2231.8,12.77,160116.1,772407.7,98,15495,32768,37,255.82,1060800.92,13167363.08
2026-08-05T08:10:36+08:00,1,2,105.0,2038.9,13.02,159723.4,772407.7,98,20335,32768,37,299.64,1060800.94,13167338.06
2026-08-05T08:10:46+08:00,1,2,105.0,2084.0,13.27,159941.5,772407.7,74,1351,32768,33,75.86,1060800.99,13167328.01
2026-08-05T08:10:56+08:00,1,2,105.0,2231.8,12.93,160894.2,772407.7,63,15639,32768,34,71.95,1060800.99,13167312.01
2026-08-05T08:11:06+08:00,1,2,105.0,2039.0,12.56,158428.7,772407.7,98,18033,32768,36,219.15,1060801.02,13167317.98
2026-08-05T08:11:16+08:00,1,2,105.0,2231.8,12.55,159032.0,772407.7,99,14195,32768,37,286.53,1060801.06,13167326.94
2026-08-05T08:11:26+08:00,1,2,105.0,2039.9,12.48,159242.8,772407.7,99,18897,32768,36,280.22,1060801.04,13167318.96
2026-08-05T08:11:36+08:00,1,2,105.0,2231.9,12.63,158553.4,772407.7,99,15075,32768,37,268.92,1060801.12,13167324.88
2026-08-05T08:11:46+08:00,1,2,105.0,2038.9,13.07,158072.2,772407.7,99,20057,32768,37,310.32,1060801.17,13167314.83
2026-08-05T08:11:56+08:00,1,2,105.0,2232.2,12.81,158186.6,772407.7,98,15717,32768,37,189.71,1060801.20,13167278.80
2026-08-05T08:12:06+08:00,1,2,105.0,2038.9,12.29,157666.9,772407.7,100,20635,32768,38,305.46,1060801.24,13167272.76
2026-08-05T08:12:17+08:00,1,2,105.0,2084.1,12.65,158273.7,772407.7,100,2271,32768,32,77.82,1060801.33,13167291.67
2026-08-05T08:12:27+08:00,1,2,105.0,2231.9,12.74,157700.4,772407.7,79,13333,32768,34,287.10,1060801.41,13167304.59
2026-08-05T08:12:37+08:00,1,2,105.0,2039.4,12.34,157692.1,772407.7,98,18315,32768,36,286.23,1060801.82,13167327.18
2026-08-05T08:12:47+08:00,1,2,105.0,2231.8,12.26,157313.5,772407.7,99,14435,32768,37,298.18,1060801.61,13167372.39
2026-08-05T08:12:57+08:00,1,2,105.0,2038.9,12.24,158978.1,772407.7,99,19475,32768,37,298.18,1060801.71,13167413.29
2026-08-05T08:13:07+08:00,1,2,105.0,2231.8,11.74,159032.2,772407.7,98,15495,32768,37,227.27,1060801.80,13167425.20
2026-08-05T08:13:17+08:00,1,2,105.0,2038.9,12.02,158743.9,772407.7,98,20337,32768,36,209.06,1060801.90,13167483.10
2026-08-05T08:13:27+08:00,1,2,105.0,2330.5,11.79,159901.6,772407.7,87,15719,32768,35,71.46,1060801.99,13167507.01
2026-08-05T08:13:37+08:00,1,2,105.0,2038.9,11.95,159463.8,772407.7,90,20639,32768,36,242.99,1060802.09,13167528.91
2026-08-05T08:13:47+08:00,1,2,105.0,2039.2,11.64,159073.0,772407.7,97,17753,32768,35,221.09,1060802.18,13167528.82
2026-08-05T08:13:57+08:00,1,2,105.0,2231.8,11.47,159201.6,772407.7,100,13975,32768,36,282.65,1060802.08,13167547.92
2026-08-05T08:14:07+08:00,1,2,105.0,2038.9,11.25,158622.3,772407.7,99,18617,32768,36,274.76,1060802.41,13167542.59
2026-08-05T08:14:17+08:00,1,2,105.0,2232.3,10.99,158383.9,772407.7,98,14855,32768,37,220.61,1060802.54,13167639.46
2026-08-05T08:14:27+08:00,1,2,105.0,2039.4,10.67,157405.9,772407.7,100,19755,32768,37,215.25,1060802.68,13167638.32
2026-08-05T08:14:37+08:00,1,2,105.0,2232.0,10.71,157707.8,772407.7,97,15715,32768,38,311.57,1060802.82,13167644.18
2026-08-05T08:14:47+08:00,1,2,105.0,2039.3,11.09,157070.0,772407.7,100,20635,32768,37,278.64,1060803.29,13167692.71
2026-08-05T08:14:57+08:00,1,2,105.0,2074.0,10.99,157881.0,772407.7,100,1651,32768,32,73.42,1060803.12,13167710.88
2026-08-05T08:15:07+08:00,1,2,105.0,2231.8,10.75,156956.3,772407.7,64,1133,32768,33,80.36,1060803.25,13167722.75
2026-08-05T08:15:17+08:00,1,2,105.0,2039.6,10.64,156866.2,772407.7,98,18035,32768,36,262.92,1060803.39,13167772.61
2026-08-05T08:15:27+08:00,1,2,105.0,2232.1,10.30,157050.0,772407.7,98,14195,32768,37,284.78,1060803.53,13167789.47
2026-08-05T08:15:37+08:00,1,2,105.0,2039.6,10.57,157292.3,772407.7,99,19195,32768,36,269.90,1060803.40,13168143.60
2026-08-05T08:15:47+08:00,1,2,105.0,2231.8,10.95,158247.6,772407.7,98,15277,32768,37,260.03,1060803.55,13167790.45
2026-08-05T08:15:57+08:00,1,2,105.0,2038.9,12.11,158407.6,772407.7,98,20335,32768,38,264.41,1060803.72,13167798.28
2026-08-05T08:16:07+08:00,1,2,105.0,2366.2,12.07,157901.4,772407.7,88,14319,32768,34,71.95,1060803.90,13167804.10
2026-08-05T08:16:17+08:00,1,2,105.0,2038.9,12.37,133031.4,772407.7,90,20639,32768,36,233.11,1060804.06,13167793.94
2026-08-05T08:16:27+08:00,1,2,105.0,2038.9,12.37,132566.2,772407.7,100,17753,32768,35,232.93,1060804.24,13167791.76
2026-08-05T08:16:37+08:00,1,2,105.0,2232.3,11.76,155285.3,772407.7,100,13975,32768,37,221.58,1060804.44,13167797.56
2026-08-05T08:16:47+08:00,1,2,105.0,2039.4,11.72,157885.3,772407.7,97,18895,32768,37,304.98,1060804.60,13167797.40
2026-08-05T08:16:57+08:00,1,2,105.0,2231.9,11.63,157446.6,772407.7,98,15077,32768,37,298.09,1060796.68,13167800.32
2026-08-05T08:17:08+08:00,1,2,105.0,2039.4,11.45,156963.7,772407.7,100,20055,32768,37,306.72,1060796.83,13167799.17
2026-08-05T08:17:18+08:00,1,2,105.0,2231.8,10.99,157204.0,772407.7,91,15719,32768,36,220.95,1060796.84,13167778.16
2026-08-05T08:17:28+08:00,1,2,105.0,2038.9,11.06,156858.1,772407.7,89,20635,32768,36,224.65,1060799.40,13167732.60
2026-08-05T08:17:38+08:00,1,2,105.0,2039.2,11.20,156592.0,772407.7,90,17753,32768,35,301.78,1060803.77,13167694.23
2026-08-05T08:17:48+08:00,1,2,105.0,2231.9,11.63,156564.9,772407.7,100,13753,32768,36,224.50,1060803.79,13167662.21
2026-08-05T08:17:58+08:00,1,2,105.0,2038.9,12.98,156965.5,772407.7,99,18617,32768,36,262.78,1060803.79,13167633.21
2026-08-05T08:18:08+08:00,1,2,105.0,2231.8,13.35,157958.9,772407.7,99,14855,32768,37,311.57,1060804.76,13167593.24
2026-08-05T08:18:18+08:00,1,2,105.0,2039.6,13.67,157435.7,772407.7,99,19477,32768,37,261.32,1060804.78,13167557.22
2026-08-05T08:18:28+08:00,1,2,105.0,2231.9,13.91,157132.8,772407.7,99,15495,32768,37,267.64,1060804.42,13167523.58
2026-08-05T08:18:38+08:00,1,2,105.0,2038.9,14.25,156783.8,772407.7,98,20335,32768,37,284.59,1060805.40,13168162.60
2026-08-05T08:18:48+08:00,1,2,105.0,2376.7,13.84,156792.0,772407.7,68,5779,32768,33,72.58,1060805.77,13168114.23
2026-08-05T08:18:58+08:00,1,2,105.0,2039.2,13.23,156847.0,772407.7,88,20637,32768,36,226.30,1060805.77,13167420.23
2026-08-05T08:19:08+08:00,1,2,105.0,2038.9,12.58,156607.0,772407.7,80,17753,32768,35,202.11,1060805.77,13167372.23
2026-08-05T08:19:18+08:00,1,2,105.0,2231.8,12.57,156942.3,772407.7,100,13975,32768,37,298.58,1060800.39,13167336.61
2026-08-05T08:19:28+08:00,1,2,105.0,2039.4,12.32,157141.6,772407.7,100,18615,32768,37,274.09,1060800.57,13167297.43
2026-08-05T08:19:38+08:00,1,2,105.0,2231.8,12.10,157108.6,772407.7,99,14855,32768,37,222.07,1060800.58,13167266.42
2026-08-05T08:19:48+08:00,1,2,105.0,2038.9,12.09,157173.0,772407.7,99,19755,32768,37,215.25,1060800.59,13167220.41
2026-08-05T08:19:58+08:00,1,2,105.0,2232.1,12.08,157114.2,772407.7,99,15717,32768,36,163.88,1060800.62,13167168.38
2026-08-05T08:20:08+08:00,1,2,105.0,2039.4,12.08,157529.0,772407.7,99,20637,32768,37,264.38,1060800.63,13167123.37
2026-08-05T08:20:18+08:00,1,2,105.0,2084.0,11.91,157246.5,772407.7,100,1971,32768,32,75.37,1060800.52,13167090.48
2026-08-05T08:20:28+08:00,1,2,105.0,2231.8,11.79,157115.9,772407.7,78,13335,32768,34,158.72,1060800.69,13167054.31
2026-08-05T08:20:38+08:00,1,6,105.0,2062.5,11.82,156944.6,772407.7,100,18317,32768,37,299.44,1060800.69,13167025.31
2026-08-05T08:20:48+08:00,1,2,105.0,2232.3,12.24,158790.5,772407.7,98,14195,32768,37,280.59,1060800.91,13167012.09
2026-08-05T08:20:58+08:00,1,2,105.0,2039.5,12.95,158573.8,772407.7,99,19195,32768,36,218.95,1060800.94,13166999.06
2026-08-05T08:21:08+08:00,1,2,105.0,2231.9,13.20,158273.0,772407.7,98,15277,32768,37,248.02,1060800.97,13166958.03
2026-08-05T08:21:18+08:00,0,0,0.0,0.0,13.18,152108.1,772407.7,0,309,32768,29,56.39,1060800.61,13166940.39
