--2026-06-01 00:34:43--  https://www.dropbox.com/s/3j5vu5jh71xwec1/HAT_iwslt14deen_titanxp@137.8ms_bleu@34.7.pt?dl=0
Resolving www.dropbox.com (www.dropbox.com)... 162.125.80.18, 2620:100:6030:18::a27d:5012
Connecting to www.dropbox.com (www.dropbox.com)|162.125.80.18|:443... connected.
HTTP request sent, awaiting response... 302 Found
Location: https://www.dropbox.com/scl/fi/52hydz9zcc5v6y0xdikpy/HAT_iwslt14deen_titanxp-137.8ms_bleu-34.7.pt?rlkey=jx523227yzw3xkbo3bryajmjc&dl=0 [following]
--2026-06-01 00:34:44--  https://www.dropbox.com/scl/fi/52hydz9zcc5v6y0xdikpy/HAT_iwslt14deen_titanxp-137.8ms_bleu-34.7.pt?rlkey=jx523227yzw3xkbo3bryajmjc&dl=0
Reusing existing connection to www.dropbox.com:443.
HTTP request sent, awaiting response... 302 Found
Location: https://uce67bd7b40075396862b0f7f0e1.dl.dropboxusercontent.com/cd/0/inline/DBjPtqqI4bW3VR6r22ewZ0rHCesf3gM7W24G8DxqCBCE-yN5CELS_yF5sHA1YpLe4g6CTt3BP5sucup9J96vgwr4rgR_ecQQit74UzVNkdqCsdRYIBtEX6cNAVvIHDiJvGid7Pl7vytJvz7CO5_MnVFB/file# [following]
--2026-06-01 00:34:45--  https://uce67bd7b40075396862b0f7f0e1.dl.dropboxusercontent.com/cd/0/inline/DBjPtqqI4bW3VR6r22ewZ0rHCesf3gM7W24G8DxqCBCE-yN5CELS_yF5sHA1YpLe4g6CTt3BP5sucup9J96vgwr4rgR_ecQQit74UzVNkdqCsdRYIBtEX6cNAVvIHDiJvGid7Pl7vytJvz7CO5_MnVFB/file
Resolving uce67bd7b40075396862b0f7f0e1.dl.dropboxusercontent.com (uce67bd7b40075396862b0f7f0e1.dl.dropboxusercontent.com)... 162.125.80.15, 2620:100:6030:15::a27d:500f
Connecting to uce67bd7b40075396862b0f7f0e1.dl.dropboxusercontent.com (uce67bd7b40075396862b0f7f0e1.dl.dropboxusercontent.com)|162.125.80.15|:443... connected.
HTTP request sent, awaiting response... 302 Found
Location: /cd/0/inline2/DBhgx1yCv6JONqeppKwGHwuFjxZ_v8IFxQhLcDh6WgjkC9fhOFijrIsYGfVaz1s01r9rnXRYJe8lD5bjbqHtOcs-ROdc-GXzz4d1LBWVlSKXDHCcKAqnckSEXLcjxNU1x9jMEzrU7brStIYNuQwtQUo97-4QVIPo0Hq0nkRWZzPyCt_2CxZNSU79ONEkmMtm3X61KJZciSHer86AeJ2hlIXCSlL5yCIZfdQjO828eZxUdFtCa_bvIk-2zxZVjmN51VGD4Qf6W0mCCEq4aBMgdM0WRe5kpIfNS0E5eqwwsyqa5vJZQkH12JgZ6Y-NpnEGdJSnDklb3QeWvqKpSsy-tWFTjSJiqhmbKXDIv4zGjVVKc8a9X97uNxQPhvE3nfiAbSY/file [following]
--2026-06-01 00:34:47--  https://uce67bd7b40075396862b0f7f0e1.dl.dropboxusercontent.com/cd/0/inline2/DBhgx1yCv6JONqeppKwGHwuFjxZ_v8IFxQhLcDh6WgjkC9fhOFijrIsYGfVaz1s01r9rnXRYJe8lD5bjbqHtOcs-ROdc-GXzz4d1LBWVlSKXDHCcKAqnckSEXLcjxNU1x9jMEzrU7brStIYNuQwtQUo97-4QVIPo0Hq0nkRWZzPyCt_2CxZNSU79ONEkmMtm3X61KJZciSHer86AeJ2hlIXCSlL5yCIZfdQjO828eZxUdFtCa_bvIk-2zxZVjmN51VGD4Qf6W0mCCEq4aBMgdM0WRe5kpIfNS0E5eqwwsyqa5vJZQkH12JgZ6Y-NpnEGdJSnDklb3QeWvqKpSsy-tWFTjSJiqhmbKXDIv4zGjVVKc8a9X97uNxQPhvE3nfiAbSY/file
Reusing existing connection to uce67bd7b40075396862b0f7f0e1.dl.dropboxusercontent.com:443.
HTTP request sent, awaiting response... 200 OK
Length: 235242095 (224M) [application/octet-stream]
Saving to: './downloaded_models/HAT_iwslt14deen_titanxp@137.8ms_bleu@34.7.pt'

     0K .......... .......... .......... .......... ..........  0%  227K 16m50s
    50K .......... .......... .......... .......... ..........  0%  480K 12m24s
   100K .......... .......... .......... .......... ..........  0%  667K 10m11s
   150K .......... .......... .......... .......... ..........  0% 1.08M 8m30s
   200K .......... .......... .......... .......... ..........  0% 1.29M 7m22s
   250K .......... .......... .......... .......... ..........  0% 1.45M 6m34s
   300K .......... .......... .......... .......... ..........  0% 1.65M 5m57s
   350K .......... .......... .......... .......... ..........  0% 1.85M 5m28s
   400K .......... .......... .......... .......... ..........  0% 1.69M 5m6s
   450K .......... .......... .......... .......... ..........  0% 2.59M 4m44s
   500K .......... .......... .......... .......... ..........  0% 2.83M 4m25s
   550K .......... .......... .......... .......... ..........  0% 3.27M 4m9s
   600K .......... .......... .......... .......... ..........  0% 3.37M 3m55s
   650K .......... .......... .......... .......... ..........  0% 3.64M 3m42s
   700K .......... .......... .......... .......... ..........  0% 3.94M 3m31s
   750K .......... .......... .......... .......... ..........  0% 3.98M 3m21s
   800K .......... .......... .......... .......... ..........  0% 3.41M 3m13s
   850K .......... .......... .......... .......... ..........  0% 4.30M 3m6s
   900K .......... .......... .......... .......... ..........  0% 4.99M 2m58s
   950K .......... .......... .......... .......... ..........  0% 5.15M 2m51s
  1000K .......... .......... .......... .......... ..........  0% 5.01M 2m45s
  1050K .......... .......... .......... .......... ..........  0% 5.72M 2m39s
  1100K .......... .......... .......... .......... ..........  0% 5.60M 2m34s
  1150K .......... .......... .......... .......... ..........  0% 6.40M 2m29s
  1200K .......... .......... .......... .......... ..........  0% 4.82M 2m25s
  1250K .......... .......... .......... .......... ..........  0% 6.96M 2m21s
  1300K .......... .......... .......... .......... ..........  0% 7.39M 2m17s
  1350K .......... .......... .......... .......... ..........  0% 6.76M 2m13s
  1400K .......... .......... .......... .......... ..........  0% 8.38M 2m9s
  1450K .......... .......... .......... .......... ..........  0% 7.65M 2m6s
  1500K .......... .......... .......... .......... ..........  0% 7.99M 2m3s
  1550K .......... .......... .......... .......... ..........  0% 8.27M 2m0s
  1600K .......... .......... .......... .......... ..........  0% 6.63M 1m57s
  1650K .......... .......... .......... .......... ..........  0% 8.57M 1m54s
  1700K .......... .......... .......... .......... ..........  0% 9.49M 1m52s
  1750K .......... .......... .......... .......... ..........  0% 10.1M 1m49s
  1800K .......... .......... .......... .......... ..........  0% 10.1M 1m47s
  1850K .......... .......... .......... .......... ..........  0% 9.58M 1m45s
  1900K .......... .......... .......... .......... ..........  0% 9.86M 1m42s
  1950K .......... .......... .......... .......... ..........  0% 9.72M 1m40s
  2000K .......... .......... .......... .......... ..........  0% 7.64M 99s
  2050K .......... .......... .......... .......... ..........  0% 12.9M 97s
  2100K .......... .......... .......... .......... ..........  0% 11.9M 95s
  2150K .......... .......... .......... .......... ..........  0% 9.89M 93s
  2200K .......... .......... .......... .......... ..........  0% 10.5M 92s
  2250K .......... .......... .......... .......... ..........  1% 14.0M 90s
  2300K .......... .......... .......... .......... ..........  1% 12.1M 88s
  2350K .......... .......... .......... .......... ..........  1% 12.9M 87s
  2400K .......... .......... .......... .......... ..........  1% 8.71M 86s
  2450K .......... .......... .......... .......... ..........  1% 11.9M 84s
  2500K .......... .......... .......... .......... ..........  1% 15.1M 83s
  2550K .......... .......... .......... .......... ..........  1% 13.0M 82s
  2600K .......... .......... .......... .......... ..........  1% 13.1M 80s
  2650K .......... .......... .......... .......... ..........  1% 13.5M 79s
  2700K .......... .......... .......... .......... ..........  1% 14.6M 78s
  2750K .......... .......... .......... .......... ..........  1% 14.9M 77s
  2800K .......... .......... .......... .......... ..........  1% 10.6M 76s
  2850K .......... .......... .......... .......... ..........  1% 15.0M 75s
  2900K .......... .......... .......... .......... ..........  1% 20.9M 74s
  2950K .......... .......... .......... .......... ..........  1% 15.5M 73s
  3000K .......... .......... .......... .......... ..........  1% 13.1M 72s
  3050K .......... .......... .......... .......... ..........  1% 18.5M 71s
  3100K .......... .......... .......... .......... ..........  1% 19.2M 70s
  3150K .......... .......... .......... .......... ..........  1% 16.6M 69s
  3200K .......... .......... .......... .......... ..........  1% 13.1M 68s
  3250K .......... .......... .......... .......... ..........  1% 17.8M 67s
  3300K .......... .......... .......... .......... ..........  1% 17.4M 66s
  3350K .......... .......... .......... .......... ..........  1% 18.7M 66s
  3400K .......... .......... .......... .......... ..........  1% 17.7M 65s
  3450K .......... .......... .......... .......... ..........  1% 13.2M 64s
  3500K .......... .......... .......... .......... ..........  1% 31.3M 63s
  3550K .......... .......... .......... .......... ..........  1% 19.6M 63s
  3600K .......... .......... .......... .......... ..........  1% 11.7M 62s
  3650K .......... .......... .......... .......... ..........  1% 26.3M 61s
  3700K .......... .......... .......... .......... ..........  1% 15.8M 61s
  3750K .......... .......... .......... .......... ..........  1% 26.4M 60s
  3800K .......... .......... .......... .......... ..........  1% 21.0M 59s
  3850K .......... .......... .......... .......... ..........  1% 21.4M 59s
  3900K .......... .......... .......... .......... ..........  1% 12.8M 58s
  3950K .......... .......... .......... .......... ..........  1% 34.1M 57s
  4000K .......... .......... .......... .......... ..........  1% 16.6M 57s
  4050K .......... .......... .......... .......... ..........  1% 22.0M 56s
  4100K .......... .......... .......... .......... ..........  1% 23.3M 56s
  4150K .......... .......... .......... .......... ..........  1% 19.1M 55s
  4200K .......... .......... .......... .......... ..........  1% 25.0M 55s
  4250K .......... .......... .......... .......... ..........  1% 24.3M 54s
  4300K .......... .......... .......... .......... ..........  1% 15.3M 54s
  4350K .......... .......... .......... .......... ..........  1% 24.1M 53s
  4400K .......... .......... .......... .......... ..........  1% 15.3M 53s
  4450K .......... .......... .......... .......... ..........  1% 28.8M 52s
  4500K .......... .......... .......... .......... ..........  1% 23.2M 52s
  4550K .......... .......... .......... .......... ..........  2% 21.1M 51s
  4600K .......... .......... .......... .......... ..........  2% 22.7M 51s
  4650K .......... .......... .......... .......... ..........  2% 29.8M 50s
  4700K .......... .......... .......... .......... ..........  2% 33.6M 50s
  4750K .......... .......... .......... .......... ..........  2% 19.4M 49s
  4800K .......... .......... .......... .......... ..........  2% 14.6M 49s
  4850K .......... .......... .......... .......... ..........  2% 30.5M 49s
  4900K .......... .......... .......... .......... ..........  2% 32.5M 48s
  4950K .......... .......... .......... .......... ..........  2% 21.8M 48s
  5000K .......... .......... .......... .......... ..........  2% 20.2M 47s
  5050K .......... .......... .......... .......... ..........  2% 38.4M 47s
  5100K .......... .......... .......... .......... ..........  2% 25.6M 47s
  5150K .......... .......... .......... .......... ..........  2% 27.5M 46s
  5200K .......... .......... .......... .......... ..........  2% 17.1M 46s
  5250K .......... .......... .......... .......... ..........  2% 29.3M 45s
  5300K .......... .......... .......... .......... ..........  2% 34.8M 45s
  5350K .......... .......... .......... .......... ..........  2% 28.1M 45s
  5400K .......... .......... .......... .......... ..........  2% 33.1M 44s
  5450K .......... .......... .......... .......... ..........  2% 19.5M 44s
  5500K .......... .......... .......... .......... ..........  2% 46.0M 44s
  5550K .......... .......... .......... .......... ..........  2% 30.0M 43s
  5600K .......... .......... .......... .......... ..........  2% 19.0M 43s
  5650K .......... .......... .......... .......... ..........  2% 36.8M 43s
  5700K .......... .......... .......... .......... ..........  2% 24.7M 42s
  5750K .......... .......... .......... .......... ..........  2% 34.0M 42s
  5800K .......... .......... .......... .......... ..........  2% 28.7M 42s
  5850K .......... .......... .......... .......... ..........  2% 31.7M 41s
  5900K .......... .......... .......... .......... ..........  2% 30.5M 41s
  5950K .......... .......... .......... .......... ..........  2% 38.8M 41s
  6000K .......... .......... .......... .......... ..........  2% 23.4M 41s
  6050K .......... .......... .......... .......... ..........  2% 24.9M 40s
  6100K .......... .......... .......... .......... ..........  2% 24.3M 40s
  6150K .......... .......... .......... .......... ..........  2% 31.6M 40s
  6200K .......... .......... .......... .......... ..........  2% 48.2M 39s
  6250K .......... .......... .......... .......... ..........  2% 28.0M 39s
  6300K .......... .......... .......... .......... ..........  2% 45.3M 39s
  6350K .......... .......... .......... .......... ..........  2% 24.0M 39s
  6400K .......... .......... .......... .......... ..........  2% 30.6M 38s
  6450K .......... .......... .......... .......... ..........  2% 40.3M 38s
  6500K .......... .......... .......... .......... ..........  2% 29.4M 38s
  6550K .......... .......... .......... .......... ..........  2% 51.6M 38s
  6600K .......... .......... .......... .......... ..........  2% 28.4M 37s
  6650K .......... .......... .......... .......... ..........  2% 47.7M 37s
  6700K .......... .......... .......... .......... ..........  2% 31.1M 37s
  6750K .......... .......... .......... .......... ..........  2% 44.6M 37s
  6800K .......... .......... .......... .......... ..........  2% 27.2M 37s
  6850K .......... .......... .......... .......... ..........  3% 28.2M 36s
  6900K .......... .......... .......... .......... ..........  3% 63.6M 36s
  6950K .......... .......... .......... .......... ..........  3% 26.7M 36s
  7000K .......... .......... .......... .......... ..........  3% 61.6M 36s
  7050K .......... .......... .......... .......... ..........  3% 27.6M 35s
  7100K .......... .......... .......... .......... ..........  3% 61.4M 35s
  7150K .......... .......... .......... .......... ..........  3% 30.3M 35s
  7200K .......... .......... .......... .......... ..........  3% 30.7M 35s
  7250K .......... .......... .......... .......... ..........  3% 51.5M 35s
  7300K .......... .......... .......... .......... ..........  3% 30.9M 34s
  7350K .......... .......... .......... .......... ..........  3% 54.7M 34s
  7400K .......... .......... .......... .......... ..........  3% 34.7M 34s
  7450K .......... .......... .......... .......... ..........  3% 43.5M 34s
  7500K .......... .......... .......... .......... ..........  3% 33.1M 34s
  7550K .......... .......... .......... .......... ..........  3% 65.9M 33s
  7600K .......... .......... .......... .......... ..........  3% 31.4M 33s
  7650K .......... .......... .......... .......... ..........  3% 33.6M 33s
  7700K .......... .......... .......... .......... ..........  3% 45.6M 33s
  7750K .......... .......... .......... .......... ..........  3% 33.4M 33s
  7800K .......... .......... .......... .......... ..........  3% 60.6M 32s
  7850K .......... .......... .......... .......... ..........  3% 18.1M 32s
  7900K .......... .......... .......... .......... ..........  3%  100M 32s
  7950K .......... .......... .......... .......... ..........  3% 33.4M 32s
  8000K .......... .......... .......... .......... ..........  3% 36.4M 32s
  8050K .......... .......... .......... .......... ..........  3% 66.5M 32s
  8100K .......... .......... .......... .......... ..........  3% 29.6M 31s
  8150K .......... .......... .......... .......... ..........  3%  958K 33s
  8200K .......... .......... .......... .......... ..........  3% 56.0M 32s
  8250K .......... .......... .......... .......... ..........  3% 84.8M 32s
  8300K .......... .......... .......... .......... ..........  3% 43.6M 32s
  8350K .......... .......... .......... .......... ..........  3% 51.6M 32s
  8400K .......... .......... .......... .......... ..........  3% 48.3M 32s
  8450K .......... .......... .......... .......... ..........  3% 54.9M 32s
  8500K .......... .......... .......... .......... ..........  3% 64.9M 31s
  8550K .......... .......... .......... .......... ..........  3% 70.5M 31s
  8600K .......... .......... .......... .......... ..........  3% 66.2M 31s
  8650K .......... .......... .......... .......... ..........  3% 78.3M 31s
  8700K .......... .......... .......... .......... ..........  3% 63.4M 31s
  8750K .......... .......... .......... .......... ..........  3% 52.6M 31s
  8800K .......... .......... .......... .......... ..........  3% 49.7M 30s
  8850K .......... .......... .......... .......... ..........  3% 49.9M 30s
  8900K .......... .......... .......... .......... ..........  3% 52.8M 30s
  8950K .......... .......... .......... .......... ..........  3% 57.6M 30s
  9000K .......... .......... .......... .......... ..........  3% 55.9M 30s
  9050K .......... .......... .......... .......... ..........  3% 50.0M 30s
  9100K .......... .......... .......... .......... ..........  3%  235M 30s
  9150K .......... .......... .......... .......... ..........  4% 52.7M 29s
  9200K .......... .......... .......... .......... ..........  4% 46.7M 29s
  9250K .......... .......... .......... .......... ..........  4% 49.0M 29s
  9300K .......... .......... .......... .......... ..........  4% 53.4M 29s
  9350K .......... .......... .......... .......... ..........  4%  220M 29s
  9400K .......... .......... .......... .......... ..........  4% 48.3M 29s
  9450K .......... .......... .......... .......... ..........  4% 49.3M 29s
  9500K .......... .......... .......... .......... ..........  4% 51.7M 28s
  9550K .......... .......... .......... .......... ..........  4% 50.2M 28s
  9600K .......... .......... .......... .......... ..........  4%  254M 28s
  9650K .......... .......... .......... .......... ..........  4% 50.0M 28s
  9700K .......... .......... .......... .......... ..........  4% 50.2M 28s
  9750K .......... .......... .......... .......... ..........  4% 56.7M 28s
  9800K .......... .......... .......... .......... ..........  4%  261M 28s
  9850K .......... .......... .......... .......... ..........  4% 48.8M 27s
  9900K .......... .......... .......... .......... ..........  4% 52.7M 27s
  9950K .......... .......... .......... .......... ..........  4% 50.6M 27s
 10000K .......... .......... .......... .......... ..........  4% 52.6M 27s
 10050K .......... .......... .......... .......... ..........  4%  281M 27s
 10100K .......... .......... .......... .......... ..........  4% 61.3M 27s
 10150K .......... .......... .......... .......... ..........  4% 47.6M 27s
 10200K .......... .......... .......... .......... ..........  4% 58.9M 27s
 10250K .......... .......... .......... .......... ..........  4%  219M 26s
 10300K .......... .......... .......... .......... ..........  4% 56.4M 26s
 10350K .......... .......... .......... .......... ..........  4% 47.0M 26s
 10400K .......... .......... .......... .......... ..........  4% 55.0M 26s
 10450K .......... .......... .......... .......... ..........  4% 62.9M 26s
 10500K .......... .......... .......... .......... ..........  4% 55.7M 26s
 10550K .......... .......... .......... .......... ..........  4%  161M 26s
 10600K .......... .......... .......... .......... ..........  4% 57.3M 26s
 10650K .......... .......... .......... .......... ..........  4% 56.6M 26s
 10700K .......... .......... .......... .......... ..........  4% 55.7M 25s
 10750K .......... .......... .......... .......... ..........  4%  236M 25s
 10800K .......... .......... .......... .......... ..........  4% 50.0M 25s
 10850K .......... .......... .......... .......... ..........  4% 47.6M 25s
 10900K .......... .......... .......... .......... ..........  4% 81.8M 25s
 10950K .......... .......... .......... .......... ..........  4% 56.9M 25s
 11000K .......... .......... .......... .......... ..........  4%  231M 25s
 11050K .......... .......... .......... .......... ..........  4% 52.9M 25s
 11100K .......... .......... .......... .......... ..........  4% 61.8M 25s
 11150K .......... .......... .......... .......... ..........  4% 55.2M 24s
 11200K .......... .......... .......... .......... ..........  4% 55.2M 24s
 11250K .......... .......... .......... .......... ..........  4%  266M 24s
 11300K .......... .......... .......... .......... ..........  4% 59.8M 24s
 11350K .......... .......... .......... .......... ..........  4% 57.6M 24s
 11400K .......... .......... .......... .......... ..........  4% 59.6M 24s
 11450K .......... .......... .......... .......... ..........  5%  279M 24s
 11500K .......... .......... .......... .......... ..........  5% 66.4M 24s
 11550K .......... .......... .......... .......... ..........  5% 58.5M 24s
 11600K .......... .......... .......... .......... ..........  5% 55.7M 24s
 11650K .......... .......... .......... .......... ..........  5% 55.0M 24s
 11700K .......... .......... .......... .......... ..........  5%  265M 23s
 11750K .......... .......... .......... .......... ..........  5% 62.0M 23s
 11800K .......... .......... .......... .......... ..........  5% 70.7M 23s
 11850K .......... .......... .......... .......... ..........  5% 61.3M 23s
 11900K .......... .......... .......... .......... ..........  5% 51.1M 23s
 11950K .......... .......... .......... .......... ..........  5%  262M 23s
 12000K .......... .......... .......... .......... ..........  5% 73.4M 23s
 12050K .......... .......... .......... .......... ..........  5% 64.5M 23s
 12100K .......... .......... .......... .......... ..........  5% 52.0M 23s
 12150K .......... .......... .......... .......... ..........  5%  288M 23s
 12200K .......... .......... .......... .......... ..........  5% 71.8M 23s
 12250K .......... .......... .......... .......... ..........  5%  450K 24s
 12300K .......... .......... .......... .......... ..........  5% 55.3M 24s
 12350K .......... .......... .......... .......... ..........  5%  116M 24s
 12400K .......... .......... .......... .......... ..........  5% 68.0M 24s
 12450K .......... .......... .......... .......... ..........  5%  120M 24s
 12500K .......... .......... .......... .......... ..........  5% 58.4M 24s
 12550K .......... .......... .......... .......... ..........  5%  112M 24s
 12600K .......... .......... .......... .......... ..........  5% 65.4M 24s
 12650K .......... .......... .......... .......... ..........  5% 60.4M 24s
 12700K .......... .......... .......... .......... ..........  5%  107M 24s
 12750K .......... .......... .......... .......... ..........  5% 70.0M 24s
 12800K .......... .......... .......... .......... ..........  5% 54.4M 23s
 12850K .......... .......... .......... .......... ..........  5% 95.3M 23s
 12900K .......... .......... .......... .......... ..........  5% 99.0M 23s
 12950K .......... .......... .......... .......... ..........  5% 69.2M 23s
 13000K .......... .......... .......... .......... ..........  5% 49.8M 23s
 13050K .......... .......... .......... .......... ..........  5% 87.0M 23s
 13100K .......... .......... .......... .......... ..........  5%  109M 23s
 13150K .......... .......... .......... .......... ..........  5% 53.8M 23s
 13200K .......... .......... .......... .......... ..........  5% 76.7M 23s
 13250K .......... .......... .......... .......... ..........  5% 63.6M 23s
 13300K .......... .......... .......... .......... ..........  5%  131M 23s
 13350K .......... .......... .......... .......... ..........  5% 70.2M 23s
 13400K .......... .......... .......... .......... ..........  5% 52.9M 22s
 13450K .......... .......... .......... .......... ..........  5% 77.4M 22s
 13500K .......... .......... .......... .......... ..........  5%  120M 22s
 13550K .......... .......... .......... .......... ..........  5% 87.0M 22s
 13600K .......... .......... .......... .......... ..........  5% 56.6M 22s
 13650K .......... .......... .......... .......... ..........  5% 63.6M 22s
 13700K .......... .......... .......... .......... ..........  5% 63.7M 22s
 13750K .......... .......... .......... .......... ..........  6% 49.0M 22s
 13800K .......... .......... .......... .......... ..........  6%  115M 22s
 13850K .......... .......... .......... .......... ..........  6% 76.6M 22s
 13900K .......... .......... .......... .......... ..........  6% 77.8M 22s
 13950K .......... .......... .......... .......... ..........  6% 66.5M 22s
 14000K .......... .......... .......... .......... ..........  6% 57.6M 22s
 14050K .......... .......... .......... .......... ..........  6%  132M 21s
 14100K .......... .......... .......... .......... ..........  6% 80.2M 21s
 14150K .......... .......... .......... .......... ..........  6% 61.0M 21s
 14200K .......... .......... .......... .......... ..........  6% 67.3M 21s
 14250K .......... .......... .......... .......... ..........  6%  136M 21s
 14300K .......... .......... .......... .......... ..........  6% 65.3M 21s
 14350K .......... .......... .......... .......... ..........  6%  424K 23s
 14400K .......... .......... .......... .......... ..........  6% 68.3M 23s
 14450K .......... .......... .......... .......... ..........  6% 89.1M 23s
 14500K .......... .......... .......... .......... ..........  6% 91.6M 23s
 14550K .......... .......... .......... .......... ..........  6%  105M 23s
 14600K .......... .......... .......... .......... ..........  6% 67.3M 22s
 14650K .......... .......... .......... .......... ..........  6% 59.6M 22s
 14700K .......... .......... .......... .......... ..........  6%  215M 22s
 14750K .......... .......... .......... .......... ..........  6% 57.2M 22s
 14800K .......... .......... .......... .......... ..........  6% 63.5M 22s
 14850K .......... .......... .......... .......... ..........  6% 77.6M 22s
 14900K .......... .......... .......... .......... ..........  6% 54.9M 22s
 14950K .......... .......... .......... .......... ..........  6%  159M 22s
 15000K .......... .......... .......... .......... ..........  6% 71.5M 22s
 15050K .......... .......... .......... .......... ..........  6% 65.4M 22s
 15100K .......... .......... .......... .......... ..........  6% 54.6M 22s
 15150K .......... .......... .......... .......... ..........  6% 56.6M 22s
 15200K .......... .......... .......... .......... ..........  6% 68.3M 22s
 15250K .......... .......... .......... .......... ..........  6%  193M 22s
 15300K .......... .......... .......... .......... ..........  6% 59.1M 21s
 15350K .......... .......... .......... .......... ..........  6% 64.8M 21s
 15400K .......... .......... .......... .......... ..........  6% 51.3M 21s
 15450K .......... .......... .......... .......... ..........  6%  196M 21s
 15500K .......... .......... .......... .......... ..........  6% 89.6M 21s
 15550K .......... .......... .......... .......... ..........  6% 60.1M 21s
 15600K .......... .......... .......... .......... ..........  6% 68.9M 21s
 15650K .......... .......... .......... .......... ..........  6% 56.0M 21s
 15700K .......... .......... .......... .......... ..........  6%  189M 21s
 15750K .......... .......... .......... .......... ..........  6% 67.8M 21s
 15800K .......... .......... .......... .......... ..........  6% 65.0M 21s
 15850K .......... .......... .......... .......... ..........  6% 49.8M 21s
 15900K .......... .......... .......... .......... ..........  6% 68.8M 21s
 15950K .......... .......... .......... .......... ..........  6% 60.2M 21s
 16000K .......... .......... .......... .......... ..........  6%  133M 21s
 16050K .......... .......... .......... .......... ..........  7% 66.6M 21s
 16100K .......... .......... .......... .......... ..........  7% 77.2M 20s
 16150K .......... .......... .......... .......... ..........  7% 61.2M 20s
 16200K .......... .......... .......... .......... ..........  7%  147M 20s
 16250K .......... .......... .......... .......... ..........  7% 71.5M 20s
 16300K .......... .......... .......... .......... ..........  7% 64.0M 20s
 16350K .......... .......... .......... .......... ..........  7% 52.8M 20s
 16400K .......... .......... .......... .......... ..........  7%  425K 22s
 16450K .......... .......... .......... .......... ..........  7% 56.9M 22s
 16500K .......... .......... .......... .......... ..........  7% 93.1M 22s
 16550K .......... .......... .......... .......... ..........  7% 81.5M 21s
 16600K .......... .......... .......... .......... ..........  7% 88.0M 21s
 16650K .......... .......... .......... .......... ..........  7% 65.8M 21s
 16700K .......... .......... .......... .......... ..........  7% 72.5M 21s
 16750K .......... .......... .......... .......... ..........  7% 69.8M 21s
 16800K .......... .......... .......... .......... ..........  7% 91.4M 21s
 16850K .......... .......... .......... .......... ..........  7% 60.8M 21s
 16900K .......... .......... .......... .......... ..........  7% 66.7M 21s
 16950K .......... .......... .......... .......... ..........  7% 74.1M 21s
 17000K .......... .......... .......... .......... ..........  7% 92.5M 21s
 17050K .......... .......... .......... .......... ..........  7% 90.6M 21s
 17100K .......... .......... .......... .......... ..........  7% 63.7M 21s
 17150K .......... .......... .......... .......... ..........  7% 47.7M 21s
 17200K .......... .......... .......... .......... ..........  7% 80.6M 21s
 17250K .......... .......... .......... .......... ..........  7% 77.3M 21s
 17300K .......... .......... .......... .......... ..........  7%  137M 21s
 17350K .......... .......... .......... .......... ..........  7% 67.9M 21s
 17400K .......... .......... .......... .......... ..........  7% 76.5M 20s
 17450K .......... .......... .......... .......... ..........  7% 72.4M 20s
 17500K .......... .......... .......... .......... ..........  7%  121M 20s
 17550K .......... .......... .......... .......... ..........  7% 63.4M 20s
 17600K .......... .......... .......... .......... ..........  7% 46.7M 20s
 17650K .......... .......... .......... .......... ..........  7% 94.3M 20s
 17700K .......... .......... .......... .......... ..........  7% 64.6M 20s
 17750K .......... .......... .......... .......... ..........  7%  123M 20s
 17800K .......... .......... .......... .......... ..........  7% 73.9M 20s
 17850K .......... .......... .......... .......... ..........  7% 75.4M 20s
 17900K .......... .......... .......... .......... ..........  7% 49.5M 20s
 17950K .......... .......... .......... .......... ..........  7% 71.2M 20s
 18000K .......... .......... .......... .......... ..........  7% 64.9M 20s
 18050K .......... .......... .......... .......... ..........  7%  128M 20s
 18100K .......... .......... .......... .......... ..........  7% 67.6M 20s
 18150K .......... .......... .......... .......... ..........  7% 51.0M 20s
 18200K .......... .......... .......... .......... ..........  7% 93.1M 20s
 18250K .......... .......... .......... .......... ..........  7%  113M 20s
 18300K .......... .......... .......... .......... ..........  7% 62.6M 20s
 18350K .......... .......... .......... .......... ..........  8% 67.9M 19s
 18400K .......... .......... .......... .......... ..........  8% 76.6M 19s
 18450K .......... .......... .......... .......... ..........  8%  425K 21s
 18500K .......... .......... .......... .......... ..........  8% 50.3M 21s
 18550K .......... .......... .......... .......... ..........  8% 90.9M 21s
 18600K .......... .......... .......... .......... ..........  8% 96.4M 21s
 18650K .......... .......... .......... .......... ..........  8%  103M 21s
 18700K .......... .......... .......... .......... ..........  8% 67.1M 20s
 18750K .......... .......... .......... .......... ..........  8% 57.5M 20s
 18800K .......... .......... .......... .......... ..........  8% 49.2M 20s
 18850K .......... .......... .......... .......... ..........  8% 95.9M 20s
 18900K .......... .......... .......... .......... ..........  8% 94.4M 20s
 18950K .......... .......... .......... .......... ..........  8% 89.1M 20s
 19000K .......... .......... .......... .......... ..........  8% 92.0M 20s
 19050K .......... .......... .......... .......... ..........  8%  102M 20s
 19100K .......... .......... .......... .......... ..........  8% 76.1M 20s
 19150K .......... .......... .......... .......... ..........  8% 49.5M 20s
 19200K .......... .......... .......... .......... ..........  8% 54.4M 20s
 19250K .......... .......... .......... .......... ..........  8% 71.0M 20s
 19300K .......... .......... .......... .......... ..........  8%  196M 20s
 19350K .......... .......... .......... .......... ..........  8% 65.9M 20s
 19400K .......... .......... .......... .......... ..........  8% 68.9M 20s
 19450K .......... .......... .......... .......... ..........  8% 57.2M 20s
 19500K .......... .......... .......... .......... ..........  8%  153M 20s
 19550K .......... .......... .......... .......... ..........  8% 55.7M 20s
 19600K .......... .......... .......... .......... ..........  8% 74.4M 20s
 19650K .......... .......... .......... .......... ..........  8% 65.9M 20s
 19700K .......... .......... .......... .......... ..........  8% 61.5M 19s
 19750K .......... .......... .......... .......... ..........  8%  125M 19s
 19800K .......... .......... .......... .......... ..........  8% 81.4M 19s
 19850K .......... .......... .......... .......... ..........  8% 52.0M 19s
 19900K .......... .......... .......... .......... ..........  8%  106M 19s
 19950K .......... .......... .......... .......... ..........  8% 35.8M 19s
 20000K .......... .......... .......... .......... ..........  8% 91.6M 19s
 20050K .......... .......... .......... .......... ..........  8%  126M 19s
 20100K .......... .......... .......... .......... ..........  8% 82.5M 19s
 20150K .......... .......... .......... .......... ..........  8% 67.7M 19s
 20200K .......... .......... .......... .......... ..........  8% 57.2M 19s
 20250K .......... .......... .......... .......... ..........  8%  195M 19s
 20300K .......... .......... .......... .......... ..........  8% 68.3M 19s
 20350K .......... .......... .......... .......... ..........  8% 62.6M 19s
 20400K .......... .......... .......... .......... ..........  8% 62.6M 19s
 20450K .......... .......... .......... .......... ..........  8% 77.3M 19s
 20500K .......... .......... .......... .......... ..........  8%  424K 20s
 20550K .......... .......... .......... .......... ..........  8% 67.1M 20s
 20600K .......... .......... .......... .......... ..........  8% 89.4M 20s
 20650K .......... .......... .......... .......... ..........  9% 92.6M 20s
 20700K .......... .......... .......... .......... ..........  9% 57.9M 20s
 20750K .......... .......... .......... .......... ..........  9% 91.6M 20s
 20800K .......... .......... .......... .......... ..........  9% 59.3M 20s
 20850K .......... .......... .......... .......... ..........  9%  175M 20s
 20900K .......... .......... .......... .......... ..........  9% 78.2M 20s
 20950K .......... .......... .......... .......... ..........  9% 60.9M 20s
 21000K .......... .......... .......... .......... ..........  9% 67.5M 19s
 21050K .......... .......... .......... .......... ..........  9%  101M 19s
 21100K .......... .......... .......... .......... ..........  9% 75.3M 19s
 21150K .......... .......... .......... .......... ..........  9% 61.0M 19s
 21200K .......... .......... .......... .......... ..........  9% 76.0M 19s
 21250K .......... .......... .......... .......... ..........  9% 48.6M 19s
 21300K .......... .......... .......... .......... ..........  9% 69.0M 19s
 21350K .......... .......... .......... .......... ..........  9% 55.6M 19s
 21400K .......... .......... .......... .......... ..........  9%  203M 19s
 21450K .......... .......... .......... .......... ..........  9% 85.9M 19s
 21500K .......... .......... .......... .......... ..........  9% 51.1M 19s
 21550K .......... .......... .......... .......... ..........  9% 65.2M 19s
 21600K .......... .......... .......... .......... ..........  9%  137M 19s
 21650K .......... .......... .......... .......... ..........  9% 65.9M 19s
 21700K .......... .......... .......... .......... ..........  9% 76.9M 19s
 21750K .......... .......... .......... .......... ..........  9% 62.0M 19s
 21800K .......... .......... .......... .......... ..........  9%  117M 19s
 21850K .......... .......... .......... .......... ..........  9% 67.6M 19s
 21900K .......... .......... .......... .......... ..........  9% 47.5M 19s
 21950K .......... .......... .......... .......... ..........  9%  113M 19s
 22000K .......... .......... .......... .......... ..........  9% 52.0M 19s
 22050K .......... .......... .......... .......... ..........  9% 70.7M 19s
 22100K .......... .......... .......... .......... ..........  9%  139M 19s
 22150K .......... .......... .......... .......... ..........  9% 55.3M 19s
 22200K .......... .......... .......... .......... ..........  9% 84.8M 18s
 22250K .......... .......... .......... .......... ..........  9% 58.5M 18s
 22300K .......... .......... .......... .......... ..........  9%  190M 18s
 22350K .......... .......... .......... .......... ..........  9% 57.7M 18s
 22400K .......... .......... .......... .......... ..........  9% 77.3M 18s
 22450K .......... .......... .......... .......... ..........  9% 56.2M 18s
 22500K .......... .......... .......... .......... ..........  9% 81.1M 18s
 22550K .......... .......... .......... .......... ..........  9%  425K 19s
 22600K .......... .......... .......... .......... ..........  9% 76.6M 19s
 22650K .......... .......... .......... .......... ..........  9% 85.9M 19s
 22700K .......... .......... .......... .......... ..........  9% 75.4M 19s
 22750K .......... .......... .......... .......... ..........  9% 71.7M 19s
 22800K .......... .......... .......... .......... ..........  9% 72.5M 19s
 22850K .......... .......... .......... .......... ..........  9% 87.3M 19s
 22900K .......... .......... .......... .......... ..........  9% 90.8M 19s
 22950K .......... .......... .......... .......... .......... 10% 74.0M 19s
 23000K .......... .......... .......... .......... .......... 10% 50.9M 19s
 23050K .......... .......... .......... .......... .......... 10% 84.8M 19s
 23100K .......... .......... .......... .......... .......... 10% 86.5M 19s
 23150K .......... .......... .......... .......... .......... 10% 62.0M 19s
 23200K .......... .......... .......... .......... .......... 10% 82.0M 19s
 23250K .......... .......... .......... .......... .......... 10% 83.5M 19s
 23300K .......... .......... .......... .......... .......... 10% 40.5M 19s
 23350K .......... .......... .......... .......... .......... 10%  249M 19s
 23400K .......... .......... .......... .......... .......... 10% 77.0M 19s
 23450K .......... .......... .......... .......... .......... 10% 78.8M 19s
 23500K .......... .......... .......... .......... .......... 10% 63.5M 19s
 23550K .......... .......... .......... .......... .......... 10% 70.1M 18s
 23600K .......... .......... .......... .......... .......... 10%  129M 18s
 23650K .......... .......... .......... .......... .......... 10% 56.9M 18s
 23700K .......... .......... .......... .......... .......... 10% 69.2M 18s
 23750K .......... .......... .......... .......... .......... 10% 62.7M 18s
 23800K .......... .......... .......... .......... .......... 10%  165M 18s
 23850K .......... .......... .......... .......... .......... 10% 70.6M 18s
 23900K .......... .......... .......... .......... .......... 10% 67.5M 18s
 23950K .......... .......... .......... .......... .......... 10% 57.0M 18s
 24000K .......... .......... .......... .......... .......... 10% 60.6M 18s
 24050K .......... .......... .......... .......... .......... 10% 52.4M 18s
 24100K .......... .......... .......... .......... .......... 10%  141M 18s
 24150K .......... .......... .......... .......... .......... 10% 80.9M 18s
 24200K .......... .......... .......... .......... .......... 10% 64.8M 18s
 24250K .......... .......... .......... .......... .......... 10% 62.5M 18s
 24300K .......... .......... .......... .......... .......... 10% 50.4M 18s
 24350K .......... .......... .......... .......... .......... 10% 79.5M 18s
 24400K .......... .......... .......... .......... .......... 10% 55.9M 18s
 24450K .......... .......... .......... .......... .......... 10%  288M 18s
 24500K .......... .......... .......... .......... .......... 10% 77.4M 18s
 24550K .......... .......... .......... .......... .......... 10%  100M 18s
 24600K .......... .......... .......... .......... .......... 10%  423K 19s
 24650K .......... .......... .......... .......... .......... 10% 52.6M 19s
 24700K .......... .......... .......... .......... .......... 10% 85.9M 19s
 24750K .......... .......... .......... .......... .......... 10% 79.7M 19s
 24800K .......... .......... .......... .......... .......... 10%  104M 19s
 24850K .......... .......... .......... .......... .......... 10% 64.9M 19s
 24900K .......... .......... .......... .......... .......... 10% 93.4M 18s
 24950K .......... .......... .......... .......... .......... 10% 65.0M 18s
 25000K .......... .......... .......... .......... .......... 10% 89.5M 18s
 25050K .......... .......... .......... .......... .......... 10% 73.4M 18s
 25100K .......... .......... .......... .......... .......... 10%  203M 18s
 25150K .......... .......... .......... .......... .......... 10% 55.3M 18s
 25200K .......... .......... .......... .......... .......... 10% 61.7M 18s
 25250K .......... .......... .......... .......... .......... 11% 77.5M 18s
 25300K .......... .......... .......... .......... .......... 11% 70.0M 18s
 25350K .......... .......... .......... .......... .......... 11% 48.1M 18s
 25400K .......... .......... .......... .......... .......... 11% 91.6M 18s
 25450K .......... .......... .......... .......... .......... 11% 70.4M 18s
 25500K .......... .......... .......... .......... .......... 11% 99.5M 18s
 25550K .......... .......... .......... .......... .......... 11% 58.8M 18s
 25600K .......... .......... .......... .......... .......... 11% 53.3M 18s
 25650K .......... .......... .......... .......... .......... 11%  150M 18s
 25700K .......... .......... .......... .......... .......... 11% 89.6M 18s
 25750K .......... .......... .......... .......... .......... 11% 63.2M 18s
 25800K .......... .......... .......... .......... .......... 11% 54.1M 18s
 25850K .......... .......... .......... .......... .......... 11%  129M 18s
 25900K .......... .......... .......... .......... .......... 11% 84.4M 18s
 25950K .......... .......... .......... .......... .......... 11% 61.6M 18s
 26000K .......... .......... .......... .......... .......... 11% 69.2M 18s
 26050K .......... .......... .......... .......... .......... 11% 63.7M 18s
 26100K .......... .......... .......... .......... .......... 11% 41.9M 18s
 26150K .......... .......... .......... .......... .......... 11%  109M 18s
 26200K .......... .......... .......... .......... .......... 11%  120M 18s
 26250K .......... .......... .......... .......... .......... 11% 72.5M 18s
 26300K .......... .......... .......... .......... .......... 11% 71.2M 18s
 26350K .......... .......... .......... .......... .......... 11% 59.3M 17s
 26400K .......... .......... .......... .......... .......... 11%  135M 17s
 26450K .......... .......... .......... .......... .......... 11% 71.1M 17s
 26500K .......... .......... .......... .......... .......... 11% 55.1M 17s
 26550K .......... .......... .......... .......... .......... 11% 73.3M 17s
 26600K .......... .......... .......... .......... .......... 11%  131M 17s
 26650K .......... .......... .......... .......... .......... 11% 70.1M 17s
 26700K .......... .......... .......... .......... .......... 11%  424K 18s
 26750K .......... .......... .......... .......... .......... 11% 52.5M 18s
 26800K .......... .......... .......... .......... .......... 11%  101M 18s
 26850K .......... .......... .......... .......... .......... 11% 76.4M 18s
 26900K .......... .......... .......... .......... .......... 11%  180M 18s
 26950K .......... .......... .......... .......... .......... 11% 77.3M 18s
 27000K .......... .......... .......... .......... .......... 11% 52.8M 18s
 27050K .......... .......... .......... .......... .......... 11% 50.1M 18s
 27100K .......... .......... .......... .......... .......... 11%  126M 18s
 27150K .......... .......... .......... .......... .......... 11% 85.4M 18s
 27200K .......... .......... .......... .......... .......... 11% 51.4M 18s
 27250K .......... .......... .......... .......... .......... 11%  102M 18s
 27300K .......... .......... .......... .......... .......... 11% 64.4M 18s
 27350K .......... .......... .......... .......... .......... 11% 83.1M 18s
 27400K .......... .......... .......... .......... .......... 11% 45.1M 18s
 27450K .......... .......... .......... .......... .......... 11% 96.1M 18s
 27500K .......... .......... .......... .......... .......... 11% 97.7M 18s
 27550K .......... .......... .......... .......... .......... 12% 76.0M 18s
 27600K .......... .......... .......... .......... .......... 12% 59.4M 18s
 27650K .......... .......... .......... .......... .......... 12%  170M 18s
 27700K .......... .......... .......... .......... .......... 12% 75.7M 18s
 27750K .......... .......... .......... .......... .......... 12% 67.9M 17s
 27800K .......... .......... .......... .......... .......... 12% 53.6M 17s
 27850K .......... .......... .......... .......... .......... 12%  199M 17s
 27900K .......... .......... .......... .......... .......... 12% 69.0M 17s
 27950K .......... .......... .......... .......... .......... 12% 55.1M 17s
 28000K .......... .......... .......... .......... .......... 12% 60.9M 17s
 28050K .......... .......... .......... .......... .......... 12% 62.4M 17s
 28100K .......... .......... .......... .......... .......... 12%  126M 17s
 28150K .......... .......... .......... .......... .......... 12% 42.9M 17s
 28200K .......... .......... .......... .......... .......... 12%  144M 17s
 28250K .......... .......... .......... .......... .......... 12% 69.0M 17s
 28300K .......... .......... .......... .......... .......... 12% 71.3M 17s
 28350K .......... .......... .......... .......... .......... 12% 63.2M 17s
 28400K .......... .......... .......... .......... .......... 12%  116M 17s
 28450K .......... .......... .......... .......... .......... 12% 62.6M 17s
 28500K .......... .......... .......... .......... .......... 12% 70.8M 17s
 28550K .......... .......... .......... .......... .......... 12% 58.3M 17s
 28600K .......... .......... .......... .......... .......... 12%  166M 17s
 28650K .......... .......... .......... .......... .......... 12% 72.3M 17s
 28700K .......... .......... .......... .......... .......... 12% 61.7M 17s
 28750K .......... .......... .......... .......... .......... 12%  423K 18s
 28800K .......... .......... .......... .......... .......... 12% 71.3M 18s
 28850K .......... .......... .......... .......... .......... 12% 62.6M 18s
 28900K .......... .......... .......... .......... .......... 12% 80.7M 18s
 28950K .......... .......... .......... .......... .......... 12% 52.1M 18s
 29000K .......... .......... .......... .......... .......... 12% 73.6M 18s
 29050K .......... .......... .......... .......... .......... 12% 75.8M 18s
 29100K .......... .......... .......... .......... .......... 12% 80.3M 17s
 29150K .......... .......... .......... .......... .......... 12% 60.2M 17s
 29200K .......... .......... .......... .......... .......... 12% 67.1M 17s
 29250K .......... .......... .......... .......... .......... 12% 67.4M 17s
 29300K .......... .......... .......... .......... .......... 12% 72.6M 17s
 29350K .......... .......... .......... .......... .......... 12% 91.7M 17s
 29400K .......... .......... .......... .......... .......... 12%  195M 17s
 29450K .......... .......... .......... .......... .......... 12% 73.9M 17s
 29500K .......... .......... .......... .......... .......... 12%  117M 17s
 29550K .......... .......... .......... .......... .......... 12% 72.9M 17s
 29600K .......... .......... .......... .......... .......... 12% 58.6M 17s
 29650K .......... .......... .......... .......... .......... 12% 86.3M 17s
 29700K .......... .......... .......... .......... .......... 12% 92.8M 17s
 29750K .......... .......... .......... .......... .......... 12% 76.2M 17s
 29800K .......... .......... .......... .......... .......... 12% 54.1M 17s
 29850K .......... .......... .......... .......... .......... 13% 82.6M 17s
 29900K .......... .......... .......... .......... .......... 13%  126M 17s
 29950K .......... .......... .......... .......... .......... 13% 60.4M 17s
 30000K .......... .......... .......... .......... .......... 13% 69.5M 17s
 30050K .......... .......... .......... .......... .......... 13% 71.9M 17s
 30100K .......... .......... .......... .......... .......... 13% 62.2M 17s
 30150K .......... .......... .......... .......... .......... 13% 93.5M 17s
 30200K .......... .......... .......... .......... .......... 13% 36.5M 17s
 30250K .......... .......... .......... .......... .......... 13%  222M 17s
 30300K .......... .......... .......... .......... .......... 13% 75.6M 17s
 30350K .......... .......... .......... .......... .......... 13% 62.4M 17s
 30400K .......... .......... .......... .......... .......... 13% 59.7M 17s
 30450K .......... .......... .......... .......... .......... 13%  131M 17s
 30500K .......... .......... .......... .......... .......... 13% 75.6M 17s
 30550K .......... .......... .......... .......... .......... 13% 80.0M 17s
 30600K .......... .......... .......... .......... .......... 13% 64.6M 17s
 30650K .......... .......... .......... .......... .......... 13%  120M 17s
 30700K .......... .......... .......... .......... .......... 13% 62.2M 17s
 30750K .......... .......... .......... .......... .......... 13% 68.6M 17s
 30800K .......... .......... .......... .......... .......... 13%  424K 17s
 30850K .......... .......... .......... .......... .......... 13% 83.5M 17s
 30900K .......... .......... .......... .......... .......... 13% 99.3M 17s
 30950K .......... .......... .......... .......... .......... 13% 87.9M 17s
 31000K .......... .......... .......... .......... .......... 13% 74.7M 17s
 31050K .......... .......... .......... .......... .......... 13% 95.6M 17s
 31100K .......... .......... .......... .......... .......... 13% 53.9M 17s
 31150K .......... .......... .......... .......... .......... 13% 84.2M 17s
 31200K .......... .......... .......... .......... .......... 13% 97.0M 17s
 31250K .......... .......... .......... .......... .......... 13% 98.0M 17s
 31300K .......... .......... .......... .......... .......... 13% 55.2M 17s
 31350K .......... .......... .......... .......... .......... 13% 63.8M 17s
 31400K .......... .......... .......... .......... .......... 13%  122M 17s
 31450K .......... .......... .......... .......... .......... 13% 77.6M 17s
 31500K .......... .......... .......... .......... .......... 13% 57.2M 17s
 31550K .......... .......... .......... .......... .......... 13% 54.8M 17s
 31600K .......... .......... .......... .......... .......... 13% 78.0M 17s
 31650K .......... .......... .......... .......... .......... 13% 64.2M 17s
 31700K .......... .......... .......... .......... .......... 13%  133M 17s
 31750K .......... .......... .......... .......... .......... 13% 70.0M 17s
 31800K .......... .......... .......... .......... .......... 13% 62.3M 17s
 31850K .......... .......... .......... .......... .......... 13% 82.6M 17s
 31900K .......... .......... .......... .......... .......... 13%  120M 17s
 31950K .......... .......... .......... .......... .......... 13% 52.5M 17s
 32000K .......... .......... .......... .......... .......... 13% 77.2M 17s
 32050K .......... .......... .......... .......... .......... 13% 64.3M 17s
 32100K .......... .......... .......... .......... .......... 13% 63.2M 17s
 32150K .......... .......... .......... .......... .......... 14%  121M 17s
 32200K .......... .......... .......... .......... .......... 14% 77.9M 17s
 32250K .......... .......... .......... .......... .......... 14% 66.2M 17s
 32300K .......... .......... .......... .......... .......... 14% 40.2M 16s
 32350K .......... .......... .......... .......... .......... 14% 82.5M 16s
 32400K .......... .......... .......... .......... .......... 14% 64.0M 16s
 32450K .......... .......... .......... .......... .......... 14%  219M 16s
 32500K .......... .......... .......... .......... .......... 14% 66.2M 16s
 32550K .......... .......... .......... .......... .......... 14% 52.9M 16s
 32600K .......... .......... .......... .......... .......... 14% 86.5M 16s
 32650K .......... .......... .......... .......... .......... 14%  124M 16s
 32700K .......... .......... .......... .......... .......... 14% 82.0M 16s
 32750K .......... .......... .......... .......... .......... 14% 57.5M 16s
 32800K .......... .......... .......... .......... .......... 14% 59.6M 16s
 32850K .......... .......... .......... .......... .......... 14%  423K 17s
 32900K .......... .......... .......... .......... .......... 14% 93.1M 17s
 32950K .......... .......... .......... .......... .......... 14% 85.1M 17s
 33000K .......... .......... .......... .......... .......... 14% 90.9M 17s
 33050K .......... .......... .......... .......... .......... 14%  128M 17s
 33100K .......... .......... .......... .......... .......... 14% 60.9M 17s
 33150K .......... .......... .......... .......... .......... 14% 55.9M 17s
 33200K .......... .......... .......... .......... .......... 14% 43.2M 17s
 33250K .......... .......... .......... .......... .......... 14%  118M 17s
 33300K .......... .......... .......... .......... .......... 14% 81.8M 17s
 33350K .......... .......... .......... .......... .......... 14%  105M 17s
 33400K .......... .......... .......... .......... .......... 14% 86.4M 17s
 33450K .......... .......... .......... .......... .......... 14%  127M 17s
 33500K .......... .......... .......... .......... .......... 14% 60.6M 17s
 33550K .......... .......... .......... .......... .......... 14% 37.5M 17s
 33600K .......... .......... .......... .......... .......... 14%  114M 17s
 33650K .......... .......... .......... .......... .......... 14% 65.3M 17s
 33700K .......... .......... .......... .......... .......... 14%  101M 16s
 33750K .......... .......... .......... .......... .......... 14% 90.1M 16s
 33800K .......... .......... .......... .......... .......... 14% 76.3M 16s
 33850K .......... .......... .......... .......... .......... 14% 69.4M 16s
 33900K .......... .......... .......... .......... .......... 14% 60.6M 16s
 33950K .......... .......... .......... .......... .......... 14% 68.1M 16s
 34000K .......... .......... .......... .......... .......... 14%  100M 16s
 34050K .......... .......... .......... .......... .......... 14% 79.2M 16s
 34100K .......... .......... .......... .......... .......... 14% 73.8M 16s
 34150K .......... .......... .......... .......... .......... 14% 63.0M 16s
 34200K .......... .......... .......... .......... .......... 14%  116M 16s
 34250K .......... .......... .......... .......... .......... 14% 72.9M 16s
 34300K .......... .......... .......... .......... .......... 14% 52.2M 16s
 34350K .......... .......... .......... .......... .......... 14% 54.6M 16s
 34400K .......... .......... .......... .......... .......... 14% 58.7M 16s
 34450K .......... .......... .......... .......... .......... 15% 85.7M 16s
 34500K .......... .......... .......... .......... .......... 15%  176M 16s
 34550K .......... .......... .......... .......... .......... 15% 67.2M 16s
 34600K .......... .......... .......... .......... .......... 15% 60.3M 16s
 34650K .......... .......... .......... .......... .......... 15% 64.4M 16s
 34700K .......... .......... .......... .......... .......... 15%  161M 16s
 34750K .......... .......... .......... .......... .......... 15% 59.3M 16s
 34800K .......... .......... .......... .......... .......... 15% 68.4M 16s
 34850K .......... .......... .......... .......... .......... 15% 64.9M 16s
 34900K .......... .......... .......... .......... .......... 15%  424K 17s
 34950K .......... .......... .......... .......... .......... 15% 70.6M 17s
 35000K .......... .......... .......... .......... .......... 15%  103M 17s
 35050K .......... .......... .......... .......... .......... 15% 90.9M 16s
 35100K .......... .......... .......... .......... .......... 15% 79.7M 16s
 35150K .......... .......... .......... .......... .......... 15% 51.7M 16s
 35200K .......... .......... .......... .......... .......... 15% 76.5M 16s
 35250K .......... .......... .......... .......... .......... 15% 88.7M 16s
 35300K .......... .......... .......... .......... .......... 15% 72.4M 16s
 35350K .......... .......... .......... .......... .......... 15% 78.9M 16s
 35400K .......... .......... .......... .......... .......... 15% 77.1M 16s
 35450K .......... .......... .......... .......... .......... 15% 91.8M 16s
 35500K .......... .......... .......... .......... .......... 15% 73.1M 16s
 35550K .......... .......... .......... .......... .......... 15% 60.2M 16s
 35600K .......... .......... .......... .......... .......... 15% 79.0M 16s
 35650K .......... .......... .......... .......... .......... 15% 51.8M 16s
 35700K .......... .......... .......... .......... .......... 15% 68.1M 16s
 35750K .......... .......... .......... .......... .......... 15%  129M 16s
 35800K .......... .......... .......... .......... .......... 15% 42.6M 16s
 35850K .......... .......... .......... .......... .......... 15% 90.9M 16s
 35900K .......... .......... .......... .......... .......... 15%  111M 16s
 35950K .......... .......... .......... .......... .......... 15% 58.9M 16s
 36000K .......... .......... .......... .......... .......... 15%  129M 16s
 36050K .......... .......... .......... .......... .......... 15% 63.2M 16s
 36100K .......... .......... .......... .......... .......... 15% 94.5M 16s
 36150K .......... .......... .......... .......... .......... 15% 56.2M 16s
 36200K .......... .......... .......... .......... .......... 15%  121M 16s
 36250K .......... .......... .......... .......... .......... 15% 70.8M 16s
 36300K .......... .......... .......... .......... .......... 15% 66.4M 16s
 36350K .......... .......... .......... .......... .......... 15% 60.2M 16s
 36400K .......... .......... .......... .......... .......... 15% 45.3M 16s
 36450K .......... .......... .......... .......... .......... 15% 72.1M 16s
 36500K .......... .......... .......... .......... .......... 15%  121M 16s
 36550K .......... .......... .......... .......... .......... 15% 96.7M 16s
 36600K .......... .......... .......... .......... .......... 15% 67.8M 16s
 36650K .......... .......... .......... .......... .......... 15% 61.9M 16s
 36700K .......... .......... .......... .......... .......... 15% 71.3M 16s
 36750K .......... .......... .......... .......... .......... 16%  128M 16s
 36800K .......... .......... .......... .......... .......... 16% 65.5M 16s
 36850K .......... .......... .......... .......... .......... 16% 56.1M 16s
 36900K .......... .......... .......... .......... .......... 16% 68.9M 16s
 36950K .......... .......... .......... .......... .......... 16%  425K 16s
 37000K .......... .......... .......... .......... .......... 16% 67.7M 16s
 37050K .......... .......... .......... .......... .......... 16% 89.1M 16s
 37100K .......... .......... .......... .......... .......... 16% 74.3M 16s
 37150K .......... .......... .......... .......... .......... 16% 82.6M 16s
 37200K .......... .......... .......... .......... .......... 16% 60.0M 16s
 37250K .......... .......... .......... .......... .......... 16% 90.4M 16s
 37300K .......... .......... .......... .......... .......... 16% 86.5M 16s
 37350K .......... .......... .......... .......... .......... 16% 92.9M 16s
 37400K .......... .......... .......... .......... .......... 16% 75.5M 16s
 37450K .......... .......... .......... .......... .......... 16% 63.2M 16s
 37500K .......... .......... .......... .......... .......... 16%  133M 16s
 37550K .......... .......... .......... .......... .......... 16% 58.9M 16s
 37600K .......... .......... .......... .......... .......... 16% 67.4M 16s
 37650K .......... .......... .......... .......... .......... 16% 63.2M 16s
 37700K .......... .......... .......... .......... .......... 16% 50.5M 16s
 37750K .......... .......... .......... .......... .......... 16% 85.1M 16s
 37800K .......... .......... .......... .......... .......... 16%  119M 16s
 37850K .......... .......... .......... .......... .......... 16% 68.9M 16s
 37900K .......... .......... .......... .......... .......... 16% 63.0M 16s
 37950K .......... .......... .......... .......... .......... 16% 56.4M 16s
 38000K .......... .......... .......... .......... .......... 16% 59.8M 16s
 38050K .......... .......... .......... .......... .......... 16%  150M 16s
 38100K .......... .......... .......... .......... .......... 16% 68.6M 16s
 38150K .......... .......... .......... .......... .......... 16% 75.7M 16s
 38200K .......... .......... .......... .......... .......... 16% 54.6M 16s
 38250K .......... .......... .......... .......... .......... 16%  190M 16s
 38300K .......... .......... .......... .......... .......... 16% 61.8M 16s
 38350K .......... .......... .......... .......... .......... 16% 61.4M 16s
 38400K .......... .......... .......... .......... .......... 16% 76.9M 16s
 38450K .......... .......... .......... .......... .......... 16% 43.1M 16s
 38500K .......... .......... .......... .......... .......... 16% 69.7M 16s
 38550K .......... .......... .......... .......... .......... 16%  115M 16s
 38600K .......... .......... .......... .......... .......... 16%  102M 16s
 38650K .......... .......... .......... .......... .......... 16% 79.2M 15s
 38700K .......... .......... .......... .......... .......... 16% 55.2M 15s
 38750K .......... .......... .......... .......... .......... 16% 56.0M 15s
 38800K .......... .......... .......... .......... .......... 16%  176M 15s
 38850K .......... .......... .......... .......... .......... 16% 69.8M 15s
 38900K .......... .......... .......... .......... .......... 16% 70.6M 15s
 38950K .......... .......... .......... .......... .......... 16% 57.1M 15s
 39000K .......... .......... .......... .......... .......... 16%  426K 16s
 39050K .......... .......... .......... .......... .......... 17% 60.2M 16s
 39100K .......... .......... .......... .......... .......... 17%  103M 16s
 39150K .......... .......... .......... .......... .......... 17% 82.8M 16s
 39200K .......... .......... .......... .......... .......... 17% 24.4M 16s
 39250K .......... .......... .......... .......... .......... 17% 92.6M 16s
 39300K .......... .......... .......... .......... .......... 17% 94.3M 16s
 39350K .......... .......... .......... .......... .......... 17% 73.7M 16s
 39400K .......... .......... .......... .......... .......... 17% 62.1M 16s
 39450K .......... .......... .......... .......... .......... 17% 81.2M 16s
 39500K .......... .......... .......... .......... .......... 17% 97.0M 16s
 39550K .......... .......... .......... .......... .......... 17% 76.1M 16s
 39600K .......... .......... .......... .......... .......... 17%  101M 16s
 39650K .......... .......... .......... .......... .......... 17% 91.0M 16s
 39700K .......... .......... .......... .......... .......... 17% 95.0M 16s
 39750K .......... .......... .......... .......... .......... 17% 59.1M 16s
 39800K .......... .......... .......... .......... .......... 17% 97.6M 16s
 39850K .......... .......... .......... .......... .......... 17% 86.9M 16s
 39900K .......... .......... .......... .......... .......... 17%  183M 16s
 39950K .......... .......... .......... .......... .......... 17% 45.2M 16s
 40000K .......... .......... .......... .......... .......... 17% 76.5M 16s
 40050K .......... .......... .......... .......... .......... 17%  187M 15s
 40100K .......... .......... .......... .......... .......... 17% 72.3M 15s
 40150K .......... .......... .......... .......... .......... 17% 61.8M 15s
 40200K .......... .......... .......... .......... .......... 17% 49.5M 15s
 40250K .......... .......... .......... .......... .......... 17%  134M 15s
 40300K .......... .......... .......... .......... .......... 17%  108M 15s
 40350K .......... .......... .......... .......... .......... 17% 48.8M 15s
 40400K .......... .......... .......... .......... .......... 17% 70.7M 15s
 40450K .......... .......... .......... .......... .......... 17% 94.2M 15s
 40500K .......... .......... .......... .......... .......... 17% 50.3M 15s
 40550K .......... .......... .......... .......... .......... 17% 83.8M 15s
 40600K .......... .......... .......... .......... .......... 17% 94.9M 15s
 40650K .......... .......... .......... .......... .......... 17% 55.1M 15s
 40700K .......... .......... .......... .......... .......... 17% 77.0M 15s
 40750K .......... .......... .......... .......... .......... 17% 65.6M 15s
 40800K .......... .......... .......... .......... .......... 17%  125M 15s
 40850K .......... .......... .......... .......... .......... 17% 48.2M 15s
 40900K .......... .......... .......... .......... .......... 17% 95.0M 15s
 40950K .......... .......... .......... .......... .......... 17% 72.0M 15s
 41000K .......... .......... .......... .......... .......... 17%  123M 15s
 41050K .......... .......... .......... .......... .......... 17%  423K 16s
 41100K .......... .......... .......... .......... .......... 17% 60.9M 16s
 41150K .......... .......... .......... .......... .......... 17% 55.9M 16s
 41200K .......... .......... .......... .......... .......... 17% 71.6M 16s
 41250K .......... .......... .......... .......... .......... 17% 66.8M 16s
 41300K .......... .......... .......... .......... .......... 17% 65.4M 16s
 41350K .......... .......... .......... .......... .......... 18% 66.6M 16s
 41400K .......... .......... .......... .......... .......... 18% 99.5M 15s
 41450K .......... .......... .......... .......... .......... 18% 61.1M 15s
 41500K .......... .......... .......... .......... .......... 18% 59.8M 15s
 41550K .......... .......... .......... .......... .......... 18% 57.3M 15s
 41600K .......... .......... .......... .......... .......... 18% 96.5M 15s
 41650K .......... .......... .......... .......... .......... 18%  282M 15s
 41700K .......... .......... .......... .......... .......... 18% 92.0M 15s
 41750K .......... .......... .......... .......... .......... 18%  110M 15s
 41800K .......... .......... .......... .......... .......... 18% 59.4M 15s
 41850K .......... .......... .......... .......... .......... 18%  117M 15s
 41900K .......... .......... .......... .......... .......... 18% 99.8M 15s
 41950K .......... .......... .......... .......... .......... 18% 45.6M 15s
 42000K .......... .......... .......... .......... .......... 18%  102M 15s
 42050K .......... .......... .......... .......... .......... 18% 58.8M 15s
 42100K .......... .......... .......... .......... .......... 18%  214M 15s
 42150K .......... .......... .......... .......... .......... 18% 65.8M 15s
 42200K .......... .......... .......... .......... .......... 18% 65.0M 15s
 42250K .......... .......... .......... .......... .......... 18% 54.9M 15s
 42300K .......... .......... .......... .......... .......... 18%  178M 15s
 42350K .......... .......... .......... .......... .......... 18% 64.2M 15s
 42400K .......... .......... .......... .......... .......... 18% 68.0M 15s
 42450K .......... .......... .......... .......... .......... 18% 64.6M 15s
 42500K .......... .......... .......... .......... .......... 18% 55.9M 15s
 42550K .......... .......... .......... .......... .......... 18% 56.5M 15s
 42600K .......... .......... .......... .......... .......... 18%  145M 15s
 42650K .......... .......... .......... .......... .......... 18% 80.7M 15s
 42700K .......... .......... .......... .......... .......... 18% 68.2M 15s
 42750K .......... .......... .......... .......... .......... 18% 55.7M 15s
 42800K .......... .......... .......... .......... .......... 18% 68.1M 15s
 42850K .......... .......... .......... .......... .......... 18%  129M 15s
 42900K .......... .......... .......... .......... .......... 18% 70.9M 15s
 42950K .......... .......... .......... .......... .......... 18% 74.1M 15s
 43000K .......... .......... .......... .......... .......... 18% 56.6M 15s
 43050K .......... .......... .......... .......... .......... 18%  127M 15s
 43100K .......... .......... .......... .......... .......... 18% 70.1M 15s
 43150K .......... .......... .......... .......... .......... 18%  423K 15s
 43200K .......... .......... .......... .......... .......... 18% 75.0M 15s
 43250K .......... .......... .......... .......... .......... 18% 66.7M 15s
 43300K .......... .......... .......... .......... .......... 18% 61.7M 15s
 43350K .......... .......... .......... .......... .......... 18% 60.8M 15s
 43400K .......... .......... .......... .......... .......... 18%  116M 15s
 43450K .......... .......... .......... .......... .......... 18%  220M 15s
 43500K .......... .......... .......... .......... .......... 18% 85.5M 15s
 43550K .......... .......... .......... .......... .......... 18% 58.5M 15s
 43600K .......... .......... .......... .......... .......... 19%  116M 15s
 43650K .......... .......... .......... .......... .......... 19% 76.9M 15s
 43700K .......... .......... .......... .......... .......... 19% 68.1M 15s
 43750K .......... .......... .......... .......... .......... 19% 64.7M 15s
 43800K .......... .......... .......... .......... .......... 19%  121M 15s
 43850K .......... .......... .......... .......... .......... 19% 40.7M 15s
 43900K .......... .......... .......... .......... .......... 19%  114M 15s
 43950K .......... .......... .......... .......... .......... 19% 70.5M 15s
 44000K .......... .......... .......... .......... .......... 19% 75.7M 15s
 44050K .......... .......... .......... .......... .......... 19% 45.9M 15s
 44100K .......... .......... .......... .......... .......... 19%  157M 15s
 44150K .......... .......... .......... .......... .......... 19% 52.0M 15s
 44200K .......... .......... .......... .......... .......... 19%  111M 15s
 44250K .......... .......... .......... .......... .......... 19% 81.4M 15s
 44300K .......... .......... .......... .......... .......... 19% 92.2M 15s
 44350K .......... .......... .......... .......... .......... 19% 52.5M 15s
 44400K .......... .......... .......... .......... .......... 19% 96.3M 15s
 44450K .......... .......... .......... .......... .......... 19% 73.1M 15s
 44500K .......... .......... .......... .......... .......... 19% 60.4M 15s
 44550K .......... .......... .......... .......... .......... 19%  139M 15s
 44600K .......... .......... .......... .......... .......... 19% 34.5M 15s
 44650K .......... .......... .......... .......... .......... 19%  218M 15s
 44700K .......... .......... .......... .......... .......... 19% 72.2M 15s
 44750K .......... .......... .......... .......... .......... 19% 65.3M 15s
 44800K .......... .......... .......... .......... .......... 19% 55.7M 15s
 44850K .......... .......... .......... .......... .......... 19%  144M 15s
 44900K .......... .......... .......... .......... .......... 19% 79.1M 15s
 44950K .......... .......... .......... .......... .......... 19% 69.0M 15s
 45000K .......... .......... .......... .......... .......... 19% 58.2M 15s
 45050K .......... .......... .......... .......... .......... 19%  138M 15s
 45100K .......... .......... .......... .......... .......... 19% 69.8M 15s
 45150K .......... .......... .......... .......... .......... 19%  423K 15s
 45200K .......... .......... .......... .......... .......... 19% 56.0M 15s
 45250K .......... .......... .......... .......... .......... 19% 96.6M 15s
 45300K .......... .......... .......... .......... .......... 19% 99.3M 15s
 45350K .......... .......... .......... .......... .......... 19% 64.7M 15s
 45400K .......... .......... .......... .......... .......... 19% 97.1M 15s
 45450K .......... .......... .......... .......... .......... 19% 55.4M 15s
 45500K .......... .......... .......... .......... .......... 19% 88.2M 15s
 45550K .......... .......... .......... .......... .......... 19% 61.7M 15s
 45600K .......... .......... .......... .......... .......... 19% 92.3M 15s
 45650K .......... .......... .......... .......... .......... 19% 92.9M 15s
 45700K .......... .......... .......... .......... .......... 19% 97.4M 15s
 45750K .......... .......... .......... .......... .......... 19% 60.7M 15s
 45800K .......... .......... .......... .......... .......... 19% 60.4M 15s
 45850K .......... .......... .......... .......... .......... 19% 92.5M 15s
 45900K .......... .......... .......... .......... .......... 20% 43.3M 15s
 45950K .......... .......... .......... .......... .......... 20% 75.0M 15s
 46000K .......... .......... .......... .......... .......... 20%  133M 15s
 46050K .......... .......... .......... .......... .......... 20% 75.1M 15s
 46100K .......... .......... .......... .......... .......... 20% 62.4M 15s
 46150K .......... .......... .......... .......... .......... 20%  131M 15s
 46200K .......... .......... .......... .......... .......... 20% 58.3M 15s
 46250K .......... .......... .......... .......... .......... 20% 83.8M 15s
 46300K .......... .......... .......... .......... .......... 20% 65.2M 15s
 46350K .......... .......... .......... .......... .......... 20% 67.9M 15s
 46400K .......... .......... .......... .......... .......... 20%  130M 15s
 46450K .......... .......... .......... .......... .......... 20% 67.2M 15s
 46500K .......... .......... .......... .......... .......... 20% 60.3M 15s
 46550K .......... .......... .......... .......... .......... 20% 66.4M 15s
 46600K .......... .......... .......... .......... .......... 20%  160M 15s
 46650K .......... .......... .......... .......... .......... 20% 35.2M 15s
 46700K .......... .......... .......... .......... .......... 20%  152M 15s
 46750K .......... .......... .......... .......... .......... 20% 55.1M 15s
 46800K .......... .......... .......... .......... .......... 20% 69.4M 15s
 46850K .......... .......... .......... .......... .......... 20% 68.8M 14s
 46900K .......... .......... .......... .......... .......... 20%  149M 14s
 46950K .......... .......... .......... .......... .......... 20% 76.1M 14s
 47000K .......... .......... .......... .......... .......... 20% 68.9M 14s
 47050K .......... .......... .......... .......... .......... 20% 53.5M 14s
 47100K .......... .......... .......... .......... .......... 20%  144M 14s
 47150K .......... .......... .......... .......... .......... 20% 63.5M 14s
 47200K .......... .......... .......... .......... .......... 20% 81.2M 14s
 47250K .......... .......... .......... .......... .......... 20%  424K 15s
 47300K .......... .......... .......... .......... .......... 20% 81.6M 15s
 47350K .......... .......... .......... .......... .......... 20% 79.9M 15s
 47400K .......... .......... .......... .......... .......... 20% 92.4M 15s
 47450K .......... .......... .......... .......... .......... 20% 93.9M 15s
 47500K .......... .......... .......... .......... .......... 20% 71.9M 15s
 47550K .......... .......... .......... .......... .......... 20% 50.5M 15s
 47600K .......... .......... .......... .......... .......... 20% 73.2M 15s
 47650K .......... .......... .......... .......... .......... 20% 87.5M 15s
 47700K .......... .......... .......... .......... .......... 20% 99.6M 15s
 47750K .......... .......... .......... .......... .......... 20% 47.0M 15s
 47800K .......... .......... .......... .......... .......... 20% 90.2M 15s
 47850K .......... .......... .......... .......... .......... 20%  145M 15s
 47900K .......... .......... .......... .......... .......... 20% 89.3M 15s
 47950K .......... .......... .......... .......... .......... 20% 32.5M 15s
 48000K .......... .......... .......... .......... .......... 20%  210M 15s
 48050K .......... .......... .......... .......... .......... 20% 77.1M 15s
 48100K .......... .......... .......... .......... .......... 20% 70.0M 15s
 48150K .......... .......... .......... .......... .......... 20%  117M 15s
 48200K .......... .......... .......... .......... .......... 21% 55.9M 14s
 48250K .......... .......... .......... .......... .......... 21% 84.8M 14s
 48300K .......... .......... .......... .......... .......... 21% 65.5M 14s
 48350K .......... .......... .......... .......... .......... 21% 56.9M 14s
 48400K .......... .......... .......... .......... .......... 21%  117M 14s
 48450K .......... .......... .......... .......... .......... 21% 79.0M 14s
 48500K .......... .......... .......... .......... .......... 21% 70.7M 14s
 48550K .......... .......... .......... .......... .......... 21% 61.6M 14s
 48600K .......... .......... .......... .......... .......... 21% 98.8M 14s
 48650K .......... .......... .......... .......... .......... 21% 69.4M 14s
 48700K .......... .......... .......... .......... .......... 21% 69.9M 14s
 48750K .......... .......... .......... .......... .......... 21% 48.9M 14s
 48800K .......... .......... .......... .......... .......... 21% 90.0M 14s
 48850K .......... .......... .......... .......... .......... 21% 54.6M 14s
 48900K .......... .......... .......... .......... .......... 21%  166M 14s
 48950K .......... .......... .......... .......... .......... 21% 62.5M 14s
 49000K .......... .......... .......... .......... .......... 21% 70.8M 14s
 49050K .......... .......... .......... .......... .......... 21% 61.4M 14s
 49100K .......... .......... .......... .......... .......... 21% 61.2M 14s
 49150K .......... .......... .......... .......... .......... 21%  138M 14s
 49200K .......... .......... .......... .......... .......... 21% 64.0M 14s
 49250K .......... .......... .......... .......... .......... 21% 73.2M 14s
 49300K .......... .......... .......... .......... .......... 21%  425K 15s
 49350K .......... .......... .......... .......... .......... 21% 57.5M 15s
 49400K .......... .......... .......... .......... .......... 21% 86.3M 15s
 49450K .......... .......... .......... .......... .......... 21% 93.1M 15s
 49500K .......... .......... .......... .......... .......... 21% 60.5M 14s
 49550K .......... .......... .......... .......... .......... 21%  109M 14s
 49600K .......... .......... .......... .......... .......... 21% 60.0M 14s
 49650K .......... .......... .......... .......... .......... 21% 62.8M 14s
 49700K .......... .......... .......... .......... .......... 21%  121M 14s
 49750K .......... .......... .......... .......... .......... 21% 66.5M 14s
 49800K .......... .......... .......... .......... .......... 21% 78.2M 14s
 49850K .......... .......... .......... .......... .......... 21% 68.7M 14s
 49900K .......... .......... .......... .......... .......... 21% 62.2M 14s
 49950K .......... .......... .......... .......... .......... 21% 92.5M 14s
 50000K .......... .......... .......... .......... .......... 21% 37.1M 14s
 50050K .......... .......... .......... .......... .......... 21%  263M 14s
 50100K .......... .......... .......... .......... .......... 21% 79.6M 14s
 50150K .......... .......... .......... .......... .......... 21% 58.1M 14s
 50200K .......... .......... .......... .......... .......... 21%  181M 14s
 50250K .......... .......... .......... .......... .......... 21% 61.3M 14s
 50300K .......... .......... .......... .......... .......... 21% 75.9M 14s
 50350K .......... .......... .......... .......... .......... 21% 55.5M 14s
 50400K .......... .......... .......... .......... .......... 21% 74.4M 14s
 50450K .......... .......... .......... .......... .......... 21% 94.6M 14s
 50500K .......... .......... .......... .......... .......... 22% 81.0M 14s
 50550K .......... .......... .......... .......... .......... 22% 62.1M 14s
 50600K .......... .......... .......... .......... .......... 22% 48.8M 14s
 50650K .......... .......... .......... .......... .......... 22%  189M 14s
 50700K .......... .......... .......... .......... .......... 22% 87.5M 14s
 50750K .......... .......... .......... .......... .......... 22% 36.0M 14s
 50800K .......... .......... .......... .......... .......... 22%  156M 14s
 50850K .......... .......... .......... .......... .......... 22% 67.8M 14s
 50900K .......... .......... .......... .......... .......... 22% 73.8M 14s
 50950K .......... .......... .......... .......... .......... 22% 86.2M 14s
 51000K .......... .......... .......... .......... .......... 22% 81.7M 14s
 51050K .......... .......... .......... .......... .......... 22% 68.3M 14s
 51100K .......... .......... .......... .......... .......... 22% 52.3M 14s
 51150K .......... .......... .......... .......... .......... 22% 64.0M 14s
 51200K .......... .......... .......... .......... .......... 22%  160M 14s
 51250K .......... .......... .......... .......... .......... 22% 76.7M 14s
 51300K .......... .......... .......... .......... .......... 22% 72.0M 14s
 51350K .......... .......... .......... .......... .......... 22%  425K 14s
 51400K .......... .......... .......... .......... .......... 22% 69.0M 14s
 51450K .......... .......... .......... .......... .......... 22% 62.0M 14s
 51500K .......... .......... .......... .......... .......... 22% 75.9M 14s
 51550K .......... .......... .......... .......... .......... 22% 69.7M 14s
 51600K .......... .......... .......... .......... .......... 22% 70.0M 14s
 51650K .......... .......... .......... .......... .......... 22% 64.5M 14s
 51700K .......... .......... .......... .......... .......... 22% 69.2M 14s
 51750K .......... .......... .......... .......... .......... 22% 71.9M 14s
 51800K .......... .......... .......... .......... .......... 22% 87.5M 14s
 51850K .......... .......... .......... .......... .......... 22% 70.1M 14s
 51900K .......... .......... .......... .......... .......... 22% 65.1M 14s
 51950K .......... .......... .......... .......... .......... 22% 57.8M 14s
 52000K .......... .......... .......... .......... .......... 22% 81.0M 14s
 52050K .......... .......... .......... .......... .......... 22%  100M 14s
 52100K .......... .......... .......... .......... .......... 22% 83.4M 14s
 52150K .......... .......... .......... .......... .......... 22% 87.4M 14s
 52200K .......... .......... .......... .......... .......... 22%  131M 14s
 52250K .......... .......... .......... .......... .......... 22%  107M 14s
 52300K .......... .......... .......... .......... .......... 22% 60.4M 14s
 52350K .......... .......... .......... .......... .......... 22% 72.2M 14s
 52400K .......... .......... .......... .......... .......... 22% 54.5M 14s
 52450K .......... .......... .......... .......... .......... 22%  143M 14s
 52500K .......... .......... .......... .......... .......... 22% 73.8M 14s
 52550K .......... .......... .......... .......... .......... 22% 65.4M 14s
 52600K .......... .......... .......... .......... .......... 22% 64.7M 14s
 52650K .......... .......... .......... .......... .......... 22%  114M 14s
 52700K .......... .......... .......... .......... .......... 22% 45.4M 14s
 52750K .......... .......... .......... .......... .......... 22%  108M 14s
 52800K .......... .......... .......... .......... .......... 23% 82.0M 14s
 52850K .......... .......... .......... .......... .......... 23% 46.4M 14s
 52900K .......... .......... .......... .......... .......... 23% 71.5M 14s
 52950K .......... .......... .......... .......... .......... 23%  133M 14s
 53000K .......... .......... .......... .......... .......... 23% 76.1M 14s
 53050K .......... .......... .......... .......... .......... 23% 65.8M 14s
 53100K .......... .......... .......... .......... .......... 23% 55.0M 14s
 53150K .......... .......... .......... .......... .......... 23% 71.0M 14s
 53200K .......... .......... .......... .......... .......... 23%  147M 14s
 53250K .......... .......... .......... .......... .......... 23% 69.0M 14s
 53300K .......... .......... .......... .......... .......... 23% 61.2M 14s
 53350K .......... .......... .......... .......... .......... 23% 54.2M 14s
 53400K .......... .......... .......... .......... .......... 23%  424K 14s
 53450K .......... .......... .......... .......... .......... 23% 78.4M 14s
 53500K .......... .......... .......... .......... .......... 23% 83.6M 14s
 53550K .......... .......... .......... .......... .......... 23% 79.7M 14s
 53600K .......... .......... .......... .......... .......... 23% 60.6M 14s
 53650K .......... .......... .......... .......... .......... 23% 62.3M 14s
 53700K .......... .......... .......... .......... .......... 23% 98.1M 14s
 53750K .......... .......... .......... .......... .......... 23% 82.1M 14s
 53800K .......... .......... .......... .......... .......... 23% 65.4M 14s
 53850K .......... .......... .......... .......... .......... 23% 83.6M 14s
 53900K .......... .......... .......... .......... .......... 23% 86.6M 14s
 53950K .......... .......... .......... .......... .......... 23% 59.3M 14s
 54000K .......... .......... .......... .......... .......... 23%  181M 14s
 54050K .......... .......... .......... .......... .......... 23% 59.1M 14s
 54100K .......... .......... .......... .......... .......... 23% 76.0M 14s
 54150K .......... .......... .......... .......... .......... 23% 43.5M 14s
 54200K .......... .......... .......... .......... .......... 23% 89.0M 14s
 54250K .......... .......... .......... .......... .......... 23%  133M 14s
 54300K .......... .......... .......... .......... .......... 23% 71.4M 14s
 54350K .......... .......... .......... .......... .......... 23% 55.1M 14s
 54400K .......... .......... .......... .......... .......... 23% 80.5M 14s
 54450K .......... .......... .......... .......... .......... 23% 53.5M 14s
 54500K .......... .......... .......... .......... .......... 23%  129M 14s
 54550K .......... .......... .......... .......... .......... 23% 70.6M 14s
 54600K .......... .......... .......... .......... .......... 23% 78.0M 14s
 54650K .......... .......... .......... .......... .......... 23% 74.3M 14s
 54700K .......... .......... .......... .......... .......... 23% 95.7M 14s
 54750K .......... .......... .......... .......... .......... 23% 61.4M 14s
 54800K .......... .......... .......... .......... .......... 23% 69.1M 14s
 54850K .......... .......... .......... .......... .......... 23% 54.7M 14s
 54900K .......... .......... .......... .......... .......... 23% 65.4M 14s
 54950K .......... .......... .......... .......... .......... 23% 68.2M 14s
 55000K .......... .......... .......... .......... .......... 23%  135M 14s
 55050K .......... .......... .......... .......... .......... 23% 77.9M 14s
 55100K .......... .......... .......... .......... .......... 24% 71.4M 14s
 55150K .......... .......... .......... .......... .......... 24% 57.4M 14s
 55200K .......... .......... .......... .......... .......... 24% 57.2M 14s
 55250K .......... .......... .......... .......... .......... 24%  160M 14s
 55300K .......... .......... .......... .......... .......... 24% 71.0M 14s
 55350K .......... .......... .......... .......... .......... 24% 64.7M 14s
 55400K .......... .......... .......... .......... .......... 24% 56.2M 14s
 55450K .......... .......... .......... .......... .......... 24%  425K 14s
 55500K .......... .......... .......... .......... .......... 24% 69.1M 14s
 55550K .......... .......... .......... .......... .......... 24% 53.5M 14s
 55600K .......... .......... .......... .......... .......... 24% 78.6M 14s
 55650K .......... .......... .......... .......... .......... 24% 70.0M 14s
 55700K .......... .......... .......... .......... .......... 24%  105M 14s
 55750K .......... .......... .......... .......... .......... 24%  259M 14s
 55800K .......... .......... .......... .......... .......... 24% 73.8M 14s
 55850K .......... .......... .......... .......... .......... 24% 59.6M 14s
 55900K .......... .......... .......... .......... .......... 24%  106M 14s
 55950K .......... .......... .......... .......... .......... 24% 57.3M 14s
 56000K .......... .......... .......... .......... .......... 24% 96.3M 14s
 56050K .......... .......... .......... .......... .......... 24% 89.2M 14s
 56100K .......... .......... .......... .......... .......... 24% 61.7M 14s
 56150K .......... .......... .......... .......... .......... 24% 71.9M 14s
 56200K .......... .......... .......... .......... .......... 24% 44.2M 14s
 56250K .......... .......... .......... .......... .......... 24%  105M 14s
 56300K .......... .......... .......... .......... .......... 24%  105M 14s
 56350K .......... .......... .......... .......... .......... 24% 56.0M 14s
 56400K .......... .......... .......... .......... .......... 24% 75.1M 14s
 56450K .......... .......... .......... .......... .......... 24% 59.9M 14s
 56500K .......... .......... .......... .......... .......... 24%  199M 14s
 56550K .......... .......... .......... .......... .......... 24% 65.0M 14s
 56600K .......... .......... .......... .......... .......... 24% 62.7M 14s
 56650K .......... .......... .......... .......... .......... 24% 65.7M 14s
 56700K .......... .......... .......... .......... .......... 24%  168M 14s
 56750K .......... .......... .......... .......... .......... 24% 51.2M 14s
 56800K .......... .......... .......... .......... .......... 24% 22.4M 13s
 56850K .......... .......... .......... .......... .......... 24%  137M 13s
 56900K .......... .......... .......... .......... .......... 24% 85.7M 13s
 56950K .......... .......... .......... .......... .......... 24%  123M 13s
 57000K .......... .......... .......... .......... .......... 24%  114M 13s
 57050K .......... .......... .......... .......... .......... 24% 87.7M 13s
 57100K .......... .......... .......... .......... .......... 24% 89.8M 13s
 57150K .......... .......... .......... .......... .......... 24% 69.2M 13s
 57200K .......... .......... .......... .......... .......... 24% 29.7M 13s
 57250K .......... .......... .......... .......... .......... 24%  199M 13s
 57300K .......... .......... .......... .......... .......... 24%  110M 13s
 57350K .......... .......... .......... .......... .......... 24% 84.0M 13s
 57400K .......... .......... .......... .......... .......... 25%  132M 13s
 57450K .......... .......... .......... .......... .......... 25%  123M 13s
 57500K .......... .......... .......... .......... .......... 25%  424K 14s
 57550K .......... .......... .......... .......... .......... 25% 55.6M 14s
 57600K .......... .......... .......... .......... .......... 25% 88.9M 14s
 57650K .......... .......... .......... .......... .......... 25% 98.7M 14s
 57700K .......... .......... .......... .......... .......... 25% 71.2M 14s
 57750K .......... .......... .......... .......... .......... 25% 59.6M 14s
 57800K .......... .......... .......... .......... .......... 25% 92.9M 14s
 57850K .......... .......... .......... .......... .......... 25% 66.2M 14s
 57900K .......... .......... .......... .......... .......... 25% 76.1M 14s
 57950K .......... .......... .......... .......... .......... 25% 82.8M 14s
 58000K .......... .......... .......... .......... .......... 25% 71.6M 14s
 58050K .......... .......... .......... .......... .......... 25% 77.9M 13s
 58100K .......... .......... .......... .......... .......... 25% 60.5M 13s
 58150K .......... .......... .......... .......... .......... 25% 73.7M 13s
 58200K .......... .......... .......... .......... .......... 25% 95.7M 13s
 58250K .......... .......... .......... .......... .......... 25% 55.3M 13s
 58300K .......... .......... .......... .......... .......... 25%  110M 13s
 58350K .......... .......... .......... .......... .......... 25% 72.1M 13s
 58400K .......... .......... .......... .......... .......... 25% 64.2M 13s
 58450K .......... .......... .......... .......... .......... 25% 67.2M 13s
 58500K .......... .......... .......... .......... .......... 25% 55.7M 13s
 58550K .......... .......... .......... .......... .......... 25%  167M 13s
 58600K .......... .......... .......... .......... .......... 25% 81.8M 13s
 58650K .......... .......... .......... .......... .......... 25% 51.9M 13s
 58700K .......... .......... .......... .......... .......... 25% 66.9M 13s
 58750K .......... .......... .......... .......... .......... 25% 66.6M 13s
 58800K .......... .......... .......... .......... .......... 25% 98.2M 13s
 58850K .......... .......... .......... .......... .......... 25% 89.2M 13s
 58900K .......... .......... .......... .......... .......... 25% 82.2M 13s
 58950K .......... .......... .......... .......... .......... 25% 65.1M 13s
 59000K .......... .......... .......... .......... .......... 25% 31.3M 13s
 59050K .......... .......... .......... .......... .......... 25%  285M 13s
 59100K .......... .......... .......... .......... .......... 25%  148M 13s
 59150K .......... .......... .......... .......... .......... 25% 62.9M 13s
 59200K .......... .......... .......... .......... .......... 25% 63.9M 13s
 59250K .......... .......... .......... .......... .......... 25% 70.0M 13s
 59300K .......... .......... .......... .......... .......... 25%  130M 13s
 59350K .......... .......... .......... .......... .......... 25% 64.9M 13s
 59400K .......... .......... .......... .......... .......... 25% 50.5M 13s
 59450K .......... .......... .......... .......... .......... 25% 83.3M 13s
 59500K .......... .......... .......... .......... .......... 25%  127M 13s
 59550K .......... .......... .......... .......... .......... 25%  424K 13s
 59600K .......... .......... .......... .......... .......... 25% 47.0M 13s
 59650K .......... .......... .......... .......... .......... 25% 89.9M 13s
 59700K .......... .......... .......... .......... .......... 26% 93.8M 13s
 59750K .......... .......... .......... .......... .......... 26% 76.5M 13s
 59800K .......... .......... .......... .......... .......... 26% 90.8M 13s
 59850K .......... .......... .......... .......... .......... 26% 98.6M 13s
 59900K .......... .......... .......... .......... .......... 26% 62.6M 13s
 59950K .......... .......... .......... .......... .......... 26% 71.8M 13s
 60000K .......... .......... .......... .......... .......... 26% 67.5M 13s
 60050K .......... .......... .......... .......... .......... 26%  128M 13s
 60100K .......... .......... .......... .......... .......... 26% 72.7M 13s
 60150K .......... .......... .......... .......... .......... 26% 49.7M 13s
 60200K .......... .......... .......... .......... .......... 26% 85.6M 13s
 60250K .......... .......... .......... .......... .......... 26%  211M 13s
 60300K .......... .......... .......... .......... .......... 26% 25.0M 13s
 60350K .......... .......... .......... .......... .......... 26%  142M 13s
 60400K .......... .......... .......... .......... .......... 26%  221M 13s
 60450K .......... .......... .......... .......... .......... 26% 77.3M 13s
 60500K .......... .......... .......... .......... .......... 26% 66.3M 13s
 60550K .......... .......... .......... .......... .......... 26%  122M 13s
 60600K .......... .......... .......... .......... .......... 26% 74.1M 13s
 60650K .......... .......... .......... .......... .......... 26% 63.4M 13s
 60700K .......... .......... .......... .......... .......... 26% 62.5M 13s
 60750K .......... .......... .......... .......... .......... 26% 66.2M 13s
 60800K .......... .......... .......... .......... .......... 26%  131M 13s
 60850K .......... .......... .......... .......... .......... 26% 59.0M 13s
 60900K .......... .......... .......... .......... .......... 26% 73.0M 13s
 60950K .......... .......... .......... .......... .......... 26% 75.3M 13s
 61000K .......... .......... .......... .......... .......... 26% 95.4M 13s
 61050K .......... .......... .......... .......... .......... 26% 40.8M 13s
 61100K .......... .......... .......... .......... .......... 26%  125M 13s
 61150K .......... .......... .......... .......... .......... 26% 59.8M 13s
 61200K .......... .......... .......... .......... .......... 26% 69.3M 13s
 61250K .......... .......... .......... .......... .......... 26% 80.2M 13s
 61300K .......... .......... .......... .......... .......... 26%  115M 13s
 61350K .......... .......... .......... .......... .......... 26% 67.7M 13s
 61400K .......... .......... .......... .......... .......... 26% 61.9M 13s
 61450K .......... .......... .......... .......... .......... 26% 63.7M 13s
 61500K .......... .......... .......... .......... .......... 26% 66.7M 13s
 61550K .......... .......... .......... .......... .......... 26%  117M 13s
 61600K .......... .......... .......... .......... .......... 26%  423K 13s
 61650K .......... .......... .......... .......... .......... 26% 51.1M 13s
 61700K .......... .......... .......... .......... .......... 26% 91.0M 13s
 61750K .......... .......... .......... .......... .......... 26% 94.0M 13s
 61800K .......... .......... .......... .......... .......... 26% 79.0M 13s
 61850K .......... .......... .......... .......... .......... 26%  114M 13s
 61900K .......... .......... .......... .......... .......... 26% 76.4M 13s
 61950K .......... .......... .......... .......... .......... 26% 73.6M 13s
 62000K .......... .......... .......... .......... .......... 27% 56.7M 13s
 62050K .......... .......... .......... .......... .......... 27% 67.3M 13s
 62100K .......... .......... .......... .......... .......... 27%  143M 13s
 62150K .......... .......... .......... .......... .......... 27% 55.0M 13s
 62200K .......... .......... .......... .......... .......... 27% 79.8M 13s
 62250K .......... .......... .......... .......... .......... 27% 60.9M 13s
 62300K .......... .......... .......... .......... .......... 27%  128M 13s
 62350K .......... .......... .......... .......... .......... 27% 38.3M 13s
 62400K .......... .......... .......... .......... .......... 27%  144M 13s
 62450K .......... .......... .......... .......... .......... 27% 68.8M 13s
 62500K .......... .......... .......... .......... .......... 27% 68.4M 13s
 62550K .......... .......... .......... .......... .......... 27% 74.1M 13s
 62600K .......... .......... .......... .......... .......... 27%  133M 13s
 62650K .......... .......... .......... .......... .......... 27% 52.6M 13s
 62700K .......... .......... .......... .......... .......... 27% 96.4M 13s
 62750K .......... .......... .......... .......... .......... 27% 57.4M 13s
 62800K .......... .......... .......... .......... .......... 27% 41.4M 13s
 62850K .......... .......... .......... .......... .......... 27%  263M 13s
 62900K .......... .......... .......... .......... .......... 27%  144M 13s
 62950K .......... .......... .......... .......... .......... 27% 65.5M 13s
 63000K .......... .......... .......... .......... .......... 27% 64.2M 13s
 63050K .......... .......... .......... .......... .......... 27%  124M 13s
 63100K .......... .......... .......... .......... .......... 27% 36.6M 13s
 63150K .......... .......... .......... .......... .......... 27% 46.1M 13s
 63200K .......... .......... .......... .......... .......... 27%  171M 13s
 63250K .......... .......... .......... .......... .......... 27%  100M 13s
 63300K .......... .......... .......... .......... .......... 27% 68.3M 13s
 63350K .......... .......... .......... .......... .......... 27%  176M 13s
 63400K .......... .......... .......... .......... .......... 27% 63.3M 13s
 63450K .......... .......... .......... .......... .......... 27% 76.7M 13s
 63500K .......... .......... .......... .......... .......... 27% 56.3M 13s
 63550K .......... .......... .......... .......... .......... 27% 56.7M 13s
 63600K .......... .......... .......... .......... .......... 27%  192M 13s
 63650K .......... .......... .......... .......... .......... 27% 56.7M 13s
 63700K .......... .......... .......... .......... .......... 27%  423K 13s
 63750K .......... .......... .......... .......... .......... 27% 70.1M 13s
 63800K .......... .......... .......... .......... .......... 27% 94.3M 13s
 63850K .......... .......... .......... .......... .......... 27% 98.2M 13s
 63900K .......... .......... .......... .......... .......... 27% 47.1M 13s
 63950K .......... .......... .......... .......... .......... 27% 76.0M 13s
 64000K .......... .......... .......... .......... .......... 27% 95.3M 13s
 64050K .......... .......... .......... .......... .......... 27%  102M 13s
 64100K .......... .......... .......... .......... .......... 27% 93.9M 13s
 64150K .......... .......... .......... .......... .......... 27% 50.3M 13s
 64200K .......... .......... .......... .......... .......... 27% 69.4M 13s
 64250K .......... .......... .......... .......... .......... 27% 66.7M 13s
 64300K .......... .......... .......... .......... .......... 28% 93.8M 13s
 64350K .......... .......... .......... .......... .......... 28%  144M 13s
 64400K .......... .......... .......... .......... .......... 28% 36.2M 13s
 64450K .......... .......... .......... .......... .......... 28%  213M 13s
 64500K .......... .......... .......... .......... .......... 28% 74.0M 13s
 64550K .......... .......... .......... .......... .......... 28% 73.7M 13s
 64600K .......... .......... .......... .......... .......... 28%  120M 13s
 64650K .......... .......... .......... .......... .......... 28% 66.7M 13s
 64700K .......... .......... .......... .......... .......... 28% 57.5M 13s
 64750K .......... .......... .......... .......... .......... 28% 72.0M 13s
 64800K .......... .......... .......... .......... .......... 28% 53.2M 13s
 64850K .......... .......... .......... .......... .......... 28%  120M 13s
 64900K .......... .......... .......... .......... .......... 28% 77.6M 13s
 64950K .......... .......... .......... .......... .......... 28% 57.9M 13s
 65000K .......... .......... .......... .......... .......... 28% 75.6M 13s
 65050K .......... .......... .......... .......... .......... 28%  120M 13s
 65100K .......... .......... .......... .......... .......... 28% 66.7M 13s
 65150K .......... .......... .......... .......... .......... 28% 31.8M 13s
 65200K .......... .......... .......... .......... .......... 28%  176M 13s
 65250K .......... .......... .......... .......... .......... 28%  109M 13s
 65300K .......... .......... .......... .......... .......... 28% 76.5M 13s
 65350K .......... .......... .......... .......... .......... 28%  113M 13s
 65400K .......... .......... .......... .......... .......... 28% 66.6M 13s
 65450K .......... .......... .......... .......... .......... 28% 53.2M 13s
 65500K .......... .......... .......... .......... .......... 28% 73.5M 13s
 65550K .......... .......... .......... .......... .......... 28% 71.8M 13s
 65600K .......... .......... .......... .......... .......... 28%  121M 13s
 65650K .......... .......... .......... .......... .......... 28% 71.1M 13s
 65700K .......... .......... .......... .......... .......... 28% 64.4M 13s
 65750K .......... .......... .......... .......... .......... 28%  423K 13s
 65800K .......... .......... .......... .......... .......... 28% 52.2M 13s
 65850K .......... .......... .......... .......... .......... 28% 89.9M 13s
 65900K .......... .......... .......... .......... .......... 28% 82.8M 13s
 65950K .......... .......... .......... .......... .......... 28% 76.8M 13s
 66000K .......... .......... .......... .......... .......... 28% 84.2M 13s
 66050K .......... .......... .......... .......... .......... 28% 91.7M 13s
 66100K .......... .......... .......... .......... .......... 28%  110M 13s
 66150K .......... .......... .......... .......... .......... 28%  131M 13s
 66200K .......... .......... .......... .......... .......... 28% 64.3M 13s
 66250K .......... .......... .......... .......... .......... 28% 64.3M 13s
 66300K .......... .......... .......... .......... .......... 28% 67.4M 13s
 66350K .......... .......... .......... .......... .......... 28% 73.9M 13s
 66400K .......... .......... .......... .......... .......... 28%  120M 13s
 66450K .......... .......... .......... .......... .......... 28% 35.8M 13s
 66500K .......... .......... .......... .......... .......... 28%  137M 13s
 66550K .......... .......... .......... .......... .......... 28% 74.2M 13s
 66600K .......... .......... .......... .......... .......... 29% 79.3M 13s
 66650K .......... .......... .......... .......... .......... 29%  122M 13s
 66700K .......... .......... .......... .......... .......... 29% 66.0M 13s
 66750K .......... .......... .......... .......... .......... 29% 55.2M 13s
 66800K .......... .......... .......... .......... .......... 29% 60.0M 13s
 66850K .......... .......... .......... .......... .......... 29% 61.0M 13s
 66900K .......... .......... .......... .......... .......... 29%  127M 13s
 66950K .......... .......... .......... .......... .......... 29% 74.5M 13s
 67000K .......... .......... .......... .......... .......... 29% 63.8M 13s
 67050K .......... .......... .......... .......... .......... 29% 61.0M 13s
 67100K .......... .......... .......... .......... .......... 29%  139M 12s
 67150K .......... .......... .......... .......... .......... 29% 59.2M 12s
 67200K .......... .......... .......... .......... .......... 29% 41.9M 12s
 67250K .......... .......... .......... .......... .......... 29%  117M 12s
 67300K .......... .......... .......... .......... .......... 29% 40.3M 12s
 67350K .......... .......... .......... .......... .......... 29%  131M 12s
 67400K .......... .......... .......... .......... .......... 29%  115M 12s
 67450K .......... .......... .......... .......... .......... 29% 81.8M 12s
 67500K .......... .......... .......... .......... .......... 29%  106M 12s
 67550K .......... .......... .......... .......... .......... 29% 62.3M 12s
 67600K .......... .......... .......... .......... .......... 29% 58.9M 12s
 67650K .......... .......... .......... .......... .......... 29%  198M 12s
 67700K .......... .......... .......... .......... .......... 29% 71.7M 12s
 67750K .......... .......... .......... .......... .......... 29% 62.8M 12s
 67800K .......... .......... .......... .......... .......... 29%  422K 13s
 67850K .......... .......... .......... .......... .......... 29% 58.0M 13s
 67900K .......... .......... .......... .......... .......... 29% 67.0M 13s
 67950K .......... .......... .......... .......... .......... 29% 57.3M 13s
 68000K .......... .......... .......... .......... .......... 29% 62.2M 13s
 68050K .......... .......... .......... .......... .......... 29% 83.1M 13s
 68100K .......... .......... .......... .......... .......... 29% 73.4M 13s
 68150K .......... .......... .......... .......... .......... 29% 52.9M 13s
 68200K .......... .......... .......... .......... .......... 29% 72.1M 13s
 68250K .......... .......... .......... .......... .......... 29% 75.4M 13s
 68300K .......... .......... .......... .......... .......... 29% 63.7M 12s
 68350K .......... .......... .......... .......... .......... 29% 58.7M 12s
 68400K .......... .......... .......... .......... .......... 29% 75.8M 12s
 68450K .......... .......... .......... .......... .......... 29% 79.2M 12s
 68500K .......... .......... .......... .......... .......... 29% 80.0M 12s
 68550K .......... .......... .......... .......... .......... 29% 66.0M 12s
 68600K .......... .......... .......... .......... .......... 29%  254M 12s
 68650K .......... .......... .......... .......... .......... 29%  221M 12s
 68700K .......... .......... .......... .......... .......... 29%  210M 12s
 68750K .......... .......... .......... .......... .......... 29% 75.9M 12s
 68800K .......... .......... .......... .......... .......... 29% 52.9M 12s
 68850K .......... .......... .......... .......... .......... 29% 97.6M 12s
 68900K .......... .......... .......... .......... .......... 30% 92.8M 12s
 68950K .......... .......... .......... .......... .......... 30% 79.6M 12s
 69000K .......... .......... .......... .......... .......... 30% 62.8M 12s
 69050K .......... .......... .......... .......... .......... 30% 50.5M 12s
 69100K .......... .......... .......... .......... .......... 30%  127M 12s
 69150K .......... .......... .......... .......... .......... 30% 84.4M 12s
 69200K .......... .......... .......... .......... .......... 30% 70.7M 12s
 69250K .......... .......... .......... .......... .......... 30% 48.0M 12s
 69300K .......... .......... .......... .......... .......... 30% 64.6M 12s
 69350K .......... .......... .......... .......... .......... 30% 87.3M 12s
 69400K .......... .......... .......... .......... .......... 30%  116M 12s
 69450K .......... .......... .......... .......... .......... 30% 70.6M 12s
 69500K .......... .......... .......... .......... .......... 30% 61.2M 12s
 69550K .......... .......... .......... .......... .......... 30% 71.7M 12s
 69600K .......... .......... .......... .......... .......... 30% 51.9M 12s
 69650K .......... .......... .......... .......... .......... 30%  137M 12s
 69700K .......... .......... .......... .......... .......... 30% 71.5M 12s
 69750K .......... .......... .......... .......... .......... 30% 57.2M 12s
 69800K .......... .......... .......... .......... .......... 30% 87.6M 12s
 69850K .......... .......... .......... .......... .......... 30%  423K 12s
 69900K .......... .......... .......... .......... .......... 30% 61.5M 12s
 69950K .......... .......... .......... .......... .......... 30% 68.4M 12s
 70000K .......... .......... .......... .......... .......... 30% 66.7M 12s
 70050K .......... .......... .......... .......... .......... 30% 81.0M 12s
 70100K .......... .......... .......... .......... .......... 30% 83.6M 12s
 70150K .......... .......... .......... .......... .......... 30% 81.8M 12s
 70200K .......... .......... .......... .......... .......... 30% 92.0M 12s
 70250K .......... .......... .......... .......... .......... 30% 74.6M 12s
 70300K .......... .......... .......... .......... .......... 30% 77.6M 12s
 70350K .......... .......... .......... .......... .......... 30% 83.5M 12s
 70400K .......... .......... .......... .......... .......... 30% 52.2M 12s
 70450K .......... .......... .......... .......... .......... 30% 90.9M 12s
 70500K .......... .......... .......... .......... .......... 30% 61.7M 12s
 70550K .......... .......... .......... .......... .......... 30% 85.1M 12s
 70600K .......... .......... .......... .......... .......... 30% 70.8M 12s
 70650K .......... .......... .......... .......... .......... 30% 68.8M 12s
 70700K .......... .......... .......... .......... .......... 30%  162M 12s
 70750K .......... .......... .......... .......... .......... 30% 51.9M 12s
 70800K .......... .......... .......... .......... .......... 30% 86.9M 12s
 70850K .......... .......... .......... .......... .......... 30% 66.9M 12s
 70900K .......... .......... .......... .......... .......... 30% 59.8M 12s
 70950K .......... .......... .......... .......... .......... 30%  186M 12s
 71000K .......... .......... .......... .......... .......... 30% 59.0M 12s
 71050K .......... .......... .......... .......... .......... 30% 53.8M 12s
 71100K .......... .......... .......... .......... .......... 30% 90.7M 12s
 71150K .......... .......... .......... .......... .......... 30% 57.1M 12s
 71200K .......... .......... .......... .......... .......... 31%  206M 12s
 71250K .......... .......... .......... .......... .......... 31% 67.7M 12s
 71300K .......... .......... .......... .......... .......... 31% 51.7M 12s
 71350K .......... .......... .......... .......... .......... 31% 58.5M 12s
 71400K .......... .......... .......... .......... .......... 31% 88.1M 12s
 71450K .......... .......... .......... .......... .......... 31% 69.1M 12s
 71500K .......... .......... .......... .......... .......... 31% 69.1M 12s
 71550K .......... .......... .......... .......... .......... 31% 40.6M 12s
 71600K .......... .......... .......... .......... .......... 31%  132M 12s
 71650K .......... .......... .......... .......... .......... 31%  110M 12s
 71700K .......... .......... .......... .......... .......... 31% 96.7M 12s
 71750K .......... .......... .......... .......... .......... 31% 86.3M 12s
 71800K .......... .......... .......... .......... .......... 31% 75.1M 12s
 71850K .......... .......... .......... .......... .......... 31% 55.3M 12s
 71900K .......... .......... .......... .......... .......... 31%  425K 12s
 71950K .......... .......... .......... .......... .......... 31% 54.6M 12s
 72000K .......... .......... .......... .......... .......... 31% 93.2M 12s
 72050K .......... .......... .......... .......... .......... 31% 59.5M 12s
 72100K .......... .......... .......... .......... .......... 31% 85.2M 12s
 72150K .......... .......... .......... .......... .......... 31%  107M 12s
 72200K .......... .......... .......... .......... .......... 31%  129M 12s
 72250K .......... .......... .......... .......... .......... 31% 60.1M 12s
 72300K .......... .......... .......... .......... .......... 31% 94.9M 12s
 72350K .......... .......... .......... .......... .......... 31% 59.5M 12s
 72400K .......... .......... .......... .......... .......... 31% 67.7M 12s
 72450K .......... .......... .......... .......... .......... 31%  161M 12s
 72500K .......... .......... .......... .......... .......... 31% 58.2M 12s
 72550K .......... .......... .......... .......... .......... 31% 75.1M 12s
 72600K .......... .......... .......... .......... .......... 31% 74.0M 12s
 72650K .......... .......... .......... .......... .......... 31% 48.5M 12s
 72700K .......... .......... .......... .......... .......... 31%  117M 12s
 72750K .......... .......... .......... .......... .......... 31% 61.3M 12s
 72800K .......... .......... .......... .......... .......... 31% 79.9M 12s
 72850K .......... .......... .......... .......... .......... 31% 72.7M 12s
 72900K .......... .......... .......... .......... .......... 31% 56.1M 12s
 72950K .......... .......... .......... .......... .......... 31%  117M 12s
 73000K .......... .......... .......... .......... .......... 31% 64.7M 12s
 73050K .......... .......... .......... .......... .......... 31% 78.5M 12s
 73100K .......... .......... .......... .......... .......... 31% 61.5M 12s
 73150K .......... .......... .......... .......... .......... 31% 46.4M 12s
 73200K .......... .......... .......... .......... .......... 31%  206M 12s
 73250K .......... .......... .......... .......... .......... 31% 74.1M 12s
 73300K .......... .......... .......... .......... .......... 31% 73.5M 12s
 73350K .......... .......... .......... .......... .......... 31% 58.2M 12s
 73400K .......... .......... .......... .......... .......... 31% 51.1M 12s
 73450K .......... .......... .......... .......... .......... 31%  146M 12s
 73500K .......... .......... .......... .......... .......... 32% 90.2M 12s
 73550K .......... .......... .......... .......... .......... 32% 64.5M 12s
 73600K .......... .......... .......... .......... .......... 32% 60.6M 12s
 73650K .......... .......... .......... .......... .......... 32% 63.9M 12s
 73700K .......... .......... .......... .......... .......... 32%  144M 12s
 73750K .......... .......... .......... .......... .......... 32% 74.4M 12s
 73800K .......... .......... .......... .......... .......... 32% 65.5M 12s
 73850K .......... .......... .......... .......... .......... 32% 40.7M 12s
 73900K .......... .......... .......... .......... .......... 32% 71.9M 12s
 73950K .......... .......... .......... .......... .......... 32%  426K 12s
 74000K .......... .......... .......... .......... .......... 32% 54.2M 12s
 74050K .......... .......... .......... .......... .......... 32% 99.7M 12s
 74100K .......... .......... .......... .......... .......... 32% 90.9M 12s
 74150K .......... .......... .......... .......... .......... 32% 77.4M 12s
 74200K .......... .......... .......... .......... .......... 32% 77.7M 12s
 74250K .......... .......... .......... .......... .......... 32% 90.3M 12s
 74300K .......... .......... .......... .......... .......... 32% 97.5M 12s
 74350K .......... .......... .......... .......... .......... 32% 46.7M 12s
 74400K .......... .......... .......... .......... .......... 32% 90.3M 12s
 74450K .......... .......... .......... .......... .......... 32% 94.6M 12s
 74500K .......... .......... .......... .......... .......... 32% 94.8M 12s
 74550K .......... .......... .......... .......... .......... 32% 53.3M 12s
 74600K .......... .......... .......... .......... .......... 32% 76.4M 12s
 74650K .......... .......... .......... .......... .......... 32% 92.8M 12s
 74700K .......... .......... .......... .......... .......... 32% 50.6M 12s
 74750K .......... .......... .......... .......... .......... 32% 77.0M 12s
 74800K .......... .......... .......... .......... .......... 32% 94.6M 12s
 74850K .......... .......... .......... .......... .......... 32% 78.9M 12s
 74900K .......... .......... .......... .......... .......... 32% 64.2M 12s
 74950K .......... .......... .......... .......... .......... 32% 60.6M 12s
 75000K .......... .......... .......... .......... .......... 32%  210M 12s
 75050K .......... .......... .......... .......... .......... 32% 65.3M 12s
 75100K .......... .......... .......... .......... .......... 32% 62.5M 12s
 75150K .......... .......... .......... .......... .......... 32% 58.9M 12s
 75200K .......... .......... .......... .......... .......... 32% 66.2M 12s
 75250K .......... .......... .......... .......... .......... 32%  124M 12s
 75300K .......... .......... .......... .......... .......... 32% 71.8M 12s
 75350K .......... .......... .......... .......... .......... 32% 55.9M 12s
 75400K .......... .......... .......... .......... .......... 32% 46.7M 12s
 75450K .......... .......... .......... .......... .......... 32% 64.6M 12s
 75500K .......... .......... .......... .......... .......... 32%  107M 12s
 75550K .......... .......... .......... .......... .......... 32% 91.3M 12s
 75600K .......... .......... .......... .......... .......... 32% 73.2M 12s
 75650K .......... .......... .......... .......... .......... 32% 70.0M 12s
 75700K .......... .......... .......... .......... .......... 32% 63.9M 12s
 75750K .......... .......... .......... .......... .......... 32%  178M 12s
 75800K .......... .......... .......... .......... .......... 33% 70.0M 12s
 75850K .......... .......... .......... .......... .......... 33% 71.6M 12s
 75900K .......... .......... .......... .......... .......... 33% 56.7M 12s
 75950K .......... .......... .......... .......... .......... 33% 57.6M 12s
 76000K .......... .......... .......... .......... .......... 33%  425K 12s
 76050K .......... .......... .......... .......... .......... 33% 90.1M 12s
 76100K .......... .......... .......... .......... .......... 33% 87.0M 12s
 76150K .......... .......... .......... .......... .......... 33% 35.7M 12s
 76200K .......... .......... .......... .......... .......... 33% 86.1M 12s
 76250K .......... .......... .......... .......... .......... 33% 83.6M 12s
 76300K .......... .......... .......... .......... .......... 33% 88.9M 12s
 76350K .......... .......... .......... .......... .......... 33% 79.2M 12s
 76400K .......... .......... .......... .......... .......... 33% 94.7M 12s
 76450K .......... .......... .......... .......... .......... 33% 93.9M 12s
 76500K .......... .......... .......... .......... .......... 33%  169M 12s
 76550K .......... .......... .......... .......... .......... 33% 94.3M 12s
 76600K .......... .......... .......... .......... .......... 33% 61.7M 12s
 76650K .......... .......... .......... .......... .......... 33% 63.0M 12s
 76700K .......... .......... .......... .......... .......... 33%  125M 12s
 76750K .......... .......... .......... .......... .......... 33% 34.3M 12s
 76800K .......... .......... .......... .......... .......... 33%  143M 12s
 76850K .......... .......... .......... .......... .......... 33% 77.3M 12s
 76900K .......... .......... .......... .......... .......... 33% 89.3M 12s
 76950K .......... .......... .......... .......... .......... 33% 61.0M 12s
 77000K .......... .......... .......... .......... .......... 33% 94.9M 12s
 77050K .......... .......... .......... .......... .......... 33% 79.6M 12s
 77100K .......... .......... .......... .......... .......... 33% 75.2M 12s
 77150K .......... .......... .......... .......... .......... 33% 55.3M 12s
 77200K .......... .......... .......... .......... .......... 33% 54.0M 12s
 77250K .......... .......... .......... .......... .......... 33%  187M 12s
 77300K .......... .......... .......... .......... .......... 33% 58.8M 12s
 77350K .......... .......... .......... .......... .......... 33% 62.4M 12s
 77400K .......... .......... .......... .......... .......... 33% 83.5M 12s
 77450K .......... .......... .......... .......... .......... 33%  163M 12s
 77500K .......... .......... .......... .......... .......... 33% 34.6M 12s
 77550K .......... .......... .......... .......... .......... 33% 95.2M 12s
 77600K .......... .......... .......... .......... .......... 33%  101M 12s
 77650K .......... .......... .......... .......... .......... 33% 66.2M 12s
 77700K .......... .......... .......... .......... .......... 33% 55.6M 12s
 77750K .......... .......... .......... .......... .......... 33%  130M 11s
 77800K .......... .......... .......... .......... .......... 33% 91.1M 11s
 77850K .......... .......... .......... .......... .......... 33% 59.9M 11s
 77900K .......... .......... .......... .......... .......... 33% 57.5M 11s
 77950K .......... .......... .......... .......... .......... 33% 64.4M 11s
 78000K .......... .......... .......... .......... .......... 33%  128M 11s
 78050K .......... .......... .......... .......... .......... 33%  423K 12s
 78100K .......... .......... .......... .......... .......... 34% 60.0M 12s
 78150K .......... .......... .......... .......... .......... 34% 80.6M 12s
 78200K .......... .......... .......... .......... .......... 34%  102M 12s
 78250K .......... .......... .......... .......... .......... 34% 94.5M 12s
 78300K .......... .......... .......... .......... .......... 34%  147M 12s
 78350K .......... .......... .......... .......... .......... 34% 63.7M 12s
 78400K .......... .......... .......... .......... .......... 34% 63.2M 12s
 78450K .......... .......... .......... .......... .......... 34% 34.7M 12s
 78500K .......... .......... .......... .......... .......... 34%  148M 12s
 78550K .......... .......... .......... .......... .......... 34% 79.0M 12s
 78600K .......... .......... .......... .......... .......... 34%  110M 12s
 78650K .......... .......... .......... .......... .......... 34% 83.1M 12s
 78700K .......... .......... .......... .......... .......... 34% 85.9M 12s
 78750K .......... .......... .......... .......... .......... 34% 55.2M 12s
 78800K .......... .......... .......... .......... .......... 34% 48.4M 12s
 78850K .......... .......... .......... .......... .......... 34%  116M 12s
 78900K .......... .......... .......... .......... .......... 34%  108M 11s
 78950K .......... .......... .......... .......... .......... 34% 58.7M 11s
 79000K .......... .......... .......... .......... .......... 34% 56.1M 11s
 79050K .......... .......... .......... .......... .......... 34%  142M 11s
 79100K .......... .......... .......... .......... .......... 34% 96.2M 11s
 79150K .......... .......... .......... .......... .......... 34% 51.6M 11s
 79200K .......... .......... .......... .......... .......... 34% 69.4M 11s
 79250K .......... .......... .......... .......... .......... 34% 59.2M 11s
 79300K .......... .......... .......... .......... .......... 34%  147M 11s
 79350K .......... .......... .......... .......... .......... 34% 81.1M 11s
 79400K .......... .......... .......... .......... .......... 34% 63.5M 11s
 79450K .......... .......... .......... .......... .......... 34% 57.1M 11s
 79500K .......... .......... .......... .......... .......... 34%  144M 11s
 79550K .......... .......... .......... .......... .......... 34% 37.9M 11s
 79600K .......... .......... .......... .......... .......... 34%  117M 11s
 79650K .......... .......... .......... .......... .......... 34% 86.1M 11s
 79700K .......... .......... .......... .......... .......... 34% 65.2M 11s
 79750K .......... .......... .......... .......... .......... 34% 70.7M 11s
 79800K .......... .......... .......... .......... .......... 34%  117M 11s
 79850K .......... .......... .......... .......... .......... 34% 69.6M 11s
 79900K .......... .......... .......... .......... .......... 34% 60.1M 11s
 79950K .......... .......... .......... .......... .......... 34% 61.6M 11s
 80000K .......... .......... .......... .......... .......... 34% 75.9M 11s
 80050K .......... .......... .......... .......... .......... 34%  123M 11s
 80100K .......... .......... .......... .......... .......... 34% 65.0M 11s
 80150K .......... .......... .......... .......... .......... 34%  425K 11s
 80200K .......... .......... .......... .......... .......... 34% 75.2M 11s
 80250K .......... .......... .......... .......... .......... 34% 91.4M 11s
 80300K .......... .......... .......... .......... .......... 34% 92.3M 11s
 80350K .......... .......... .......... .......... .......... 34% 60.1M 11s
 80400K .......... .......... .......... .......... .......... 35% 69.5M 11s
 80450K .......... .......... .......... .......... .......... 35% 68.1M 11s
 80500K .......... .......... .......... .......... .......... 35% 79.0M 11s
 80550K .......... .......... .......... .......... .......... 35% 79.9M 11s
 80600K .......... .......... .......... .......... .......... 35% 84.0M 11s
 80650K .......... .......... .......... .......... .......... 35% 67.3M 11s
 80700K .......... .......... .......... .......... .......... 35% 73.1M 11s
 80750K .......... .......... .......... .......... .......... 35% 33.1M 11s
 80800K .......... .......... .......... .......... .......... 35%  114M 11s
 80850K .......... .......... .......... .......... .......... 35%  165M 11s
 80900K .......... .......... .......... .......... .......... 35% 82.1M 11s
 80950K .......... .......... .......... .......... .......... 35% 80.2M 11s
 81000K .......... .......... .......... .......... .......... 35% 61.1M 11s
 81050K .......... .......... .......... .......... .......... 35%  204M 11s
 81100K .......... .......... .......... .......... .......... 35% 66.4M 11s
 81150K .......... .......... .......... .......... .......... 35% 62.0M 11s
 81200K .......... .......... .......... .......... .......... 35% 46.9M 11s
 81250K .......... .......... .......... .......... .......... 35%  105M 11s
 81300K .......... .......... .......... .......... .......... 35%  116M 11s
 81350K .......... .......... .......... .......... .......... 35% 74.6M 11s
 81400K .......... .......... .......... .......... .......... 35% 60.7M 11s
 81450K .......... .......... .......... .......... .......... 35% 76.5M 11s
 81500K .......... .......... .......... .......... .......... 35% 57.9M 11s
 81550K .......... .......... .......... .......... .......... 35%  132M 11s
 81600K .......... .......... .......... .......... .......... 35% 31.1M 11s
 81650K .......... .......... .......... .......... .......... 35%  184M 11s
 81700K .......... .......... .......... .......... .......... 35%  107M 11s
 81750K .......... .......... .......... .......... .......... 35% 57.6M 11s
 81800K .......... .......... .......... .......... .......... 35%  134M 11s
 81850K .......... .......... .......... .......... .......... 35% 67.1M 11s
 81900K .......... .......... .......... .......... .......... 35% 66.5M 11s
 81950K .......... .......... .......... .......... .......... 35% 43.0M 11s
 82000K .......... .......... .......... .......... .......... 35%  114M 11s
 82050K .......... .......... .......... .......... .......... 35%  129M 11s
 82100K .......... .......... .......... .......... .......... 35% 80.4M 11s
 82150K .......... .......... .......... .......... .......... 35% 62.3M 11s
 82200K .......... .......... .......... .......... .......... 35%  424K 11s
 82250K .......... .......... .......... .......... .......... 35% 54.8M 11s
 82300K .......... .......... .......... .......... .......... 35% 82.7M 11s
 82350K .......... .......... .......... .......... .......... 35% 69.0M 11s
 82400K .......... .......... .......... .......... .......... 35% 93.4M 11s
 82450K .......... .......... .......... .......... .......... 35% 81.3M 11s
 82500K .......... .......... .......... .......... .......... 35% 60.2M 11s
 82550K .......... .......... .......... .......... .......... 35% 70.1M 11s
 82600K .......... .......... .......... .......... .......... 35% 93.1M 11s
 82650K .......... .......... .......... .......... .......... 35% 96.7M 11s
 82700K .......... .......... .......... .......... .......... 36% 76.6M 11s
 82750K .......... .......... .......... .......... .......... 36% 62.7M 11s
 82800K .......... .......... .......... .......... .......... 36% 73.2M 11s
 82850K .......... .......... .......... .......... .......... 36%  118M 11s
 82900K .......... .......... .......... .......... .......... 36% 29.1M 11s
 82950K .......... .......... .......... .......... .......... 36%  103M 11s
 83000K .......... .......... .......... .......... .......... 36% 93.8M 11s
 83050K .......... .......... .......... .......... .......... 36%  111M 11s
 83100K .......... .......... .......... .......... .......... 36%  133M 11s
 83150K .......... .......... .......... .......... .......... 36% 67.4M 11s
 83200K .......... .......... .......... .......... .......... 36% 65.9M 11s
 83250K .......... .......... .......... .......... .......... 36% 64.6M 11s
 83300K .......... .......... .......... .......... .......... 36% 71.2M 11s
 83350K .......... .......... .......... .......... .......... 36%  114M 11s
 83400K .......... .......... .......... .......... .......... 36% 68.5M 11s
 83450K .......... .......... .......... .......... .......... 36% 56.4M 11s
 83500K .......... .......... .......... .......... .......... 36% 60.3M 11s
 83550K .......... .......... .......... .......... .......... 36% 61.5M 11s
 83600K .......... .......... .......... .......... .......... 36%  154M 11s
 83650K .......... .......... .......... .......... .......... 36% 38.0M 11s
 83700K .......... .......... .......... .......... .......... 36%  172M 11s
 83750K .......... .......... .......... .......... .......... 36% 69.1M 11s
 83800K .......... .......... .......... .......... .......... 36% 65.3M 11s
 83850K .......... .......... .......... .......... .......... 36%  207M 11s
 83900K .......... .......... .......... .......... .......... 36% 68.1M 11s
 83950K .......... .......... .......... .......... .......... 36% 52.7M 11s
 84000K .......... .......... .......... .......... .......... 36% 67.9M 11s
 84050K .......... .......... .......... .......... .......... 36% 70.0M 11s
 84100K .......... .......... .......... .......... .......... 36%  121M 11s
 84150K .......... .......... .......... .......... .......... 36% 73.5M 11s
 84200K .......... .......... .......... .......... .......... 36% 67.1M 11s
 84250K .......... .......... .......... .......... .......... 36%  425K 11s
 84300K .......... .......... .......... .......... .......... 36% 56.9M 11s
 84350K .......... .......... .......... .......... .......... 36% 69.6M 11s
 84400K .......... .......... .......... .......... .......... 36%  146M 11s
 84450K .......... .......... .......... .......... .......... 36% 88.6M 11s
 84500K .......... .......... .......... .......... .......... 36% 63.0M 11s
 84550K .......... .......... .......... .......... .......... 36% 71.4M 11s
 84600K .......... .......... .......... .......... .......... 36%  127M 11s
 84650K .......... .......... .......... .......... .......... 36% 59.8M 11s
 84700K .......... .......... .......... .......... .......... 36% 64.2M 11s
 84750K .......... .......... .......... .......... .......... 36% 63.9M 11s
 84800K .......... .......... .......... .......... .......... 36% 67.5M 11s
 84850K .......... .......... .......... .......... .......... 36%  101M 11s
 84900K .......... .......... .......... .......... .......... 36% 68.4M 11s
 84950K .......... .......... .......... .......... .......... 37% 90.4M 11s
 85000K .......... .......... .......... .......... .......... 37% 45.8M 11s
 85050K .......... .......... .......... .......... .......... 37% 97.1M 11s
 85100K .......... .......... .......... .......... .......... 37%  102M 11s
 85150K .......... .......... .......... .......... .......... 37% 74.0M 11s
 85200K .......... .......... .......... .......... .......... 37% 63.7M 11s
 85250K .......... .......... .......... .......... .......... 37% 69.3M 11s
 85300K .......... .......... .......... .......... .......... 37% 58.3M 11s
 85350K .......... .......... .......... .......... .......... 37%  120M 11s
 85400K .......... .......... .......... .......... .......... 37% 79.5M 11s
 85450K .......... .......... .......... .......... .......... 37% 72.5M 11s
 85500K .......... .......... .......... .......... .......... 37% 51.4M 11s
 85550K .......... .......... .......... .......... .......... 37% 81.3M 11s
 85600K .......... .......... .......... .......... .......... 37%  122M 11s
 85650K .......... .......... .......... .......... .......... 37% 70.3M 11s
 85700K .......... .......... .......... .......... .......... 37% 61.2M 11s
 85750K .......... .......... .......... .......... .......... 37% 48.5M 11s
 85800K .......... .......... .......... .......... .......... 37% 99.7M 11s
 85850K .......... .......... .......... .......... .......... 37%  115M 11s
 85900K .......... .......... .......... .......... .......... 37% 64.3M 11s
 85950K .......... .......... .......... .......... .......... 37% 60.6M 11s
 86000K .......... .......... .......... .......... .......... 37% 66.9M 11s
 86050K .......... .......... .......... .......... .......... 37% 51.4M 11s
 86100K .......... .......... .......... .......... .......... 37%  135M 11s
 86150K .......... .......... .......... .......... .......... 37% 82.2M 11s
 86200K .......... .......... .......... .......... .......... 37% 60.3M 11s
 86250K .......... .......... .......... .......... .......... 37% 73.9M 11s
 86300K .......... .......... .......... .......... .......... 37%  424K 11s
 86350K .......... .......... .......... .......... .......... 37% 59.3M 11s
 86400K .......... .......... .......... .......... .......... 37% 82.3M 11s
 86450K .......... .......... .......... .......... .......... 37% 91.6M 11s
 86500K .......... .......... .......... .......... .......... 37% 98.2M 11s
 86550K .......... .......... .......... .......... .......... 37% 70.2M 11s
 86600K .......... .......... .......... .......... .......... 37% 56.0M 11s
 86650K .......... .......... .......... .......... .......... 37% 89.6M 11s
 86700K .......... .......... .......... .......... .......... 37% 75.6M 11s
 86750K .......... .......... .......... .......... .......... 37% 61.3M 11s
 86800K .......... .......... .......... .......... .......... 37% 65.6M 11s
 86850K .......... .......... .......... .......... .......... 37% 87.3M 11s
 86900K .......... .......... .......... .......... .......... 37% 91.2M 11s
 86950K .......... .......... .......... .......... .......... 37%  107M 11s
 87000K .......... .......... .......... .......... .......... 37% 60.4M 11s
 87050K .......... .......... .......... .......... .......... 37% 53.3M 11s
 87100K .......... .......... .......... .......... .......... 37% 90.2M 11s
 87150K .......... .......... .......... .......... .......... 37% 42.9M 11s
 87200K .......... .......... .......... .......... .......... 37%  134M 11s
 87250K .......... .......... .......... .......... .......... 38%  118M 11s
 87300K .......... .......... .......... .......... .......... 38% 67.0M 11s
 87350K .......... .......... .......... .......... .......... 38% 72.4M 11s
 87400K .......... .......... .......... .......... .......... 38% 51.0M 11s
 87450K .......... .......... .......... .......... .......... 38%  123M 11s
 87500K .......... .......... .......... .......... .......... 38% 84.8M 11s
 87550K .......... .......... .......... .......... .......... 38% 60.8M 11s
 87600K .......... .......... .......... .......... .......... 38% 69.0M 11s
 87650K .......... .......... .......... .......... .......... 38%  124M 11s
 87700K .......... .......... .......... .......... .......... 38% 62.3M 11s
 87750K .......... .......... .......... .......... .......... 38% 62.4M 11s
 87800K .......... .......... .......... .......... .......... 38% 55.9M 11s
 87850K .......... .......... .......... .......... .......... 38% 82.3M 11s
 87900K .......... .......... .......... .......... .......... 38%  131M 11s
 87950K .......... .......... .......... .......... .......... 38% 54.5M 11s
 88000K .......... .......... .......... .......... .......... 38% 57.1M 11s
 88050K .......... .......... .......... .......... .......... 38%  102M 11s
 88100K .......... .......... .......... .......... .......... 38% 56.0M 11s
 88150K .......... .......... .......... .......... .......... 38%  142M 11s
 88200K .......... .......... .......... .......... .......... 38% 67.6M 11s
 88250K .......... .......... .......... .......... .......... 38% 70.9M 11s
 88300K .......... .......... .......... .......... .......... 38% 68.4M 11s
 88350K .......... .......... .......... .......... .......... 38%  424K 11s
 88400K .......... .......... .......... .......... .......... 38% 57.7M 11s
 88450K .......... .......... .......... .......... .......... 38% 94.7M 11s
 88500K .......... .......... .......... .......... .......... 38% 86.2M 11s
 88550K .......... .......... .......... .......... .......... 38% 91.7M 11s
 88600K .......... .......... .......... .......... .......... 38% 63.1M 11s
 88650K .......... .......... .......... .......... .......... 38% 92.1M 11s
 88700K .......... .......... .......... .......... .......... 38%  102M 11s
 88750K .......... .......... .......... .......... .......... 38% 65.7M 11s
 88800K .......... .......... .......... .......... .......... 38% 66.5M 11s
 88850K .......... .......... .......... .......... .......... 38% 70.5M 11s
 88900K .......... .......... .......... .......... .......... 38%  122M 11s
 88950K .......... .......... .......... .......... .......... 38% 49.4M 11s
 89000K .......... .......... .......... .......... .......... 38% 89.6M 11s
 89050K .......... .......... .......... .......... .......... 38% 87.4M 11s
 89100K .......... .......... .......... .......... .......... 38% 44.7M 11s
 89150K .......... .......... .......... .......... .......... 38% 81.5M 11s
 89200K .......... .......... .......... .......... .......... 38%  127M 11s
 89250K .......... .......... .......... .......... .......... 38% 58.2M 11s
 89300K .......... .......... .......... .......... .......... 38% 86.8M 11s
 89350K .......... .......... .......... .......... .......... 38% 51.6M 11s
 89400K .......... .......... .......... .......... .......... 38%  216M 11s
 89450K .......... .......... .......... .......... .......... 38% 67.2M 11s
 89500K .......... .......... .......... .......... .......... 38% 70.4M 11s
 89550K .......... .......... .......... .......... .......... 39% 56.9M 11s
 89600K .......... .......... .......... .......... .......... 39% 68.6M 11s
 89650K .......... .......... .......... .......... .......... 39%  144M 11s
 89700K .......... .......... .......... .......... .......... 39% 62.0M 11s
 89750K .......... .......... .......... .......... .......... 39% 66.4M 11s
 89800K .......... .......... .......... .......... .......... 39% 56.9M 11s
 89850K .......... .......... .......... .......... .......... 39% 60.4M 11s
 89900K .......... .......... .......... .......... .......... 39% 67.0M 10s
 89950K .......... .......... .......... .......... .......... 39%  108M 10s
 90000K .......... .......... .......... .......... .......... 39% 64.7M 10s
 90050K .......... .......... .......... .......... .......... 39% 55.2M 10s
 90100K .......... .......... .......... .......... .......... 39%  106M 10s
 90150K .......... .......... .......... .......... .......... 39%  126M 10s
 90200K .......... .......... .......... .......... .......... 39% 67.6M 10s
 90250K .......... .......... .......... .......... .......... 39% 66.0M 10s
 90300K .......... .......... .......... .......... .......... 39% 56.6M 10s
 90350K .......... .......... .......... .......... .......... 39% 62.6M 10s
 90400K .......... .......... .......... .......... .......... 39%  424K 11s
 90450K .......... .......... .......... .......... .......... 39% 47.8M 11s
 90500K .......... .......... .......... .......... .......... 39% 64.9M 11s
 90550K .......... .......... .......... .......... .......... 39% 70.7M 11s
 90600K .......... .......... .......... .......... .......... 39% 61.3M 11s
 90650K .......... .......... .......... .......... .......... 39% 79.5M 11s
 90700K .......... .......... .......... .......... .......... 39% 73.4M 11s
 90750K .......... .......... .......... .......... .......... 39% 58.6M 11s
 90800K .......... .......... .......... .......... .......... 39% 64.0M 11s
 90850K .......... .......... .......... .......... .......... 39% 97.8M 11s
 90900K .......... .......... .......... .......... .......... 39% 61.1M 11s
 90950K .......... .......... .......... .......... .......... 39% 56.1M 10s
 91000K .......... .......... .......... .......... .......... 39% 83.7M 10s
 91050K .......... .......... .......... .......... .......... 39% 78.6M 10s
 91100K .......... .......... .......... .......... .......... 39% 68.5M 10s
 91150K .......... .......... .......... .......... .......... 39% 56.9M 10s
 91200K .......... .......... .......... .......... .......... 39%  198M 10s
 91250K .......... .......... .......... .......... .......... 39%  255M 10s
 91300K .......... .......... .......... .......... .......... 39%  163M 10s
 91350K .......... .......... .......... .......... .......... 39% 72.6M 10s
 91400K .......... .......... .......... .......... .......... 39% 60.0M 10s
 91450K .......... .......... .......... .......... .......... 39%  129M 10s
 91500K .......... .......... .......... .......... .......... 39% 77.5M 10s
 91550K .......... .......... .......... .......... .......... 39% 59.4M 10s
 91600K .......... .......... .......... .......... .......... 39% 51.8M 10s
 91650K .......... .......... .......... .......... .......... 39% 99.4M 10s
 91700K .......... .......... .......... .......... .......... 39%  127M 10s
 91750K .......... .......... .......... .......... .......... 39% 65.2M 10s
 91800K .......... .......... .......... .......... .......... 39% 54.6M 10s
 91850K .......... .......... .......... .......... .......... 40% 93.4M 10s
 91900K .......... .......... .......... .......... .......... 40% 49.8M 10s
 91950K .......... .......... .......... .......... .......... 40% 66.2M 10s
 92000K .......... .......... .......... .......... .......... 40%  121M 10s
 92050K .......... .......... .......... .......... .......... 40% 76.6M 10s
 92100K .......... .......... .......... .......... .......... 40% 49.2M 10s
 92150K .......... .......... .......... .......... .......... 40%  105M 10s
 92200K .......... .......... .......... .......... .......... 40%  126M 10s
 92250K .......... .......... .......... .......... .......... 40% 55.8M 10s
 92300K .......... .......... .......... .......... .......... 40% 81.4M 10s
 92350K .......... .......... .......... .......... .......... 40% 63.7M 10s
 92400K .......... .......... .......... .......... .......... 40% 56.1M 10s
 92450K .......... .......... .......... .......... .......... 40%  426K 10s
 92500K .......... .......... .......... .......... .......... 40% 55.7M 10s
 92550K .......... .......... .......... .......... .......... 40% 66.2M 10s
 92600K .......... .......... .......... .......... .......... 40% 77.7M 10s
 92650K .......... .......... .......... .......... .......... 40% 68.3M 10s
 92700K .......... .......... .......... .......... .......... 40% 64.5M 10s
 92750K .......... .......... .......... .......... .......... 40% 62.6M 10s
 92800K .......... .......... .......... .......... .......... 40% 73.6M 10s
 92850K .......... .......... .......... .......... .......... 40% 82.2M 10s
 92900K .......... .......... .......... .......... .......... 40% 67.2M 10s
 92950K .......... .......... .......... .......... .......... 40% 60.5M 10s
 93000K .......... .......... .......... .......... .......... 40% 66.7M 10s
 93050K .......... .......... .......... .......... .......... 40%  221M 10s
 93100K .......... .......... .......... .......... .......... 40%  246M 10s
 93150K .......... .......... .......... .......... .......... 40% 60.3M 10s
 93200K .......... .......... .......... .......... .......... 40% 47.9M 10s
 93250K .......... .......... .......... .......... .......... 40% 68.0M 10s
 93300K .......... .......... .......... .......... .......... 40% 81.4M 10s
 93350K .......... .......... .......... .......... .......... 40%  188M 10s
 93400K .......... .......... .......... .......... .......... 40% 57.9M 10s
 93450K .......... .......... .......... .......... .......... 40%  177M 10s
 93500K .......... .......... .......... .......... .......... 40% 63.5M 10s
 93550K .......... .......... .......... .......... .......... 40% 42.2M 10s
 93600K .......... .......... .......... .......... .......... 40% 93.9M 10s
 93650K .......... .......... .......... .......... .......... 40% 71.4M 10s
 93700K .......... .......... .......... .......... .......... 40%  123M 10s
 93750K .......... .......... .......... .......... .......... 40% 81.7M 10s
 93800K .......... .......... .......... .......... .......... 40% 56.2M 10s
 93850K .......... .......... .......... .......... .......... 40% 89.4M 10s
 93900K .......... .......... .......... .......... .......... 40% 50.9M 10s
 93950K .......... .......... .......... .......... .......... 40% 56.9M 10s
 94000K .......... .......... .......... .......... .......... 40%  133M 10s
 94050K .......... .......... .......... .......... .......... 40% 55.5M 10s
 94100K .......... .......... .......... .......... .......... 40%  108M 10s
 94150K .......... .......... .......... .......... .......... 41% 68.5M 10s
 94200K .......... .......... .......... .......... .......... 41%  121M 10s
 94250K .......... .......... .......... .......... .......... 41% 67.3M 10s
 94300K .......... .......... .......... .......... .......... 41% 59.8M 10s
 94350K .......... .......... .......... .......... .......... 41% 65.0M 10s
 94400K .......... .......... .......... .......... .......... 41% 75.3M 10s
 94450K .......... .......... .......... .......... .......... 41%  100M 10s
 94500K .......... .......... .......... .......... .......... 41%  423K 10s
 94550K .......... .......... .......... .......... .......... 41% 54.0M 10s
 94600K .......... .......... .......... .......... .......... 41% 90.5M 10s
 94650K .......... .......... .......... .......... .......... 41% 94.1M 10s
 94700K .......... .......... .......... .......... .......... 41% 92.5M 10s
 94750K .......... .......... .......... .......... .......... 41% 55.2M 10s
 94800K .......... .......... .......... .......... .......... 41% 86.1M 10s
 94850K .......... .......... .......... .......... .......... 41%  152M 10s
 94900K .......... .......... .......... .......... .......... 41% 65.2M 10s
 94950K .......... .......... .......... .......... .......... 41% 57.1M 10s
 95000K .......... .......... .......... .......... .......... 41%  144M 10s
 95050K .......... .......... .......... .......... .......... 41% 71.8M 10s
 95100K .......... .......... .......... .......... .......... 41% 71.3M 10s
 95150K .......... .......... .......... .......... .......... 41% 67.2M 10s
 95200K .......... .......... .......... .......... .......... 41% 50.9M 10s
 95250K .......... .......... .......... .......... .......... 41% 63.1M 10s
 95300K .......... .......... .......... .......... .......... 41% 90.4M 10s
 95350K .......... .......... .......... .......... .......... 41% 84.7M 10s
 95400K .......... .......... .......... .......... .......... 41% 58.0M 10s
 95450K .......... .......... .......... .......... .......... 41% 62.9M 10s
 95500K .......... .......... .......... .......... .......... 41% 88.2M 10s
 95550K .......... .......... .......... .......... .......... 41% 64.4M 10s
 95600K .......... .......... .......... .......... .......... 41%  155M 10s
 95650K .......... .......... .......... .......... .......... 41% 61.3M 10s
 95700K .......... .......... .......... .......... .......... 41% 53.3M 10s
 95750K .......... .......... .......... .......... .......... 41%  130M 10s
 95800K .......... .......... .......... .......... .......... 41%  105M 10s
 95850K .......... .......... .......... .......... .......... 41% 63.0M 10s
 95900K .......... .......... .......... .......... .......... 41% 58.2M 10s
 95950K .......... .......... .......... .......... .......... 41% 71.6M 10s
 96000K .......... .......... .......... .......... .......... 41% 47.5M 10s
 96050K .......... .......... .......... .......... .......... 41%  108M 10s
 96100K .......... .......... .......... .......... .......... 41%  110M 10s
 96150K .......... .......... .......... .......... .......... 41% 60.7M 10s
 96200K .......... .......... .......... .......... .......... 41% 72.8M 10s
 96250K .......... .......... .......... .......... .......... 41%  126M 10s
 96300K .......... .......... .......... .......... .......... 41% 66.2M 10s
 96350K .......... .......... .......... .......... .......... 41% 56.7M 10s
 96400K .......... .......... .......... .......... .......... 41% 70.7M 10s
 96450K .......... .......... .......... .......... .......... 42% 53.4M 10s
 96500K .......... .......... .......... .......... .......... 42%  146M 10s
 96550K .......... .......... .......... .......... .......... 42% 70.9M 10s
 96600K .......... .......... .......... .......... .......... 42%  425K 10s
 96650K .......... .......... .......... .......... .......... 42% 59.0M 10s
 96700K .......... .......... .......... .......... .......... 42% 97.5M 10s
 96750K .......... .......... .......... .......... .......... 42% 66.4M 10s
 96800K .......... .......... .......... .......... .......... 42% 94.0M 10s
 96850K .......... .......... .......... .......... .......... 42% 59.9M 10s
 96900K .......... .......... .......... .......... .......... 42% 71.9M 10s
 96950K .......... .......... .......... .......... .......... 42% 63.4M 10s
 97000K .......... .......... .......... .......... .......... 42% 93.3M 10s
 97050K .......... .......... .......... .......... .......... 42% 83.5M 10s
 97100K .......... .......... .......... .......... .......... 42% 59.8M 10s
 97150K .......... .......... .......... .......... .......... 42% 63.3M 10s
 97200K .......... .......... .......... .......... .......... 42% 71.3M 10s
 97250K .......... .......... .......... .......... .......... 42% 74.0M 10s
 97300K .......... .......... .......... .......... .......... 42% 58.4M 10s
 97350K .......... .......... .......... .......... .......... 42%  129M 10s
 97400K .......... .......... .......... .......... .......... 42% 93.4M 10s
 97450K .......... .......... .......... .......... .......... 42% 69.2M 10s
 97500K .......... .......... .......... .......... .......... 42% 96.1M 10s
 97550K .......... .......... .......... .......... .......... 42% 56.5M 10s
 97600K .......... .......... .......... .......... .......... 42% 81.4M 10s
 97650K .......... .......... .......... .......... .......... 42% 61.5M 10s
 97700K .......... .......... .......... .......... .......... 42% 63.0M 10s
 97750K .......... .......... .......... .......... .......... 42%  173M 10s
 97800K .......... .......... .......... .......... .......... 42% 64.9M 10s
 97850K .......... .......... .......... .......... .......... 42% 68.5M 10s
 97900K .......... .......... .......... .......... .......... 42% 57.0M 10s
 97950K .......... .......... .......... .......... .......... 42% 74.3M 10s
 98000K .......... .......... .......... .......... .......... 42%  126M 10s
 98050K .......... .......... .......... .......... .......... 42% 29.6M 10s
 98100K .......... .......... .......... .......... .......... 42%  128M 10s
 98150K .......... .......... .......... .......... .......... 42% 94.7M 10s
 98200K .......... .......... .......... .......... .......... 42% 50.5M 10s
 98250K .......... .......... .......... .......... .......... 42%  120M 10s
 98300K .......... .......... .......... .......... .......... 42%  121M 10s
 98350K .......... .......... .......... .......... .......... 42% 65.5M 10s
 98400K .......... .......... .......... .......... .......... 42% 77.0M 10s
 98450K .......... .......... .......... .......... .......... 42% 50.3M 10s
 98500K .......... .......... .......... .......... .......... 42%  175M 10s
 98550K .......... .......... .......... .......... .......... 42% 74.5M 10s
 98600K .......... .......... .......... .......... .......... 42% 82.0M 10s
 98650K .......... .......... .......... .......... .......... 42%  424K 10s
 98700K .......... .......... .......... .......... .......... 42% 57.8M 10s
 98750K .......... .......... .......... .......... .......... 43% 62.8M 10s
 98800K .......... .......... .......... .......... .......... 43% 70.1M 10s
 98850K .......... .......... .......... .......... .......... 43% 67.6M 10s
 98900K .......... .......... .......... .......... .......... 43% 80.6M 10s
 98950K .......... .......... .......... .......... .......... 43% 68.5M 10s
 99000K .......... .......... .......... .......... .......... 43% 63.3M 10s
 99050K .......... .......... .......... .......... .......... 43% 66.6M 10s
 99100K .......... .......... .......... .......... .......... 43%  171M 10s
 99150K .......... .......... .......... .......... .......... 43%  178M 10s
 99200K .......... .......... .......... .......... .......... 43% 65.1M 10s
 99250K .......... .......... .......... .......... .......... 43% 73.2M 10s
 99300K .......... .......... .......... .......... .......... 43%  135M 10s
 99350K .......... .......... .......... .......... .......... 43% 33.4M 10s
 99400K .......... .......... .......... .......... .......... 43%  218M 10s
 99450K .......... .......... .......... .......... .......... 43% 68.3M 10s
 99500K .......... .......... .......... .......... .......... 43% 63.6M 10s
 99550K .......... .......... .......... .......... .......... 43% 67.0M 10s
 99600K .......... .......... .......... .......... .......... 43%  100M 10s
 99650K .......... .......... .......... .......... .......... 43% 80.9M 10s
 99700K .......... .......... .......... .......... .......... 43% 73.8M 10s
 99750K .......... .......... .......... .......... .......... 43% 59.2M 10s
 99800K .......... .......... .......... .......... .......... 43% 91.7M 10s
 99850K .......... .......... .......... .......... .......... 43% 91.8M 10s
 99900K .......... .......... .......... .......... .......... 43% 59.9M 10s
 99950K .......... .......... .......... .......... .......... 43% 57.0M 10s
100000K .......... .......... .......... .......... .......... 43% 74.2M 10s
100050K .......... .......... .......... .......... .......... 43%  120M 10s
100100K .......... .......... .......... .......... .......... 43% 35.5M 10s
100150K .......... .......... .......... .......... .......... 43%  191M 10s
100200K .......... .......... .......... .......... .......... 43% 87.7M 10s
100250K .......... .......... .......... .......... .......... 43% 49.5M 10s
100300K .......... .......... .......... .......... .......... 43%  133M 10s
100350K .......... .......... .......... .......... .......... 43% 74.5M 10s
100400K .......... .......... .......... .......... .......... 43% 61.5M 10s
100450K .......... .......... .......... .......... .......... 43% 69.1M 10s
100500K .......... .......... .......... .......... .......... 43% 76.2M 10s
100550K .......... .......... .......... .......... .......... 43%  110M 10s
100600K .......... .......... .......... .......... .......... 43% 69.0M 10s
100650K .......... .......... .......... .......... .......... 43% 58.2M 10s
100700K .......... .......... .......... .......... .......... 43%  425K 10s
100750K .......... .......... .......... .......... .......... 43% 56.0M 10s
100800K .......... .......... .......... .......... .......... 43% 66.1M 10s
100850K .......... .......... .......... .......... .......... 43% 71.2M 10s
100900K .......... .......... .......... .......... .......... 43% 88.4M 10s
100950K .......... .......... .......... .......... .......... 43%  130M 10s
101000K .......... .......... .......... .......... .......... 43% 90.9M 10s
101050K .......... .......... .......... .......... .......... 44%  148M 10s
101100K .......... .......... .......... .......... .......... 44% 61.6M 10s
101150K .......... .......... .......... .......... .......... 44% 49.6M 10s
101200K .......... .......... .......... .......... .......... 44% 92.4M 10s
101250K .......... .......... .......... .......... .......... 44% 55.0M 10s
101300K .......... .......... .......... .......... .......... 44%  200M 10s
101350K .......... .......... .......... .......... .......... 44% 49.4M 10s
101400K .......... .......... .......... .......... .......... 44% 98.2M 10s
101450K .......... .......... .......... .......... .......... 44% 50.9M 10s
101500K .......... .......... .......... .......... .......... 44% 69.8M 10s
101550K .......... .......... .......... .......... .......... 44% 68.0M 10s
101600K .......... .......... .......... .......... .......... 44% 98.6M 10s
101650K .......... .......... .......... .......... .......... 44% 87.0M 10s
101700K .......... .......... .......... .......... .......... 44% 65.3M 10s
101750K .......... .......... .......... .......... .......... 44% 56.8M 10s
101800K .......... .......... .......... .......... .......... 44%  165M 10s
101850K .......... .......... .......... .......... .......... 44% 68.6M 10s
101900K .......... .......... .......... .......... .......... 44% 74.6M 10s
101950K .......... .......... .......... .......... .......... 44% 55.3M 10s
102000K .......... .......... .......... .......... .......... 44% 68.2M 10s
102050K .......... .......... .......... .......... .......... 44%  114M 10s
102100K .......... .......... .......... .......... .......... 44% 80.8M 10s
102150K .......... .......... .......... .......... .......... 44% 58.6M 10s
102200K .......... .......... .......... .......... .......... 44% 51.2M 9s
102250K .......... .......... .......... .......... .......... 44% 90.7M 9s
102300K .......... .......... .......... .......... .......... 44% 50.7M 9s
102350K .......... .......... .......... .......... .......... 44%  133M 9s
102400K .......... .......... .......... .......... .......... 44% 80.0M 9s
102450K .......... .......... .......... .......... .......... 44% 71.7M 9s
102500K .......... .......... .......... .......... .......... 44% 56.7M 9s
102550K .......... .......... .......... .......... .......... 44%  163M 9s
102600K .......... .......... .......... .......... .......... 44% 67.3M 9s
102650K .......... .......... .......... .......... .......... 44% 60.6M 9s
102700K .......... .......... .......... .......... .......... 44% 62.7M 9s
102750K .......... .......... .......... .......... .......... 44%  424K 10s
102800K .......... .......... .......... .......... .......... 44% 59.6M 10s
102850K .......... .......... .......... .......... .......... 44% 98.9M 10s
102900K .......... .......... .......... .......... .......... 44% 88.4M 10s
102950K .......... .......... .......... .......... .......... 44% 64.1M 10s
103000K .......... .......... .......... .......... .......... 44% 81.4M 10s
103050K .......... .......... .......... .......... .......... 44% 69.7M 10s
103100K .......... .......... .......... .......... .......... 44%  101M 10s
103150K .......... .......... .......... .......... .......... 44% 68.3M 10s
103200K .......... .......... .......... .......... .......... 44% 65.8M 9s
103250K .......... .......... .......... .......... .......... 44% 65.2M 9s
103300K .......... .......... .......... .......... .......... 44% 78.4M 9s
103350K .......... .......... .......... .......... .......... 45% 81.6M 9s
103400K .......... .......... .......... .......... .......... 45% 67.6M 9s
103450K .......... .......... .......... .......... .......... 45% 98.2M 9s
103500K .......... .......... .......... .......... .......... 45% 52.5M 9s
103550K .......... .......... .......... .......... .......... 45% 80.5M 9s
103600K .......... .......... .......... .......... .......... 45% 75.5M 9s
103650K .......... .......... .......... .......... .......... 45%  128M 9s
103700K .......... .......... .......... .......... .......... 45% 49.7M 9s
103750K .......... .......... .......... .......... .......... 45% 80.3M 9s
103800K .......... .......... .......... .......... .......... 45% 38.9M 9s
103850K .......... .......... .......... .......... .......... 45%  115M 9s
103900K .......... .......... .......... .......... .......... 45% 53.9M 9s
103950K .......... .......... .......... .......... .......... 45%  111M 9s
104000K .......... .......... .......... .......... .......... 45% 83.2M 9s
104050K .......... .......... .......... .......... .......... 45%  121M 9s
104100K .......... .......... .......... .......... .......... 45%  118M 9s
104150K .......... .......... .......... .......... .......... 45% 65.3M 9s
104200K .......... .......... .......... .......... .......... 45% 65.2M 9s
104250K .......... .......... .......... .......... .......... 45% 50.4M 9s
104300K .......... .......... .......... .......... .......... 45% 60.1M 9s
104350K .......... .......... .......... .......... .......... 45% 91.6M 9s
104400K .......... .......... .......... .......... .......... 45% 93.9M 9s
104450K .......... .......... .......... .......... .......... 45% 81.4M 9s
104500K .......... .......... .......... .......... .......... 45% 67.4M 9s
104550K .......... .......... .......... .......... .......... 45% 61.0M 9s
104600K .......... .......... .......... .......... .......... 45% 87.1M 9s
104650K .......... .......... .......... .......... .......... 45%  107M 9s
104700K .......... .......... .......... .......... .......... 45% 67.3M 9s
104750K .......... .......... .......... .......... .......... 45% 66.3M 9s
104800K .......... .......... .......... .......... .......... 45%  425K 9s
104850K .......... .......... .......... .......... .......... 45% 53.8M 9s
104900K .......... .......... .......... .......... .......... 45% 67.6M 9s
104950K .......... .......... .......... .......... .......... 45% 65.0M 9s
105000K .......... .......... .......... .......... .......... 45% 79.0M 9s
105050K .......... .......... .......... .......... .......... 45% 73.8M 9s
105100K .......... .......... .......... .......... .......... 45% 67.2M 9s
105150K .......... .......... .......... .......... .......... 45% 59.0M 9s
105200K .......... .......... .......... .......... .......... 45%  275M 9s
105250K .......... .......... .......... .......... .......... 45%  137M 9s
105300K .......... .......... .......... .......... .......... 45% 62.6M 9s
105350K .......... .......... .......... .......... .......... 45%  164M 9s
105400K .......... .......... .......... .......... .......... 45% 61.7M 9s
105450K .......... .......... .......... .......... .......... 45% 72.1M 9s
105500K .......... .......... .......... .......... .......... 45% 69.8M 9s
105550K .......... .......... .......... .......... .......... 45% 46.6M 9s
105600K .......... .......... .......... .......... .......... 45% 68.8M 9s
105650K .......... .......... .......... .......... .......... 46%  189M 9s
105700K .......... .......... .......... .......... .......... 46% 54.6M 9s
105750K .......... .......... .......... .......... .......... 46% 82.0M 9s
105800K .......... .......... .......... .......... .......... 46% 58.1M 9s
105850K .......... .......... .......... .......... .......... 46%  209M 9s
105900K .......... .......... .......... .......... .......... 46% 67.3M 9s
105950K .......... .......... .......... .......... .......... 46% 56.3M 9s
106000K .......... .......... .......... .......... .......... 46% 70.7M 9s
106050K .......... .......... .......... .......... .......... 46% 62.1M 9s
106100K .......... .......... .......... .......... .......... 46%  107M 9s
106150K .......... .......... .......... .......... .......... 46% 77.2M 9s
106200K .......... .......... .......... .......... .......... 46% 68.1M 9s
106250K .......... .......... .......... .......... .......... 46% 59.4M 9s
106300K .......... .......... .......... .......... .......... 46% 54.9M 9s
106350K .......... .......... .......... .......... .......... 46% 74.0M 9s
106400K .......... .......... .......... .......... .......... 46%  102M 9s
106450K .......... .......... .......... .......... .......... 46% 82.3M 9s
106500K .......... .......... .......... .......... .......... 46% 62.3M 9s
106550K .......... .......... .......... .......... .......... 46% 60.8M 9s
106600K .......... .......... .......... .......... .......... 46%  171M 9s
106650K .......... .......... .......... .......... .......... 46% 66.6M 9s
106700K .......... .......... .......... .......... .......... 46% 65.6M 9s
106750K .......... .......... .......... .......... .......... 46% 65.7M 9s
106800K .......... .......... .......... .......... .......... 46% 34.3M 9s
106850K .......... .......... .......... .......... .......... 46%  427K 9s
106900K .......... .......... .......... .......... .......... 46% 63.7M 9s
106950K .......... .......... .......... .......... .......... 46% 80.9M 9s
107000K .......... .......... .......... .......... .......... 46% 95.2M 9s
107050K .......... .......... .......... .......... .......... 46%  102M 9s
107100K .......... .......... .......... .......... .......... 46% 72.2M 9s
107150K .......... .......... .......... .......... .......... 46% 51.5M 9s
107200K .......... .......... .......... .......... .......... 46%  204M 9s
107250K .......... .......... .......... .......... .......... 46% 62.5M 9s
107300K .......... .......... .......... .......... .......... 46% 68.5M 9s
107350K .......... .......... .......... .......... .......... 46% 55.9M 9s
107400K .......... .......... .......... .......... .......... 46%  143M 9s
107450K .......... .......... .......... .......... .......... 46% 64.2M 9s
107500K .......... .......... .......... .......... .......... 46% 68.0M 9s
107550K .......... .......... .......... .......... .......... 46% 70.4M 9s
107600K .......... .......... .......... .......... .......... 46% 50.7M 9s
107650K .......... .......... .......... .......... .......... 46% 73.6M 9s
107700K .......... .......... .......... .......... .......... 46%  131M 9s
107750K .......... .......... .......... .......... .......... 46% 66.8M 9s
107800K .......... .......... .......... .......... .......... 46% 69.0M 9s
107850K .......... .......... .......... .......... .......... 46% 55.8M 9s
107900K .......... .......... .......... .......... .......... 46%  211M 9s
107950K .......... .......... .......... .......... .......... 47% 53.7M 9s
108000K .......... .......... .......... .......... .......... 47% 75.9M 9s
108050K .......... .......... .......... .......... .......... 47% 57.9M 9s
108100K .......... .......... .......... .......... .......... 47%  104M 9s
108150K .......... .......... .......... .......... .......... 47%  126M 9s
108200K .......... .......... .......... .......... .......... 47% 60.5M 9s
108250K .......... .......... .......... .......... .......... 47% 70.1M 9s
108300K .......... .......... .......... .......... .......... 47% 51.7M 9s
108350K .......... .......... .......... .......... .......... 47% 54.7M 9s
108400K .......... .......... .......... .......... .......... 47% 70.2M 9s
108450K .......... .......... .......... .......... .......... 47%  129M 9s
108500K .......... .......... .......... .......... .......... 47% 90.9M 9s
108550K .......... .......... .......... .......... .......... 47% 58.0M 9s
108600K .......... .......... .......... .......... .......... 47% 70.7M 9s
108650K .......... .......... .......... .......... .......... 47%  114M 9s
108700K .......... .......... .......... .......... .......... 47% 84.7M 9s
108750K .......... .......... .......... .......... .......... 47% 58.3M 9s
108800K .......... .......... .......... .......... .......... 47% 62.6M 9s
108850K .......... .......... .......... .......... .......... 47% 53.9M 9s
108900K .......... .......... .......... .......... .......... 47%  425K 9s
108950K .......... .......... .......... .......... .......... 47% 73.4M 9s
109000K .......... .......... .......... .......... .......... 47%  104M 9s
109050K .......... .......... .......... .......... .......... 47% 93.0M 9s
109100K .......... .......... .......... .......... .......... 47% 99.1M 9s
109150K .......... .......... .......... .......... .......... 47% 47.6M 9s
109200K .......... .......... .......... .......... .......... 47% 90.7M 9s
109250K .......... .......... .......... .......... .......... 47% 88.0M 9s
109300K .......... .......... .......... .......... .......... 47%  101M 9s
109350K .......... .......... .......... .......... .......... 47% 57.5M 9s
109400K .......... .......... .......... .......... .......... 47% 87.9M 9s
109450K .......... .......... .......... .......... .......... 47% 75.9M 9s
109500K .......... .......... .......... .......... .......... 47% 82.0M 9s
109550K .......... .......... .......... .......... .......... 47% 63.8M 9s
109600K .......... .......... .......... .......... .......... 47% 92.0M 9s
109650K .......... .......... .......... .......... .......... 47% 45.0M 9s
109700K .......... .......... .......... .......... .......... 47%  104M 9s
109750K .......... .......... .......... .......... .......... 47% 87.8M 9s
109800K .......... .......... .......... .......... .......... 47% 81.4M 9s
109850K .......... .......... .......... .......... .......... 47% 69.7M 9s
109900K .......... .......... .......... .......... .......... 47%  133M 9s
109950K .......... .......... .......... .......... .......... 47% 52.1M 9s
110000K .......... .......... .......... .......... .......... 47% 67.9M 9s
110050K .......... .......... .......... .......... .......... 47% 56.2M 9s
110100K .......... .......... .......... .......... .......... 47% 81.1M 9s
110150K .......... .......... .......... .......... .......... 47%  124M 9s
110200K .......... .......... .......... .......... .......... 47% 72.9M 9s
110250K .......... .......... .......... .......... .......... 48% 57.5M 9s
110300K .......... .......... .......... .......... .......... 48% 63.8M 9s
110350K .......... .......... .......... .......... .......... 48% 78.6M 9s
110400K .......... .......... .......... .......... .......... 48% 42.2M 9s
110450K .......... .......... .......... .......... .......... 48% 71.2M 9s
110500K .......... .......... .......... .......... .......... 48%  231M 9s
110550K .......... .......... .......... .......... .......... 48% 69.3M 9s
110600K .......... .......... .......... .......... .......... 48% 64.8M 9s
110650K .......... .......... .......... .......... .......... 48%  117M 9s
110700K .......... .......... .......... .......... .......... 48% 85.1M 9s
110750K .......... .......... .......... .......... .......... 48% 59.5M 9s
110800K .......... .......... .......... .......... .......... 48% 55.3M 9s
110850K .......... .......... .......... .......... .......... 48% 55.8M 9s
110900K .......... .......... .......... .......... .......... 48%  121M 9s
110950K .......... .......... .......... .......... .......... 48%  424K 9s
111000K .......... .......... .......... .......... .......... 48% 77.6M 9s
111050K .......... .......... .......... .......... .......... 48% 90.8M 9s
111100K .......... .......... .......... .......... .......... 48% 77.0M 9s
111150K .......... .......... .......... .......... .......... 48% 82.9M 9s
111200K .......... .......... .......... .......... .......... 48% 56.5M 9s
111250K .......... .......... .......... .......... .......... 48% 85.3M 9s
111300K .......... .......... .......... .......... .......... 48% 88.9M 9s
111350K .......... .......... .......... .......... .......... 48% 61.6M 9s
111400K .......... .......... .......... .......... .......... 48% 89.3M 9s
111450K .......... .......... .......... .......... .......... 48%  110M 9s
111500K .......... .......... .......... .......... .......... 48% 87.5M 9s
111550K .......... .......... .......... .......... .......... 48% 56.9M 9s
111600K .......... .......... .......... .......... .......... 48% 69.6M 9s
111650K .......... .......... .......... .......... .......... 48% 72.6M 9s
111700K .......... .......... .......... .......... .......... 48% 45.9M 9s
111750K .......... .......... .......... .......... .......... 48% 95.6M 9s
111800K .......... .......... .......... .......... .......... 48% 59.2M 9s
111850K .......... .......... .......... .......... .......... 48% 73.7M 9s
111900K .......... .......... .......... .......... .......... 48%  102M 9s
111950K .......... .......... .......... .......... .......... 48% 65.6M 9s
112000K .......... .......... .......... .......... .......... 48%  131M 9s
112050K .......... .......... .......... .......... .......... 48% 55.3M 9s
112100K .......... .......... .......... .......... .......... 48% 75.5M 9s
112150K .......... .......... .......... .......... .......... 48% 60.3M 9s
112200K .......... .......... .......... .......... .......... 48%  218M 9s
112250K .......... .......... .......... .......... .......... 48% 67.3M 9s
112300K .......... .......... .......... .......... .......... 48% 61.8M 9s
112350K .......... .......... .......... .......... .......... 48% 60.8M 9s
112400K .......... .......... .......... .......... .......... 48% 73.3M 9s
112450K .......... .......... .......... .......... .......... 48% 45.4M 9s
112500K .......... .......... .......... .......... .......... 48%  152M 9s
112550K .......... .......... .......... .......... .......... 49% 77.3M 9s
112600K .......... .......... .......... .......... .......... 49% 64.3M 9s
112650K .......... .......... .......... .......... .......... 49% 64.9M 9s
112700K .......... .......... .......... .......... .......... 49%  123M 9s
112750K .......... .......... .......... .......... .......... 49% 68.9M 9s
112800K .......... .......... .......... .......... .......... 49% 63.7M 9s
112850K .......... .......... .......... .......... .......... 49% 79.1M 9s
112900K .......... .......... .......... .......... .......... 49% 63.7M 9s
112950K .......... .......... .......... .......... .......... 49%  114M 9s
113000K .......... .......... .......... .......... .......... 49% 62.7M 9s
113050K .......... .......... .......... .......... .......... 49%  424K 9s
113100K .......... .......... .......... .......... .......... 49% 48.0M 9s
113150K .......... .......... .......... .......... .......... 49% 80.4M 9s
113200K .......... .......... .......... .......... .......... 49%  114M 9s
113250K .......... .......... .......... .......... .......... 49%  119M 9s
113300K .......... .......... .......... .......... .......... 49% 68.5M 9s
113350K .......... .......... .......... .......... .......... 49% 54.1M 9s
113400K .......... .......... .......... .......... .......... 49% 77.8M 9s
113450K .......... .......... .......... .......... .......... 49%  115M 9s
113500K .......... .......... .......... .......... .......... 49% 65.0M 9s
113550K .......... .......... .......... .......... .......... 49% 65.5M 9s
113600K .......... .......... .......... .......... .......... 49% 70.7M 9s
113650K .......... .......... .......... .......... .......... 49% 68.7M 9s
113700K .......... .......... .......... .......... .......... 49%  113M 9s
113750K .......... .......... .......... .......... .......... 49% 41.4M 9s
113800K .......... .......... .......... .......... .......... 49%  114M 9s
113850K .......... .......... .......... .......... .......... 49% 69.4M 9s
113900K .......... .......... .......... .......... .......... 49% 98.3M 9s
113950K .......... .......... .......... .......... .......... 49% 46.0M 9s
114000K .......... .......... .......... .......... .......... 49%  186M 9s
114050K .......... .......... .......... .......... .......... 49% 75.2M 9s
114100K .......... .......... .......... .......... .......... 49% 67.8M 9s
114150K .......... .......... .......... .......... .......... 49% 57.1M 9s
114200K .......... .......... .......... .......... .......... 49%  182M 9s
114250K .......... .......... .......... .......... .......... 49% 62.6M 9s
114300K .......... .......... .......... .......... .......... 49% 63.9M 9s
114350K .......... .......... .......... .......... .......... 49% 69.0M 9s
114400K .......... .......... .......... .......... .......... 49% 60.5M 9s
114450K .......... .......... .......... .......... .......... 49%  125M 9s
114500K .......... .......... .......... .......... .......... 49% 37.5M 9s
114550K .......... .......... .......... .......... .......... 49%  133M 9s
114600K .......... .......... .......... .......... .......... 49% 84.4M 9s
114650K .......... .......... .......... .......... .......... 49% 74.8M 9s
114700K .......... .......... .......... .......... .......... 49% 50.7M 9s
114750K .......... .......... .......... .......... .......... 49%  143M 8s
114800K .......... .......... .......... .......... .......... 49% 73.2M 8s
114850K .......... .......... .......... .......... .......... 50% 58.7M 8s
114900K .......... .......... .......... .......... .......... 50% 57.3M 8s
114950K .......... .......... .......... .......... .......... 50%  126M 8s
115000K .......... .......... .......... .......... .......... 50% 80.4M 8s
115050K .......... .......... .......... .......... .......... 50% 64.4M 8s
115100K .......... .......... .......... .......... .......... 50%  425K 9s
115150K .......... .......... .......... .......... .......... 50% 59.1M 9s
115200K .......... .......... .......... .......... .......... 50%  102M 9s
115250K .......... .......... .......... .......... .......... 50% 55.5M 9s
115300K .......... .......... .......... .......... .......... 50% 85.7M 9s
115350K .......... .......... .......... .......... .......... 50% 69.2M 9s
115400K .......... .......... .......... .......... .......... 50% 74.1M 9s
115450K .......... .......... .......... .......... .......... 50% 92.2M 9s
115500K .......... .......... .......... .......... .......... 50% 97.6M 9s
115550K .......... .......... .......... .......... .......... 50% 54.5M 9s
115600K .......... .......... .......... .......... .......... 50% 52.2M 9s
115650K .......... .......... .......... .......... .......... 50% 61.7M 8s
115700K .......... .......... .......... .......... .......... 50%  103M 8s
115750K .......... .......... .......... .......... .......... 50%  209M 8s
115800K .......... .......... .......... .......... .......... 50% 40.9M 8s
115850K .......... .......... .......... .......... .......... 50%  153M 8s
115900K .......... .......... .......... .......... .......... 50% 74.5M 8s
115950K .......... .......... .......... .......... .......... 50% 52.3M 8s
116000K .......... .......... .......... .......... .......... 50% 75.3M 8s
116050K .......... .......... .......... .......... .......... 50%  131M 8s
116100K .......... .......... .......... .......... .......... 50% 77.2M 8s
116150K .......... .......... .......... .......... .......... 50% 60.0M 8s
116200K .......... .......... .......... .......... .......... 50% 58.7M 8s
116250K .......... .......... .......... .......... .......... 50% 89.8M 8s
116300K .......... .......... .......... .......... .......... 50%  107M 8s
116350K .......... .......... .......... .......... .......... 50% 56.4M 8s
116400K .......... .......... .......... .......... .......... 50% 74.2M 8s
116450K .......... .......... .......... .......... .......... 50% 60.6M 8s
116500K .......... .......... .......... .......... .......... 50%  168M 8s
116550K .......... .......... .......... .......... .......... 50% 32.0M 8s
116600K .......... .......... .......... .......... .......... 50%  148M 8s
116650K .......... .......... .......... .......... .......... 50% 77.3M 8s
116700K .......... .......... .......... .......... .......... 50% 95.1M 8s
116750K .......... .......... .......... .......... .......... 50% 57.7M 8s
116800K .......... .......... .......... .......... .......... 50%  122M 8s
116850K .......... .......... .......... .......... .......... 50% 62.9M 8s
116900K .......... .......... .......... .......... .......... 50% 65.5M 8s
116950K .......... .......... .......... .......... .......... 50% 79.8M 8s
117000K .......... .......... .......... .......... .......... 50% 99.2M 8s
117050K .......... .......... .......... .......... .......... 50% 69.1M 8s
117100K .......... .......... .......... .......... .......... 50% 77.5M 8s
117150K .......... .......... .......... .......... .......... 51%  424K 8s
117200K .......... .......... .......... .......... .......... 51% 65.2M 8s
117250K .......... .......... .......... .......... .......... 51% 93.8M 8s
117300K .......... .......... .......... .......... .......... 51% 92.8M 8s
117350K .......... .......... .......... .......... .......... 51% 71.3M 8s
117400K .......... .......... .......... .......... .......... 51%  103M 8s
117450K .......... .......... .......... .......... .......... 51% 59.4M 8s
117500K .......... .......... .......... .......... .......... 51% 91.0M 8s
117550K .......... .......... .......... .......... .......... 51% 77.0M 8s
117600K .......... .......... .......... .......... .......... 51% 88.2M 8s
117650K .......... .......... .......... .......... .......... 51% 67.1M 8s
117700K .......... .......... .......... .......... .......... 51% 57.3M 8s
117750K .......... .......... .......... .......... .......... 51%  183M 8s
117800K .......... .......... .......... .......... .......... 51% 68.0M 8s
117850K .......... .......... .......... .......... .......... 51% 67.9M 8s
117900K .......... .......... .......... .......... .......... 51% 43.5M 8s
117950K .......... .......... .......... .......... .......... 51% 73.2M 8s
118000K .......... .......... .......... .......... .......... 51% 81.2M 8s
118050K .......... .......... .......... .......... .......... 51%  128M 8s
118100K .......... .......... .......... .......... .......... 51% 67.9M 8s
118150K .......... .......... .......... .......... .......... 51% 72.7M 8s
118200K .......... .......... .......... .......... .......... 51% 54.1M 8s
118250K .......... .......... .......... .......... .......... 51%  177M 8s
118300K .......... .......... .......... .......... .......... 51% 65.2M 8s
118350K .......... .......... .......... .......... .......... 51% 61.9M 8s
118400K .......... .......... .......... .......... .......... 51% 72.3M 8s
118450K .......... .......... .......... .......... .......... 51% 62.8M 8s
118500K .......... .......... .......... .......... .......... 51%  123M 8s
118550K .......... .......... .......... .......... .......... 51% 69.8M 8s
118600K .......... .......... .......... .......... .......... 51% 71.0M 8s
118650K .......... .......... .......... .......... .......... 51% 47.9M 8s
118700K .......... .......... .......... .......... .......... 51% 73.2M 8s
118750K .......... .......... .......... .......... .......... 51% 58.0M 8s
118800K .......... .......... .......... .......... .......... 51%  127M 8s
118850K .......... .......... .......... .......... .......... 51% 71.5M 8s
118900K .......... .......... .......... .......... .......... 51% 63.6M 8s
118950K .......... .......... .......... .......... .......... 51% 77.4M 8s
119000K .......... .......... .......... .......... .......... 51%  124M 8s
119050K .......... .......... .......... .......... .......... 51% 65.8M 8s
119100K .......... .......... .......... .......... .......... 51% 63.1M 8s
119150K .......... .......... .......... .......... .......... 51% 55.6M 8s
119200K .......... .......... .......... .......... .......... 51%  425K 8s
119250K .......... .......... .......... .......... .......... 51% 67.0M 8s
119300K .......... .......... .......... .......... .......... 51% 65.6M 8s
119350K .......... .......... .......... .......... .......... 51%  123M 8s
119400K .......... .......... .......... .......... .......... 51% 78.4M 8s
119450K .......... .......... .......... .......... .......... 52% 65.5M 8s
119500K .......... .......... .......... .......... .......... 52% 60.7M 8s
119550K .......... .......... .......... .......... .......... 52% 58.5M 8s
119600K .......... .......... .......... .......... .......... 52%  199M 8s
119650K .......... .......... .......... .......... .......... 52% 68.9M 8s
119700K .......... .......... .......... .......... .......... 52% 66.6M 8s
119750K .......... .......... .......... .......... .......... 52% 55.8M 8s
119800K .......... .......... .......... .......... .......... 52%  119M 8s
119850K .......... .......... .......... .......... .......... 52% 86.6M 8s
119900K .......... .......... .......... .......... .......... 52% 60.8M 8s
119950K .......... .......... .......... .......... .......... 52% 42.7M 8s
120000K .......... .......... .......... .......... .......... 52% 89.5M 8s
120050K .......... .......... .......... .......... .......... 52% 85.7M 8s
120100K .......... .......... .......... .......... .......... 52%  106M 8s
120150K .......... .......... .......... .......... .......... 52% 69.6M 8s
120200K .......... .......... .......... .......... .......... 52% 68.1M 8s
120250K .......... .......... .......... .......... .......... 52% 44.9M 8s
120300K .......... .......... .......... .......... .......... 52%  116M 8s
120350K .......... .......... .......... .......... .......... 52% 54.7M 8s
120400K .......... .......... .......... .......... .......... 52%  108M 8s
120450K .......... .......... .......... .......... .......... 52% 79.8M 8s
120500K .......... .......... .......... .......... .......... 52% 66.3M 8s
120550K .......... .......... .......... .......... .......... 52%  203M 8s
120600K .......... .......... .......... .......... .......... 52% 61.6M 8s
120650K .......... .......... .......... .......... .......... 52% 77.4M 8s
120700K .......... .......... .......... .......... .......... 52% 48.7M 8s
120750K .......... .......... .......... .......... .......... 52% 46.9M 8s
120800K .......... .......... .......... .......... .......... 52%  101M 8s
120850K .......... .......... .......... .......... .......... 52%  103M 8s
120900K .......... .......... .......... .......... .......... 52% 92.7M 8s
120950K .......... .......... .......... .......... .......... 52% 62.7M 8s
121000K .......... .......... .......... .......... .......... 52% 74.8M 8s
121050K .......... .......... .......... .......... .......... 52%  128M 8s
121100K .......... .......... .......... .......... .......... 52% 55.8M 8s
121150K .......... .......... .......... .......... .......... 52% 58.8M 8s
121200K .......... .......... .......... .......... .......... 52% 73.3M 8s
121250K .......... .......... .......... .......... .......... 52%  425K 8s
121300K .......... .......... .......... .......... .......... 52% 79.9M 8s
121350K .......... .......... .......... .......... .......... 52% 82.0M 8s
121400K .......... .......... .......... .......... .......... 52% 97.5M 8s
121450K .......... .......... .......... .......... .......... 52% 59.3M 8s
121500K .......... .......... .......... .......... .......... 52% 71.2M 8s
121550K .......... .......... .......... .......... .......... 52% 55.4M 8s
121600K .......... .......... .......... .......... .......... 52% 89.7M 8s
121650K .......... .......... .......... .......... .......... 52% 91.2M 8s
121700K .......... .......... .......... .......... .......... 52%  100M 8s
121750K .......... .......... .......... .......... .......... 53% 52.4M 8s
121800K .......... .......... .......... .......... .......... 53% 88.4M 8s
121850K .......... .......... .......... .......... .......... 53% 70.5M 8s
121900K .......... .......... .......... .......... .......... 53%  112M 8s
121950K .......... .......... .......... .......... .......... 53% 52.1M 8s
122000K .......... .......... .......... .......... .......... 53% 54.1M 8s
122050K .......... .......... .......... .......... .......... 53% 91.1M 8s
122100K .......... .......... .......... .......... .......... 53%  130M 8s
122150K .......... .......... .......... .......... .......... 53% 60.5M 8s
122200K .......... .......... .......... .......... .......... 53% 61.5M 8s
122250K .......... .......... .......... .......... .......... 53% 66.8M 8s
122300K .......... .......... .......... .......... .......... 53% 96.0M 8s
122350K .......... .......... .......... .......... .......... 53% 92.0M 8s
122400K .......... .......... .......... .......... .......... 53% 74.6M 8s
122450K .......... .......... .......... .......... .......... 53% 65.7M 8s
122500K .......... .......... .......... .......... .......... 53% 47.3M 8s
122550K .......... .......... .......... .......... .......... 53%  152M 8s
122600K .......... .......... .......... .......... .......... 53% 82.5M 8s
122650K .......... .......... .......... .......... .......... 53% 77.0M 8s
122700K .......... .......... .......... .......... .......... 53% 60.2M 8s
122750K .......... .......... .......... .......... .......... 53% 47.8M 8s
122800K .......... .......... .......... .......... .......... 53% 90.0M 8s
122850K .......... .......... .......... .......... .......... 53% 98.5M 8s
122900K .......... .......... .......... .......... .......... 53% 52.2M 8s
122950K .......... .......... .......... .......... .......... 53% 83.5M 8s
123000K .......... .......... .......... .......... .......... 53% 58.0M 8s
123050K .......... .......... .......... .......... .......... 53%  185M 8s
123100K .......... .......... .......... .......... .......... 53% 48.3M 8s
123150K .......... .......... .......... .......... .......... 53% 88.9M 8s
123200K .......... .......... .......... .......... .......... 53% 67.8M 8s
123250K .......... .......... .......... .......... .......... 53%  106M 8s
123300K .......... .......... .......... .......... .......... 53%  424K 8s
123350K .......... .......... .......... .......... .......... 53% 68.3M 8s
123400K .......... .......... .......... .......... .......... 53% 91.1M 8s
123450K .......... .......... .......... .......... .......... 53% 67.4M 8s
123500K .......... .......... .......... .......... .......... 53% 61.2M 8s
123550K .......... .......... .......... .......... .......... 53% 72.3M 8s
123600K .......... .......... .......... .......... .......... 53% 78.1M 8s
123650K .......... .......... .......... .......... .......... 53%  102M 8s
123700K .......... .......... .......... .......... .......... 53%  116M 8s
123750K .......... .......... .......... .......... .......... 53% 56.8M 8s
123800K .......... .......... .......... .......... .......... 53% 72.8M 8s
123850K .......... .......... .......... .......... .......... 53%  222M 8s
123900K .......... .......... .......... .......... .......... 53% 54.2M 8s
123950K .......... .......... .......... .......... .......... 53% 60.2M 8s
124000K .......... .......... .......... .......... .......... 53% 61.6M 8s
124050K .......... .......... .......... .......... .......... 54% 57.5M 8s
124100K .......... .......... .......... .......... .......... 54% 87.6M 8s
124150K .......... .......... .......... .......... .......... 54%  116M 8s
124200K .......... .......... .......... .......... .......... 54% 57.1M 8s
124250K .......... .......... .......... .......... .......... 54% 94.2M 8s
124300K .......... .......... .......... .......... .......... 54% 67.1M 8s
124350K .......... .......... .......... .......... .......... 54% 60.3M 8s
124400K .......... .......... .......... .......... .......... 54% 95.8M 8s
124450K .......... .......... .......... .......... .......... 54% 62.9M 8s
124500K .......... .......... .......... .......... .......... 54% 88.8M 8s
124550K .......... .......... .......... .......... .......... 54% 55.9M 8s
124600K .......... .......... .......... .......... .......... 54%  188M 8s
124650K .......... .......... .......... .......... .......... 54% 59.2M 8s
124700K .......... .......... .......... .......... .......... 54% 83.7M 8s
124750K .......... .......... .......... .......... .......... 54% 57.8M 8s
124800K .......... .......... .......... .......... .......... 54% 49.3M 8s
124850K .......... .......... .......... .......... .......... 54% 86.4M 8s
124900K .......... .......... .......... .......... .......... 54%  139M 8s
124950K .......... .......... .......... .......... .......... 54% 62.6M 8s
125000K .......... .......... .......... .......... .......... 54% 53.2M 8s
125050K .......... .......... .......... .......... .......... 54% 97.0M 8s
125100K .......... .......... .......... .......... .......... 54% 92.8M 8s
125150K .......... .......... .......... .......... .......... 54% 60.9M 8s
125200K .......... .......... .......... .......... .......... 54% 77.2M 8s
125250K .......... .......... .......... .......... .......... 54% 70.4M 8s
125300K .......... .......... .......... .......... .......... 54% 68.2M 8s
125350K .......... .......... .......... .......... .......... 54%  424K 8s
125400K .......... .......... .......... .......... .......... 54% 56.2M 8s
125450K .......... .......... .......... .......... .......... 54%  107M 8s
125500K .......... .......... .......... .......... .......... 54%  106M 8s
125550K .......... .......... .......... .......... .......... 54% 54.3M 8s
125600K .......... .......... .......... .......... .......... 54% 71.6M 8s
125650K .......... .......... .......... .......... .......... 54%  117M 8s
125700K .......... .......... .......... .......... .......... 54% 60.1M 8s
125750K .......... .......... .......... .......... .......... 54% 74.1M 8s
125800K .......... .......... .......... .......... .......... 54% 63.7M 8s
125850K .......... .......... .......... .......... .......... 54%  122M 8s
125900K .......... .......... .......... .......... .......... 54% 60.2M 8s
125950K .......... .......... .......... .......... .......... 54% 76.8M 8s
126000K .......... .......... .......... .......... .......... 54% 63.3M 8s
126050K .......... .......... .......... .......... .......... 54% 66.0M 8s
126100K .......... .......... .......... .......... .......... 54% 46.9M 8s
126150K .......... .......... .......... .......... .......... 54%  127M 8s
126200K .......... .......... .......... .......... .......... 54% 78.0M 8s
126250K .......... .......... .......... .......... .......... 54% 88.5M 8s
126300K .......... .......... .......... .......... .......... 54% 33.9M 8s
126350K .......... .......... .......... .......... .......... 55%  131M 8s
126400K .......... .......... .......... .......... .......... 55%  114M 8s
126450K .......... .......... .......... .......... .......... 55% 84.9M 8s
126500K .......... .......... .......... .......... .......... 55% 71.2M 8s
126550K .......... .......... .......... .......... .......... 55% 65.4M 8s
126600K .......... .......... .......... .......... .......... 55%  137M 8s
126650K .......... .......... .......... .......... .......... 55% 80.4M 8s
126700K .......... .......... .......... .......... .......... 55% 62.2M 8s
126750K .......... .......... .......... .......... .......... 55% 66.5M 8s
126800K .......... .......... .......... .......... .......... 55% 69.9M 8s
126850K .......... .......... .......... .......... .......... 55% 46.4M 8s
126900K .......... .......... .......... .......... .......... 55%  113M 8s
126950K .......... .......... .......... .......... .......... 55% 96.3M 8s
127000K .......... .......... .......... .......... .......... 55% 72.0M 8s
127050K .......... .......... .......... .......... .......... 55% 54.7M 8s
127100K .......... .......... .......... .......... .......... 55% 72.8M 8s
127150K .......... .......... .......... .......... .......... 55%  115M 8s
127200K .......... .......... .......... .......... .......... 55% 66.6M 8s
127250K .......... .......... .......... .......... .......... 55% 67.6M 8s
127300K .......... .......... .......... .......... .......... 55% 57.7M 8s
127350K .......... .......... .......... .......... .......... 55%  128M 8s
127400K .......... .......... .......... .......... .......... 55%  423K 8s
127450K .......... .......... .......... .......... .......... 55% 55.7M 8s
127500K .......... .......... .......... .......... .......... 55% 67.1M 8s
127550K .......... .......... .......... .......... .......... 55% 59.3M 8s
127600K .......... .......... .......... .......... .......... 55% 84.2M 8s
127650K .......... .......... .......... .......... .......... 55% 63.5M 8s
127700K .......... .......... .......... .......... .......... 55% 72.7M 8s
127750K .......... .......... .......... .......... .......... 55% 61.3M 8s
127800K .......... .......... .......... .......... .......... 55% 79.4M 8s
127850K .......... .......... .......... .......... .......... 55% 78.7M 8s
127900K .......... .......... .......... .......... .......... 55%  121M 8s
127950K .......... .......... .......... .......... .......... 55%  223M 8s
128000K .......... .......... .......... .......... .......... 55%  132M 8s
128050K .......... .......... .......... .......... .......... 55% 66.4M 8s
128100K .......... .......... .......... .......... .......... 55% 70.0M 8s
128150K .......... .......... .......... .......... .......... 55% 49.9M 8s
128200K .......... .......... .......... .......... .......... 55% 73.6M 8s
128250K .......... .......... .......... .......... .......... 55% 75.9M 8s
128300K .......... .......... .......... .......... .......... 55% 78.8M 7s
128350K .......... .......... .......... .......... .......... 55% 54.4M 7s
128400K .......... .......... .......... .......... .......... 55% 79.1M 7s
128450K .......... .......... .......... .......... .......... 55% 91.3M 7s
128500K .......... .......... .......... .......... .......... 55% 72.7M 7s
128550K .......... .......... .......... .......... .......... 55% 84.0M 7s
128600K .......... .......... .......... .......... .......... 56% 62.3M 7s
128650K .......... .......... .......... .......... .......... 56% 83.8M 7s
128700K .......... .......... .......... .......... .......... 56%  156M 7s
128750K .......... .......... .......... .......... .......... 56% 60.2M 7s
128800K .......... .......... .......... .......... .......... 56% 71.0M 7s
128850K .......... .......... .......... .......... .......... 56% 58.3M 7s
128900K .......... .......... .......... .......... .......... 56% 51.2M 7s
128950K .......... .......... .......... .......... .......... 56%  101M 7s
129000K .......... .......... .......... .......... .......... 56%  106M 7s
129050K .......... .......... .......... .......... .......... 56% 54.0M 7s
129100K .......... .......... .......... .......... .......... 56% 63.1M 7s
129150K .......... .......... .......... .......... .......... 56% 60.3M 7s
129200K .......... .......... .......... .......... .......... 56%  170M 7s
129250K .......... .......... .......... .......... .......... 56% 74.3M 7s
129300K .......... .......... .......... .......... .......... 56% 72.4M 7s
129350K .......... .......... .......... .......... .......... 56% 65.4M 7s
129400K .......... .......... .......... .......... .......... 56%  129M 7s
129450K .......... .......... .......... .......... .......... 56% 67.7M 7s
129500K .......... .......... .......... .......... .......... 56%  424K 7s
129550K .......... .......... .......... .......... .......... 56% 59.9M 7s
129600K .......... .......... .......... .......... .......... 56% 98.4M 7s
129650K .......... .......... .......... .......... .......... 56% 69.2M 7s
129700K .......... .......... .......... .......... .......... 56% 96.0M 7s
129750K .......... .......... .......... .......... .......... 56% 70.2M 7s
129800K .......... .......... .......... .......... .......... 56% 80.8M 7s
129850K .......... .......... .......... .......... .......... 56% 61.5M 7s
129900K .......... .......... .......... .......... .......... 56% 50.8M 7s
129950K .......... .......... .......... .......... .......... 56%  102M 7s
130000K .......... .......... .......... .......... .......... 56%  108M 7s
130050K .......... .......... .......... .......... .......... 56% 45.4M 7s
130100K .......... .......... .......... .......... .......... 56%  114M 7s
130150K .......... .......... .......... .......... .......... 56%  105M 7s
130200K .......... .......... .......... .......... .......... 56% 37.4M 7s
130250K .......... .......... .......... .......... .......... 56%  172M 7s
130300K .......... .......... .......... .......... .......... 56% 80.0M 7s
130350K .......... .......... .......... .......... .......... 56% 68.3M 7s
130400K .......... .......... .......... .......... .......... 56% 61.7M 7s
130450K .......... .......... .......... .......... .......... 56%  203M 7s
130500K .......... .......... .......... .......... .......... 56% 70.6M 7s
130550K .......... .......... .......... .......... .......... 56% 59.0M 7s
130600K .......... .......... .......... .......... .......... 56% 54.8M 7s
130650K .......... .......... .......... .......... .......... 56%  183M 7s
130700K .......... .......... .......... .......... .......... 56% 56.4M 7s
130750K .......... .......... .......... .......... .......... 56% 80.8M 7s
130800K .......... .......... .......... .......... .......... 56% 71.9M 7s
130850K .......... .......... .......... .......... .......... 56% 57.1M 7s
130900K .......... .......... .......... .......... .......... 57%  210M 7s
130950K .......... .......... .......... .......... .......... 57% 32.1M 7s
131000K .......... .......... .......... .......... .......... 57%  247M 7s
131050K .......... .......... .......... .......... .......... 57% 56.7M 7s
131100K .......... .......... .......... .......... .......... 57% 80.2M 7s
131150K .......... .......... .......... .......... .......... 57% 58.4M 7s
131200K .......... .......... .......... .......... .......... 57%  190M 7s
131250K .......... .......... .......... .......... .......... 57% 72.6M 7s
131300K .......... .......... .......... .......... .......... 57% 61.6M 7s
131350K .......... .......... .......... .......... .......... 57% 70.8M 7s
131400K .......... .......... .......... .......... .......... 57%  104M 7s
131450K .......... .......... .......... .......... .......... 57% 58.7M 7s
131500K .......... .......... .......... .......... .......... 57% 84.7M 7s
131550K .......... .......... .......... .......... .......... 57%  422K 7s
131600K .......... .......... .......... .......... .......... 57% 86.3M 7s
131650K .......... .......... .......... .......... .......... 57%  100M 7s
131700K .......... .......... .......... .......... .......... 57% 80.3M 7s
131750K .......... .......... .......... .......... .......... 57% 79.4M 7s
131800K .......... .......... .......... .......... .......... 57% 58.2M 7s
131850K .......... .......... .......... .......... .......... 57%  102M 7s
131900K .......... .......... .......... .......... .......... 57% 68.6M 7s
131950K .......... .......... .......... .......... .......... 57% 59.9M 7s
132000K .......... .......... .......... .......... .......... 57% 92.7M 7s
132050K .......... .......... .......... .......... .......... 57% 81.8M 7s
132100K .......... .......... .......... .......... .......... 57% 68.0M 7s
132150K .......... .......... .......... .......... .......... 57% 82.4M 7s
132200K .......... .......... .......... .......... .......... 57% 93.3M 7s
132250K .......... .......... .......... .......... .......... 57% 41.4M 7s
132300K .......... .......... .......... .......... .......... 57%  198M 7s
132350K .......... .......... .......... .......... .......... 57% 69.5M 7s
132400K .......... .......... .......... .......... .......... 57% 61.6M 7s
132450K .......... .......... .......... .......... .......... 57% 62.7M 7s
132500K .......... .......... .......... .......... .......... 57%  145M 7s
132550K .......... .......... .......... .......... .......... 57% 59.7M 7s
132600K .......... .......... .......... .......... .......... 57% 91.1M 7s
132650K .......... .......... .......... .......... .......... 57% 48.2M 7s
132700K .......... .......... .......... .......... .......... 57% 87.2M 7s
132750K .......... .......... .......... .......... .......... 57% 40.3M 7s
132800K .......... .......... .......... .......... .......... 57%  169M 7s
132850K .......... .......... .......... .......... .......... 57%  125M 7s
132900K .......... .......... .......... .......... .......... 57% 60.0M 7s
132950K .......... .......... .......... .......... .......... 57%  131M 7s
133000K .......... .......... .......... .......... .......... 57% 37.3M 7s
133050K .......... .......... .......... .......... .......... 57%  148M 7s
133100K .......... .......... .......... .......... .......... 57% 71.2M 7s
133150K .......... .......... .......... .......... .......... 57% 59.0M 7s
133200K .......... .......... .......... .......... .......... 58% 86.1M 7s
133250K .......... .......... .......... .......... .......... 58%  133M 7s
133300K .......... .......... .......... .......... .......... 58% 67.5M 7s
133350K .......... .......... .......... .......... .......... 58% 55.9M 7s
133400K .......... .......... .......... .......... .......... 58% 76.7M 7s
133450K .......... .......... .......... .......... .......... 58% 96.4M 7s
133500K .......... .......... .......... .......... .......... 58% 70.0M 7s
133550K .......... .......... .......... .......... .......... 58% 73.4M 7s
133600K .......... .......... .......... .......... .......... 58%  425K 7s
133650K .......... .......... .......... .......... .......... 58% 48.5M 7s
133700K .......... .......... .......... .......... .......... 58% 94.4M 7s
133750K .......... .......... .......... .......... .......... 58% 83.0M 7s
133800K .......... .......... .......... .......... .......... 58% 72.3M 7s
133850K .......... .......... .......... .......... .......... 58% 90.2M 7s
133900K .......... .......... .......... .......... .......... 58% 60.2M 7s
133950K .......... .......... .......... .......... .......... 58% 52.0M 7s
134000K .......... .......... .......... .......... .......... 58% 91.8M 7s
134050K .......... .......... .......... .......... .......... 58%  104M 7s
134100K .......... .......... .......... .......... .......... 58%  112M 7s
134150K .......... .......... .......... .......... .......... 58% 71.4M 7s
134200K .......... .......... .......... .......... .......... 58% 92.5M 7s
134250K .......... .......... .......... .......... .......... 58% 82.4M 7s
134300K .......... .......... .......... .......... .......... 58% 67.1M 7s
134350K .......... .......... .......... .......... .......... 58% 47.6M 7s
134400K .......... .......... .......... .......... .......... 58% 70.9M 7s
134450K .......... .......... .......... .......... .......... 58% 69.9M 7s
134500K .......... .......... .......... .......... .......... 58%  126M 7s
134550K .......... .......... .......... .......... .......... 58% 63.9M 7s
134600K .......... .......... .......... .......... .......... 58% 70.2M 7s
134650K .......... .......... .......... .......... .......... 58% 62.0M 7s
134700K .......... .......... .......... .......... .......... 58% 68.9M 7s
134750K .......... .......... .......... .......... .......... 58%  123M 7s
134800K .......... .......... .......... .......... .......... 58% 69.7M 7s
134850K .......... .......... .......... .......... .......... 58% 63.0M 7s
134900K .......... .......... .......... .......... .......... 58% 60.5M 7s
134950K .......... .......... .......... .......... .......... 58%  137M 7s
135000K .......... .......... .......... .......... .......... 58% 59.8M 7s
135050K .......... .......... .......... .......... .......... 58% 75.4M 7s
135100K .......... .......... .......... .......... .......... 58% 53.1M 7s
135150K .......... .......... .......... .......... .......... 58% 71.6M 7s
135200K .......... .......... .......... .......... .......... 58% 64.8M 7s
135250K .......... .......... .......... .......... .......... 58%  117M 7s
135300K .......... .......... .......... .......... .......... 58% 72.5M 7s
135350K .......... .......... .......... .......... .......... 58% 67.9M 7s
135400K .......... .......... .......... .......... .......... 58% 53.6M 7s
135450K .......... .......... .......... .......... .......... 58%  132M 7s
135500K .......... .......... .......... .......... .......... 59% 72.9M 7s
135550K .......... .......... .......... .......... .......... 59% 74.7M 7s
135600K .......... .......... .......... .......... .......... 59% 64.7M 7s
135650K .......... .......... .......... .......... .......... 59%  422K 7s
135700K .......... .......... .......... .......... .......... 59% 80.3M 7s
135750K .......... .......... .......... .......... .......... 59% 89.2M 7s
135800K .......... .......... .......... .......... .......... 59% 97.5M 7s
135850K .......... .......... .......... .......... .......... 59% 91.6M 7s
135900K .......... .......... .......... .......... .......... 59% 49.2M 7s
135950K .......... .......... .......... .......... .......... 59% 76.2M 7s
136000K .......... .......... .......... .......... .......... 59%  100M 7s
136050K .......... .......... .......... .......... .......... 59% 42.4M 7s
136100K .......... .......... .......... .......... .......... 59%  115M 7s
136150K .......... .......... .......... .......... .......... 59% 47.6M 7s
136200K .......... .......... .......... .......... .......... 59% 94.2M 7s
136250K .......... .......... .......... .......... .......... 59%  116M 7s
136300K .......... .......... .......... .......... .......... 59% 89.9M 7s
136350K .......... .......... .......... .......... .......... 59% 45.5M 7s
136400K .......... .......... .......... .......... .......... 59%  157M 7s
136450K .......... .......... .......... .......... .......... 59% 65.2M 7s
136500K .......... .......... .......... .......... .......... 59% 87.4M 7s
136550K .......... .......... .......... .......... .......... 59% 89.7M 7s
136600K .......... .......... .......... .......... .......... 59% 67.1M 7s
136650K .......... .......... .......... .......... .......... 59% 77.4M 7s
136700K .......... .......... .......... .......... .......... 59% 66.7M 7s
136750K .......... .......... .......... .......... .......... 59% 62.4M 7s
136800K .......... .......... .......... .......... .......... 59%  124M 7s
136850K .......... .......... .......... .......... .......... 59% 68.7M 7s
136900K .......... .......... .......... .......... .......... 59% 36.4M 7s
136950K .......... .......... .......... .......... .......... 59%  102M 7s
137000K .......... .......... .......... .......... .......... 59%  141M 7s
137050K .......... .......... .......... .......... .......... 59% 89.9M 7s
137100K .......... .......... .......... .......... .......... 59% 80.3M 7s
137150K .......... .......... .......... .......... .......... 59% 49.3M 7s
137200K .......... .......... .......... .......... .......... 59% 78.0M 7s
137250K .......... .......... .......... .......... .......... 59% 64.1M 7s
137300K .......... .......... .......... .......... .......... 59%  120M 7s
137350K .......... .......... .......... .......... .......... 59% 51.9M 7s
137400K .......... .......... .......... .......... .......... 59% 88.3M 7s
137450K .......... .......... .......... .......... .......... 59% 70.5M 7s
137500K .......... .......... .......... .......... .......... 59%  134M 7s
137550K .......... .......... .......... .......... .......... 59% 62.9M 7s
137600K .......... .......... .......... .......... .......... 59% 68.0M 7s
137650K .......... .......... .......... .......... .......... 59% 65.6M 7s
137700K .......... .......... .......... .......... .......... 59%  424K 7s
137750K .......... .......... .......... .......... .......... 59% 43.8M 7s
137800K .......... .......... .......... .......... .......... 60% 89.9M 7s
137850K .......... .......... .......... .......... .......... 60% 87.3M 7s
137900K .......... .......... .......... .......... .......... 60% 97.1M 7s
137950K .......... .......... .......... .......... .......... 60% 75.3M 7s
138000K .......... .......... .......... .......... .......... 60% 92.9M 7s
138050K .......... .......... .......... .......... .......... 60% 83.5M 7s
138100K .......... .......... .......... .......... .......... 60% 68.0M 7s
138150K .......... .......... .......... .......... .......... 60% 92.4M 7s
138200K .......... .......... .......... .......... .......... 60% 74.5M 7s
138250K .......... .......... .......... .......... .......... 60% 93.9M 7s
138300K .......... .......... .......... .......... .......... 60% 74.1M 7s
138350K .......... .......... .......... .......... .......... 60% 76.6M 7s
138400K .......... .......... .......... .......... .......... 60% 69.4M 7s
138450K .......... .......... .......... .......... .......... 60% 48.0M 7s
138500K .......... .......... .......... .......... .......... 60% 68.2M 7s
138550K .......... .......... .......... .......... .......... 60%  151M 7s
138600K .......... .......... .......... .......... .......... 60% 52.3M 7s
138650K .......... .......... .......... .......... .......... 60% 96.1M 7s
138700K .......... .......... .......... .......... .......... 60% 53.9M 7s
138750K .......... .......... .......... .......... .......... 60% 74.2M 7s
138800K .......... .......... .......... .......... .......... 60%  136M 7s
138850K .......... .......... .......... .......... .......... 60% 69.0M 7s
138900K .......... .......... .......... .......... .......... 60% 63.1M 7s
138950K .......... .......... .......... .......... .......... 60% 60.6M 7s
139000K .......... .......... .......... .......... .......... 60%  143M 7s
139050K .......... .......... .......... .......... .......... 60% 76.9M 7s
139100K .......... .......... .......... .......... .......... 60% 58.9M 7s
139150K .......... .......... .......... .......... .......... 60% 63.0M 7s
139200K .......... .......... .......... .......... .......... 60% 45.5M 7s
139250K .......... .......... .......... .......... .......... 60%  108M 7s
139300K .......... .......... .......... .......... .......... 60%  136M 7s
139350K .......... .......... .......... .......... .......... 60% 54.1M 7s
139400K .......... .......... .......... .......... .......... 60% 50.6M 7s
139450K .......... .......... .......... .......... .......... 60% 59.3M 7s
139500K .......... .......... .......... .......... .......... 60% 73.0M 7s
139550K .......... .......... .......... .......... .......... 60%  126M 7s
139600K .......... .......... .......... .......... .......... 60% 89.6M 7s
139650K .......... .......... .......... .......... .......... 60% 89.9M 7s
139700K .......... .......... .......... .......... .......... 60% 64.5M 7s
139750K .......... .......... .......... .......... .......... 60%  423K 7s
139800K .......... .......... .......... .......... .......... 60% 97.6M 7s
139850K .......... .......... .......... .......... .......... 60% 90.7M 7s
139900K .......... .......... .......... .......... .......... 60% 96.4M 7s
139950K .......... .......... .......... .......... .......... 60% 48.7M 7s
140000K .......... .......... .......... .......... .......... 60% 88.4M 7s
140050K .......... .......... .......... .......... .......... 60% 56.6M 7s
140100K .......... .......... .......... .......... .......... 61%  234M 7s
140150K .......... .......... .......... .......... .......... 61% 77.5M 7s
140200K .......... .......... .......... .......... .......... 61% 69.0M 7s
140250K .......... .......... .......... .......... .......... 61% 48.8M 7s
140300K .......... .......... .......... .......... .......... 61%  102M 7s
140350K .......... .......... .......... .......... .......... 61% 84.9M 7s
140400K .......... .......... .......... .......... .......... 61% 70.0M 7s
140450K .......... .......... .......... .......... .......... 61% 98.4M 7s
140500K .......... .......... .......... .......... .......... 61% 42.3M 7s
140550K .......... .......... .......... .......... .......... 61% 88.7M 7s
140600K .......... .......... .......... .......... .......... 61%  122M 7s
140650K .......... .......... .......... .......... .......... 61% 73.3M 7s
140700K .......... .......... .......... .......... .......... 61% 65.5M 7s
140750K .......... .......... .......... .......... .......... 61% 56.9M 7s
140800K .......... .......... .......... .......... .......... 61% 56.9M 7s
140850K .......... .......... .......... .......... .......... 61%  129M 7s
140900K .......... .......... .......... .......... .......... 61% 89.1M 7s
140950K .......... .......... .......... .......... .......... 61% 64.0M 7s
141000K .......... .......... .......... .......... .......... 61% 54.6M 7s
141050K .......... .......... .......... .......... .......... 61%  125M 7s
141100K .......... .......... .......... .......... .......... 61% 85.7M 7s
141150K .......... .......... .......... .......... .......... 61% 63.6M 6s
141200K .......... .......... .......... .......... .......... 61% 69.5M 6s
141250K .......... .......... .......... .......... .......... 61% 52.0M 6s
141300K .......... .......... .......... .......... .......... 61% 65.5M 6s
141350K .......... .......... .......... .......... .......... 61%  121M 6s
141400K .......... .......... .......... .......... .......... 61% 54.2M 6s
141450K .......... .......... .......... .......... .......... 61% 78.8M 6s
141500K .......... .......... .......... .......... .......... 61% 51.6M 6s
141550K .......... .......... .......... .......... .......... 61%  110M 6s
141600K .......... .......... .......... .......... .......... 61%  103M 6s
141650K .......... .......... .......... .......... .......... 61% 89.5M 6s
141700K .......... .......... .......... .......... .......... 61% 69.6M 6s
141750K .......... .......... .......... .......... .......... 61% 64.9M 6s
141800K .......... .......... .......... .......... .......... 61%  423K 7s
141850K .......... .......... .......... .......... .......... 61% 60.1M 6s
141900K .......... .......... .......... .......... .......... 61% 91.8M 6s
141950K .......... .......... .......... .......... .......... 61% 73.1M 6s
142000K .......... .......... .......... .......... .......... 61% 72.2M 6s
142050K .......... .......... .......... .......... .......... 61% 76.3M 6s
142100K .......... .......... .......... .......... .......... 61% 92.4M 6s
142150K .......... .......... .......... .......... .......... 61% 89.2M 6s
142200K .......... .......... .......... .......... .......... 61% 56.1M 6s
142250K .......... .......... .......... .......... .......... 61% 98.6M 6s
142300K .......... .......... .......... .......... .......... 61% 89.1M 6s
142350K .......... .......... .......... .......... .......... 61% 58.2M 6s
142400K .......... .......... .......... .......... .......... 62% 71.1M 6s
142450K .......... .......... .......... .......... .......... 62% 80.7M 6s
142500K .......... .......... .......... .......... .......... 62% 73.0M 6s
142550K .......... .......... .......... .......... .......... 62% 40.7M 6s
142600K .......... .......... .......... .......... .......... 62%  115M 6s
142650K .......... .......... .......... .......... .......... 62%  149M 6s
142700K .......... .......... .......... .......... .......... 62% 59.7M 6s
142750K .......... .......... .......... .......... .......... 62% 74.4M 6s
142800K .......... .......... .......... .......... .......... 62% 57.1M 6s
142850K .......... .......... .......... .......... .......... 62%  126M 6s
142900K .......... .......... .......... .......... .......... 62% 58.8M 6s
142950K .......... .......... .......... .......... .......... 62% 68.2M 6s
143000K .......... .......... .......... .......... .......... 62% 83.3M 6s
143050K .......... .......... .......... .......... .......... 62%  107M 6s
143100K .......... .......... .......... .......... .......... 62% 89.9M 6s
143150K .......... .......... .......... .......... .......... 62% 54.2M 6s
143200K .......... .......... .......... .......... .......... 62% 68.2M 6s
143250K .......... .......... .......... .......... .......... 62% 71.8M 6s
143300K .......... .......... .......... .......... .......... 62% 49.2M 6s
143350K .......... .......... .......... .......... .......... 62%  125M 6s
143400K .......... .......... .......... .......... .......... 62% 81.4M 6s
143450K .......... .......... .......... .......... .......... 62% 67.1M 6s
143500K .......... .......... .......... .......... .......... 62% 57.0M 6s
143550K .......... .......... .......... .......... .......... 62% 70.3M 6s
143600K .......... .......... .......... .......... .......... 62%  129M 6s
143650K .......... .......... .......... .......... .......... 62% 71.3M 6s
143700K .......... .......... .......... .......... .......... 62% 63.9M 6s
143750K .......... .......... .......... .......... .......... 62% 57.1M 6s
143800K .......... .......... .......... .......... .......... 62%  209M 6s
143850K .......... .......... .......... .......... .......... 62%  423K 6s
143900K .......... .......... .......... .......... .......... 62% 61.5M 6s
143950K .......... .......... .......... .......... .......... 62% 73.9M 6s
144000K .......... .......... .......... .......... .......... 62% 93.2M 6s
144050K .......... .......... .......... .......... .......... 62% 72.4M 6s
144100K .......... .......... .......... .......... .......... 62% 95.6M 6s
144150K .......... .......... .......... .......... .......... 62% 80.3M 6s
144200K .......... .......... .......... .......... .......... 62% 50.4M 6s
144250K .......... .......... .......... .......... .......... 62% 94.9M 6s
144300K .......... .......... .......... .......... .......... 62% 80.6M 6s
144350K .......... .......... .......... .......... .......... 62% 62.1M 6s
144400K .......... .......... .......... .......... .......... 62% 91.4M 6s
144450K .......... .......... .......... .......... .......... 62% 98.5M 6s
144500K .......... .......... .......... .......... .......... 62% 90.5M 6s
144550K .......... .......... .......... .......... .......... 62% 57.0M 6s
144600K .......... .......... .......... .......... .......... 62% 22.3M 6s
144650K .......... .......... .......... .......... .......... 62%  106M 6s
144700K .......... .......... .......... .......... .......... 63%  143M 6s
144750K .......... .......... .......... .......... .......... 63% 67.5M 6s
144800K .......... .......... .......... .......... .......... 63%  115M 6s
144850K .......... .......... .......... .......... .......... 63% 97.9M 6s
144900K .......... .......... .......... .......... .......... 63%  147M 6s
144950K .......... .......... .......... .......... .......... 63% 99.8M 6s
145000K .......... .......... .......... .......... .......... 63% 96.2M 6s
145050K .......... .......... .......... .......... .......... 63% 58.7M 6s
145100K .......... .......... .......... .......... .......... 63%  135M 6s
145150K .......... .......... .......... .......... .......... 63% 64.5M 6s
145200K .......... .......... .......... .......... .......... 63% 68.6M 6s
145250K .......... .......... .......... .......... .......... 63% 70.6M 6s
145300K .......... .......... .......... .......... .......... 63% 61.8M 6s
145350K .......... .......... .......... .......... .......... 63% 49.0M 6s
145400K .......... .......... .......... .......... .......... 63%  103M 6s
145450K .......... .......... .......... .......... .......... 63% 86.6M 6s
145500K .......... .......... .......... .......... .......... 63% 75.2M 6s
145550K .......... .......... .......... .......... .......... 63% 44.0M 6s
145600K .......... .......... .......... .......... .......... 63% 90.2M 6s
145650K .......... .......... .......... .......... .......... 63%  138M 6s
145700K .......... .......... .......... .......... .......... 63% 81.5M 6s
145750K .......... .......... .......... .......... .......... 63% 53.9M 6s
145800K .......... .......... .......... .......... .......... 63% 81.0M 6s
145850K .......... .......... .......... .......... .......... 63%  124M 6s
145900K .......... .......... .......... .......... .......... 63% 76.5M 6s
145950K .......... .......... .......... .......... .......... 63%  421K 6s
146000K .......... .......... .......... .......... .......... 63% 92.9M 6s
146050K .......... .......... .......... .......... .......... 63%  101M 6s
146100K .......... .......... .......... .......... .......... 63% 96.9M 6s
146150K .......... .......... .......... .......... .......... 63% 83.2M 6s
146200K .......... .......... .......... .......... .......... 63%  109M 6s
146250K .......... .......... .......... .......... .......... 63% 81.8M 6s
146300K .......... .......... .......... .......... .......... 63% 50.3M 6s
146350K .......... .......... .......... .......... .......... 63% 59.5M 6s
146400K .......... .......... .......... .......... .......... 63%  131M 6s
146450K .......... .......... .......... .......... .......... 63% 89.4M 6s
146500K .......... .......... .......... .......... .......... 63% 74.9M 6s
146550K .......... .......... .......... .......... .......... 63% 63.6M 6s
146600K .......... .......... .......... .......... .......... 63%  131M 6s
146650K .......... .......... .......... .......... .......... 63% 36.6M 6s
146700K .......... .......... .......... .......... .......... 63%  141M 6s
146750K .......... .......... .......... .......... .......... 63% 66.6M 6s
146800K .......... .......... .......... .......... .......... 63% 42.3M 6s
146850K .......... .......... .......... .......... .......... 63% 32.8M 6s
146900K .......... .......... .......... .......... .......... 63%  178M 6s
146950K .......... .......... .......... .......... .......... 63% 77.5M 6s
147000K .......... .......... .......... .......... .......... 64%  236M 6s
147050K .......... .......... .......... .......... .......... 64% 71.1M 6s
147100K .......... .......... .......... .......... .......... 64% 99.0M 6s
147150K .......... .......... .......... .......... .......... 64%  134M 6s
147200K .......... .......... .......... .......... .......... 64% 65.2M 6s
147250K .......... .......... .......... .......... .......... 64% 70.4M 6s
147300K .......... .......... .......... .......... .......... 64% 55.4M 6s
147350K .......... .......... .......... .......... .......... 64%  206M 6s
147400K .......... .......... .......... .......... .......... 64% 36.0M 6s
147450K .......... .......... .......... .......... .......... 64%  169M 6s
147500K .......... .......... .......... .......... .......... 64% 65.1M 6s
147550K .......... .......... .......... .......... .......... 64% 69.8M 6s
147600K .......... .......... .......... .......... .......... 64% 79.9M 6s
147650K .......... .......... .......... .......... .......... 64%  123M 6s
147700K .......... .......... .......... .......... .......... 64% 60.5M 6s
147750K .......... .......... .......... .......... .......... 64% 70.5M 6s
147800K .......... .......... .......... .......... .......... 64% 60.7M 6s
147850K .......... .......... .......... .......... .......... 64%  133M 6s
147900K .......... .......... .......... .......... .......... 64% 50.0M 6s
147950K .......... .......... .......... .......... .......... 64%  422K 6s
148000K .......... .......... .......... .......... .......... 64% 76.7M 6s
148050K .......... .......... .......... .......... .......... 64% 88.2M 6s
148100K .......... .......... .......... .......... .......... 64% 79.5M 6s
148150K .......... .......... .......... .......... .......... 64% 62.9M 6s
148200K .......... .......... .......... .......... .......... 64% 88.8M 6s
148250K .......... .......... .......... .......... .......... 64% 74.8M 6s
148300K .......... .......... .......... .......... .......... 64%  101M 6s
148350K .......... .......... .......... .......... .......... 64% 49.6M 6s
148400K .......... .......... .......... .......... .......... 64% 88.4M 6s
148450K .......... .......... .......... .......... .......... 64% 91.8M 6s
148500K .......... .......... .......... .......... .......... 64% 59.6M 6s
148550K .......... .......... .......... .......... .......... 64% 91.8M 6s
148600K .......... .......... .......... .......... .......... 64% 74.7M 6s
148650K .......... .......... .......... .......... .......... 64%  118M 6s
148700K .......... .......... .......... .......... .......... 64% 40.8M 6s
148750K .......... .......... .......... .......... .......... 64% 86.1M 6s
148800K .......... .......... .......... .......... .......... 64% 97.7M 6s
148850K .......... .......... .......... .......... .......... 64% 61.1M 6s
148900K .......... .......... .......... .......... .......... 64% 67.5M 6s
148950K .......... .......... .......... .......... .......... 64%  174M 6s
149000K .......... .......... .......... .......... .......... 64% 66.0M 6s
149050K .......... .......... .......... .......... .......... 64% 62.2M 6s
149100K .......... .......... .......... .......... .......... 64% 75.6M 6s
149150K .......... .......... .......... .......... .......... 64% 53.2M 6s
149200K .......... .......... .......... .......... .......... 64%  124M 6s
149250K .......... .......... .......... .......... .......... 64% 69.5M 6s
149300K .......... .......... .......... .......... .......... 65% 77.7M 6s
149350K .......... .......... .......... .......... .......... 65% 66.0M 6s
149400K .......... .......... .......... .......... .......... 65%  119M 6s
149450K .......... .......... .......... .......... .......... 65% 37.5M 6s
149500K .......... .......... .......... .......... .......... 65%  143M 6s
149550K .......... .......... .......... .......... .......... 65% 65.3M 6s
149600K .......... .......... .......... .......... .......... 65% 68.7M 6s
149650K .......... .......... .......... .......... .......... 65% 66.4M 6s
149700K .......... .......... .......... .......... .......... 65%  121M 6s
149750K .......... .......... .......... .......... .......... 65% 70.2M 6s
149800K .......... .......... .......... .......... .......... 65% 65.0M 6s
149850K .......... .......... .......... .......... .......... 65% 64.2M 6s
149900K .......... .......... .......... .......... .......... 65%  127M 6s
149950K .......... .......... .......... .......... .......... 65% 60.5M 6s
150000K .......... .......... .......... .......... .......... 65% 51.0M 6s
150050K .......... .......... .......... .......... .......... 65%  424K 6s
150100K .......... .......... .......... .......... .......... 65% 91.9M 6s
150150K .......... .......... .......... .......... .......... 65% 86.4M 6s
150200K .......... .......... .......... .......... .......... 65% 92.0M 6s
150250K .......... .......... .......... .......... .......... 65% 63.0M 6s
150300K .......... .......... .......... .......... .......... 65% 71.7M 6s
150350K .......... .......... .......... .......... .......... 65% 84.2M 6s
150400K .......... .......... .......... .......... .......... 65% 36.9M 6s
150450K .......... .......... .......... .......... .......... 65%  135M 6s
150500K .......... .......... .......... .......... .......... 65%  107M 6s
150550K .......... .......... .......... .......... .......... 65%  109M 6s
150600K .......... .......... .......... .......... .......... 65% 58.3M 6s
150650K .......... .......... .......... .......... .......... 65%  213M 6s
150700K .......... .......... .......... .......... .......... 65% 57.4M 6s
150750K .......... .......... .......... .......... .......... 65% 30.5M 6s
150800K .......... .......... .......... .......... .......... 65%  173M 6s
150850K .......... .......... .......... .......... .......... 65% 70.9M 6s
150900K .......... .......... .......... .......... .......... 65%  110M 6s
150950K .......... .......... .......... .......... .......... 65%  130M 6s
151000K .......... .......... .......... .......... .......... 65% 71.7M 6s
151050K .......... .......... .......... .......... .......... 65% 65.0M 6s
151100K .......... .......... .......... .......... .......... 65% 69.4M 6s
151150K .......... .......... .......... .......... .......... 65% 42.3M 6s
151200K .......... .......... .......... .......... .......... 65%  142M 6s
151250K .......... .......... .......... .......... .......... 65%  101M 6s
151300K .......... .......... .......... .......... .......... 65% 81.4M 6s
151350K .......... .......... .......... .......... .......... 65% 53.8M 6s
151400K .......... .......... .......... .......... .......... 65%  122M 6s
151450K .......... .......... .......... .......... .......... 65% 68.0M 6s
151500K .......... .......... .......... .......... .......... 65% 80.7M 6s
151550K .......... .......... .......... .......... .......... 65% 45.5M 6s
151600K .......... .......... .......... .......... .......... 66% 84.4M 6s
151650K .......... .......... .......... .......... .......... 66% 69.1M 6s
151700K .......... .......... .......... .......... .......... 66%  127M 6s
151750K .......... .......... .......... .......... .......... 66% 56.5M 6s
151800K .......... .......... .......... .......... .......... 66% 88.2M 6s
151850K .......... .......... .......... .......... .......... 66% 64.6M 6s
151900K .......... .......... .......... .......... .......... 66% 54.2M 6s
151950K .......... .......... .......... .......... .......... 66%  175M 6s
152000K .......... .......... .......... .......... .......... 66% 38.0M 6s
152050K .......... .......... .......... .......... .......... 66%  122M 6s
152100K .......... .......... .......... .......... .......... 66%  424K 6s
152150K .......... .......... .......... .......... .......... 66% 70.9M 6s
152200K .......... .......... .......... .......... .......... 66% 85.3M 6s
152250K .......... .......... .......... .......... .......... 66%  106M 6s
152300K .......... .......... .......... .......... .......... 66% 57.3M 6s
152350K .......... .......... .......... .......... .......... 66% 71.3M 6s
152400K .......... .......... .......... .......... .......... 66% 87.5M 6s
152450K .......... .......... .......... .......... .......... 66% 41.6M 6s
152500K .......... .......... .......... .......... .......... 66% 90.6M 6s
152550K .......... .......... .......... .......... .......... 66% 87.1M 6s
152600K .......... .......... .......... .......... .......... 66%  113M 6s
152650K .......... .......... .......... .......... .......... 66% 62.9M 6s
152700K .......... .......... .......... .......... .......... 66% 88.7M 6s
152750K .......... .......... .......... .......... .......... 66% 69.3M 6s
152800K .......... .......... .......... .......... .......... 66% 42.0M 6s
152850K .......... .......... .......... .......... .......... 66% 98.7M 6s
152900K .......... .......... .......... .......... .......... 66% 62.7M 6s
152950K .......... .......... .......... .......... .......... 66%  137M 6s
153000K .......... .......... .......... .......... .......... 66%  122M 6s
153050K .......... .......... .......... .......... .......... 66% 58.4M 6s
153100K .......... .......... .......... .......... .......... 66% 84.7M 6s
153150K .......... .......... .......... .......... .......... 66% 59.6M 6s
153200K .......... .......... .......... .......... .......... 66% 63.2M 6s
153250K .......... .......... .......... .......... .......... 66%  185M 6s
153300K .......... .......... .......... .......... .......... 66% 65.0M 6s
153350K .......... .......... .......... .......... .......... 66% 68.1M 6s
153400K .......... .......... .......... .......... .......... 66% 60.1M 6s
153450K .......... .......... .......... .......... .......... 66%  118M 6s
153500K .......... .......... .......... .......... .......... 66% 71.8M 6s
153550K .......... .......... .......... .......... .......... 66% 33.3M 6s
153600K .......... .......... .......... .......... .......... 66%  231M 6s
153650K .......... .......... .......... .......... .......... 66% 81.8M 6s
153700K .......... .......... .......... .......... .......... 66% 54.2M 6s
153750K .......... .......... .......... .......... .......... 66%  117M 6s
153800K .......... .......... .......... .......... .......... 66% 35.8M 6s
153850K .......... .......... .......... .......... .......... 66%  130M 6s
153900K .......... .......... .......... .......... .......... 67%  109M 6s
153950K .......... .......... .......... .......... .......... 67% 61.6M 6s
154000K .......... .......... .......... .......... .......... 67%  125M 6s
154050K .......... .......... .......... .......... .......... 67% 73.4M 6s
154100K .......... .......... .......... .......... .......... 67% 69.5M 6s
154150K .......... .......... .......... .......... .......... 67%  423K 6s
154200K .......... .......... .......... .......... .......... 67% 96.9M 6s
154250K .......... .......... .......... .......... .......... 67% 89.0M 6s
154300K .......... .......... .......... .......... .......... 67% 72.3M 6s
154350K .......... .......... .......... .......... .......... 67% 62.7M 6s
154400K .......... .......... .......... .......... .......... 67% 72.8M 6s
154450K .......... .......... .......... .......... .......... 67% 97.4M 6s
154500K .......... .......... .......... .......... .......... 67% 94.0M 6s
154550K .......... .......... .......... .......... .......... 67% 38.9M 6s
154600K .......... .......... .......... .......... .......... 67% 94.5M 6s
154650K .......... .......... .......... .......... .......... 67%  112M 6s
154700K .......... .......... .......... .......... .......... 67%  127M 6s
154750K .......... .......... .......... .......... .......... 67% 56.2M 6s
154800K .......... .......... .......... .......... .......... 67% 72.3M 5s
154850K .......... .......... .......... .......... .......... 67% 64.0M 5s
154900K .......... .......... .......... .......... .......... 67% 51.9M 5s
154950K .......... .......... .......... .......... .......... 67% 86.7M 5s
155000K .......... .......... .......... .......... .......... 67% 93.9M 5s
155050K .......... .......... .......... .......... .......... 67% 97.3M 5s
155100K .......... .......... .......... .......... .......... 67% 34.7M 5s
155150K .......... .......... .......... .......... .......... 67% 57.5M 5s
155200K .......... .......... .......... .......... .......... 67% 87.5M 5s
155250K .......... .......... .......... .......... .......... 67%  184M 5s
155300K .......... .......... .......... .......... .......... 67% 85.9M 5s
155350K .......... .......... .......... .......... .......... 67% 92.1M 5s
155400K .......... .......... .......... .......... .......... 67% 51.6M 5s
155450K .......... .......... .......... .......... .......... 67%  131M 5s
155500K .......... .......... .......... .......... .......... 67% 71.1M 5s
155550K .......... .......... .......... .......... .......... 67% 44.8M 5s
155600K .......... .......... .......... .......... .......... 67%  109M 5s
155650K .......... .......... .......... .......... .......... 67% 62.7M 5s
155700K .......... .......... .......... .......... .......... 67% 83.4M 5s
155750K .......... .......... .......... .......... .......... 67%  131M 5s
155800K .......... .......... .......... .......... .......... 67% 77.4M 5s
155850K .......... .......... .......... .......... .......... 67% 65.9M 5s
155900K .......... .......... .......... .......... .......... 67% 61.8M 5s
155950K .......... .......... .......... .......... .......... 67% 38.9M 5s
156000K .......... .......... .......... .......... .......... 67%  126M 5s
156050K .......... .......... .......... .......... .......... 67%  117M 5s
156100K .......... .......... .......... .......... .......... 67% 73.8M 5s
156150K .......... .......... .......... .......... .......... 67% 85.7M 5s
156200K .......... .......... .......... .......... .......... 68%  115K 6s
156250K .......... .......... .......... .......... .......... 68% 59.7M 6s
156300K .......... .......... .......... .......... .......... 68% 66.2M 6s
156350K .......... .......... .......... .......... .......... 68% 70.1M 6s
156400K .......... .......... .......... .......... .......... 68% 67.6M 6s
156450K .......... .......... .......... .......... .......... 68% 66.5M 6s
156500K .......... .......... .......... .......... .......... 68% 69.1M 6s
156550K .......... .......... .......... .......... .......... 68% 62.3M 6s
156600K .......... .......... .......... .......... .......... 68% 69.6M 6s
156650K .......... .......... .......... .......... .......... 68% 77.5M 6s
156700K .......... .......... .......... .......... .......... 68% 79.1M 6s
156750K .......... .......... .......... .......... .......... 68% 59.6M 6s
156800K .......... .......... .......... .......... .......... 68% 78.5M 5s
156850K .......... .......... .......... .......... .......... 68% 70.8M 5s
156900K .......... .......... .......... .......... .......... 68% 76.9M 5s
156950K .......... .......... .......... .......... .......... 68% 58.7M 5s
157000K .......... .......... .......... .......... .......... 68%  142M 5s
157050K .......... .......... .......... .......... .......... 68%  245M 5s
157100K .......... .......... .......... .......... .......... 68%  249M 5s
157150K .......... .......... .......... .......... .......... 68% 93.9M 5s
157200K .......... .......... .......... .......... .......... 68% 86.7M 5s
157250K .......... .......... .......... .......... .......... 68% 60.5M 5s
157300K .......... .......... .......... .......... .......... 68% 78.5M 5s
157350K .......... .......... .......... .......... .......... 68% 88.9M 5s
157400K .......... .......... .......... .......... .......... 68% 74.6M 5s
157450K .......... .......... .......... .......... .......... 68% 71.1M 5s
157500K .......... .......... .......... .......... .......... 68% 73.1M 5s
157550K .......... .......... .......... .......... .......... 68% 53.2M 5s
157600K .......... .......... .......... .......... .......... 68%  123M 5s
157650K .......... .......... .......... .......... .......... 68% 39.7M 5s
157700K .......... .......... .......... .......... .......... 68%  149M 5s
157750K .......... .......... .......... .......... .......... 68% 66.3M 5s
157800K .......... .......... .......... .......... .......... 68% 57.8M 5s
157850K .......... .......... .......... .......... .......... 68%  181M 5s
157900K .......... .......... .......... .......... .......... 68% 56.7M 5s
157950K .......... .......... .......... .......... .......... 68% 73.7M 5s
158000K .......... .......... .......... .......... .......... 68% 80.9M 5s
158050K .......... .......... .......... .......... .......... 68% 56.2M 5s
158100K .......... .......... .......... .......... .......... 68%  126M 5s
158150K .......... .......... .......... .......... .......... 68% 60.9M 5s
158200K .......... .......... .......... .......... .......... 68% 87.6M 5s
158250K .......... .......... .......... .......... .......... 68%  422K 5s
158300K .......... .......... .......... .......... .......... 68% 58.3M 5s
158350K .......... .......... .......... .......... .......... 68% 53.3M 5s
158400K .......... .......... .......... .......... .......... 68% 90.2M 5s
158450K .......... .......... .......... .......... .......... 68% 64.3M 5s
158500K .......... .......... .......... .......... .......... 69% 70.1M 5s
158550K .......... .......... .......... .......... .......... 69% 60.9M 5s
158600K .......... .......... .......... .......... .......... 69% 66.3M 5s
158650K .......... .......... .......... .......... .......... 69% 69.8M 5s
158700K .......... .......... .......... .......... .......... 69% 78.8M 5s
158750K .......... .......... .......... .......... .......... 69% 95.7M 5s
158800K .......... .......... .......... .......... .......... 69%  230M 5s
158850K .......... .......... .......... .......... .......... 69%  194M 5s
158900K .......... .......... .......... .......... .......... 69% 67.5M 5s
158950K .......... .......... .......... .......... .......... 69% 54.1M 5s
159000K .......... .......... .......... .......... .......... 69% 56.6M 5s
159050K .......... .......... .......... .......... .......... 69% 92.5M 5s
159100K .......... .......... .......... .......... .......... 69% 80.7M 5s
159150K .......... .......... .......... .......... .......... 69% 59.7M 5s
159200K .......... .......... .......... .......... .......... 69% 72.4M 5s
159250K .......... .......... .......... .......... .......... 69% 72.6M 5s
159300K .......... .......... .......... .......... .......... 69% 88.5M 5s
159350K .......... .......... .......... .......... .......... 69% 70.3M 5s
159400K .......... .......... .......... .......... .......... 69% 93.3M 5s
159450K .......... .......... .......... .......... .......... 69% 69.2M 5s
159500K .......... .......... .......... .......... .......... 69% 55.8M 5s
159550K .......... .......... .......... .......... .......... 69%  119M 5s
159600K .......... .......... .......... .......... .......... 69% 77.6M 5s
159650K .......... .......... .......... .......... .......... 69% 67.8M 5s
159700K .......... .......... .......... .......... .......... 69% 61.6M 5s
159750K .......... .......... .......... .......... .......... 69% 54.8M 5s
159800K .......... .......... .......... .......... .......... 69%  128M 5s
159850K .......... .......... .......... .......... .......... 69% 85.9M 5s
159900K .......... .......... .......... .......... .......... 69% 61.8M 5s
159950K .......... .......... .......... .......... .......... 69% 59.7M 5s
160000K .......... .......... .......... .......... .......... 69% 59.8M 5s
160050K .......... .......... .......... .......... .......... 69%  135M 5s
160100K .......... .......... .......... .......... .......... 69% 70.4M 5s
160150K .......... .......... .......... .......... .......... 69% 84.0M 5s
160200K .......... .......... .......... .......... .......... 69% 54.1M 5s
160250K .......... .......... .......... .......... .......... 69%  134M 5s
160300K .......... .......... .......... .......... .......... 69%  423K 5s
160350K .......... .......... .......... .......... .......... 69% 46.6M 5s
160400K .......... .......... .......... .......... .......... 69% 46.7M 5s
160450K .......... .......... .......... .......... .......... 69% 64.9M 5s
160500K .......... .......... .......... .......... .......... 69% 99.1M 5s
160550K .......... .......... .......... .......... .......... 69%  222M 5s
160600K .......... .......... .......... .......... .......... 69%  278M 5s
160650K .......... .......... .......... .......... .......... 69% 96.2M 5s
160700K .......... .......... .......... .......... .......... 69% 72.4M 5s
160750K .......... .......... .......... .......... .......... 69% 52.5M 5s
160800K .......... .......... .......... .......... .......... 70% 59.1M 5s
160850K .......... .......... .......... .......... .......... 70% 83.6M 5s
160900K .......... .......... .......... .......... .......... 70%  123M 5s
160950K .......... .......... .......... .......... .......... 70% 71.4M 5s
161000K .......... .......... .......... .......... .......... 70% 70.5M 5s
161050K .......... .......... .......... .......... .......... 70% 52.1M 5s
161100K .......... .......... .......... .......... .......... 70% 90.9M 5s
161150K .......... .......... .......... .......... .......... 70% 89.6M 5s
161200K .......... .......... .......... .......... .......... 70% 62.7M 5s
161250K .......... .......... .......... .......... .......... 70% 69.7M 5s
161300K .......... .......... .......... .......... .......... 70% 58.6M 5s
161350K .......... .......... .......... .......... .......... 70%  182M 5s
161400K .......... .......... .......... .......... .......... 70% 69.9M 5s
161450K .......... .......... .......... .......... .......... 70% 61.6M 5s
161500K .......... .......... .......... .......... .......... 70% 75.2M 5s
161550K .......... .......... .......... .......... .......... 70% 57.5M 5s
161600K .......... .......... .......... .......... .......... 70%  103M 5s
161650K .......... .......... .......... .......... .......... 70% 78.7M 5s
161700K .......... .......... .......... .......... .......... 70% 64.5M 5s
161750K .......... .......... .......... .......... .......... 70% 59.5M 5s
161800K .......... .......... .......... .......... .......... 70% 52.2M 5s
161850K .......... .......... .......... .......... .......... 70%  112M 5s
161900K .......... .......... .......... .......... .......... 70% 99.8M 5s
161950K .......... .......... .......... .......... .......... 70% 59.4M 5s
162000K .......... .......... .......... .......... .......... 70% 71.6M 5s
162050K .......... .......... .......... .......... .......... 70% 63.5M 5s
162100K .......... .......... .......... .......... .......... 70%  123M 5s
162150K .......... .......... .......... .......... .......... 70% 71.6M 5s
162200K .......... .......... .......... .......... .......... 70% 67.6M 5s
162250K .......... .......... .......... .......... .......... 70% 59.3M 5s
162300K .......... .......... .......... .......... .......... 70%  130M 5s
162350K .......... .......... .......... .......... .......... 70%  422K 5s
162400K .......... .......... .......... .......... .......... 70% 71.0M 5s
162450K .......... .......... .......... .......... .......... 70% 93.9M 5s
162500K .......... .......... .......... .......... .......... 70% 87.0M 5s
162550K .......... .......... .......... .......... .......... 70% 87.4M 5s
162600K .......... .......... .......... .......... .......... 70% 94.4M 5s
162650K .......... .......... .......... .......... .......... 70% 85.3M 5s
162700K .......... .......... .......... .......... .......... 70% 68.0M 5s
162750K .......... .......... .......... .......... .......... 70% 64.0M 5s
162800K .......... .......... .......... .......... .......... 70% 65.6M 5s
162850K .......... .......... .......... .......... .......... 70% 96.9M 5s
162900K .......... .......... .......... .......... .......... 70% 61.2M 5s
162950K .......... .......... .......... .......... .......... 70% 66.5M 5s
163000K .......... .......... .......... .......... .......... 70% 90.1M 5s
163050K .......... .......... .......... .......... .......... 70% 98.9M 5s
163100K .......... .......... .......... .......... .......... 71% 43.6M 5s
163150K .......... .......... .......... .......... .......... 71% 84.5M 5s
163200K .......... .......... .......... .......... .......... 71%  101M 5s
163250K .......... .......... .......... .......... .......... 71% 61.8M 5s
163300K .......... .......... .......... .......... .......... 71% 58.3M 5s
163350K .......... .......... .......... .......... .......... 71%  125M 5s
163400K .......... .......... .......... .......... .......... 71% 83.7M 5s
163450K .......... .......... .......... .......... .......... 71% 65.2M 5s
163500K .......... .......... .......... .......... .......... 71% 60.5M 5s
163550K .......... .......... .......... .......... .......... 71% 56.4M 5s
163600K .......... .......... .......... .......... .......... 71%  131M 5s
163650K .......... .......... .......... .......... .......... 71% 85.6M 5s
163700K .......... .......... .......... .......... .......... 71% 63.2M 5s
163750K .......... .......... .......... .......... .......... 71% 60.8M 5s
163800K .......... .......... .......... .......... .......... 71%  164M 5s
163850K .......... .......... .......... .......... .......... 71% 35.1M 5s
163900K .......... .......... .......... .......... .......... 71%  134M 5s
163950K .......... .......... .......... .......... .......... 71% 49.2M 5s
164000K .......... .......... .......... .......... .......... 71%  143M 5s
164050K .......... .......... .......... .......... .......... 71% 53.3M 5s
164100K .......... .......... .......... .......... .......... 71% 83.0M 5s
164150K .......... .......... .......... .......... .......... 71%  136M 5s
164200K .......... .......... .......... .......... .......... 71% 67.7M 5s
164250K .......... .......... .......... .......... .......... 71% 77.3M 5s
164300K .......... .......... .......... .......... .......... 71% 40.9M 5s
164350K .......... .......... .......... .......... .......... 71%  132M 5s
164400K .......... .......... .......... .......... .......... 71%  423K 5s
164450K .......... .......... .......... .......... .......... 71% 65.5M 5s
164500K .......... .......... .......... .......... .......... 71% 89.0M 5s
164550K .......... .......... .......... .......... .......... 71% 60.4M 5s
164600K .......... .......... .......... .......... .......... 71% 96.3M 5s
164650K .......... .......... .......... .......... .......... 71% 99.2M 5s
164700K .......... .......... .......... .......... .......... 71% 74.6M 5s
164750K .......... .......... .......... .......... .......... 71% 70.2M 5s
164800K .......... .......... .......... .......... .......... 71% 58.0M 5s
164850K .......... .......... .......... .......... .......... 71% 92.1M 5s
164900K .......... .......... .......... .......... .......... 71%  139M 5s
164950K .......... .......... .......... .......... .......... 71% 58.4M 5s
165000K .......... .......... .......... .......... .......... 71% 75.6M 5s
165050K .......... .......... .......... .......... .......... 71% 57.8M 5s
165100K .......... .......... .......... .......... .......... 71%  113M 5s
165150K .......... .......... .......... .......... .......... 71% 33.4M 5s
165200K .......... .......... .......... .......... .......... 71% 94.9M 5s
165250K .......... .......... .......... .......... .......... 71%  104M 5s
165300K .......... .......... .......... .......... .......... 71% 98.6M 5s
165350K .......... .......... .......... .......... .......... 71% 64.0M 5s
165400K .......... .......... .......... .......... .......... 72%  152M 5s
165450K .......... .......... .......... .......... .......... 72% 54.7M 5s
165500K .......... .......... .......... .......... .......... 72% 98.9M 5s
165550K .......... .......... .......... .......... .......... 72% 58.0M 5s
165600K .......... .......... .......... .......... .......... 72% 70.9M 5s
165650K .......... .......... .......... .......... .......... 72% 98.6M 5s
165700K .......... .......... .......... .......... .......... 72% 71.7M 5s
165750K .......... .......... .......... .......... .......... 72% 51.0M 5s
165800K .......... .......... .......... .......... .......... 72% 74.7M 5s
165850K .......... .......... .......... .......... .......... 72%  132M 5s
165900K .......... .......... .......... .......... .......... 72% 36.7M 5s
165950K .......... .......... .......... .......... .......... 72%  109M 5s
166000K .......... .......... .......... .......... .......... 72%  103M 5s
166050K .......... .......... .......... .......... .......... 72% 63.7M 5s
166100K .......... .......... .......... .......... .......... 72% 62.9M 5s
166150K .......... .......... .......... .......... .......... 72%  176M 5s
166200K .......... .......... .......... .......... .......... 72% 69.8M 5s
166250K .......... .......... .......... .......... .......... 72% 62.0M 5s
166300K .......... .......... .......... .......... .......... 72% 62.1M 5s
166350K .......... .......... .......... .......... .......... 72% 50.3M 5s
166400K .......... .......... .......... .......... .......... 72%  128M 5s
166450K .......... .......... .......... .......... .......... 72% 81.3M 5s
166500K .......... .......... .......... .......... .......... 72%  423K 5s
166550K .......... .......... .......... .......... .......... 72% 67.9M 5s
166600K .......... .......... .......... .......... .......... 72% 84.4M 5s
166650K .......... .......... .......... .......... .......... 72%  114M 5s
166700K .......... .......... .......... .......... .......... 72%  103M 5s
166750K .......... .......... .......... .......... .......... 72% 74.0M 5s
166800K .......... .......... .......... .......... .......... 72% 90.1M 5s
166850K .......... .......... .......... .......... .......... 72% 68.2M 5s
166900K .......... .......... .......... .......... .......... 72% 80.3M 5s
166950K .......... .......... .......... .......... .......... 72% 40.3M 5s
167000K .......... .......... .......... .......... .......... 72%  116M 5s
167050K .......... .......... .......... .......... .......... 72%  104M 5s
167100K .......... .......... .......... .......... .......... 72%  103M 5s
167150K .......... .......... .......... .......... .......... 72% 65.8M 5s
167200K .......... .......... .......... .......... .......... 72% 37.5M 5s
167250K .......... .......... .......... .......... .......... 72%  100M 5s
167300K .......... .......... .......... .......... .......... 72%  101M 5s
167350K .......... .......... .......... .......... .......... 72% 76.3M 5s
167400K .......... .......... .......... .......... .......... 72%  131M 5s
167450K .......... .......... .......... .......... .......... 72% 61.8M 5s
167500K .......... .......... .......... .......... .......... 72% 69.4M 5s
167550K .......... .......... .......... .......... .......... 72% 71.2M 5s
167600K .......... .......... .......... .......... .......... 72% 57.6M 5s
167650K .......... .......... .......... .......... .......... 72%  126M 5s
167700K .......... .......... .......... .......... .......... 73% 82.7M 5s
167750K .......... .......... .......... .......... .......... 73% 65.8M 5s
167800K .......... .......... .......... .......... .......... 73% 67.4M 5s
167850K .......... .......... .......... .......... .......... 73%  125M 5s
167900K .......... .......... .......... .......... .......... 73% 62.8M 5s
167950K .......... .......... .......... .......... .......... 73% 36.4M 5s
168000K .......... .......... .......... .......... .......... 73%  146M 5s
168050K .......... .......... .......... .......... .......... 73% 72.8M 5s
168100K .......... .......... .......... .......... .......... 73% 64.5M 5s
168150K .......... .......... .......... .......... .......... 73% 97.5M 5s
168200K .......... .......... .......... .......... .......... 73% 84.1M 5s
168250K .......... .......... .......... .......... .......... 73% 60.4M 5s
168300K .......... .......... .......... .......... .......... 73% 62.2M 5s
168350K .......... .......... .......... .......... .......... 73% 63.5M 5s
168400K .......... .......... .......... .......... .......... 73%  128M 5s
168450K .......... .......... .......... .......... .......... 73% 72.6M 5s
168500K .......... .......... .......... .......... .......... 73% 70.2M 5s
168550K .......... .......... .......... .......... .......... 73%  422K 5s
168600K .......... .......... .......... .......... .......... 73% 61.3M 5s
168650K .......... .......... .......... .......... .......... 73% 93.6M 5s
168700K .......... .......... .......... .......... .......... 73% 98.4M 5s
168750K .......... .......... .......... .......... .......... 73% 54.1M 5s
168800K .......... .......... .......... .......... .......... 73% 92.3M 5s
168850K .......... .......... .......... .......... .......... 73% 71.1M 5s
168900K .......... .......... .......... .......... .......... 73% 67.3M 5s
168950K .......... .......... .......... .......... .......... 73% 79.3M 5s
169000K .......... .......... .......... .......... .......... 73% 56.0M 5s
169050K .......... .......... .......... .......... .......... 73% 91.7M 5s
169100K .......... .......... .......... .......... .......... 73%  102M 5s
169150K .......... .......... .......... .......... .......... 73% 62.5M 5s
169200K .......... .......... .......... .......... .......... 73%  178M 5s
169250K .......... .......... .......... .......... .......... 73% 33.2M 5s
169300K .......... .......... .......... .......... .......... 73%  180M 5s
169350K .......... .......... .......... .......... .......... 73% 82.5M 5s
169400K .......... .......... .......... .......... .......... 73% 64.1M 5s
169450K .......... .......... .......... .......... .......... 73%  148M 5s
169500K .......... .......... .......... .......... .......... 73% 55.4M 5s
169550K .......... .......... .......... .......... .......... 73% 76.9M 5s
169600K .......... .......... .......... .......... .......... 73% 45.6M 4s
169650K .......... .......... .......... .......... .......... 73%  125M 4s
169700K .......... .......... .......... .......... .......... 73%  115M 4s
169750K .......... .......... .......... .......... .......... 73% 67.6M 4s
169800K .......... .......... .......... .......... .......... 73% 68.6M 4s
169850K .......... .......... .......... .......... .......... 73% 56.3M 4s
169900K .......... .......... .......... .......... .......... 73%  184M 4s
169950K .......... .......... .......... .......... .......... 74% 46.0M 4s
170000K .......... .......... .......... .......... .......... 74% 45.9M 4s
170050K .......... .......... .......... .......... .......... 74%  138M 4s
170100K .......... .......... .......... .......... .......... 74% 78.0M 4s
170150K .......... .......... .......... .......... .......... 74% 62.2M 4s
170200K .......... .......... .......... .......... .......... 74%  127M 4s
170250K .......... .......... .......... .......... .......... 74% 65.2M 4s
170300K .......... .......... .......... .......... .......... 74% 79.4M 4s
170350K .......... .......... .......... .......... .......... 74% 51.0M 4s
170400K .......... .......... .......... .......... .......... 74% 60.0M 4s
170450K .......... .......... .......... .......... .......... 74%  174M 4s
170500K .......... .......... .......... .......... .......... 74% 53.8M 4s
170550K .......... .......... .......... .......... .......... 74% 66.1M 4s
170600K .......... .......... .......... .......... .......... 74%  426K 4s
170650K .......... .......... .......... .......... .......... 74% 62.1M 4s
170700K .......... .......... .......... .......... .......... 74% 70.6M 4s
170750K .......... .......... .......... .......... .......... 74% 57.7M 4s
170800K .......... .......... .......... .......... .......... 74% 72.8M 4s
170850K .......... .......... .......... .......... .......... 74% 75.4M 4s
170900K .......... .......... .......... .......... .......... 74% 84.9M 4s
170950K .......... .......... .......... .......... .......... 74%  243M 4s
171000K .......... .......... .......... .......... .......... 74%  111M 4s
171050K .......... .......... .......... .......... .......... 74% 69.2M 4s
171100K .......... .......... .......... .......... .......... 74% 70.5M 4s
171150K .......... .......... .......... .......... .......... 74% 48.3M 4s
171200K .......... .......... .......... .......... .......... 74%  182M 4s
171250K .......... .......... .......... .......... .......... 74% 67.3M 4s
171300K .......... .......... .......... .......... .......... 74% 71.3M 4s
171350K .......... .......... .......... .......... .......... 74%  123K 5s
171400K .......... .......... .......... .......... .......... 74% 75.3M 5s
171450K .......... .......... .......... .......... .......... 74% 78.2M 4s
171500K .......... .......... .......... .......... .......... 74% 85.8M 4s
171550K .......... .......... .......... .......... .......... 74% 84.7M 4s
171600K .......... .......... .......... .......... .......... 74%  296M 4s
171650K .......... .......... .......... .......... .......... 74%  249M 4s
171700K .......... .......... .......... .......... .......... 74%  226M 4s
171750K .......... .......... .......... .......... .......... 74%  104M 4s
171800K .......... .......... .......... .......... .......... 74%  293M 4s
171850K .......... .......... .......... .......... .......... 74% 89.3M 4s
171900K .......... .......... .......... .......... .......... 74%  126M 4s
171950K .......... .......... .......... .......... .......... 74% 69.0M 4s
172000K .......... .......... .......... .......... .......... 74% 81.6M 4s
172050K .......... .......... .......... .......... .......... 74%  159M 4s
172100K .......... .......... .......... .......... .......... 74%  114M 4s
172150K .......... .......... .......... .......... .......... 74%  106M 4s
172200K .......... .......... .......... .......... .......... 74%  101M 4s
172250K .......... .......... .......... .......... .......... 75%  137M 4s
172300K .......... .......... .......... .......... .......... 75% 79.7M 4s
172350K .......... .......... .......... .......... .......... 75%  111M 4s
172400K .......... .......... .......... .......... .......... 75% 94.1M 4s
172450K .......... .......... .......... .......... .......... 75% 96.3M 4s
172500K .......... .......... .......... .......... .......... 75%  150M 4s
172550K .......... .......... .......... .......... .......... 75% 93.2M 4s
172600K .......... .......... .......... .......... .......... 75% 96.8M 4s
172650K .......... .......... .......... .......... .......... 75%  107M 4s
172700K .......... .......... .......... .......... .......... 75%  129M 4s
172750K .......... .......... .......... .......... .......... 75%  106M 4s
172800K .......... .......... .......... .......... .......... 75% 76.5M 4s
172850K .......... .......... .......... .......... .......... 75%  109M 4s
172900K .......... .......... .......... .......... .......... 75% 77.3M 4s
172950K .......... .......... .......... .......... .......... 75%  237M 4s
173000K .......... .......... .......... .......... .......... 75% 89.0M 4s
173050K .......... .......... .......... .......... .......... 75%  102M 4s
173100K .......... .......... .......... .......... .......... 75% 97.5M 4s
173150K .......... .......... .......... .......... .......... 75% 70.3M 4s
173200K .......... .......... .......... .......... .......... 75%  265M 4s
173250K .......... .......... .......... .......... .......... 75%  104M 4s
173300K .......... .......... .......... .......... .......... 75% 90.1M 4s
173350K .......... .......... .......... .......... .......... 75% 74.5M 4s
173400K .......... .......... .......... .......... .......... 75%  283M 4s
173450K .......... .......... .......... .......... .......... 75%  104M 4s
173500K .......... .......... .......... .......... .......... 75% 79.7M 4s
173550K .......... .......... .......... .......... .......... 75% 80.0M 4s
173600K .......... .......... .......... .......... .......... 75% 93.3M 4s
173650K .......... .......... .......... .......... .......... 75%  113M 4s
173700K .......... .......... .......... .......... .......... 75%  134M 4s
173750K .......... .......... .......... .......... .......... 75% 82.5M 4s
173800K .......... .......... .......... .......... .......... 75%  131M 4s
173850K .......... .......... .......... .......... .......... 75% 74.2M 4s
173900K .......... .......... .......... .......... .......... 75%  271M 4s
173950K .......... .......... .......... .......... .......... 75% 91.3M 4s
174000K .......... .......... .......... .......... .......... 75% 80.0M 4s
174050K .......... .......... .......... .......... .......... 75%  101M 4s
174100K .......... .......... .......... .......... .......... 75% 78.9M 4s
174150K .......... .......... .......... .......... .......... 75%  239M 4s
174200K .......... .......... .......... .......... .......... 75%  101M 4s
174250K .......... .......... .......... .......... .......... 75% 76.5M 4s
174300K .......... .......... .......... .......... .......... 75% 93.9M 4s
174350K .......... .......... .......... .......... .......... 75% 97.8M 4s
174400K .......... .......... .......... .......... .......... 75%  247M 4s
174450K .......... .......... .......... .......... .......... 75% 77.0M 4s
174500K .......... .......... .......... .......... .......... 75%  111M 4s
174550K .......... .......... .......... .......... .......... 76% 93.2M 4s
174600K .......... .......... .......... .......... .......... 76%  180M 4s
174650K .......... .......... .......... .......... .......... 76% 96.8M 4s
174700K .......... .......... .......... .......... .......... 76%  438K 4s
174750K .......... .......... .......... .......... .......... 76% 51.4M 4s
174800K .......... .......... .......... .......... .......... 76% 94.1M 4s
174850K .......... .......... .......... .......... .......... 76%  105M 4s
174900K .......... .......... .......... .......... .......... 76% 70.4M 4s
174950K .......... .......... .......... .......... .......... 76% 83.6M 4s
175000K .......... .......... .......... .......... .......... 76% 92.0M 4s
175050K .......... .......... .......... .......... .......... 76% 62.8M 4s
175100K .......... .......... .......... .......... .......... 76% 64.5M 4s
175150K .......... .......... .......... .......... .......... 76% 57.1M 4s
175200K .......... .......... .......... .......... .......... 76% 86.5M 4s
175250K .......... .......... .......... .......... .......... 76% 91.7M 4s
175300K .......... .......... .......... .......... .......... 76% 67.0M 4s
175350K .......... .......... .......... .......... .......... 76% 83.5M 4s
175400K .......... .......... .......... .......... .......... 76% 93.3M 4s
175450K .......... .......... .......... .......... .......... 76% 50.7M 4s
175500K .......... .......... .......... .......... .......... 76% 95.7M 4s
175550K .......... .......... .......... .......... .......... 76% 69.5M 4s
175600K .......... .......... .......... .......... .......... 76% 73.7M 4s
175650K .......... .......... .......... .......... .......... 76% 74.7M 4s
175700K .......... .......... .......... .......... .......... 76% 55.3M 4s
175750K .......... .......... .......... .......... .......... 76%  215M 4s
175800K .......... .......... .......... .......... .......... 76% 67.0M 4s
175850K .......... .......... .......... .......... .......... 76% 63.2M 4s
175900K .......... .......... .......... .......... .......... 76% 65.3M 4s
175950K .......... .......... .......... .......... .......... 76% 56.2M 4s
176000K .......... .......... .......... .......... .......... 76%  127M 4s
176050K .......... .......... .......... .......... .......... 76% 57.0M 4s
176100K .......... .......... .......... .......... .......... 76% 87.3M 4s
176150K .......... .......... .......... .......... .......... 76% 78.5M 4s
176200K .......... .......... .......... .......... .......... 76% 46.7M 4s
176250K .......... .......... .......... .......... .......... 76%  102M 4s
176300K .......... .......... .......... .......... .......... 76%  109M 4s
176350K .......... .......... .......... .......... .......... 76% 54.8M 4s
176400K .......... .......... .......... .......... .......... 76% 61.3M 4s
176450K .......... .......... .......... .......... .......... 76% 73.9M 4s
176500K .......... .......... .......... .......... .......... 76%  122M 4s
176550K .......... .......... .......... .......... .......... 76% 65.3M 4s
176600K .......... .......... .......... .......... .......... 76% 65.9M 4s
176650K .......... .......... .......... .......... .......... 76% 74.5M 4s
176700K .......... .......... .......... .......... .......... 76% 56.7M 4s
176750K .......... .......... .......... .......... .......... 76% 98.4M 4s
176800K .......... .......... .......... .......... .......... 76% 89.3M 4s
176850K .......... .......... .......... .......... .......... 77% 63.2M 4s
176900K .......... .......... .......... .......... .......... 77% 70.7M 4s
176950K .......... .......... .......... .......... .......... 77% 50.0M 4s
177000K .......... .......... .......... .......... .......... 77%  113M 4s
177050K .......... .......... .......... .......... .......... 77% 76.0M 4s
177100K .......... .......... .......... .......... .......... 77% 76.5M 4s
177150K .......... .......... .......... .......... .......... 77% 60.0M 4s
177200K .......... .......... .......... .......... .......... 77% 51.8M 4s
177250K .......... .......... .......... .......... .......... 77%  143M 4s
177300K .......... .......... .......... .......... .......... 77% 93.8M 4s
177350K .......... .......... .......... .......... .......... 77% 63.8M 4s
177400K .......... .......... .......... .......... .......... 77% 75.5M 4s
177450K .......... .......... .......... .......... .......... 77%  132M 4s
177500K .......... .......... .......... .......... .......... 77% 63.9M 4s
177550K .......... .......... .......... .......... .......... 77% 33.0M 4s
177600K .......... .......... .......... .......... .......... 77%  129M 4s
177650K .......... .......... .......... .......... .......... 77% 84.5M 4s
177700K .......... .......... .......... .......... .......... 77% 57.2M 4s
177750K .......... .......... .......... .......... .......... 77%  126M 4s
177800K .......... .......... .......... .......... .......... 77% 69.8M 4s
177850K .......... .......... .......... .......... .......... 77% 77.9M 4s
177900K .......... .......... .......... .......... .......... 77% 60.6M 4s
177950K .......... .......... .......... .......... .......... 77% 70.3M 4s
178000K .......... .......... .......... .......... .......... 77%  124M 4s
178050K .......... .......... .......... .......... .......... 77% 67.6M 4s
178100K .......... .......... .......... .......... .......... 77% 71.5M 4s
178150K .......... .......... .......... .......... .......... 77% 65.4M 4s
178200K .......... .......... .......... .......... .......... 77%  117M 4s
178250K .......... .......... .......... .......... .......... 77% 59.1M 4s
178300K .......... .......... .......... .......... .......... 77% 71.9M 4s
178350K .......... .......... .......... .......... .......... 77% 63.4M 4s
178400K .......... .......... .......... .......... .......... 77% 52.9M 4s
178450K .......... .......... .......... .......... .......... 77% 77.0M 4s
178500K .......... .......... .......... .......... .......... 77%  138M 4s
178550K .......... .......... .......... .......... .......... 77% 56.7M 4s
178600K .......... .......... .......... .......... .......... 77% 58.3M 4s
178650K .......... .......... .......... .......... .......... 77% 71.2M 4s
178700K .......... .......... .......... .......... .......... 77% 51.1M 4s
178750K .......... .......... .......... .......... .......... 77%  181M 4s
178800K .......... .......... .......... .......... .......... 77%  425K 4s
178850K .......... .......... .......... .......... .......... 77% 47.1M 4s
178900K .......... .......... .......... .......... .......... 77% 94.9M 4s
178950K .......... .......... .......... .......... .......... 77% 83.7M 4s
179000K .......... .......... .......... .......... .......... 77%  101M 4s
179050K .......... .......... .......... .......... .......... 77% 98.2M 4s
179100K .......... .......... .......... .......... .......... 77% 92.0M 4s
179150K .......... .......... .......... .......... .......... 78% 61.4M 4s
179200K .......... .......... .......... .......... .......... 78% 74.1M 4s
179250K .......... .......... .......... .......... .......... 78% 87.2M 4s
179300K .......... .......... .......... .......... .......... 78% 75.2M 4s
179350K .......... .......... .......... .......... .......... 78% 90.0M 4s
179400K .......... .......... .......... .......... .......... 78% 56.7M 4s
179450K .......... .......... .......... .......... .......... 78%  107M 4s
179500K .......... .......... .......... .......... .......... 78% 72.7M 4s
179550K .......... .......... .......... .......... .......... 78% 44.3M 4s
179600K .......... .......... .......... .......... .......... 78% 76.2M 4s
179650K .......... .......... .......... .......... .......... 78%  151M 4s
179700K .......... .......... .......... .......... .......... 78% 71.1M 4s
179750K .......... .......... .......... .......... .......... 78% 60.6M 4s
179800K .......... .......... .......... .......... .......... 78% 59.0M 4s
179850K .......... .......... .......... .......... .......... 78%  144M 4s
179900K .......... .......... .......... .......... .......... 78% 74.1M 4s
179950K .......... .......... .......... .......... .......... 78% 57.4M 4s
180000K .......... .......... .......... .......... .......... 78% 68.0M 4s
180050K .......... .......... .......... .......... .......... 78% 71.7M 4s
180100K .......... .......... .......... .......... .......... 78%  100M 4s
180150K .......... .......... .......... .......... .......... 78% 80.4M 4s
180200K .......... .......... .......... .......... .......... 78% 65.4M 4s
180250K .......... .......... .......... .......... .......... 78% 26.0M 4s
180300K .......... .......... .......... .......... .......... 78%  150M 4s
180350K .......... .......... .......... .......... .......... 78% 70.7M 4s
180400K .......... .......... .......... .......... .......... 78%  115M 4s
180450K .......... .......... .......... .......... .......... 78%  105M 4s
180500K .......... .......... .......... .......... .......... 78% 93.0M 4s
180550K .......... .......... .......... .......... .......... 78% 63.5M 4s
180600K .......... .......... .......... .......... .......... 78%  130M 4s
180650K .......... .......... .......... .......... .......... 78% 83.2M 4s
180700K .......... .......... .......... .......... .......... 78% 59.9M 4s
180750K .......... .......... .......... .......... .......... 78% 59.8M 4s
180800K .......... .......... .......... .......... .......... 78% 65.5M 4s
180850K .......... .......... .......... .......... .......... 78% 56.1M 4s
180900K .......... .......... .......... .......... .......... 78% 69.2M 4s
180950K .......... .......... .......... .......... .......... 78%  103M 4s
181000K .......... .......... .......... .......... .......... 78% 82.9M 4s
181050K .......... .......... .......... .......... .......... 78% 64.2M 4s
181100K .......... .......... .......... .......... .......... 78% 72.6M 4s
181150K .......... .......... .......... .......... .......... 78% 59.3M 4s
181200K .......... .......... .......... .......... .......... 78%  131M 4s
181250K .......... .......... .......... .......... .......... 78% 55.9M 4s
181300K .......... .......... .......... .......... .......... 78% 79.7M 4s
181350K .......... .......... .......... .......... .......... 78% 56.5M 4s
181400K .......... .......... .......... .......... .......... 78%  172M 4s
181450K .......... .......... .......... .......... .......... 79% 52.8M 4s
181500K .......... .......... .......... .......... .......... 79% 97.5M 4s
181550K .......... .......... .......... .......... .......... 79% 57.1M 4s
181600K .......... .......... .......... .......... .......... 79% 48.1M 4s
181650K .......... .......... .......... .......... .......... 79% 86.9M 4s
181700K .......... .......... .......... .......... .......... 79%  125M 4s
181750K .......... .......... .......... .......... .......... 79% 74.5M 4s
181800K .......... .......... .......... .......... .......... 79% 67.6M 4s
181850K .......... .......... .......... .......... .......... 79% 60.5M 4s
181900K .......... .......... .......... .......... .......... 79% 55.7M 4s
181950K .......... .......... .......... .......... .......... 79%  138M 4s
182000K .......... .......... .......... .......... .......... 79% 79.7M 4s
182050K .......... .......... .......... .......... .......... 79% 69.4M 4s
182100K .......... .......... .......... .......... .......... 79% 67.3M 4s
182150K .......... .......... .......... .......... .......... 79%  127M 4s
182200K .......... .......... .......... .......... .......... 79% 63.3M 4s
182250K .......... .......... .......... .......... .......... 79% 65.7M 4s
182300K .......... .......... .......... .......... .......... 79% 61.7M 4s
182350K .......... .......... .......... .......... .......... 79% 50.6M 4s
182400K .......... .......... .......... .......... .......... 79% 67.1M 4s
182450K .......... .......... .......... .......... .......... 79%  130M 4s
182500K .......... .......... .......... .......... .......... 79% 87.4M 4s
182550K .......... .......... .......... .......... .......... 79% 61.5M 4s
182600K .......... .......... .......... .......... .......... 79% 74.2M 4s
182650K .......... .......... .......... .......... .......... 79%  118M 4s
182700K .......... .......... .......... .......... .......... 79% 53.9M 4s
182750K .......... .......... .......... .......... .......... 79% 75.1M 3s
182800K .......... .......... .......... .......... .......... 79% 67.9M 3s
182850K .......... .......... .......... .......... .......... 79% 73.6M 3s
182900K .......... .......... .......... .......... .......... 79%  425K 4s
182950K .......... .......... .......... .......... .......... 79% 71.4M 4s
183000K .......... .......... .......... .......... .......... 79%  104M 4s
183050K .......... .......... .......... .......... .......... 79%  101M 3s
183100K .......... .......... .......... .......... .......... 79% 66.0M 3s
183150K .......... .......... .......... .......... .......... 79% 72.0M 3s
183200K .......... .......... .......... .......... .......... 79% 62.6M 3s
183250K .......... .......... .......... .......... .......... 79% 87.5M 3s
183300K .......... .......... .......... .......... .......... 79% 63.9M 3s
183350K .......... .......... .......... .......... .......... 79% 89.1M 3s
183400K .......... .......... .......... .......... .......... 79% 64.5M 3s
183450K .......... .......... .......... .......... .......... 79%  109M 3s
183500K .......... .......... .......... .......... .......... 79% 88.0M 3s
183550K .......... .......... .......... .......... .......... 79% 54.4M 3s
183600K .......... .......... .......... .......... .......... 79% 79.8M 3s
183650K .......... .......... .......... .......... .......... 79% 55.3M 3s
183700K .......... .......... .......... .......... .......... 79% 68.1M 3s
183750K .......... .......... .......... .......... .......... 80%  200M 3s
183800K .......... .......... .......... .......... .......... 80% 68.5M 3s
183850K .......... .......... .......... .......... .......... 80% 55.7M 3s
183900K .......... .......... .......... .......... .......... 80% 67.9M 3s
183950K .......... .......... .......... .......... .......... 80% 71.3M 3s
184000K .......... .......... .......... .......... .......... 80%  103M 3s
184050K .......... .......... .......... .......... .......... 80% 79.1M 3s
184100K .......... .......... .......... .......... .......... 80% 68.0M 3s
184150K .......... .......... .......... .......... .......... 80% 51.4M 3s
184200K .......... .......... .......... .......... .......... 80%  131M 3s
184250K .......... .......... .......... .......... .......... 80% 91.7M 3s
184300K .......... .......... .......... .......... .......... 80% 61.3M 3s
184350K .......... .......... .......... .......... .......... 80% 49.4M 3s
184400K .......... .......... .......... .......... .......... 80% 64.7M 3s
184450K .......... .......... .......... .......... .......... 80% 70.9M 3s
184500K .......... .......... .......... .......... .......... 80%  212M 3s
184550K .......... .......... .......... .......... .......... 80% 56.8M 3s
184600K .......... .......... .......... .......... .......... 80% 68.0M 3s
184650K .......... .......... .......... .......... .......... 80% 77.5M 3s
184700K .......... .......... .......... .......... .......... 80% 61.0M 3s
184750K .......... .......... .......... .......... .......... 80% 95.4M 3s
184800K .......... .......... .......... .......... .......... 80% 75.9M 3s
184850K .......... .......... .......... .......... .......... 80% 63.0M 3s
184900K .......... .......... .......... .......... .......... 80% 60.3M 3s
184950K .......... .......... .......... .......... .......... 80% 89.4M 3s
185000K .......... .......... .......... .......... .......... 80% 51.1M 3s
185050K .......... .......... .......... .......... .......... 80%  104M 3s
185100K .......... .......... .......... .......... .......... 80% 80.2M 3s
185150K .......... .......... .......... .......... .......... 80% 64.0M 3s
185200K .......... .......... .......... .......... .......... 80% 71.7M 3s
185250K .......... .......... .......... .......... .......... 80% 61.3M 3s
185300K .......... .......... .......... .......... .......... 80%  201M 3s
185350K .......... .......... .......... .......... .......... 80% 53.7M 3s
185400K .......... .......... .......... .......... .......... 80% 88.1M 3s
185450K .......... .......... .......... .......... .......... 80% 56.2M 3s
185500K .......... .......... .......... .......... .......... 80%  216M 3s
185550K .......... .......... .......... .......... .......... 80% 45.3M 3s
185600K .......... .......... .......... .......... .......... 80% 30.8M 3s
185650K .......... .......... .......... .......... .......... 80%  124M 3s
185700K .......... .......... .......... .......... .......... 80%  114M 3s
185750K .......... .......... .......... .......... .......... 80% 65.8M 3s
185800K .......... .......... .......... .......... .......... 80%  165M 3s
185850K .......... .......... .......... .......... .......... 80% 78.1M 3s
185900K .......... .......... .......... .......... .......... 80% 51.7M 3s
185950K .......... .......... .......... .......... .......... 80% 97.7M 3s
186000K .......... .......... .......... .......... .......... 80% 60.9M 3s
186050K .......... .......... .......... .......... .......... 81%  124M 3s
186100K .......... .......... .......... .......... .......... 81% 71.6M 3s
186150K .......... .......... .......... .......... .......... 81% 73.8M 3s
186200K .......... .......... .......... .......... .......... 81% 68.4M 3s
186250K .......... .......... .......... .......... .......... 81%  118M 3s
186300K .......... .......... .......... .......... .......... 81% 62.1M 3s
186350K .......... .......... .......... .......... .......... 81% 69.3M 3s
186400K .......... .......... .......... .......... .......... 81% 61.5M 3s
186450K .......... .......... .......... .......... .......... 81% 55.3M 3s
186500K .......... .......... .......... .......... .......... 81% 60.6M 3s
186550K .......... .......... .......... .......... .......... 81%  119M 3s
186600K .......... .......... .......... .......... .......... 81% 86.2M 3s
186650K .......... .......... .......... .......... .......... 81% 64.3M 3s
186700K .......... .......... .......... .......... .......... 81% 69.3M 3s
186750K .......... .......... .......... .......... .......... 81% 70.1M 3s
186800K .......... .......... .......... .......... .......... 81%  115M 3s
186850K .......... .......... .......... .......... .......... 81% 63.1M 3s
186900K .......... .......... .......... .......... .......... 81% 74.6M 3s
186950K .......... .......... .......... .......... .......... 81% 47.8M 3s
187000K .......... .......... .......... .......... .......... 81%  427K 3s
187050K .......... .......... .......... .......... .......... 81% 57.8M 3s
187100K .......... .......... .......... .......... .......... 81% 66.9M 3s
187150K .......... .......... .......... .......... .......... 81% 59.0M 3s
187200K .......... .......... .......... .......... .......... 81% 41.2M 3s
187250K .......... .......... .......... .......... .......... 81% 60.1M 3s
187300K .......... .......... .......... .......... .......... 81% 95.9M 3s
187350K .......... .......... .......... .......... .......... 81% 51.0M 3s
187400K .......... .......... .......... .......... .......... 81% 90.8M 3s
187450K .......... .......... .......... .......... .......... 81%  221M 3s
187500K .......... .......... .......... .......... .......... 81%  252M 3s
187550K .......... .......... .......... .......... .......... 81%  137M 3s
187600K .......... .......... .......... .......... .......... 81%  128M 3s
187650K .......... .......... .......... .......... .......... 81% 66.0M 3s
187700K .......... .......... .......... .......... .......... 81% 73.1M 3s
187750K .......... .......... .......... .......... .......... 81% 46.1M 3s
187800K .......... .......... .......... .......... .......... 81% 84.2M 3s
187850K .......... .......... .......... .......... .......... 81%  115M 3s
187900K .......... .......... .......... .......... .......... 81% 61.1M 3s
187950K .......... .......... .......... .......... .......... 81% 78.0M 3s
188000K .......... .......... .......... .......... .......... 81% 56.8M 3s
188050K .......... .......... .......... .......... .......... 81% 81.7M 3s
188100K .......... .......... .......... .......... .......... 81%  168M 3s
188150K .......... .......... .......... .......... .......... 81% 64.5M 3s
188200K .......... .......... .......... .......... .......... 81% 39.0M 3s
188250K .......... .......... .......... .......... .......... 81%  160M 3s
188300K .......... .......... .......... .......... .......... 81% 59.5M 3s
188350K .......... .......... .......... .......... .......... 82%  189M 3s
188400K .......... .......... .......... .......... .......... 82% 66.4M 3s
188450K .......... .......... .......... .......... .......... 82% 63.9M 3s
188500K .......... .......... .......... .......... .......... 82% 39.1M 3s
188550K .......... .......... .......... .......... .......... 82% 85.0M 3s
188600K .......... .......... .......... .......... .......... 82%  138M 3s
188650K .......... .......... .......... .......... .......... 82% 82.5M 3s
188700K .......... .......... .......... .......... .......... 82% 64.5M 3s
188750K .......... .......... .......... .......... .......... 82% 76.1M 3s
188800K .......... .......... .......... .......... .......... 82% 68.5M 3s
188850K .......... .......... .......... .......... .......... 82% 96.6M 3s
188900K .......... .......... .......... .......... .......... 82% 77.8M 3s
188950K .......... .......... .......... .......... .......... 82% 58.2M 3s
189000K .......... .......... .......... .......... .......... 82% 73.3M 3s
189050K .......... .......... .......... .......... .......... 82% 50.6M 3s
189100K .......... .......... .......... .......... .......... 82% 61.5M 3s
189150K .......... .......... .......... .......... .......... 82% 56.3M 3s
189200K .......... .......... .......... .......... .......... 82%  161M 3s
189250K .......... .......... .......... .......... .......... 82% 68.3M 3s
189300K .......... .......... .......... .......... .......... 82% 71.7M 3s
189350K .......... .......... .......... .......... .......... 82% 56.5M 3s
189400K .......... .......... .......... .......... .......... 82%  134M 3s
189450K .......... .......... .......... .......... .......... 82% 85.4M 3s
189500K .......... .......... .......... .......... .......... 82% 64.3M 3s
189550K .......... .......... .......... .......... .......... 82% 60.9M 3s
189600K .......... .......... .......... .......... .......... 82% 62.2M 3s
189650K .......... .......... .......... .......... .......... 82%  126M 3s
189700K .......... .......... .......... .......... .......... 82% 73.4M 3s
189750K .......... .......... .......... .......... .......... 82% 71.9M 3s
189800K .......... .......... .......... .......... .......... 82% 47.3M 3s
189850K .......... .......... .......... .......... .......... 82% 97.2M 3s
189900K .......... .......... .......... .......... .......... 82%  116M 3s
189950K .......... .......... .......... .......... .......... 82% 60.1M 3s
190000K .......... .......... .......... .......... .......... 82% 60.9M 3s
190050K .......... .......... .......... .......... .......... 82% 66.1M 3s
190100K .......... .......... .......... .......... .......... 82% 68.2M 3s
190150K .......... .......... .......... .......... .......... 82%  125M 3s
190200K .......... .......... .......... .......... .......... 82% 64.3M 3s
190250K .......... .......... .......... .......... .......... 82% 72.9M 3s
190300K .......... .......... .......... .......... .......... 82% 61.9M 3s
190350K .......... .......... .......... .......... .......... 82% 59.4M 3s
190400K .......... .......... .......... .......... .......... 82%  115M 3s
190450K .......... .......... .......... .......... .......... 82% 92.5M 3s
190500K .......... .......... .......... .......... .......... 82% 71.1M 3s
190550K .......... .......... .......... .......... .......... 82% 46.4M 3s
190600K .......... .......... .......... .......... .......... 82% 84.8M 3s
190650K .......... .......... .......... .......... .......... 83%  126M 3s
190700K .......... .......... .......... .......... .......... 83% 67.6M 3s
190750K .......... .......... .......... .......... .......... 83% 54.2M 3s
190800K .......... .......... .......... .......... .......... 83% 61.6M 3s
190850K .......... .......... .......... .......... .......... 83% 78.2M 3s
190900K .......... .......... .......... .......... .......... 83%  128M 3s
190950K .......... .......... .......... .......... .......... 83% 67.0M 3s
191000K .......... .......... .......... .......... .......... 83% 63.6M 3s
191050K .......... .......... .......... .......... .......... 83% 59.8M 3s
191100K .......... .......... .......... .......... .......... 83%  428K 3s
191150K .......... .......... .......... .......... .......... 83% 57.8M 3s
191200K .......... .......... .......... .......... .......... 83% 72.5M 3s
191250K .......... .......... .......... .......... .......... 83%  141M 3s
191300K .......... .......... .......... .......... .......... 83% 73.3M 3s
191350K .......... .......... .......... .......... .......... 83% 69.7M 3s
191400K .......... .......... .......... .......... .......... 83% 61.1M 3s
191450K .......... .......... .......... .......... .......... 83%  126M 3s
191500K .......... .......... .......... .......... .......... 83% 75.4M 3s
191550K .......... .......... .......... .......... .......... 83% 59.1M 3s
191600K .......... .......... .......... .......... .......... 83% 60.9M 3s
191650K .......... .......... .......... .......... .......... 83% 61.2M 3s
191700K .......... .......... .......... .......... .......... 83%  126M 3s
191750K .......... .......... .......... .......... .......... 83% 84.5M 3s
191800K .......... .......... .......... .......... .......... 83% 65.1M 3s
191850K .......... .......... .......... .......... .......... 83% 50.5M 3s
191900K .......... .......... .......... .......... .......... 83% 93.9M 3s
191950K .......... .......... .......... .......... .......... 83% 49.9M 3s
192000K .......... .......... .......... .......... .......... 83%  188M 3s
192050K .......... .......... .......... .......... .......... 83% 67.7M 3s
192100K .......... .......... .......... .......... .......... 83% 66.7M 3s
192150K .......... .......... .......... .......... .......... 83% 69.0M 3s
192200K .......... .......... .......... .......... .......... 83% 99.5M 3s
192250K .......... .......... .......... .......... .......... 83% 64.1M 3s
192300K .......... .......... .......... .......... .......... 83% 72.7M 3s
192350K .......... .......... .......... .......... .......... 83% 61.0M 3s
192400K .......... .......... .......... .......... .......... 83% 77.6M 3s
192450K .......... .......... .......... .......... .......... 83% 98.7M 3s
192500K .......... .......... .......... .......... .......... 83% 79.2M 3s
192550K .......... .......... .......... .......... .......... 83% 62.1M 3s
192600K .......... .......... .......... .......... .......... 83% 50.7M 3s
192650K .......... .......... .......... .......... .......... 83% 81.0M 3s
192700K .......... .......... .......... .......... .......... 83% 51.8M 3s
192750K .......... .......... .......... .......... .......... 83% 68.9M 3s
192800K .......... .......... .......... .......... .......... 83%  136M 3s
192850K .......... .......... .......... .......... .......... 83% 84.5M 3s
192900K .......... .......... .......... .......... .......... 83% 62.6M 3s
192950K .......... .......... .......... .......... .......... 84%  120M 3s
193000K .......... .......... .......... .......... .......... 84% 63.3M 3s
193050K .......... .......... .......... .......... .......... 84% 70.1M 3s
193100K .......... .......... .......... .......... .......... 84% 53.4M 3s
193150K .......... .......... .......... .......... .......... 84% 55.9M 3s
193200K .......... .......... .......... .......... .......... 84% 56.1M 3s
193250K .......... .......... .......... .......... .......... 84% 95.8M 3s
193300K .......... .......... .......... .......... .......... 84%  116M 3s
193350K .......... .......... .......... .......... .......... 84% 66.6M 3s
193400K .......... .......... .......... .......... .......... 84% 64.8M 3s
193450K .......... .......... .......... .......... .......... 84% 73.6M 3s
193500K .......... .......... .......... .......... .......... 84%  115M 3s
193550K .......... .......... .......... .......... .......... 84% 64.1M 3s
193600K .......... .......... .......... .......... .......... 84% 63.9M 3s
193650K .......... .......... .......... .......... .......... 84% 67.4M 3s
193700K .......... .......... .......... .......... .......... 84% 59.4M 3s
193750K .......... .......... .......... .......... .......... 84% 11.2M 3s
193800K .......... .......... .......... .......... .......... 84%  230M 3s
193850K .......... .......... .......... .......... .......... 84%  305M 3s
193900K .......... .......... .......... .......... .......... 84%  298M 3s
193950K .......... .......... .......... .......... .......... 84%  206M 3s
194000K .......... .......... .......... .......... .......... 84%  225M 3s
194050K .......... .......... .......... .......... .......... 84%  282M 3s
194100K .......... .......... .......... .......... .......... 84%  320M 3s
194150K .......... .......... .......... .......... .......... 84%  223M 3s
194200K .......... .......... .......... .......... .......... 84% 55.9M 3s
194250K .......... .......... .......... .......... .......... 84%  190M 3s
194300K .......... .......... .......... .......... .......... 84% 55.9M 3s
194350K .......... .......... .......... .......... .......... 84% 70.6M 3s
194400K .......... .......... .......... .......... .......... 84% 64.6M 3s
194450K .......... .......... .......... .......... .......... 84% 69.7M 3s
194500K .......... .......... .......... .......... .......... 84%  136M 3s
194550K .......... .......... .......... .......... .......... 84% 56.6M 3s
194600K .......... .......... .......... .......... .......... 84% 92.3M 3s
194650K .......... .......... .......... .......... .......... 84% 44.7M 3s
194700K .......... .......... .......... .......... .......... 84% 58.8M 3s
194750K .......... .......... .......... .......... .......... 84% 81.4M 3s
194800K .......... .......... .......... .......... .......... 84% 54.1M 3s
194850K .......... .......... .......... .......... .......... 84%  224M 3s
194900K .......... .......... .......... .......... .......... 84% 80.6M 3s
194950K .......... .......... .......... .......... .......... 84% 53.6M 3s
195000K .......... .......... .......... .......... .......... 84%  141M 3s
195050K .......... .......... .......... .......... .......... 84% 78.5M 3s
195100K .......... .......... .......... .......... .......... 84% 64.4M 3s
195150K .......... .......... .......... .......... .......... 84% 53.6M 3s
195200K .......... .......... .......... .......... .......... 84%  427K 3s
195250K .......... .......... .......... .......... .......... 85% 72.1M 3s
195300K .......... .......... .......... .......... .......... 85% 75.2M 3s
195350K .......... .......... .......... .......... .......... 85% 79.1M 3s
195400K .......... .......... .......... .......... .......... 85% 97.1M 3s
195450K .......... .......... .......... .......... .......... 85% 50.9M 2s
195500K .......... .......... .......... .......... .......... 85% 86.6M 2s
195550K .......... .......... .......... .......... .......... 85% 67.7M 2s
195600K .......... .......... .......... .......... .......... 85%  197M 2s
195650K .......... .......... .......... .......... .......... 85% 64.9M 2s
195700K .......... .......... .......... .......... .......... 85% 61.6M 2s
195750K .......... .......... .......... .......... .......... 85% 66.1M 2s
195800K .......... .......... .......... .......... .......... 85%  136M 2s
195850K .......... .......... .......... .......... .......... 85% 65.0M 2s
195900K .......... .......... .......... .......... .......... 85% 58.1M 2s
195950K .......... .......... .......... .......... .......... 85% 59.2M 2s
196000K .......... .......... .......... .......... .......... 85% 81.0M 2s
196050K .......... .......... .......... .......... .......... 85% 55.8M 2s
196100K .......... .......... .......... .......... .......... 85%  117M 2s
196150K .......... .......... .......... .......... .......... 85% 62.0M 2s
196200K .......... .......... .......... .......... .......... 85%  101M 2s
196250K .......... .......... .......... .......... .......... 85% 68.1M 2s
196300K .......... .......... .......... .......... .......... 85% 59.1M 2s
196350K .......... .......... .......... .......... .......... 85% 94.6M 2s
196400K .......... .......... .......... .......... .......... 85% 86.2M 2s
196450K .......... .......... .......... .......... .......... 85% 50.3M 2s
196500K .......... .......... .......... .......... .......... 85% 64.2M 2s
196550K .......... .......... .......... .......... .......... 85%  201M 2s
196600K .......... .......... .......... .......... .......... 85% 72.6M 2s
196650K .......... .......... .......... .......... .......... 85% 70.1M 2s
196700K .......... .......... .......... .......... .......... 85% 48.5M 2s
196750K .......... .......... .......... .......... .......... 85% 66.3M 2s
196800K .......... .......... .......... .......... .......... 85% 66.8M 2s
196850K .......... .......... .......... .......... .......... 85%  187M 2s
196900K .......... .......... .......... .......... .......... 85% 63.0M 2s
196950K .......... .......... .......... .......... .......... 85% 68.4M 2s
197000K .......... .......... .......... .......... .......... 85% 52.0M 2s
197050K .......... .......... .......... .......... .......... 85% 90.4M 2s
197100K .......... .......... .......... .......... .......... 85% 57.5M 2s
197150K .......... .......... .......... .......... .......... 85% 93.2M 2s
197200K .......... .......... .......... .......... .......... 85% 57.7M 2s
197250K .......... .......... .......... .......... .......... 85% 97.5M 2s
197300K .......... .......... .......... .......... .......... 85% 59.1M 2s
197350K .......... .......... .......... .......... .......... 85% 72.0M 2s
197400K .......... .......... .......... .......... .......... 85% 94.3M 2s
197450K .......... .......... .......... .......... .......... 85% 85.6M 2s
197500K .......... .......... .......... .......... .......... 85% 74.1M 2s
197550K .......... .......... .......... .......... .......... 86% 48.5M 2s
197600K .......... .......... .......... .......... .......... 86% 67.6M 2s
197650K .......... .......... .......... .......... .......... 86%  130M 2s
197700K .......... .......... .......... .......... .......... 86% 83.3M 2s
197750K .......... .......... .......... .......... .......... 86% 63.2M 2s
197800K .......... .......... .......... .......... .......... 86% 47.6M 2s
197850K .......... .......... .......... .......... .......... 86% 98.2M 2s
197900K .......... .......... .......... .......... .......... 86%  101M 2s
197950K .......... .......... .......... .......... .......... 86% 36.3M 2s
198000K .......... .......... .......... .......... .......... 86%  175M 2s
198050K .......... .......... .......... .......... .......... 86% 89.5M 2s
198100K .......... .......... .......... .......... .......... 86% 71.2M 2s
198150K .......... .......... .......... .......... .......... 86%  110M 2s
198200K .......... .......... .......... .......... .......... 86% 57.6M 2s
198250K .......... .......... .......... .......... .......... 86% 65.0M 2s
198300K .......... .......... .......... .......... .......... 86% 64.2M 2s
198350K .......... .......... .......... .......... .......... 86% 65.9M 2s
198400K .......... .......... .......... .......... .......... 86%  128M 2s
198450K .......... .......... .......... .......... .......... 86% 89.1M 2s
198500K .......... .......... .......... .......... .......... 86% 58.6M 2s
198550K .......... .......... .......... .......... .......... 86% 71.1M 2s
198600K .......... .......... .......... .......... .......... 86% 86.2M 2s
198650K .......... .......... .......... .......... .......... 86% 73.6M 2s
198700K .......... .......... .......... .......... .......... 86% 62.2M 2s
198750K .......... .......... .......... .......... .......... 86% 55.3M 2s
198800K .......... .......... .......... .......... .......... 86% 81.6M 2s
198850K .......... .......... .......... .......... .......... 86% 62.5M 2s
198900K .......... .......... .......... .......... .......... 86%  169M 2s
198950K .......... .......... .......... .......... .......... 86% 63.7M 2s
199000K .......... .......... .......... .......... .......... 86% 75.2M 2s
199050K .......... .......... .......... .......... .......... 86% 53.0M 2s
199100K .......... .......... .......... .......... .......... 86% 62.9M 2s
199150K .......... .......... .......... .......... .......... 86%  131M 2s
199200K .......... .......... .......... .......... .......... 86% 75.7M 2s
199250K .......... .......... .......... .......... .......... 86% 78.1M 2s
199300K .......... .......... .......... .......... .......... 86%  425K 2s
199350K .......... .......... .......... .......... .......... 86% 53.6M 2s
199400K .......... .......... .......... .......... .......... 86% 72.7M 2s
199450K .......... .......... .......... .......... .......... 86%  123M 2s
199500K .......... .......... .......... .......... .......... 86% 84.6M 2s
199550K .......... .......... .......... .......... .......... 86% 62.1M 2s
199600K .......... .......... .......... .......... .......... 86% 63.9M 2s
199650K .......... .......... .......... .......... .......... 86% 97.0M 2s
199700K .......... .......... .......... .......... .......... 86%  125M 2s
199750K .......... .......... .......... .......... .......... 86% 51.7M 2s
199800K .......... .......... .......... .......... .......... 86% 75.5M 2s
199850K .......... .......... .......... .......... .......... 87% 64.8M 2s
199900K .......... .......... .......... .......... .......... 87%  229M 2s
199950K .......... .......... .......... .......... .......... 87% 48.1M 2s
200000K .......... .......... .......... .......... .......... 87% 38.5M 2s
200050K .......... .......... .......... .......... .......... 87%  159M 2s
200100K .......... .......... .......... .......... .......... 87% 87.4M 2s
200150K .......... .......... .......... .......... .......... 87% 56.0M 2s
200200K .......... .......... .......... .......... .......... 87%  122M 2s
200250K .......... .......... .......... .......... .......... 87% 58.6M 2s
200300K .......... .......... .......... .......... .......... 87% 65.1M 2s
200350K .......... .......... .......... .......... .......... 87% 50.5M 2s
200400K .......... .......... .......... .......... .......... 87%  132M 2s
200450K .......... .......... .......... .......... .......... 87% 69.0M 2s
200500K .......... .......... .......... .......... .......... 87%  124M 2s
200550K .......... .......... .......... .......... .......... 87% 52.3M 2s
200600K .......... .......... .......... .......... .......... 87%  123M 2s
200650K .......... .......... .......... .......... .......... 87% 68.8M 2s
200700K .......... .......... .......... .......... .......... 87% 44.8M 2s
200750K .......... .......... .......... .......... .......... 87%  139M 2s
200800K .......... .......... .......... .......... .......... 87% 89.2M 2s
200850K .......... .......... .......... .......... .......... 87% 74.5M 2s
200900K .......... .......... .......... .......... .......... 87% 56.8M 2s
200950K .......... .......... .......... .......... .......... 87%  121M 2s
201000K .......... .......... .......... .......... .......... 87% 39.8M 2s
201050K .......... .......... .......... .......... .......... 87%  122M 2s
201100K .......... .......... .......... .......... .......... 87% 68.4M 2s
201150K .......... .......... .......... .......... .......... 87% 76.6M 2s
201200K .......... .......... .......... .......... .......... 87% 56.3M 2s
201250K .......... .......... .......... .......... .......... 87%  122M 2s
201300K .......... .......... .......... .......... .......... 87% 73.0M 2s
201350K .......... .......... .......... .......... .......... 87% 47.1M 2s
201400K .......... .......... .......... .......... .......... 87%  126M 2s
201450K .......... .......... .......... .......... .......... 87% 69.9M 2s
201500K .......... .......... .......... .......... .......... 87% 65.1M 2s
201550K .......... .......... .......... .......... .......... 87% 60.2M 2s
201600K .......... .......... .......... .......... .......... 87%  130M 2s
201650K .......... .......... .......... .......... .......... 87% 71.3M 2s
201700K .......... .......... .......... .......... .......... 87% 69.6M 2s
201750K .......... .......... .......... .......... .......... 87% 67.4M 2s
201800K .......... .......... .......... .......... .......... 87% 53.2M 2s
201850K .......... .......... .......... .......... .......... 87%  136M 2s
201900K .......... .......... .......... .......... .......... 87% 83.9M 2s
201950K .......... .......... .......... .......... .......... 87% 66.5M 2s
202000K .......... .......... .......... .......... .......... 87% 67.6M 2s
202050K .......... .......... .......... .......... .......... 87% 46.5M 2s
202100K .......... .......... .......... .......... .......... 87%  109M 2s
202150K .......... .......... .......... .......... .......... 88% 80.9M 2s
202200K .......... .......... .......... .......... .......... 88% 49.0M 2s
202250K .......... .......... .......... .......... .......... 88%  102M 2s
202300K .......... .......... .......... .......... .......... 88% 75.4M 2s
202350K .......... .......... .......... .......... .......... 88% 96.4M 2s
202400K .......... .......... .......... .......... .......... 88% 78.0M 2s
202450K .......... .......... .......... .......... .......... 88% 58.9M 2s
202500K .......... .......... .......... .......... .......... 88% 78.8M 2s
202550K .......... .......... .......... .......... .......... 88% 91.0M 2s
202600K .......... .......... .......... .......... .......... 88% 89.3M 2s
202650K .......... .......... .......... .......... .......... 88% 64.8M 2s
202700K .......... .......... .......... .......... .......... 88% 49.8M 2s
202750K .......... .......... .......... .......... .......... 88% 83.8M 2s
202800K .......... .......... .......... .......... .......... 88% 46.5M 2s
202850K .......... .......... .......... .......... .......... 88% 89.0M 2s
202900K .......... .......... .......... .......... .......... 88%  108M 2s
202950K .......... .......... .......... .......... .......... 88% 66.6M 2s
203000K .......... .......... .......... .......... .......... 88% 76.6M 2s
203050K .......... .......... .......... .......... .......... 88%  121M 2s
203100K .......... .......... .......... .......... .......... 88% 48.4M 2s
203150K .......... .......... .......... .......... .......... 88% 74.5M 2s
203200K .......... .......... .......... .......... .......... 88% 85.1M 2s
203250K .......... .......... .......... .......... .......... 88% 64.9M 2s
203300K .......... .......... .......... .......... .......... 88%  103M 2s
203350K .......... .......... .......... .......... .......... 88% 80.6M 2s
203400K .......... .......... .......... .......... .......... 88%  425K 2s
203450K .......... .......... .......... .......... .......... 88% 57.9M 2s
203500K .......... .......... .......... .......... .......... 88% 83.5M 2s
203550K .......... .......... .......... .......... .......... 88% 76.2M 2s
203600K .......... .......... .......... .......... .......... 88% 91.8M 2s
203650K .......... .......... .......... .......... .......... 88% 86.2M 2s
203700K .......... .......... .......... .......... .......... 88% 72.7M 2s
203750K .......... .......... .......... .......... .......... 88% 52.6M 2s
203800K .......... .......... .......... .......... .......... 88%  131M 2s
203850K .......... .......... .......... .......... .......... 88% 74.0M 2s
203900K .......... .......... .......... .......... .......... 88% 76.2M 2s
203950K .......... .......... .......... .......... .......... 88% 61.3M 2s
204000K .......... .......... .......... .......... .......... 88% 54.8M 2s
204050K .......... .......... .......... .......... .......... 88%  217M 2s
204100K .......... .......... .......... .......... .......... 88% 33.4M 2s
204150K .......... .......... .......... .......... .......... 88%  202M 2s
204200K .......... .......... .......... .......... .......... 88% 83.4M 2s
204250K .......... .......... .......... .......... .......... 88% 57.3M 2s
204300K .......... .......... .......... .......... .......... 88% 55.7M 2s
204350K .......... .......... .......... .......... .......... 88%  202M 2s
204400K .......... .......... .......... .......... .......... 88% 70.4M 2s
204450K .......... .......... .......... .......... .......... 89% 51.3M 2s
204500K .......... .......... .......... .......... .......... 89% 86.7M 2s
204550K .......... .......... .......... .......... .......... 89%  124M 2s
204600K .......... .......... .......... .......... .......... 89% 70.3M 2s
204650K .......... .......... .......... .......... .......... 89% 65.6M 2s
204700K .......... .......... .......... .......... .......... 89% 56.7M 2s
204750K .......... .......... .......... .......... .......... 89% 63.7M 2s
204800K .......... .......... .......... .......... .......... 89%  129M 2s
204850K .......... .......... .......... .......... .......... 89% 40.8M 2s
204900K .......... .......... .......... .......... .......... 89%  142M 2s
204950K .......... .......... .......... .......... .......... 89% 69.1M 2s
205000K .......... .......... .......... .......... .......... 89% 64.0M 2s
205050K .......... .......... .......... .......... .......... 89%  178M 2s
205100K .......... .......... .......... .......... .......... 89% 58.3M 2s
205150K .......... .......... .......... .......... .......... 89% 61.9M 2s
205200K .......... .......... .......... .......... .......... 89% 68.3M 2s
205250K .......... .......... .......... .......... .......... 89% 74.1M 2s
205300K .......... .......... .......... .......... .......... 89%  114M 2s
205350K .......... .......... .......... .......... .......... 89% 64.4M 2s
205400K .......... .......... .......... .......... .......... 89% 68.9M 2s
205450K .......... .......... .......... .......... .......... 89% 61.2M 2s
205500K .......... .......... .......... .......... .......... 89%  174M 2s
205550K .......... .......... .......... .......... .......... 89% 34.8M 2s
205600K .......... .......... .......... .......... .......... 89% 94.8M 2s
205650K .......... .......... .......... .......... .......... 89%  105M 2s
205700K .......... .......... .......... .......... .......... 89% 62.5M 2s
205750K .......... .......... .......... .......... .......... 89% 61.3M 2s
205800K .......... .......... .......... .......... .......... 89%  133M 2s
205850K .......... .......... .......... .......... .......... 89% 84.2M 2s
205900K .......... .......... .......... .......... .......... 89% 60.5M 2s
205950K .......... .......... .......... .......... .......... 89% 61.7M 2s
206000K .......... .......... .......... .......... .......... 89% 61.1M 2s
206050K .......... .......... .......... .......... .......... 89%  197M 2s
206100K .......... .......... .......... .......... .......... 89% 60.1M 2s
206150K .......... .......... .......... .......... .......... 89% 65.9M 2s
206200K .......... .......... .......... .......... .......... 89% 57.6M 2s
206250K .......... .......... .......... .......... .......... 89%  122M 2s
206300K .......... .......... .......... .......... .......... 89% 25.8M 2s
206350K .......... .......... .......... .......... .......... 89%  171M 2s
206400K .......... .......... .......... .......... .......... 89%  157M 2s
206450K .......... .......... .......... .......... .......... 89%  105M 2s
206500K .......... .......... .......... .......... .......... 89% 71.3M 2s
206550K .......... .......... .......... .......... .......... 89%  127M 2s
206600K .......... .......... .......... .......... .......... 89% 59.2M 2s
206650K .......... .......... .......... .......... .......... 89% 70.7M 2s
206700K .......... .......... .......... .......... .......... 89% 61.9M 2s
206750K .......... .......... .......... .......... .......... 90% 58.5M 2s
206800K .......... .......... .......... .......... .......... 90%  127M 2s
206850K .......... .......... .......... .......... .......... 90% 72.2M 2s
206900K .......... .......... .......... .......... .......... 90% 74.2M 2s
206950K .......... .......... .......... .......... .......... 90% 58.7M 2s
207000K .......... .......... .......... .......... .......... 90%  127M 2s
207050K .......... .......... .......... .......... .......... 90% 41.7M 2s
207100K .......... .......... .......... .......... .......... 90%  142M 2s
207150K .......... .......... .......... .......... .......... 90% 63.0M 2s
207200K .......... .......... .......... .......... .......... 90% 69.3M 2s
207250K .......... .......... .......... .......... .......... 90% 57.4M 2s
207300K .......... .......... .......... .......... .......... 90%  138M 2s
207350K .......... .......... .......... .......... .......... 90% 81.1M 2s
207400K .......... .......... .......... .......... .......... 90% 59.7M 2s
207450K .......... .......... .......... .......... .......... 90% 69.1M 2s
207500K .......... .......... .......... .......... .......... 90%  426K 2s
207550K .......... .......... .......... .......... .......... 90% 62.9M 2s
207600K .......... .......... .......... .......... .......... 90% 95.4M 2s
207650K .......... .......... .......... .......... .......... 90% 58.7M 2s
207700K .......... .......... .......... .......... .......... 90%  218M 2s
207750K .......... .......... .......... .......... .......... 90% 47.3M 2s
207800K .......... .......... .......... .......... .......... 90% 89.3M 2s
207850K .......... .......... .......... .......... .......... 90% 65.9M 2s
207900K .......... .......... .......... .......... .......... 90%  217M 2s
207950K .......... .......... .......... .......... .......... 90% 50.8M 2s
208000K .......... .......... .......... .......... .......... 90% 77.9M 2s
208050K .......... .......... .......... .......... .......... 90% 61.7M 2s
208100K .......... .......... .......... .......... .......... 90% 79.5M 2s
208150K .......... .......... .......... .......... .......... 90%  130M 2s
208200K .......... .......... .......... .......... .......... 90% 32.3M 2s
208250K .......... .......... .......... .......... .......... 90%  228M 2s
208300K .......... .......... .......... .......... .......... 90% 58.6M 2s
208350K .......... .......... .......... .......... .......... 90% 70.4M 2s
208400K .......... .......... .......... .......... .......... 90% 60.7M 2s
208450K .......... .......... .......... .......... .......... 90%  225M 2s
208500K .......... .......... .......... .......... .......... 90% 50.0M 2s
208550K .......... .......... .......... .......... .......... 90% 65.8M 1s
208600K .......... .......... .......... .......... .......... 90% 83.0M 1s
208650K .......... .......... .......... .......... .......... 90% 89.2M 1s
208700K .......... .......... .......... .......... .......... 90% 98.3M 1s
208750K .......... .......... .......... .......... .......... 90% 60.0M 1s
208800K .......... .......... .......... .......... .......... 90% 72.8M 1s
208850K .......... .......... .......... .......... .......... 90% 65.2M 1s
208900K .......... .......... .......... .......... .......... 90%  162M 1s
208950K .......... .......... .......... .......... .......... 90% 33.2M 1s
209000K .......... .......... .......... .......... .......... 90%  232M 1s
209050K .......... .......... .......... .......... .......... 91% 84.5M 1s
209100K .......... .......... .......... .......... .......... 91% 53.5M 1s
209150K .......... .......... .......... .......... .......... 91% 60.1M 1s
209200K .......... .......... .......... .......... .......... 91%  200M 1s
209250K .......... .......... .......... .......... .......... 91% 59.1M 1s
209300K .......... .......... .......... .......... .......... 91% 65.7M 1s
209350K .......... .......... .......... .......... .......... 91% 78.6M 1s
209400K .......... .......... .......... .......... .......... 91% 95.1M 1s
209450K .......... .......... .......... .......... .......... 91% 72.3M 1s
209500K .......... .......... .......... .......... .......... 91% 67.9M 1s
209550K .......... .......... .......... .......... .......... 91% 37.4M 1s
209600K .......... .......... .......... .......... .......... 91%  139M 1s
209650K .......... .......... .......... .......... .......... 91% 76.0M 1s
209700K .......... .......... .......... .......... .......... 91% 55.1M 1s
209750K .......... .......... .......... .......... .......... 91%  116M 1s
209800K .......... .......... .......... .......... .......... 91% 98.2M 1s
209850K .......... .......... .......... .......... .......... 91% 69.5M 1s
209900K .......... .......... .......... .......... .......... 91% 54.8M 1s
209950K .......... .......... .......... .......... .......... 91% 65.0M 1s
210000K .......... .......... .......... .......... .......... 91%  106M 1s
210050K .......... .......... .......... .......... .......... 91% 52.3M 1s
210100K .......... .......... .......... .......... .......... 91% 95.8M 1s
210150K .......... .......... .......... .......... .......... 91% 69.5M 1s
210200K .......... .......... .......... .......... .......... 91%  129M 1s
210250K .......... .......... .......... .......... .......... 91% 37.7M 1s
210300K .......... .......... .......... .......... .......... 91%  212M 1s
210350K .......... .......... .......... .......... .......... 91% 55.6M 1s
210400K .......... .......... .......... .......... .......... 91% 78.1M 1s
210450K .......... .......... .......... .......... .......... 91% 57.8M 1s
210500K .......... .......... .......... .......... .......... 91%  220M 1s
210550K .......... .......... .......... .......... .......... 91% 61.1M 1s
210600K .......... .......... .......... .......... .......... 91% 55.9M 1s
210650K .......... .......... .......... .......... .......... 91% 80.9M 1s
210700K .......... .......... .......... .......... .......... 91% 56.7M 1s
210750K .......... .......... .......... .......... .......... 91%  126M 1s
210800K .......... .......... .......... .......... .......... 91% 80.4M 1s
210850K .......... .......... .......... .......... .......... 91% 60.5M 1s
210900K .......... .......... .......... .......... .......... 91% 73.6M 1s
210950K .......... .......... .......... .......... .......... 91%  118M 1s
211000K .......... .......... .......... .......... .......... 91% 27.5M 1s
211050K .......... .......... .......... .......... .......... 91% 98.0M 1s
211100K .......... .......... .......... .......... .......... 91% 99.5M 1s
211150K .......... .......... .......... .......... .......... 91%  106M 1s
211200K .......... .......... .......... .......... .......... 91% 85.6M 1s
211250K .......... .......... .......... .......... .......... 91%  124M 1s
211300K .......... .......... .......... .......... .......... 91% 68.0M 1s
211350K .......... .......... .......... .......... .......... 92% 69.9M 1s
211400K .......... .......... .......... .......... .......... 92% 53.9M 1s
211450K .......... .......... .......... .......... .......... 92%  233M 1s
211500K .......... .......... .......... .......... .......... 92% 51.6M 1s
211550K .......... .......... .......... .......... .......... 92%  425K 1s
211600K .......... .......... .......... .......... .......... 92% 74.5M 1s
211650K .......... .......... .......... .......... .......... 92% 84.4M 1s
211700K .......... .......... .......... .......... .......... 92% 94.8M 1s
211750K .......... .......... .......... .......... .......... 92% 99.0M 1s
211800K .......... .......... .......... .......... .......... 92%  123M 1s
211850K .......... .......... .......... .......... .......... 92% 57.8M 1s
211900K .......... .......... .......... .......... .......... 92% 64.2M 1s
211950K .......... .......... .......... .......... .......... 92% 60.6M 1s
212000K .......... .......... .......... .......... .......... 92% 80.4M 1s
212050K .......... .......... .......... .......... .......... 92%  115M 1s
212100K .......... .......... .......... .......... .......... 92% 74.3M 1s
212150K .......... .......... .......... .......... .......... 92% 57.5M 1s
212200K .......... .......... .......... .......... .......... 92% 73.9M 1s
212250K .......... .......... .......... .......... .......... 92%  122M 1s
212300K .......... .......... .......... .......... .......... 92% 38.4M 1s
212350K .......... .......... .......... .......... .......... 92% 82.9M 1s
212400K .......... .......... .......... .......... .......... 92% 84.7M 1s
212450K .......... .......... .......... .......... .......... 92% 73.9M 1s
212500K .......... .......... .......... .......... .......... 92% 80.6M 1s
212550K .......... .......... .......... .......... .......... 92%  126M 1s
212600K .......... .......... .......... .......... .......... 92% 69.3M 1s
212650K .......... .......... .......... .......... .......... 92% 62.1M 1s
212700K .......... .......... .......... .......... .......... 92% 60.5M 1s
212750K .......... .......... .......... .......... .......... 92% 55.6M 1s
212800K .......... .......... .......... .......... .......... 92%  192M 1s
212850K .......... .......... .......... .......... .......... 92% 73.4M 1s
212900K .......... .......... .......... .......... .......... 92% 60.4M 1s
212950K .......... .......... .......... .......... .......... 92% 66.6M 1s
213000K .......... .......... .......... .......... .......... 92%  125M 1s
213050K .......... .......... .......... .......... .......... 92% 34.2M 1s
213100K .......... .......... .......... .......... .......... 92%  255M 1s
213150K .......... .......... .......... .......... .......... 92% 50.8M 1s
213200K .......... .......... .......... .......... .......... 92% 79.8M 1s
213250K .......... .......... .......... .......... .......... 92% 64.3M 1s
213300K .......... .......... .......... .......... .......... 92%  125M 1s
213350K .......... .......... .......... .......... .......... 92% 91.3M 1s
213400K .......... .......... .......... .......... .......... 92% 64.3M 1s
213450K .......... .......... .......... .......... .......... 92% 62.2M 1s
213500K .......... .......... .......... .......... .......... 92% 58.4M 1s
213550K .......... .......... .......... .......... .......... 92%  188M 1s
213600K .......... .......... .......... .......... .......... 93% 38.7M 1s
213650K .......... .......... .......... .......... .......... 93% 58.6M 1s
213700K .......... .......... .......... .......... .......... 93%  135M 1s
213750K .......... .......... .......... .......... .......... 93% 81.1M 1s
213800K .......... .......... .......... .......... .......... 93% 63.1M 1s
213850K .......... .......... .......... .......... .......... 93%  123M 1s
213900K .......... .......... .......... .......... .......... 93% 84.4M 1s
213950K .......... .......... .......... .......... .......... 93% 58.2M 1s
214000K .......... .......... .......... .......... .......... 93% 59.3M 1s
214050K .......... .......... .......... .......... .......... 93% 79.7M 1s
214100K .......... .......... .......... .......... .......... 93%  105M 1s
214150K .......... .......... .......... .......... .......... 93% 56.0M 1s
214200K .......... .......... .......... .......... .......... 93% 82.5M 1s
214250K .......... .......... .......... .......... .......... 93% 61.5M 1s
214300K .......... .......... .......... .......... .......... 93%  139M 1s
214350K .......... .......... .......... .......... .......... 93% 29.8M 1s
214400K .......... .......... .......... .......... .......... 93% 97.4M 1s
214450K .......... .......... .......... .......... .......... 93%  106M 1s
214500K .......... .......... .......... .......... .......... 93%  119M 1s
214550K .......... .......... .......... .......... .......... 93% 65.5M 1s
214600K .......... .......... .......... .......... .......... 93%  109M 1s
214650K .......... .......... .......... .......... .......... 93% 59.1M 1s
214700K .......... .......... .......... .......... .......... 93% 66.2M 1s
214750K .......... .......... .......... .......... .......... 93% 69.0M 1s
214800K .......... .......... .......... .......... .......... 93% 47.7M 1s
214850K .......... .......... .......... .......... .......... 93%  132M 1s
214900K .......... .......... .......... .......... .......... 93% 96.4M 1s
214950K .......... .......... .......... .......... .......... 93% 79.2M 1s
215000K .......... .......... .......... .......... .......... 93% 73.3M 1s
215050K .......... .......... .......... .......... .......... 93% 98.6M 1s
215100K .......... .......... .......... .......... .......... 93% 34.4M 1s
215150K .......... .......... .......... .......... .......... 93%  146M 1s
215200K .......... .......... .......... .......... .......... 93% 70.8M 1s
215250K .......... .......... .......... .......... .......... 93% 43.2M 1s
215300K .......... .......... .......... .......... .......... 93%  115M 1s
215350K .......... .......... .......... .......... .......... 93% 96.4M 1s
215400K .......... .......... .......... .......... .......... 93%  108M 1s
215450K .......... .......... .......... .......... .......... 93% 61.1M 1s
215500K .......... .......... .......... .......... .......... 93% 35.3M 1s
215550K .......... .......... .......... .......... .......... 93%  128M 1s
215600K .......... .......... .......... .......... .......... 93%  128M 1s
215650K .......... .......... .......... .......... .......... 93%  427K 1s
215700K .......... .......... .......... .......... .......... 93% 55.1M 1s
215750K .......... .......... .......... .......... .......... 93% 80.7M 1s
215800K .......... .......... .......... .......... .......... 93%  102M 1s
215850K .......... .......... .......... .......... .......... 93% 71.8M 1s
215900K .......... .......... .......... .......... .......... 94% 86.2M 1s
215950K .......... .......... .......... .......... .......... 94% 62.5M 1s
216000K .......... .......... .......... .......... .......... 94% 91.8M 1s
216050K .......... .......... .......... .......... .......... 94% 60.1M 1s
216100K .......... .......... .......... .......... .......... 94% 74.4M 1s
216150K .......... .......... .......... .......... .......... 94% 79.3M 1s
216200K .......... .......... .......... .......... .......... 94% 69.4M 1s
216250K .......... .......... .......... .......... .......... 94%  104M 1s
216300K .......... .......... .......... .......... .......... 94% 76.2M 1s
216350K .......... .......... .......... .......... .......... 94% 52.8M 1s
216400K .......... .......... .......... .......... .......... 94% 47.0M 1s
216450K .......... .......... .......... .......... .......... 94%  103M 1s
216500K .......... .......... .......... .......... .......... 94% 87.2M 1s
216550K .......... .......... .......... .......... .......... 94%  114M 1s
216600K .......... .......... .......... .......... .......... 94% 53.6M 1s
216650K .......... .......... .......... .......... .......... 94%  220M 1s
216700K .......... .......... .......... .......... .......... 94% 70.3M 1s
216750K .......... .......... .......... .......... .......... 94% 54.3M 1s
216800K .......... .......... .......... .......... .......... 94% 76.1M 1s
216850K .......... .......... .......... .......... .......... 94% 64.7M 1s
216900K .......... .......... .......... .......... .......... 94%  102M 1s
216950K .......... .......... .......... .......... .......... 94% 78.7M 1s
217000K .......... .......... .......... .......... .......... 94% 60.8M 1s
217050K .......... .......... .......... .......... .......... 94% 66.1M 1s
217100K .......... .......... .......... .......... .......... 94% 58.5M 1s
217150K .......... .......... .......... .......... .......... 94% 50.2M 1s
217200K .......... .......... .......... .......... .......... 94%  138M 1s
217250K .......... .......... .......... .......... .......... 94% 90.9M 1s
217300K .......... .......... .......... .......... .......... 94% 61.4M 1s
217350K .......... .......... .......... .......... .......... 94% 61.2M 1s
217400K .......... .......... .......... .......... .......... 94%  192M 1s
217450K .......... .......... .......... .......... .......... 94% 68.7M 1s
217500K .......... .......... .......... .......... .......... 94% 64.2M 1s
217550K .......... .......... .......... .......... .......... 94% 63.9M 1s
217600K .......... .......... .......... .......... .......... 94% 67.6M 1s
217650K .......... .......... .......... .......... .......... 94% 97.5M 1s
217700K .......... .......... .......... .......... .......... 94% 46.9M 1s
217750K .......... .......... .......... .......... .......... 94% 66.0M 1s
217800K .......... .......... .......... .......... .......... 94%  136M 1s
217850K .......... .......... .......... .......... .......... 94% 68.1M 1s
217900K .......... .......... .......... .......... .......... 94% 66.0M 1s
217950K .......... .......... .......... .......... .......... 94% 53.1M 1s
218000K .......... .......... .......... .......... .......... 94%  228M 1s
218050K .......... .......... .......... .......... .......... 94% 72.0M 1s
218100K .......... .......... .......... .......... .......... 94% 55.9M 1s
218150K .......... .......... .......... .......... .......... 94% 80.4M 1s
218200K .......... .......... .......... .......... .......... 95%  113M 1s
218250K .......... .......... .......... .......... .......... 95% 63.2M 1s
218300K .......... .......... .......... .......... .......... 95% 67.4M 1s
218350K .......... .......... .......... .......... .......... 95% 68.3M 1s
218400K .......... .......... .......... .......... .......... 95% 55.4M 1s
218450K .......... .......... .......... .......... .......... 95% 55.5M 1s
218500K .......... .......... .......... .......... .......... 95%  107M 1s
218550K .......... .......... .......... .......... .......... 95% 99.7M 1s
218600K .......... .......... .......... .......... .......... 95% 65.3M 1s
218650K .......... .......... .......... .......... .......... 95% 70.9M 1s
218700K .......... .......... .......... .......... .......... 95% 53.2M 1s
218750K .......... .......... .......... .......... .......... 95%  125M 1s
218800K .......... .......... .......... .......... .......... 95% 73.7M 1s
218850K .......... .......... .......... .......... .......... 95% 68.8M 1s
218900K .......... .......... .......... .......... .......... 95% 72.1M 1s
218950K .......... .......... .......... .......... .......... 95%  123M 1s
219000K .......... .......... .......... .......... .......... 95% 67.5M 1s
219050K .......... .......... .......... .......... .......... 95% 68.3M 1s
219100K .......... .......... .......... .......... .......... 95% 60.2M 1s
219150K .......... .......... .......... .......... .......... 95% 53.6M 1s
219200K .......... .......... .......... .......... .......... 95% 57.6M 1s
219250K .......... .......... .......... .......... .......... 95% 62.0M 1s
219300K .......... .......... .......... .......... .......... 95%  185M 1s
219350K .......... .......... .......... .......... .......... 95% 75.6M 1s
219400K .......... .......... .......... .......... .......... 95% 69.2M 1s
219450K .......... .......... .......... .......... .......... 95%  125M 1s
219500K .......... .......... .......... .......... .......... 95% 55.7M 1s
219550K .......... .......... .......... .......... .......... 95% 63.9M 1s
219600K .......... .......... .......... .......... .......... 95% 74.9M 1s
219650K .......... .......... .......... .......... .......... 95% 63.1M 1s
219700K .......... .......... .......... .......... .......... 95%  129M 1s
219750K .......... .......... .......... .......... .......... 95%  424K 1s
219800K .......... .......... .......... .......... .......... 95% 71.4M 1s
219850K .......... .......... .......... .......... .......... 95% 94.0M 1s
219900K .......... .......... .......... .......... .......... 95% 96.4M 1s
219950K .......... .......... .......... .......... .......... 95% 65.0M 1s
220000K .......... .......... .......... .......... .......... 95% 84.3M 1s
220050K .......... .......... .......... .......... .......... 95% 99.3M 1s
220100K .......... .......... .......... .......... .......... 95% 63.3M 1s
220150K .......... .......... .......... .......... .......... 95% 63.6M 1s
220200K .......... .......... .......... .......... .......... 95% 69.8M 1s
220250K .......... .......... .......... .......... .......... 95% 97.0M 1s
220300K .......... .......... .......... .......... .......... 95% 52.0M 1s
220350K .......... .......... .......... .......... .......... 95% 79.3M 1s
220400K .......... .......... .......... .......... .......... 95% 80.6M 1s
220450K .......... .......... .......... .......... .......... 95% 60.8M 1s
220500K .......... .......... .......... .......... .......... 96% 58.4M 1s
220550K .......... .......... .......... .......... .......... 96% 81.1M 1s
220600K .......... .......... .......... .......... .......... 96%  125M 1s
220650K .......... .......... .......... .......... .......... 96% 86.5M 1s
220700K .......... .......... .......... .......... .......... 96% 58.0M 1s
220750K .......... .......... .......... .......... .......... 96% 60.0M 1s
220800K .......... .......... .......... .......... .......... 96%  122M 1s
220850K .......... .......... .......... .......... .......... 96% 74.4M 1s
220900K .......... .......... .......... .......... .......... 96% 65.8M 1s
220950K .......... .......... .......... .......... .......... 96% 52.7M 1s
221000K .......... .......... .......... .......... .......... 96%  130M 1s
221050K .......... .......... .......... .......... .......... 96% 83.1M 1s
221100K .......... .......... .......... .......... .......... 96% 66.5M 1s
221150K .......... .......... .......... .......... .......... 96% 68.6M 1s
221200K .......... .......... .......... .......... .......... 96% 61.4M 1s
221250K .......... .......... .......... .......... .......... 96% 45.1M 1s
221300K .......... .......... .......... .......... .......... 96%  164M 1s
221350K .......... .......... .......... .......... .......... 96% 70.3M 1s
221400K .......... .......... .......... .......... .......... 96%  102M 1s
221450K .......... .......... .......... .......... .......... 96% 56.5M 1s
221500K .......... .......... .......... .......... .......... 96% 55.4M 1s
221550K .......... .......... .......... .......... .......... 96%  126M 1s
221600K .......... .......... .......... .......... .......... 96% 87.1M 1s
221650K .......... .......... .......... .......... .......... 96% 64.9M 1s
221700K .......... .......... .......... .......... .......... 96% 57.6M 1s
221750K .......... .......... .......... .......... .......... 96%  120M 1s
221800K .......... .......... .......... .......... .......... 96% 74.3M 1s
221850K .......... .......... .......... .......... .......... 96% 49.7M 1s
221900K .......... .......... .......... .......... .......... 96%  115M 1s
221950K .......... .......... .......... .......... .......... 96% 70.4M 1s
222000K .......... .......... .......... .......... .......... 96% 59.8M 1s
222050K .......... .......... .......... .......... .......... 96% 77.3M 1s
222100K .......... .......... .......... .......... .......... 96% 71.0M 1s
222150K .......... .......... .......... .......... .......... 96%  115M 1s
222200K .......... .......... .......... .......... .......... 96% 57.9M 1s
222250K .......... .......... .......... .......... .......... 96% 78.7M 1s
222300K .......... .......... .......... .......... .......... 96% 55.9M 1s
222350K .......... .......... .......... .......... .......... 96% 61.0M 1s
222400K .......... .......... .......... .......... .......... 96%  136M 1s
222450K .......... .......... .......... .......... .......... 96% 91.6M 0s
222500K .......... .......... .......... .......... .......... 96% 70.1M 0s
222550K .......... .......... .......... .......... .......... 96% 39.8M 0s
222600K .......... .......... .......... .......... .......... 96% 79.2M 0s
222650K .......... .......... .......... .......... .......... 96%  187M 0s
222700K .......... .......... .......... .......... .......... 96% 60.4M 0s
222750K .......... .......... .......... .......... .......... 96% 65.6M 0s
222800K .......... .......... .......... .......... .......... 97% 66.3M 0s
222850K .......... .......... .......... .......... .......... 97% 80.9M 0s
222900K .......... .......... .......... .......... .......... 97%  110M 0s
222950K .......... .......... .......... .......... .......... 97% 62.2M 0s
223000K .......... .......... .......... .......... .......... 97% 64.1M 0s
223050K .......... .......... .......... .......... .......... 97% 69.7M 0s
223100K .......... .......... .......... .......... .......... 97% 61.1M 0s
223150K .......... .......... .......... .......... .......... 97%  132M 0s
223200K .......... .......... .......... .......... .......... 97% 77.4M 0s
223250K .......... .......... .......... .......... .......... 97% 59.1M 0s
223300K .......... .......... .......... .......... .......... 97% 49.0M 0s
223350K .......... .......... .......... .......... .......... 97% 80.8M 0s
223400K .......... .......... .......... .......... .......... 97% 93.8M 0s
223450K .......... .......... .......... .......... .......... 97% 99.8M 0s
223500K .......... .......... .......... .......... .......... 97% 57.7M 0s
223550K .......... .......... .......... .......... .......... 97% 62.6M 0s
223600K .......... .......... .......... .......... .......... 97% 63.1M 0s
223650K .......... .......... .......... .......... .......... 97%  210M 0s
223700K .......... .......... .......... .......... .......... 97% 55.3M 0s
223750K .......... .......... .......... .......... .......... 97% 82.6M 0s
223800K .......... .......... .......... .......... .......... 97% 52.6M 0s
223850K .......... .......... .......... .......... .......... 97%  425K 0s
223900K .......... .......... .......... .......... .......... 97% 94.7M 0s
223950K .......... .......... .......... .......... .......... 97% 80.6M 0s
224000K .......... .......... .......... .......... .......... 97% 48.1M 0s
224050K .......... .......... .......... .......... .......... 97% 92.5M 0s
224100K .......... .......... .......... .......... .......... 97% 93.3M 0s
224150K .......... .......... .......... .......... .......... 97% 82.4M 0s
224200K .......... .......... .......... .......... .......... 97% 66.4M 0s
224250K .......... .......... .......... .......... .......... 97% 90.1M 0s
224300K .......... .......... .......... .......... .......... 97% 85.9M 0s
224350K .......... .......... .......... .......... .......... 97% 74.5M 0s
224400K .......... .......... .......... .......... .......... 97%  102M 0s
224450K .......... .......... .......... .......... .......... 97% 48.3M 0s
224500K .......... .......... .......... .......... .......... 97% 86.1M 0s
224550K .......... .......... .......... .......... .......... 97% 83.4M 0s
224600K .......... .......... .......... .......... .......... 97% 52.7M 0s
224650K .......... .......... .......... .......... .......... 97%  128M 0s
224700K .......... .......... .......... .......... .......... 97% 69.4M 0s
224750K .......... .......... .......... .......... .......... 97% 75.1M 0s
224800K .......... .......... .......... .......... .......... 97% 56.4M 0s
224850K .......... .......... .......... .......... .......... 97% 71.4M 0s
224900K .......... .......... .......... .......... .......... 97%  122M 0s
224950K .......... .......... .......... .......... .......... 97% 65.5M 0s
225000K .......... .......... .......... .......... .......... 97% 63.5M 0s
225050K .......... .......... .......... .......... .......... 97% 58.4M 0s
225100K .......... .......... .......... .......... .......... 98% 72.0M 0s
225150K .......... .......... .......... .......... .......... 98%  190M 0s
225200K .......... .......... .......... .......... .......... 98% 62.5M 0s
225250K .......... .......... .......... .......... .......... 98% 64.3M 0s
225300K .......... .......... .......... .......... .......... 98% 71.3M 0s
225350K .......... .......... .......... .......... .......... 98% 44.5M 0s
225400K .......... .......... .......... .......... .......... 98%  132M 0s
225450K .......... .......... .......... .......... .......... 98% 96.8M 0s
225500K .......... .......... .......... .......... .......... 98% 65.9M 0s
225550K .......... .......... .......... .......... .......... 98% 59.5M 0s
225600K .......... .......... .......... .......... .......... 98% 60.6M 0s
225650K .......... .......... .......... .......... .......... 98%  173M 0s
225700K .......... .......... .......... .......... .......... 98% 67.8M 0s
225750K .......... .......... .......... .......... .......... 98% 61.5M 0s
225800K .......... .......... .......... .......... .......... 98% 68.3M 0s
225850K .......... .......... .......... .......... .......... 98%  113M 0s
225900K .......... .......... .......... .......... .......... 98% 51.8M 0s
225950K .......... .......... .......... .......... .......... 98% 55.6M 0s
226000K .......... .......... .......... .......... .......... 98% 70.1M 0s
226050K .......... .......... .......... .......... .......... 98%  204M 0s
226100K .......... .......... .......... .......... .......... 98% 64.9M 0s
226150K .......... .......... .......... .......... .......... 98% 64.2M 0s
226200K .......... .......... .......... .......... .......... 98% 59.4M 0s
226250K .......... .......... .......... .......... .......... 98%  196M 0s
226300K .......... .......... .......... .......... .......... 98% 53.4M 0s
226350K .......... .......... .......... .......... .......... 98% 56.8M 0s
226400K .......... .......... .......... .......... .......... 98% 91.3M 0s
226450K .......... .......... .......... .......... .......... 98% 59.0M 0s
226500K .......... .......... .......... .......... .......... 98%  185M 0s
226550K .......... .......... .......... .......... .......... 98% 59.9M 0s
226600K .......... .......... .......... .......... .......... 98% 85.4M 0s
226650K .......... .......... .......... .......... .......... 98% 46.0M 0s
226700K .......... .......... .......... .......... .......... 98% 65.7M 0s
226750K .......... .......... .......... .......... .......... 98% 60.5M 0s
226800K .......... .......... .......... .......... .......... 98%  166M 0s
226850K .......... .......... .......... .......... .......... 98% 50.7M 0s
226900K .......... .......... .......... .......... .......... 98%  104M 0s
226950K .......... .......... .......... .......... .......... 98% 69.8M 0s
227000K .......... .......... .......... .......... .......... 98%  114M 0s
227050K .......... .......... .......... .......... .......... 98% 67.1M 0s
227100K .......... .......... .......... .......... .......... 98% 60.9M 0s
227150K .......... .......... .......... .......... .......... 98% 60.5M 0s
227200K .......... .......... .......... .......... .......... 98% 63.8M 0s
227250K .......... .......... .......... .......... .......... 98%  218M 0s
227300K .......... .......... .......... .......... .......... 98% 69.2M 0s
227350K .......... .......... .......... .......... .......... 98% 59.8M 0s
227400K .......... .......... .......... .......... .......... 99% 57.4M 0s
227450K .......... .......... .......... .......... .......... 99% 73.0M 0s
227500K .......... .......... .......... .......... .......... 99% 63.7M 0s
227550K .......... .......... .......... .......... .......... 99%  107M 0s
227600K .......... .......... .......... .......... .......... 99% 68.2M 0s
227650K .......... .......... .......... .......... .......... 99% 67.7M 0s
227700K .......... .......... .......... .......... .......... 99% 59.1M 0s
227750K .......... .......... .......... .......... .......... 99%  144M 0s
227800K .......... .......... .......... .......... .......... 99% 74.2M 0s
227850K .......... .......... .......... .......... .......... 99% 64.2M 0s
227900K .......... .......... .......... .......... .......... 99% 56.9M 0s
227950K .......... .......... .......... .......... .......... 99%  425K 0s
228000K .......... .......... .......... .......... .......... 99% 63.0M 0s
228050K .......... .......... .......... .......... .......... 99% 90.8M 0s
228100K .......... .......... .......... .......... .......... 99% 91.6M 0s
228150K .......... .......... .......... .......... .......... 99% 52.0M 0s
228200K .......... .......... .......... .......... .......... 99% 93.0M 0s
228250K .......... .......... .......... .......... .......... 99% 91.7M 0s
228300K .......... .......... .......... .......... .......... 99% 84.9M 0s
228350K .......... .......... .......... .......... .......... 99% 49.2M 0s
228400K .......... .......... .......... .......... .......... 99% 91.3M 0s
228450K .......... .......... .......... .......... .......... 99% 86.1M 0s
228500K .......... .......... .......... .......... .......... 99% 92.3M 0s
228550K .......... .......... .......... .......... .......... 99% 62.8M 0s
228600K .......... .......... .......... .......... .......... 99%  102M 0s
228650K .......... .......... .......... .......... .......... 99% 87.9M 0s
228700K .......... .......... .......... .......... .......... 99% 41.7M 0s
228750K .......... .......... .......... .......... .......... 99% 67.0M 0s
228800K .......... .......... .......... .......... .......... 99%  195M 0s
228850K .......... .......... .......... .......... .......... 99% 69.2M 0s
228900K .......... .......... .......... .......... .......... 99% 60.9M 0s
228950K .......... .......... .......... .......... .......... 99% 67.4M 0s
229000K .......... .......... .......... .......... .......... 99%  154M 0s
229050K .......... .......... .......... .......... .......... 99% 70.3M 0s
229100K .......... .......... .......... .......... .......... 99% 60.8M 0s
229150K .......... .......... .......... .......... .......... 99% 69.7M 0s
229200K .......... .......... .......... .......... .......... 99% 58.0M 0s
229250K .......... .......... .......... .......... .......... 99%  126M 0s
229300K .......... .......... .......... .......... .......... 99% 70.5M 0s
229350K .......... .......... .......... .......... .......... 99% 68.8M 0s
229400K .......... .......... .......... .......... .......... 99% 73.3M 0s
229450K .......... .......... .......... .......... .......... 99% 48.2M 0s
229500K .......... .......... .......... .......... .......... 99% 74.5M 0s
229550K .......... .......... .......... .......... .......... 99% 94.2M 0s
229600K .......... .......... .......... .......... .......... 99% 80.4M 0s
229650K .......... .......... .......... .......... .......... 99% 59.8M 0s
229700K .......... .......... ........                        100% 70.9M=16s

2026-06-01 00:35:03 (14.3 MB/s) - './downloaded_models/HAT_iwslt14deen_titanxp@137.8ms_bleu@34.7.pt' saved [235242095/235242095]

Namespace(download_all=False, model_name='HAT_iwslt14deen_titanxp@137.8ms_bleu@34.7', save_path='./downloaded_models')
