| Configs: Namespace(activation_dropout=0.0, activation_fn='relu', adam_betas='(0.9, 0.98)', adam_eps=1e-08, adaptive_input=False, adaptive_softmax_cutoff=None, adaptive_softmax_dropout=0, arch='transformersuper_iwslt_de_en', attention_dropout=0.0, beam=5, best_checkpoint_metric='loss', bucket_cap_mb=25, clip_norm=25, configs='configs/iwslt14.de-en/supertransformer/space1_smoke1000.yml', cpu=False, criterion='label_smoothed_cross_entropy', curriculum=0, data='data/binary/iwslt14_de_en', dataset_impl=None, ddp_backend='c10d', decoder_arbitrary_ende_attn_all_subtransformer=None, decoder_arbitrary_ende_attn_choice=[-1, 1, 2], decoder_attention_heads=4, decoder_embed_choice=[640, 512], decoder_embed_dim=640, decoder_embed_dim_subtransformer=None, decoder_embed_path=None, decoder_ende_attention_heads_all_subtransformer=None, decoder_ende_attention_heads_choice=[4, 2], decoder_ffn_embed_dim=2048, decoder_ffn_embed_dim_all_subtransformer=None, decoder_ffn_embed_dim_choice=[2048, 1024, 512], decoder_input_dim=640, decoder_layer_num_choice=[6, 5, 4, 3, 2, 1], decoder_layers=6, decoder_learned_pos=False, decoder_normalize_before=False, decoder_output_dim=640, decoder_self_attention_heads_all_subtransformer=None, decoder_self_attention_heads_choice=[4, 2], device_id=0, disable_validation=False, distributed_backend='nccl', distributed_init_method=None, distributed_no_spawn=False, distributed_port=-1, distributed_rank=0, distributed_world_size=1, diverse_beam_groups=-1, diverse_beam_strength=0.5, dropout=0.375, encoder_attention_heads=4, encoder_embed_choice=[640, 512], encoder_embed_dim=640, encoder_embed_dim_subtransformer=None, encoder_embed_path=None, encoder_ffn_embed_dim=2048, encoder_ffn_embed_dim_all_subtransformer=None, encoder_ffn_embed_dim_choice=[2048, 1024, 512], encoder_layer_num_choice=[6], encoder_layers=6, encoder_learned_pos=False, encoder_normalize_before=False, encoder_self_attention_heads_all_subtransformer=None, encoder_self_attention_heads_choice=[4, 2], find_unused_parameters=False, fix_batches_to_gpus=False, fp16=False, fp16_init_scale=128, fp16_scale_tolerance=0.0, fp16_scale_window=None, get_attn=False, keep_interval_updates=2, keep_last_epochs=20, label_smoothing=0.1, latcpu=False, latgpu=False, latiter=300, latsilent=False, lazy_load=False, left_pad_source='True', left_pad_target='False', lenpen=1, log_format=None, log_interval=10, lr=[0.0005], lr_scheduler='inverse_sqrt', match_source_len=False, max_epoch=0, max_len_a=0, max_len_b=200, max_sentences=None, max_sentences_valid=None, max_source_positions=1024, max_target_positions=1024, max_tokens=2048, max_tokens_valid=2048, max_update=1000, maximize_best_checkpoint_metric=False, memory_efficient_fp16=False, min_len=1, min_loss_scale=0.0001, min_lr=-1, model_overrides='{}', nbest=1, no_beamable_mm=False, no_early_stop=False, no_epoch_checkpoints=False, no_last_checkpoints=False, no_progress_bar=False, no_repeat_ngram_size=0, no_save=False, no_save_optimizer_state=False, no_token_positional_embeddings=False, num_workers=10, optimizer='adam', optimizer_overrides='{}', path=None, pdb=False, prefix_size=0, print_alignment=False, profile_flops=False, profile_latency=False, qkv_dim=512, quiet=False, raw_text=False, remove_bpe=None, replace_unk=None, required_batch_size_multiple=8, reset_dataloader=False, reset_lr_scheduler=False, reset_meters=False, reset_optimizer=False, restore_file='checkpoint_last.pt', results_path=None, sacrebleu=False, sampling=False, sampling_topk=-1, sampling_topp=-1.0, save_dir='../checkpoints/iwslt14_super_smoke1000', save_interval=1, save_interval_updates=500, score_reference=False, seed=1, sentence_avg=False, share_all_embeddings=False, share_decoder_input_output_embed=False, skip_invalid_size_inputs_valid_test=False, source_lang='de', sub_configs=None, target_lang='en', task='translation', tbmf_wrapper=False, temperature=1.0, tensorboard_logdir='../checkpoints/iwslt14_super_smoke1000/tensorboard', threshold_loss_scale=None, train_subset='train', train_subtransformer=False, unkpen=0, unnormalized=False, update_freq=[1], upsample_primary=1, use_bmuf=False, user_dir=None, valid_subset='valid', validate_interval=1, validate_subtransformer=False, vocab_original_scaling=False, warmup_init_lr=1e-07, warmup_updates=10000, weight_decay=0.0001)
| [de] dictionary: 8848 types
| [en] dictionary: 6632 types
| loaded 7283 examples from: data/binary/iwslt14_de_en/valid.de-en.de
| loaded 7283 examples from: data/binary/iwslt14_de_en/valid.de-en.en
| data/binary/iwslt14_de_en valid de-en 7283 examples
| Fallback to xavier initializer
| Model: transformersuper_iwslt_de_en 
| Criterion: LabelSmoothedCrossEntropyCriterion
 

		WARNING!!! Training SuperTransformer


| SuperTransformer Arch: TransformerSuperModel(
  (encoder): TransformerEncoder(
    (embed_tokens): EmbeddingSuper(8848, 640, padding_idx=1)
    (embed_positions): SinusoidalPositionalEmbedding()
    (layers): ModuleList(
      (0): TransformerEncoderLayer(
        (self_attn): MultiheadAttentionSuper	num_heads:4	 qkv_dim:512
          (out_proj): LinearSuper(in_features=512, out_features=640, bias=True)
        )
        (self_attn_layer_norm): LayerNormSuper((640,), eps=1e-05, elementwise_affine=True)
        (fc1): LinearSuper(in_features=640, out_features=2048, bias=True)
        (fc2): LinearSuper(in_features=2048, out_features=640, bias=True)
        (final_layer_norm): LayerNormSuper((640,), eps=1e-05, elementwise_affine=True)
      )
      (1): TransformerEncoderLayer(
        (self_attn): MultiheadAttentionSuper	num_heads:4	 qkv_dim:512
          (out_proj): LinearSuper(in_features=512, out_features=640, bias=True)
        )
        (self_attn_layer_norm): LayerNormSuper((640,), eps=1e-05, elementwise_affine=True)
        (fc1): LinearSuper(in_features=640, out_features=2048, bias=True)
        (fc2): LinearSuper(in_features=2048, out_features=640, bias=True)
        (final_layer_norm): LayerNormSuper((640,), eps=1e-05, elementwise_affine=True)
      )
      (2): TransformerEncoderLayer(
        (self_attn): MultiheadAttentionSuper	num_heads:4	 qkv_dim:512
          (out_proj): LinearSuper(in_features=512, out_features=640, bias=True)
        )
        (self_attn_layer_norm): LayerNormSuper((640,), eps=1e-05, elementwise_affine=True)
        (fc1): LinearSuper(in_features=640, out_features=2048, bias=True)
        (fc2): LinearSuper(in_features=2048, out_features=640, bias=True)
        (final_layer_norm): LayerNormSuper((640,), eps=1e-05, elementwise_affine=True)
      )
      (3): TransformerEncoderLayer(
        (self_attn): MultiheadAttentionSuper	num_heads:4	 qkv_dim:512
          (out_proj): LinearSuper(in_features=512, out_features=640, bias=True)
        )
        (self_attn_layer_norm): LayerNormSuper((640,), eps=1e-05, elementwise_affine=True)
        (fc1): LinearSuper(in_features=640, out_features=2048, bias=True)
        (fc2): LinearSuper(in_features=2048, out_features=640, bias=True)
        (final_layer_norm): LayerNormSuper((640,), eps=1e-05, elementwise_affine=True)
      )
      (4): TransformerEncoderLayer(
        (self_attn): MultiheadAttentionSuper	num_heads:4	 qkv_dim:512
          (out_proj): LinearSuper(in_features=512, out_features=640, bias=True)
        )
        (self_attn_layer_norm): LayerNormSuper((640,), eps=1e-05, elementwise_affine=True)
        (fc1): LinearSuper(in_features=640, out_features=2048, bias=True)
        (fc2): LinearSuper(in_features=2048, out_features=640, bias=True)
        (final_layer_norm): LayerNormSuper((640,), eps=1e-05, elementwise_affine=True)
      )
      (5): TransformerEncoderLayer(
        (self_attn): MultiheadAttentionSuper	num_heads:4	 qkv_dim:512
          (out_proj): LinearSuper(in_features=512, out_features=640, bias=True)
        )
        (self_attn_layer_norm): LayerNormSuper((640,), eps=1e-05, elementwise_affine=True)
        (fc1): LinearSuper(in_features=640, out_features=2048, bias=True)
        (fc2): LinearSuper(in_features=2048, out_features=640, bias=True)
        (final_layer_norm): LayerNormSuper((640,), eps=1e-05, elementwise_affine=True)
      )
    )
  )
  (decoder): TransformerDecoder(
    (embed_tokens): EmbeddingSuper(6632, 640, padding_idx=1)
    (embed_positions): SinusoidalPositionalEmbedding()
    (layers): ModuleList(
      (0): TransformerDecoderLayer(
        (self_attn): MultiheadAttentionSuper	num_heads:4	 qkv_dim:512
          (out_proj): LinearSuper(in_features=512, out_features=640, bias=True)
        )
        (self_attn_layer_norm): LayerNormSuper((640,), eps=1e-05, elementwise_affine=True)
        (encoder_attn): MultiheadAttentionSuper	num_heads:4	 qkv_dim:512
          (out_proj): LinearSuper(in_features=512, out_features=640, bias=True)
        )
        (encoder_attn_layer_norm): LayerNormSuper((640,), eps=1e-05, elementwise_affine=True)
        (fc1): LinearSuper(in_features=640, out_features=2048, bias=True)
        (fc2): LinearSuper(in_features=2048, out_features=640, bias=True)
        (final_layer_norm): LayerNormSuper((640,), eps=1e-05, elementwise_affine=True)
      )
      (1): TransformerDecoderLayer(
        (self_attn): MultiheadAttentionSuper	num_heads:4	 qkv_dim:512
          (out_proj): LinearSuper(in_features=512, out_features=640, bias=True)
        )
        (self_attn_layer_norm): LayerNormSuper((640,), eps=1e-05, elementwise_affine=True)
        (encoder_attn): MultiheadAttentionSuper	num_heads:4	 qkv_dim:512
          (out_proj): LinearSuper(in_features=512, out_features=640, bias=True)
        )
        (encoder_attn_layer_norm): LayerNormSuper((640,), eps=1e-05, elementwise_affine=True)
        (fc1): LinearSuper(in_features=640, out_features=2048, bias=True)
        (fc2): LinearSuper(in_features=2048, out_features=640, bias=True)
        (final_layer_norm): LayerNormSuper((640,), eps=1e-05, elementwise_affine=True)
      )
      (2): TransformerDecoderLayer(
        (self_attn): MultiheadAttentionSuper	num_heads:4	 qkv_dim:512
          (out_proj): LinearSuper(in_features=512, out_features=640, bias=True)
        )
        (self_attn_layer_norm): LayerNormSuper((640,), eps=1e-05, elementwise_affine=True)
        (encoder_attn): MultiheadAttentionSuper	num_heads:4	 qkv_dim:512
          (out_proj): LinearSuper(in_features=512, out_features=640, bias=True)
        )
        (encoder_attn_layer_norm): LayerNormSuper((640,), eps=1e-05, elementwise_affine=True)
        (fc1): LinearSuper(in_features=640, out_features=2048, bias=True)
        (fc2): LinearSuper(in_features=2048, out_features=640, bias=True)
        (final_layer_norm): LayerNormSuper((640,), eps=1e-05, elementwise_affine=True)
      )
      (3): TransformerDecoderLayer(
        (self_attn): MultiheadAttentionSuper	num_heads:4	 qkv_dim:512
          (out_proj): LinearSuper(in_features=512, out_features=640, bias=True)
        )
        (self_attn_layer_norm): LayerNormSuper((640,), eps=1e-05, elementwise_affine=True)
        (encoder_attn): MultiheadAttentionSuper	num_heads:4	 qkv_dim:512
          (out_proj): LinearSuper(in_features=512, out_features=640, bias=True)
        )
        (encoder_attn_layer_norm): LayerNormSuper((640,), eps=1e-05, elementwise_affine=True)
        (fc1): LinearSuper(in_features=640, out_features=2048, bias=True)
        (fc2): LinearSuper(in_features=2048, out_features=640, bias=True)
        (final_layer_norm): LayerNormSuper((640,), eps=1e-05, elementwise_affine=True)
      )
      (4): TransformerDecoderLayer(
        (self_attn): MultiheadAttentionSuper	num_heads:4	 qkv_dim:512
          (out_proj): LinearSuper(in_features=512, out_features=640, bias=True)
        )
        (self_attn_layer_norm): LayerNormSuper((640,), eps=1e-05, elementwise_affine=True)
        (encoder_attn): MultiheadAttentionSuper	num_heads:4	 qkv_dim:512
          (out_proj): LinearSuper(in_features=512, out_features=640, bias=True)
        )
        (encoder_attn_layer_norm): LayerNormSuper((640,), eps=1e-05, elementwise_affine=True)
        (fc1): LinearSuper(in_features=640, out_features=2048, bias=True)
        (fc2): LinearSuper(in_features=2048, out_features=640, bias=True)
        (final_layer_norm): LayerNormSuper((640,), eps=1e-05, elementwise_affine=True)
      )
      (5): TransformerDecoderLayer(
        (self_attn): MultiheadAttentionSuper	num_heads:4	 qkv_dim:512
          (out_proj): LinearSuper(in_features=512, out_features=640, bias=True)
        )
        (self_attn_layer_norm): LayerNormSuper((640,), eps=1e-05, elementwise_affine=True)
        (encoder_attn): MultiheadAttentionSuper	num_heads:4	 qkv_dim:512
          (out_proj): LinearSuper(in_features=512, out_features=640, bias=True)
        )
        (encoder_attn_layer_norm): LayerNormSuper((640,), eps=1e-05, elementwise_affine=True)
        (fc1): LinearSuper(in_features=640, out_features=2048, bias=True)
        (fc2): LinearSuper(in_features=2048, out_features=640, bias=True)
        (final_layer_norm): LayerNormSuper((640,), eps=1e-05, elementwise_affine=True)
      )
    )
  )
) 

| SuperTransofmer model size (without embedding weights): 55160064
| Embedding layer size: 14151680 

| Training on 1 GPUs
| Max tokens per GPU = 2048 and max sentences per GPU = None 

| no existing checkpoint found ../checkpoints/iwslt14_super_smoke1000/checkpoint_last.pt
| loading train data for epoch 0
| loaded 160239 examples from: data/binary/iwslt14_de_en/train.de-en.de
| loaded 160239 examples from: data/binary/iwslt14_de_en/train.de-en.en
| data/binary/iwslt14_de_en train de-en 160239 examples
| NOTICE: your device may support faster training with --fp16
| epoch 001:     10 / 2264 loss=13.222, nll_loss=13.211, ppl=9479.05, wps=20392, ups=5, wpb=1680.727, bsz=69.818, num_updates=11, lr=6.4989e-07, gnorm=4.477, clip=0.000, oom=0.000, wall=2, train_wall=1, encoder_embed_dim=640, encoder_layer_num=6, encoder_ffn_embed_dim_0=2048, encoder_ffn_embed_dim_1=1024, encoder_ffn_embed_dim_2=1024, encoder_ffn_embed_dim_3=2048, encoder_ffn_embed_dim_4=1024, encoder_ffn_embed_dim_5=2048, encoder_self_attention_heads_0=4, encoder_self_attention_heads_1=2, encoder_self_attention_heads_2=4, encoder_self_attention_heads_3=2, encoder_self_attention_heads_4=4, encoder_self_attention_heads_5=2, decoder_embed_dim=512, decoder_layer_num=2, decoder_ffn_embed_dim_0=2048, decoder_ffn_embed_dim_1=512, decoder_self_attention_heads_0=2, decoder_self_attention_heads_1=2, decoder_ende_attention_heads_0=4, decoder_ende_attention_heads_1=2, decoder_arbitrary_ende_attn_0=1, decoder_arbitrary_ende_attn_1=1, decoder_arbitrary_ende_attn_2=2, decoder_arbitrary_ende_attn_3=1, decoder_arbitrary_ende_attn_4=1, decoder_arbitrary_ende_attn_5=-1
| epoch 001:     20 / 2264 loss=13.257, nll_loss=13.249, ppl=9738.41, wps=22125, ups=7, wpb=1760.619, bsz=75.810, num_updates=21, lr=1.14979e-06, gnorm=4.523, clip=0.000, oom=0.000, wall=3, train_wall=2, encoder_embed_dim=640, encoder_layer_num=6, encoder_ffn_embed_dim_0=512, encoder_ffn_embed_dim_1=2048, encoder_ffn_embed_dim_2=1024, encoder_ffn_embed_dim_3=2048, encoder_ffn_embed_dim_4=1024, encoder_ffn_embed_dim_5=512, encoder_self_attention_heads_0=4, encoder_self_attention_heads_1=2, encoder_self_attention_heads_2=4, encoder_self_attention_heads_3=4, encoder_self_attention_heads_4=2, encoder_self_attention_heads_5=2, decoder_embed_dim=512, decoder_layer_num=4, decoder_ffn_embed_dim_0=1024, decoder_ffn_embed_dim_1=1024, decoder_ffn_embed_dim_2=1024, decoder_ffn_embed_dim_3=1024, decoder_self_attention_heads_0=4, decoder_self_attention_heads_1=2, decoder_self_attention_heads_2=4, decoder_self_attention_heads_3=4, decoder_ende_attention_heads_0=4, decoder_ende_attention_heads_1=2, decoder_ende_attention_heads_2=2, decoder_ende_attention_heads_3=4, decoder_arbitrary_ende_attn_0=2, decoder_arbitrary_ende_attn_1=-1, decoder_arbitrary_ende_attn_2=-1, decoder_arbitrary_ende_attn_3=-1, decoder_arbitrary_ende_attn_4=-1, decoder_arbitrary_ende_attn_5=-1
| epoch 001:     30 / 2264 loss=13.251, nll_loss=13.241, ppl=9683.37, wps=21721, ups=8, wpb=1713.774, bsz=70.710, num_updates=31, lr=1.64969e-06, gnorm=4.517, clip=0.000, oom=0.000, wall=4, train_wall=2, encoder_embed_dim=512, encoder_layer_num=6, encoder_ffn_embed_dim_0=2048, encoder_ffn_embed_dim_1=1024, encoder_ffn_embed_dim_2=2048, encoder_ffn_embed_dim_3=2048, encoder_ffn_embed_dim_4=2048, encoder_ffn_embed_dim_5=2048, encoder_self_attention_heads_0=2, encoder_self_attention_heads_1=4, encoder_self_attention_heads_2=2, encoder_self_attention_heads_3=4, encoder_self_attention_heads_4=4, encoder_self_attention_heads_5=2, decoder_embed_dim=640, decoder_layer_num=4, decoder_ffn_embed_dim_0=512, decoder_ffn_embed_dim_1=1024, decoder_ffn_embed_dim_2=512, decoder_ffn_embed_dim_3=512, decoder_self_attention_heads_0=2, decoder_self_attention_heads_1=4, decoder_self_attention_heads_2=2, decoder_self_attention_heads_3=4, decoder_ende_attention_heads_0=4, decoder_ende_attention_heads_1=4, decoder_ende_attention_heads_2=2, decoder_ende_attention_heads_3=2, decoder_arbitrary_ende_attn_0=2, decoder_arbitrary_ende_attn_1=2, decoder_arbitrary_ende_attn_2=-1, decoder_arbitrary_ende_attn_3=2, decoder_arbitrary_ende_attn_4=1, decoder_arbitrary_ende_attn_5=1
| epoch 001:     40 / 2264 loss=13.236, nll_loss=13.224, ppl=9564.72, wps=21336, ups=9, wpb=1725.024, bsz=66.927, num_updates=41, lr=2.14959e-06, gnorm=4.577, clip=0.000, oom=0.000, wall=5, train_wall=3, encoder_embed_dim=512, encoder_layer_num=6, encoder_ffn_embed_dim_0=512, encoder_ffn_embed_dim_1=2048, encoder_ffn_embed_dim_2=1024, encoder_ffn_embed_dim_3=2048, encoder_ffn_embed_dim_4=2048, encoder_ffn_embed_dim_5=512, encoder_self_attention_heads_0=4, encoder_self_attention_heads_1=2, encoder_self_attention_heads_2=2, encoder_self_attention_heads_3=4, encoder_self_attention_heads_4=4, encoder_self_attention_heads_5=2, decoder_embed_dim=640, decoder_layer_num=4, decoder_ffn_embed_dim_0=2048, decoder_ffn_embed_dim_1=2048, decoder_ffn_embed_dim_2=2048, decoder_ffn_embed_dim_3=2048, decoder_self_attention_heads_0=4, decoder_self_attention_heads_1=2, decoder_self_attention_heads_2=4, decoder_self_attention_heads_3=2, decoder_ende_attention_heads_0=2, decoder_ende_attention_heads_1=2, decoder_ende_attention_heads_2=2, decoder_ende_attention_heads_3=2, decoder_arbitrary_ende_attn_0=-1, decoder_arbitrary_ende_attn_1=2, decoder_arbitrary_ende_attn_2=-1, decoder_arbitrary_ende_attn_3=1, decoder_arbitrary_ende_attn_4=-1, decoder_arbitrary_ende_attn_5=2
| epoch 001:     50 / 2264 loss=13.208, nll_loss=13.193, ppl=9361.39, wps=21673, ups=10, wpb=1736.039, bsz=67.137, num_updates=51, lr=2.64949e-06, gnorm=4.519, clip=0.000, oom=0.000, wall=5, train_wall=4, encoder_embed_dim=512, encoder_layer_num=6, encoder_ffn_embed_dim_0=2048, encoder_ffn_embed_dim_1=1024, encoder_ffn_embed_dim_2=512, encoder_ffn_embed_dim_3=2048, encoder_ffn_embed_dim_4=2048, encoder_ffn_embed_dim_5=2048, encoder_self_attention_heads_0=2, encoder_self_attention_heads_1=4, encoder_self_attention_heads_2=2, encoder_self_attention_heads_3=4, encoder_self_attention_heads_4=2, encoder_self_attention_heads_5=2, decoder_embed_dim=512, decoder_layer_num=1, decoder_ffn_embed_dim_0=1024, decoder_self_attention_heads_0=4, decoder_ende_attention_heads_0=4, decoder_arbitrary_ende_attn_0=-1, decoder_arbitrary_ende_attn_1=1, decoder_arbitrary_ende_attn_2=2, decoder_arbitrary_ende_attn_3=2, decoder_arbitrary_ende_attn_4=1, decoder_arbitrary_ende_attn_5=2
| epoch 001:     60 / 2264 loss=13.177, nll_loss=13.158, ppl=9140.38, wps=21621, ups=10, wpb=1734.967, bsz=66.754, num_updates=61, lr=3.14939e-06, gnorm=4.511, clip=0.000, oom=0.000, wall=6, train_wall=5, encoder_embed_dim=512, encoder_layer_num=6, encoder_ffn_embed_dim_0=2048, encoder_ffn_embed_dim_1=1024, encoder_ffn_embed_dim_2=2048, encoder_ffn_embed_dim_3=512, encoder_ffn_embed_dim_4=2048, encoder_ffn_embed_dim_5=2048, encoder_self_attention_heads_0=2, encoder_self_attention_heads_1=2, encoder_self_attention_heads_2=4, encoder_self_attention_heads_3=4, encoder_self_attention_heads_4=2, encoder_self_attention_heads_5=4, decoder_embed_dim=512, decoder_layer_num=4, decoder_ffn_embed_dim_0=512, decoder_ffn_embed_dim_1=512, decoder_ffn_embed_dim_2=1024, decoder_ffn_embed_dim_3=512, decoder_self_attention_heads_0=4, decoder_self_attention_heads_1=4, decoder_self_attention_heads_2=4, decoder_self_attention_heads_3=4, decoder_ende_attention_heads_0=2, decoder_ende_attention_heads_1=4, decoder_ende_attention_heads_2=4, decoder_ende_attention_heads_3=2, decoder_arbitrary_ende_attn_0=-1, decoder_arbitrary_ende_attn_1=-1, decoder_arbitrary_ende_attn_2=2, decoder_arbitrary_ende_attn_3=-1, decoder_arbitrary_ende_attn_4=1, decoder_arbitrary_ende_attn_5=-1
| epoch 001:     70 / 2264 loss=13.134, nll_loss=13.110, ppl=8841.42, wps=21641, ups=10, wpb=1732.268, bsz=69.183, num_updates=71, lr=3.64929e-06, gnorm=4.506, clip=0.000, oom=0.000, wall=7, train_wall=5, encoder_embed_dim=640, encoder_layer_num=6, encoder_ffn_embed_dim_0=2048, encoder_ffn_embed_dim_1=2048, encoder_ffn_embed_dim_2=512, encoder_ffn_embed_dim_3=512, encoder_ffn_embed_dim_4=1024, encoder_ffn_embed_dim_5=1024, encoder_self_attention_heads_0=2, encoder_self_attention_heads_1=4, encoder_self_attention_heads_2=4, encoder_self_attention_heads_3=2, encoder_self_attention_heads_4=4, encoder_self_attention_heads_5=4, decoder_embed_dim=512, decoder_layer_num=3, decoder_ffn_embed_dim_0=512, decoder_ffn_embed_dim_1=1024, decoder_ffn_embed_dim_2=2048, decoder_self_attention_heads_0=2, decoder_self_attention_heads_1=2, decoder_self_attention_heads_2=4, decoder_ende_attention_heads_0=2, decoder_ende_attention_heads_1=4, decoder_ende_attention_heads_2=2, decoder_arbitrary_ende_attn_0=1, decoder_arbitrary_ende_attn_1=1, decoder_arbitrary_ende_attn_2=-1, decoder_arbitrary_ende_attn_3=-1, decoder_arbitrary_ende_attn_4=1, decoder_arbitrary_ende_attn_5=1
| epoch 001:     80 / 2264 loss=13.087, nll_loss=13.058, ppl=8528.14, wps=21777, ups=11, wpb=1738.235, bsz=69.630, num_updates=81, lr=4.14919e-06, gnorm=4.454, clip=0.000, oom=0.000, wall=8, train_wall=6, encoder_embed_dim=512, encoder_layer_num=6, encoder_ffn_embed_dim_0=1024, encoder_ffn_embed_dim_1=1024, encoder_ffn_embed_dim_2=512, encoder_ffn_embed_dim_3=2048, encoder_ffn_embed_dim_4=1024, encoder_ffn_embed_dim_5=2048, encoder_self_attention_heads_0=2, encoder_self_attention_heads_1=4, encoder_self_attention_heads_2=2, encoder_self_attention_heads_3=4, encoder_self_attention_heads_4=4, encoder_self_attention_heads_5=4, decoder_embed_dim=512, decoder_layer_num=4, decoder_ffn_embed_dim_0=2048, decoder_ffn_embed_dim_1=2048, decoder_ffn_embed_dim_2=1024, decoder_ffn_embed_dim_3=1024, decoder_self_attention_heads_0=2, decoder_self_attention_heads_1=4, decoder_self_attention_heads_2=4, decoder_self_attention_heads_3=2, decoder_ende_attention_heads_0=4, decoder_ende_attention_heads_1=2, decoder_ende_attention_heads_2=4, decoder_ende_attention_heads_3=4, decoder_arbitrary_ende_attn_0=1, decoder_arbitrary_ende_attn_1=-1, decoder_arbitrary_ende_attn_2=2, decoder_arbitrary_ende_attn_3=-1, decoder_arbitrary_ende_attn_4=2, decoder_arbitrary_ende_attn_5=-1
| epoch 001:     90 / 2264 loss=13.041, nll_loss=13.007, ppl=8231.34, wps=21667, ups=11, wpb=1751.978, bsz=74.286, num_updates=91, lr=4.64909e-06, gnorm=4.478, clip=0.000, oom=0.000, wall=9, train_wall=7, encoder_embed_dim=640, encoder_layer_num=6, encoder_ffn_embed_dim_0=512, encoder_ffn_embed_dim_1=512, encoder_ffn_embed_dim_2=1024, encoder_ffn_embed_dim_3=1024, encoder_ffn_embed_dim_4=1024, encoder_ffn_embed_dim_5=2048, encoder_self_attention_heads_0=2, encoder_self_attention_heads_1=2, encoder_self_attention_heads_2=2, encoder_self_attention_heads_3=2, encoder_self_attention_heads_4=2, encoder_self_attention_heads_5=4, decoder_embed_dim=640, decoder_layer_num=1, decoder_ffn_embed_dim_0=2048, decoder_self_attention_heads_0=2, decoder_ende_attention_heads_0=2, decoder_arbitrary_ende_attn_0=1, decoder_arbitrary_ende_attn_1=-1, decoder_arbitrary_ende_attn_2=-1, decoder_arbitrary_ende_attn_3=2, decoder_arbitrary_ende_attn_4=2, decoder_arbitrary_ende_attn_5=-1
| epoch 001:    100 / 2264 loss=12.983, nll_loss=12.943, ppl=7874.71, wps=21688, ups=11, wpb=1759.614, bsz=74.376, num_updates=101, lr=5.14899e-06, gnorm=4.437, clip=0.000, oom=0.000, wall=9, train_wall=7, encoder_embed_dim=640, encoder_layer_num=6, encoder_ffn_embed_dim_0=512, encoder_ffn_embed_dim_1=512, encoder_ffn_embed_dim_2=1024, encoder_ffn_embed_dim_3=512, encoder_ffn_embed_dim_4=2048, encoder_ffn_embed_dim_5=1024, encoder_self_attention_heads_0=2, encoder_self_attention_heads_1=2, encoder_self_attention_heads_2=4, encoder_self_attention_heads_3=4, encoder_self_attention_heads_4=2, encoder_self_attention_heads_5=4, decoder_embed_dim=512, decoder_layer_num=5, decoder_ffn_embed_dim_0=512, decoder_ffn_embed_dim_1=2048, decoder_ffn_embed_dim_2=2048, decoder_ffn_embed_dim_3=1024, decoder_ffn_embed_dim_4=2048, decoder_self_attention_heads_0=4, decoder_self_attention_heads_1=2, decoder_self_attention_heads_2=4, decoder_self_attention_heads_3=2, decoder_self_attention_heads_4=2, decoder_ende_attention_heads_0=2, decoder_ende_attention_heads_1=4, decoder_ende_attention_heads_2=4, decoder_ende_attention_heads_3=2, decoder_ende_attention_heads_4=2, decoder_arbitrary_ende_attn_0=2, decoder_arbitrary_ende_attn_1=1, decoder_arbitrary_ende_attn_2=1, decoder_arbitrary_ende_attn_3=-1, decoder_arbitrary_ende_attn_4=2, decoder_arbitrary_ende_attn_5=2
| epoch 001:    110 / 2264 loss=12.938, nll_loss=12.892, ppl=7601.96, wps=21795, ups=11, wpb=1760.883, bsz=73.009, num_updates=111, lr=5.64889e-06, gnorm=4.386, clip=0.000, oom=0.000, wall=10, train_wall=8, encoder_embed_dim=512, encoder_layer_num=6, encoder_ffn_embed_dim_0=512, encoder_ffn_embed_dim_1=512, encoder_ffn_embed_dim_2=512, encoder_ffn_embed_dim_3=512, encoder_ffn_embed_dim_4=512, encoder_ffn_embed_dim_5=2048, encoder_self_attention_heads_0=2, encoder_self_attention_heads_1=4, encoder_self_attention_heads_2=2, encoder_self_attention_heads_3=2, encoder_self_attention_heads_4=4, encoder_self_attention_heads_5=4, decoder_embed_dim=640, decoder_layer_num=3, decoder_ffn_embed_dim_0=2048, decoder_ffn_embed_dim_1=512, decoder_ffn_embed_dim_2=1024, decoder_self_attention_heads_0=2, decoder_self_attention_heads_1=2, decoder_self_attention_heads_2=2, decoder_ende_attention_heads_0=4, decoder_ende_attention_heads_1=4, decoder_ende_attention_heads_2=2, decoder_arbitrary_ende_attn_0=1, decoder_arbitrary_ende_attn_1=2, decoder_arbitrary_ende_attn_2=-1, decoder_arbitrary_ende_attn_3=1, decoder_arbitrary_ende_attn_4=2, decoder_arbitrary_ende_attn_5=1
| epoch 001:    120 / 2264 loss=12.901, nll_loss=12.851, ppl=7390.45, wps=21739, ups=11, wpb=1751.008, bsz=73.058, num_updates=121, lr=6.14879e-06, gnorm=4.329, clip=0.000, oom=0.000, wall=11, train_wall=9, encoder_embed_dim=640, encoder_layer_num=6, encoder_ffn_embed_dim_0=1024, encoder_ffn_embed_dim_1=2048, encoder_ffn_embed_dim_2=512, encoder_ffn_embed_dim_3=1024, encoder_ffn_embed_dim_4=2048, encoder_ffn_embed_dim_5=1024, encoder_self_attention_heads_0=4, encoder_self_attention_heads_1=2, encoder_self_attention_heads_2=2, encoder_self_attention_heads_3=4, encoder_self_attention_heads_4=2, encoder_self_attention_heads_5=4, decoder_embed_dim=640, decoder_layer_num=6, decoder_ffn_embed_dim_0=1024, decoder_ffn_embed_dim_1=2048, decoder_ffn_embed_dim_2=1024, decoder_ffn_embed_dim_3=512, decoder_ffn_embed_dim_4=2048, decoder_ffn_embed_dim_5=1024, decoder_self_attention_heads_0=2, decoder_self_attention_heads_1=4, decoder_self_attention_heads_2=4, decoder_self_attention_heads_3=4, decoder_self_attention_heads_4=2, decoder_self_attention_heads_5=2, decoder_ende_attention_heads_0=2, decoder_ende_attention_heads_1=4, decoder_ende_attention_heads_2=4, decoder_ende_attention_heads_3=4, decoder_ende_attention_heads_4=2, decoder_ende_attention_heads_5=2, decoder_arbitrary_ende_attn_0=2, decoder_arbitrary_ende_attn_1=2, decoder_arbitrary_ende_attn_2=1, decoder_arbitrary_ende_attn_3=-1, decoder_arbitrary_ende_attn_4=-1, decoder_arbitrary_ende_attn_5=-1
| epoch 001:    130 / 2264 loss=12.869, nll_loss=12.816, ppl=7210.93, wps=21818, ups=11, wpb=1740.786, bsz=72.611, num_updates=131, lr=6.64869e-06, gnorm=4.261, clip=0.000, oom=0.000, wall=12, train_wall=9, encoder_embed_dim=512, encoder_layer_num=6, encoder_ffn_embed_dim_0=1024, encoder_ffn_embed_dim_1=1024, encoder_ffn_embed_dim_2=512, encoder_ffn_embed_dim_3=2048, encoder_ffn_embed_dim_4=512, encoder_ffn_embed_dim_5=512, encoder_self_attention_heads_0=4, encoder_self_attention_heads_1=4, encoder_self_attention_heads_2=2, encoder_self_attention_heads_3=2, encoder_self_attention_heads_4=4, encoder_self_attention_heads_5=4, decoder_embed_dim=512, decoder_layer_num=1, decoder_ffn_embed_dim_0=1024, decoder_self_attention_heads_0=4, decoder_ende_attention_heads_0=2, decoder_arbitrary_ende_attn_0=-1, decoder_arbitrary_ende_attn_1=1, decoder_arbitrary_ende_attn_2=-1, decoder_arbitrary_ende_attn_3=-1, decoder_arbitrary_ende_attn_4=2, decoder_arbitrary_ende_attn_5=1
| epoch 001:    140 / 2264 loss=12.818, nll_loss=12.759, ppl=6933.03, wps=21809, ups=11, wpb=1741.326, bsz=71.376, num_updates=141, lr=7.14859e-06, gnorm=4.203, clip=0.000, oom=0.000, wall=12, train_wall=10, encoder_embed_dim=640, encoder_layer_num=6, encoder_ffn_embed_dim_0=512, encoder_ffn_embed_dim_1=512, encoder_ffn_embed_dim_2=2048, encoder_ffn_embed_dim_3=512, encoder_ffn_embed_dim_4=512, encoder_ffn_embed_dim_5=1024, encoder_self_attention_heads_0=4, encoder_self_attention_heads_1=4, encoder_self_attention_heads_2=4, encoder_self_attention_heads_3=2, encoder_self_attention_heads_4=2, encoder_self_attention_heads_5=4, decoder_embed_dim=640, decoder_layer_num=6, decoder_ffn_embed_dim_0=2048, decoder_ffn_embed_dim_1=512, decoder_ffn_embed_dim_2=1024, decoder_ffn_embed_dim_3=1024, decoder_ffn_embed_dim_4=2048, decoder_ffn_embed_dim_5=2048, decoder_self_attention_heads_0=4, decoder_self_attention_heads_1=2, decoder_self_attention_heads_2=4, decoder_self_attention_heads_3=4, decoder_self_attention_heads_4=2, decoder_self_attention_heads_5=4, decoder_ende_attention_heads_0=4, decoder_ende_attention_heads_1=2, decoder_ende_attention_heads_2=2, decoder_ende_attention_heads_3=2, decoder_ende_attention_heads_4=4, decoder_ende_attention_heads_5=2, decoder_arbitrary_ende_attn_0=2, decoder_arbitrary_ende_attn_1=2, decoder_arbitrary_ende_attn_2=-1, decoder_arbitrary_ende_attn_3=2, decoder_arbitrary_ende_attn_4=2, decoder_arbitrary_ende_attn_5=2
| epoch 001:    150 / 2264 loss=12.768, nll_loss=12.703, ppl=6665.89, wps=21654, ups=11, wpb=1737.768, bsz=70.834, num_updates=151, lr=7.64849e-06, gnorm=4.158, clip=0.000, oom=0.000, wall=13, train_wall=11, encoder_embed_dim=512, encoder_layer_num=6, encoder_ffn_embed_dim_0=1024, encoder_ffn_embed_dim_1=2048, encoder_ffn_embed_dim_2=1024, encoder_ffn_embed_dim_3=512, encoder_ffn_embed_dim_4=1024, encoder_ffn_embed_dim_5=512, encoder_self_attention_heads_0=2, encoder_self_attention_heads_1=4, encoder_self_attention_heads_2=4, encoder_self_attention_heads_3=2, encoder_self_attention_heads_4=2, encoder_self_attention_heads_5=2, decoder_embed_dim=512, decoder_layer_num=5, decoder_ffn_embed_dim_0=1024, decoder_ffn_embed_dim_1=2048, decoder_ffn_embed_dim_2=2048, decoder_ffn_embed_dim_3=1024, decoder_ffn_embed_dim_4=2048, decoder_self_attention_heads_0=4, decoder_self_attention_heads_1=2, decoder_self_attention_heads_2=2, decoder_self_attention_heads_3=4, decoder_self_attention_heads_4=4, decoder_ende_attention_heads_0=4, decoder_ende_attention_heads_1=2, decoder_ende_attention_heads_2=2, decoder_ende_attention_heads_3=4, decoder_ende_attention_heads_4=4, decoder_arbitrary_ende_attn_0=2, decoder_arbitrary_ende_attn_1=-1, decoder_arbitrary_ende_attn_2=1, decoder_arbitrary_ende_attn_3=2, decoder_arbitrary_ende_attn_4=2, decoder_arbitrary_ende_attn_5=2
| epoch 001:    160 / 2264 loss=12.701, nll_loss=12.628, ppl=6328.47, wps=21668, ups=11, wpb=1745.130, bsz=72.348, num_updates=161, lr=8.14839e-06, gnorm=4.121, clip=0.000, oom=0.000, wall=14, train_wall=12, encoder_embed_dim=640, encoder_layer_num=6, encoder_ffn_embed_dim_0=512, encoder_ffn_embed_dim_1=512, encoder_ffn_embed_dim_2=512, encoder_ffn_embed_dim_3=512, encoder_ffn_embed_dim_4=1024, encoder_ffn_embed_dim_5=1024, encoder_self_attention_heads_0=2, encoder_self_attention_heads_1=2, encoder_self_attention_heads_2=4, encoder_self_attention_heads_3=2, encoder_self_attention_heads_4=4, encoder_self_attention_heads_5=4, decoder_embed_dim=512, decoder_layer_num=5, decoder_ffn_embed_dim_0=1024, decoder_ffn_embed_dim_1=2048, decoder_ffn_embed_dim_2=512, decoder_ffn_embed_dim_3=1024, decoder_ffn_embed_dim_4=512, decoder_self_attention_heads_0=4, decoder_self_attention_heads_1=2, decoder_self_attention_heads_2=2, decoder_self_attention_heads_3=2, decoder_self_attention_heads_4=4, decoder_ende_attention_heads_0=4, decoder_ende_attention_heads_1=2, decoder_ende_attention_heads_2=2, decoder_ende_attention_heads_3=2, decoder_ende_attention_heads_4=4, decoder_arbitrary_ende_attn_0=2, decoder_arbitrary_ende_attn_1=2, decoder_arbitrary_ende_attn_2=2, decoder_arbitrary_ende_attn_3=1, decoder_arbitrary_ende_attn_4=-1, decoder_arbitrary_ende_attn_5=1
| epoch 001:    170 / 2264 loss=12.653, nll_loss=12.574, ppl=6097.59, wps=21600, ups=11, wpb=1745.737, bsz=71.953, num_updates=171, lr=8.64829e-06, gnorm=4.060, clip=0.000, oom=0.000, wall=15, train_wall=12, encoder_embed_dim=512, encoder_layer_num=6, encoder_ffn_embed_dim_0=2048, encoder_ffn_embed_dim_1=1024, encoder_ffn_embed_dim_2=2048, encoder_ffn_embed_dim_3=1024, encoder_ffn_embed_dim_4=512, encoder_ffn_embed_dim_5=2048, encoder_self_attention_heads_0=2, encoder_self_attention_heads_1=4, encoder_self_attention_heads_2=4, encoder_self_attention_heads_3=2, encoder_self_attention_heads_4=2, encoder_self_attention_heads_5=2, decoder_embed_dim=512, decoder_layer_num=6, decoder_ffn_embed_dim_0=512, decoder_ffn_embed_dim_1=2048, decoder_ffn_embed_dim_2=2048, decoder_ffn_embed_dim_3=512, decoder_ffn_embed_dim_4=2048, decoder_ffn_embed_dim_5=512, decoder_self_attention_heads_0=4, decoder_self_attention_heads_1=2, decoder_self_attention_heads_2=2, decoder_self_attention_heads_3=4, decoder_self_attention_heads_4=2, decoder_self_attention_heads_5=2, decoder_ende_attention_heads_0=4, decoder_ende_attention_heads_1=2, decoder_ende_attention_heads_2=4, decoder_ende_attention_heads_3=2, decoder_ende_attention_heads_4=4, decoder_ende_attention_heads_5=4, decoder_arbitrary_ende_attn_0=1, decoder_arbitrary_ende_attn_1=2, decoder_arbitrary_ende_attn_2=-1, decoder_arbitrary_ende_attn_3=-1, decoder_arbitrary_ende_attn_4=2, decoder_arbitrary_ende_attn_5=-1
| epoch 001:    180 / 2264 loss=12.610, nll_loss=12.526, ppl=5899.32, wps=21600, ups=11, wpb=1744.746, bsz=70.983, num_updates=181, lr=9.14819e-06, gnorm=3.992, clip=0.000, oom=0.000, wall=16, train_wall=13, encoder_embed_dim=640, encoder_layer_num=6, encoder_ffn_embed_dim_0=1024, encoder_ffn_embed_dim_1=512, encoder_ffn_embed_dim_2=2048, encoder_ffn_embed_dim_3=2048, encoder_ffn_embed_dim_4=2048, encoder_ffn_embed_dim_5=2048, encoder_self_attention_heads_0=4, encoder_self_attention_heads_1=2, encoder_self_attention_heads_2=4, encoder_self_attention_heads_3=4, encoder_self_attention_heads_4=4, encoder_self_attention_heads_5=4, decoder_embed_dim=640, decoder_layer_num=2, decoder_ffn_embed_dim_0=2048, decoder_ffn_embed_dim_1=512, decoder_self_attention_heads_0=4, decoder_self_attention_heads_1=2, decoder_ende_attention_heads_0=2, decoder_ende_attention_heads_1=4, decoder_arbitrary_ende_attn_0=1, decoder_arbitrary_ende_attn_1=1, decoder_arbitrary_ende_attn_2=-1, decoder_arbitrary_ende_attn_3=-1, decoder_arbitrary_ende_attn_4=-1, decoder_arbitrary_ende_attn_5=-1
| epoch 001:    190 / 2264 loss=12.567, nll_loss=12.478, ppl=5703.84, wps=21579, ups=11, wpb=1743.147, bsz=70.366, num_updates=191, lr=9.64809e-06, gnorm=3.927, clip=0.000, oom=0.000, wall=17, train_wall=14, encoder_embed_dim=640, encoder_layer_num=6, encoder_ffn_embed_dim_0=2048, encoder_ffn_embed_dim_1=1024, encoder_ffn_embed_dim_2=2048, encoder_ffn_embed_dim_3=2048, encoder_ffn_embed_dim_4=512, encoder_ffn_embed_dim_5=512, encoder_self_attention_heads_0=4, encoder_self_attention_heads_1=2, encoder_self_attention_heads_2=4, encoder_self_attention_heads_3=4, encoder_self_attention_heads_4=4, encoder_self_attention_heads_5=2, decoder_embed_dim=640, decoder_layer_num=4, decoder_ffn_embed_dim_0=512, decoder_ffn_embed_dim_1=2048, decoder_ffn_embed_dim_2=1024, decoder_ffn_embed_dim_3=1024, decoder_self_attention_heads_0=2, decoder_self_attention_heads_1=2, decoder_self_attention_heads_2=4, decoder_self_attention_heads_3=2, decoder_ende_attention_heads_0=2, decoder_ende_attention_heads_1=4, decoder_ende_attention_heads_2=2, decoder_ende_attention_heads_3=4, decoder_arbitrary_ende_attn_0=2, decoder_arbitrary_ende_attn_1=-1, decoder_arbitrary_ende_attn_2=1, decoder_arbitrary_ende_attn_3=-1, decoder_arbitrary_ende_attn_4=2, decoder_arbitrary_ende_attn_5=-1
| epoch 001:    200 / 2264 loss=12.529, nll_loss=12.436, ppl=5540.17, wps=21664, ups=12, wpb=1741.139, bsz=70.965, num_updates=201, lr=1.0148e-05, gnorm=3.889, clip=0.000, oom=0.000, wall=17, train_wall=14, encoder_embed_dim=640, encoder_layer_num=6, encoder_ffn_embed_dim_0=512, encoder_ffn_embed_dim_1=2048, encoder_ffn_embed_dim_2=512, encoder_ffn_embed_dim_3=512, encoder_ffn_embed_dim_4=1024, encoder_ffn_embed_dim_5=1024, encoder_self_attention_heads_0=2, encoder_self_attention_heads_1=2, encoder_self_attention_heads_2=4, encoder_self_attention_heads_3=4, encoder_self_attention_heads_4=2, encoder_self_attention_heads_5=2, decoder_embed_dim=640, decoder_layer_num=5, decoder_ffn_embed_dim_0=2048, decoder_ffn_embed_dim_1=1024, decoder_ffn_embed_dim_2=512, decoder_ffn_embed_dim_3=1024, decoder_ffn_embed_dim_4=1024, decoder_self_attention_heads_0=4, decoder_self_attention_heads_1=2, decoder_self_attention_heads_2=4, decoder_self_attention_heads_3=4, decoder_self_attention_heads_4=4, decoder_ende_attention_heads_0=4, decoder_ende_attention_heads_1=2, decoder_ende_attention_heads_2=2, decoder_ende_attention_heads_3=2, decoder_ende_attention_heads_4=4, decoder_arbitrary_ende_attn_0=-1, decoder_arbitrary_ende_attn_1=1, decoder_arbitrary_ende_attn_2=1, decoder_arbitrary_ende_attn_3=-1, decoder_arbitrary_ende_attn_4=-1, decoder_arbitrary_ende_attn_5=1
| epoch 001:    210 / 2264 loss=12.490, nll_loss=12.392, ppl=5374.97, wps=21633, ups=12, wpb=1738.815, bsz=70.521, num_updates=211, lr=1.06479e-05, gnorm=3.844, clip=0.000, oom=0.000, wall=18, train_wall=15, encoder_embed_dim=512, encoder_layer_num=6, encoder_ffn_embed_dim_0=512, encoder_ffn_embed_dim_1=512, encoder_ffn_embed_dim_2=2048, encoder_ffn_embed_dim_3=512, encoder_ffn_embed_dim_4=2048, encoder_ffn_embed_dim_5=512, encoder_self_attention_heads_0=4, encoder_self_attention_heads_1=2, encoder_self_attention_heads_2=4, encoder_self_attention_heads_3=4, encoder_self_attention_heads_4=2, encoder_self_attention_heads_5=4, decoder_embed_dim=640, decoder_layer_num=5, decoder_ffn_embed_dim_0=512, decoder_ffn_embed_dim_1=2048, decoder_ffn_embed_dim_2=1024, decoder_ffn_embed_dim_3=1024, decoder_ffn_embed_dim_4=2048, decoder_self_attention_heads_0=4, decoder_self_attention_heads_1=2, decoder_self_attention_heads_2=4, decoder_self_attention_heads_3=2, decoder_self_attention_heads_4=2, decoder_ende_attention_heads_0=2, decoder_ende_attention_heads_1=4, decoder_ende_attention_heads_2=4, decoder_ende_attention_heads_3=2, decoder_ende_attention_heads_4=4, decoder_arbitrary_ende_attn_0=1, decoder_arbitrary_ende_attn_1=2, decoder_arbitrary_ende_attn_2=-1, decoder_arbitrary_ende_attn_3=2, decoder_arbitrary_ende_attn_4=2, decoder_arbitrary_ende_attn_5=2
| epoch 001:    220 / 2264 loss=12.442, nll_loss=12.338, ppl=5177.12, wps=21684, ups=12, wpb=1738.181, bsz=70.516, num_updates=221, lr=1.11478e-05, gnorm=3.786, clip=0.000, oom=0.000, wall=19, train_wall=16, encoder_embed_dim=640, encoder_layer_num=6, encoder_ffn_embed_dim_0=512, encoder_ffn_embed_dim_1=1024, encoder_ffn_embed_dim_2=2048, encoder_ffn_embed_dim_3=2048, encoder_ffn_embed_dim_4=2048, encoder_ffn_embed_dim_5=1024, encoder_self_attention_heads_0=2, encoder_self_attention_heads_1=2, encoder_self_attention_heads_2=2, encoder_self_attention_heads_3=2, encoder_self_attention_heads_4=2, encoder_self_attention_heads_5=2, decoder_embed_dim=640, decoder_layer_num=4, decoder_ffn_embed_dim_0=512, decoder_ffn_embed_dim_1=512, decoder_ffn_embed_dim_2=2048, decoder_ffn_embed_dim_3=2048, decoder_self_attention_heads_0=4, decoder_self_attention_heads_1=4, decoder_self_attention_heads_2=2, decoder_self_attention_heads_3=2, decoder_ende_attention_heads_0=4, decoder_ende_attention_heads_1=4, decoder_ende_attention_heads_2=2, decoder_ende_attention_heads_3=4, decoder_arbitrary_ende_attn_0=-1, decoder_arbitrary_ende_attn_1=-1, decoder_arbitrary_ende_attn_2=-1, decoder_arbitrary_ende_attn_3=2, decoder_arbitrary_ende_attn_4=2, decoder_arbitrary_ende_attn_5=-1
| epoch 001:    230 / 2264 loss=12.395, nll_loss=12.285, ppl=4992.07, wps=21633, ups=12, wpb=1739.584, bsz=70.719, num_updates=231, lr=1.16477e-05, gnorm=3.732, clip=0.000, oom=0.000, wall=20, train_wall=16, encoder_embed_dim=640, encoder_layer_num=6, encoder_ffn_embed_dim_0=1024, encoder_ffn_embed_dim_1=1024, encoder_ffn_embed_dim_2=1024, encoder_ffn_embed_dim_3=512, encoder_ffn_embed_dim_4=1024, encoder_ffn_embed_dim_5=2048, encoder_self_attention_heads_0=4, encoder_self_attention_heads_1=2, encoder_self_attention_heads_2=2, encoder_self_attention_heads_3=4, encoder_self_attention_heads_4=4, encoder_self_attention_heads_5=2, decoder_embed_dim=512, decoder_layer_num=1, decoder_ffn_embed_dim_0=512, decoder_self_attention_heads_0=2, decoder_ende_attention_heads_0=4, decoder_arbitrary_ende_attn_0=-1, decoder_arbitrary_ende_attn_1=2, decoder_arbitrary_ende_attn_2=1, decoder_arbitrary_ende_attn_3=2, decoder_arbitrary_ende_attn_4=1, decoder_arbitrary_ende_attn_5=2
| epoch 001:    240 / 2264 loss=12.349, nll_loss=12.234, ppl=4817.09, wps=21623, ups=12, wpb=1741.506, bsz=71.203, num_updates=241, lr=1.21476e-05, gnorm=3.699, clip=0.000, oom=0.000, wall=21, train_wall=17, encoder_embed_dim=640, encoder_layer_num=6, encoder_ffn_embed_dim_0=512, encoder_ffn_embed_dim_1=2048, encoder_ffn_embed_dim_2=2048, encoder_ffn_embed_dim_3=2048, encoder_ffn_embed_dim_4=1024, encoder_ffn_embed_dim_5=512, encoder_self_attention_heads_0=2, encoder_self_attention_heads_1=2, encoder_self_attention_heads_2=4, encoder_self_attention_heads_3=2, encoder_self_attention_heads_4=2, encoder_self_attention_heads_5=4, decoder_embed_dim=640, decoder_layer_num=5, decoder_ffn_embed_dim_0=512, decoder_ffn_embed_dim_1=512, decoder_ffn_embed_dim_2=512, decoder_ffn_embed_dim_3=1024, decoder_ffn_embed_dim_4=2048, decoder_self_attention_heads_0=4, decoder_self_attention_heads_1=4, decoder_self_attention_heads_2=2, decoder_self_attention_heads_3=2, decoder_self_attention_heads_4=2, decoder_ende_attention_heads_0=4, decoder_ende_attention_heads_1=2, decoder_ende_attention_heads_2=4, decoder_ende_attention_heads_3=4, decoder_ende_attention_heads_4=2, decoder_arbitrary_ende_attn_0=2, decoder_arbitrary_ende_attn_1=-1, decoder_arbitrary_ende_attn_2=1, decoder_arbitrary_ende_attn_3=-1, decoder_arbitrary_ende_attn_4=-1, decoder_arbitrary_ende_attn_5=-1
| epoch 001:    250 / 2264 loss=12.303, nll_loss=12.183, ppl=4649.17, wps=21645, ups=12, wpb=1742.227, bsz=72.255, num_updates=251, lr=1.26475e-05, gnorm=3.662, clip=0.000, oom=0.000, wall=21, train_wall=18, encoder_embed_dim=512, encoder_layer_num=6, encoder_ffn_embed_dim_0=512, encoder_ffn_embed_dim_1=512, encoder_ffn_embed_dim_2=512, encoder_ffn_embed_dim_3=2048, encoder_ffn_embed_dim_4=1024, encoder_ffn_embed_dim_5=1024, encoder_self_attention_heads_0=4, encoder_self_attention_heads_1=4, encoder_self_attention_heads_2=4, encoder_self_attention_heads_3=2, encoder_self_attention_heads_4=2, encoder_self_attention_heads_5=2, decoder_embed_dim=512, decoder_layer_num=2, decoder_ffn_embed_dim_0=512, decoder_ffn_embed_dim_1=512, decoder_self_attention_heads_0=2, decoder_self_attention_heads_1=4, decoder_ende_attention_heads_0=4, decoder_ende_attention_heads_1=2, decoder_arbitrary_ende_attn_0=2, decoder_arbitrary_ende_attn_1=-1, decoder_arbitrary_ende_attn_2=1, decoder_arbitrary_ende_attn_3=1, decoder_arbitrary_ende_attn_4=-1, decoder_arbitrary_ende_attn_5=2
| epoch 001:    260 / 2264 loss=12.265, nll_loss=12.140, ppl=4513.82, wps=21674, ups=12, wpb=1739.077, bsz=71.693, num_updates=261, lr=1.31474e-05, gnorm=3.612, clip=0.000, oom=0.000, wall=22, train_wall=19, encoder_embed_dim=640, encoder_layer_num=6, encoder_ffn_embed_dim_0=512, encoder_ffn_embed_dim_1=2048, encoder_ffn_embed_dim_2=512, encoder_ffn_embed_dim_3=1024, encoder_ffn_embed_dim_4=1024, encoder_ffn_embed_dim_5=512, encoder_self_attention_heads_0=2, encoder_self_attention_heads_1=4, encoder_self_attention_heads_2=2, encoder_self_attention_heads_3=4, encoder_self_attention_heads_4=4, encoder_self_attention_heads_5=4, decoder_embed_dim=640, decoder_layer_num=2, decoder_ffn_embed_dim_0=2048, decoder_ffn_embed_dim_1=512, decoder_self_attention_heads_0=4, decoder_self_attention_heads_1=2, decoder_ende_attention_heads_0=2, decoder_ende_attention_heads_1=2, decoder_arbitrary_ende_attn_0=1, decoder_arbitrary_ende_attn_1=2, decoder_arbitrary_ende_attn_2=1, decoder_arbitrary_ende_attn_3=2, decoder_arbitrary_ende_attn_4=1, decoder_arbitrary_ende_attn_5=2
| epoch 001:    270 / 2264 loss=12.219, nll_loss=12.088, ppl=4353.95, wps=21745, ups=12, wpb=1744.011, bsz=72.915, num_updates=271, lr=1.36473e-05, gnorm=3.582, clip=0.000, oom=0.000, wall=23, train_wall=19, encoder_embed_dim=640, encoder_layer_num=6, encoder_ffn_embed_dim_0=512, encoder_ffn_embed_dim_1=2048, encoder_ffn_embed_dim_2=2048, encoder_ffn_embed_dim_3=512, encoder_ffn_embed_dim_4=1024, encoder_ffn_embed_dim_5=512, encoder_self_attention_heads_0=2, encoder_self_attention_heads_1=4, encoder_self_attention_heads_2=2, encoder_self_attention_heads_3=2, encoder_self_attention_heads_4=2, encoder_self_attention_heads_5=2, decoder_embed_dim=512, decoder_layer_num=1, decoder_ffn_embed_dim_0=1024, decoder_self_attention_heads_0=4, decoder_ende_attention_heads_0=2, decoder_arbitrary_ende_attn_0=2, decoder_arbitrary_ende_attn_1=-1, decoder_arbitrary_ende_attn_2=-1, decoder_arbitrary_ende_attn_3=2, decoder_arbitrary_ende_attn_4=1, decoder_arbitrary_ende_attn_5=2
| epoch 001:    280 / 2264 loss=12.186, nll_loss=12.052, ppl=4245.56, wps=21825, ups=12, wpb=1741.900, bsz=72.342, num_updates=281, lr=1.41472e-05, gnorm=3.526, clip=0.000, oom=0.000, wall=24, train_wall=20, encoder_embed_dim=512, encoder_layer_num=6, encoder_ffn_embed_dim_0=1024, encoder_ffn_embed_dim_1=512, encoder_ffn_embed_dim_2=512, encoder_ffn_embed_dim_3=1024, encoder_ffn_embed_dim_4=512, encoder_ffn_embed_dim_5=1024, encoder_self_attention_heads_0=2, encoder_self_attention_heads_1=2, encoder_self_attention_heads_2=4, encoder_self_attention_heads_3=4, encoder_self_attention_heads_4=4, encoder_self_attention_heads_5=2, decoder_embed_dim=512, decoder_layer_num=1, decoder_ffn_embed_dim_0=2048, decoder_self_attention_heads_0=2, decoder_ende_attention_heads_0=2, decoder_arbitrary_ende_attn_0=2, decoder_arbitrary_ende_attn_1=1, decoder_arbitrary_ende_attn_2=1, decoder_arbitrary_ende_attn_3=1, decoder_arbitrary_ende_attn_4=2, decoder_arbitrary_ende_attn_5=1
| epoch 001:    290 / 2264 loss=12.139, nll_loss=11.999, ppl=4093.16, wps=21760, ups=12, wpb=1744.251, bsz=73.869, num_updates=291, lr=1.46471e-05, gnorm=3.505, clip=0.000, oom=0.000, wall=25, train_wall=21, encoder_embed_dim=512, encoder_layer_num=6, encoder_ffn_embed_dim_0=2048, encoder_ffn_embed_dim_1=512, encoder_ffn_embed_dim_2=2048, encoder_ffn_embed_dim_3=2048, encoder_ffn_embed_dim_4=1024, encoder_ffn_embed_dim_5=2048, encoder_self_attention_heads_0=4, encoder_self_attention_heads_1=2, encoder_self_attention_heads_2=4, encoder_self_attention_heads_3=2, encoder_self_attention_heads_4=2, encoder_self_attention_heads_5=2, decoder_embed_dim=512, decoder_layer_num=5, decoder_ffn_embed_dim_0=2048, decoder_ffn_embed_dim_1=2048, decoder_ffn_embed_dim_2=512, decoder_ffn_embed_dim_3=1024, decoder_ffn_embed_dim_4=1024, decoder_self_attention_heads_0=2, decoder_self_attention_heads_1=2, decoder_self_attention_heads_2=2, decoder_self_attention_heads_3=2, decoder_self_attention_heads_4=4, decoder_ende_attention_heads_0=2, decoder_ende_attention_heads_1=4, decoder_ende_attention_heads_2=2, decoder_ende_attention_heads_3=4, decoder_ende_attention_heads_4=2, decoder_arbitrary_ende_attn_0=-1, decoder_arbitrary_ende_attn_1=2, decoder_arbitrary_ende_attn_2=2, decoder_arbitrary_ende_attn_3=1, decoder_arbitrary_ende_attn_4=-1, decoder_arbitrary_ende_attn_5=2
| epoch 001:    300 / 2264 loss=12.105, nll_loss=11.960, ppl=3985.06, wps=21798, ups=12, wpb=1741.605, bsz=73.860, num_updates=301, lr=1.5147e-05, gnorm=3.464, clip=0.000, oom=0.000, wall=25, train_wall=21, encoder_embed_dim=512, encoder_layer_num=6, encoder_ffn_embed_dim_0=1024, encoder_ffn_embed_dim_1=512, encoder_ffn_embed_dim_2=2048, encoder_ffn_embed_dim_3=1024, encoder_ffn_embed_dim_4=1024, encoder_ffn_embed_dim_5=512, encoder_self_attention_heads_0=2, encoder_self_attention_heads_1=4, encoder_self_attention_heads_2=4, encoder_self_attention_heads_3=2, encoder_self_attention_heads_4=4, encoder_self_attention_heads_5=4, decoder_embed_dim=512, decoder_layer_num=3, decoder_ffn_embed_dim_0=2048, decoder_ffn_embed_dim_1=1024, decoder_ffn_embed_dim_2=512, decoder_self_attention_heads_0=4, decoder_self_attention_heads_1=2, decoder_self_attention_heads_2=2, decoder_ende_attention_heads_0=4, decoder_ende_attention_heads_1=4, decoder_ende_attention_heads_2=2, decoder_arbitrary_ende_attn_0=-1, decoder_arbitrary_ende_attn_1=-1, decoder_arbitrary_ende_attn_2=-1, decoder_arbitrary_ende_attn_3=2, decoder_arbitrary_ende_attn_4=-1, decoder_arbitrary_ende_attn_5=1
| epoch 001:    310 / 2264 loss=12.070, nll_loss=11.922, ppl=3880.14, wps=21775, ups=12, wpb=1740.563, bsz=73.209, num_updates=311, lr=1.56469e-05, gnorm=3.439, clip=0.000, oom=0.000, wall=26, train_wall=22, encoder_embed_dim=640, encoder_layer_num=6, encoder_ffn_embed_dim_0=1024, encoder_ffn_embed_dim_1=1024, encoder_ffn_embed_dim_2=1024, encoder_ffn_embed_dim_3=2048, encoder_ffn_embed_dim_4=2048, encoder_ffn_embed_dim_5=2048, encoder_self_attention_heads_0=2, encoder_self_attention_heads_1=2, encoder_self_attention_heads_2=4, encoder_self_attention_heads_3=2, encoder_self_attention_heads_4=2, encoder_self_attention_heads_5=4, decoder_embed_dim=640, decoder_layer_num=5, decoder_ffn_embed_dim_0=512, decoder_ffn_embed_dim_1=512, decoder_ffn_embed_dim_2=512, decoder_ffn_embed_dim_3=1024, decoder_ffn_embed_dim_4=1024, decoder_self_attention_heads_0=4, decoder_self_attention_heads_1=2, decoder_self_attention_heads_2=2, decoder_self_attention_heads_3=2, decoder_self_attention_heads_4=4, decoder_ende_attention_heads_0=2, decoder_ende_attention_heads_1=4, decoder_ende_attention_heads_2=2, decoder_ende_attention_heads_3=4, decoder_ende_attention_heads_4=2, decoder_arbitrary_ende_attn_0=-1, decoder_arbitrary_ende_attn_1=1, decoder_arbitrary_ende_attn_2=1, decoder_arbitrary_ende_attn_3=1, decoder_arbitrary_ende_attn_4=2, decoder_arbitrary_ende_attn_5=2
| epoch 001:    320 / 2264 loss=12.034, nll_loss=11.881, ppl=3770.98, wps=21738, ups=12, wpb=1740.751, bsz=72.922, num_updates=321, lr=1.61468e-05, gnorm=3.402, clip=0.000, oom=0.000, wall=27, train_wall=23, encoder_embed_dim=512, encoder_layer_num=6, encoder_ffn_embed_dim_0=1024, encoder_ffn_embed_dim_1=1024, encoder_ffn_embed_dim_2=2048, encoder_ffn_embed_dim_3=512, encoder_ffn_embed_dim_4=512, encoder_ffn_embed_dim_5=2048, encoder_self_attention_heads_0=4, encoder_self_attention_heads_1=2, encoder_self_attention_heads_2=2, encoder_self_attention_heads_3=4, encoder_self_attention_heads_4=2, encoder_self_attention_heads_5=2, decoder_embed_dim=640, decoder_layer_num=2, decoder_ffn_embed_dim_0=1024, decoder_ffn_embed_dim_1=2048, decoder_self_attention_heads_0=4, decoder_self_attention_heads_1=4, decoder_ende_attention_heads_0=2, decoder_ende_attention_heads_1=2, decoder_arbitrary_ende_attn_0=2, decoder_arbitrary_ende_attn_1=2, decoder_arbitrary_ende_attn_2=-1, decoder_arbitrary_ende_attn_3=2, decoder_arbitrary_ende_attn_4=-1, decoder_arbitrary_ende_attn_5=1
| epoch 001:    330 / 2264 loss=11.997, nll_loss=11.840, ppl=3665.69, wps=21695, ups=12, wpb=1743.731, bsz=72.459, num_updates=331, lr=1.66467e-05, gnorm=3.358, clip=0.000, oom=0.000, wall=28, train_wall=23, encoder_embed_dim=640, encoder_layer_num=6, encoder_ffn_embed_dim_0=2048, encoder_ffn_embed_dim_1=512, encoder_ffn_embed_dim_2=512, encoder_ffn_embed_dim_3=2048, encoder_ffn_embed_dim_4=2048, encoder_ffn_embed_dim_5=2048, encoder_self_attention_heads_0=2, encoder_self_attention_heads_1=2, encoder_self_attention_heads_2=4, encoder_self_attention_heads_3=4, encoder_self_attention_heads_4=2, encoder_self_attention_heads_5=4, decoder_embed_dim=640, decoder_layer_num=2, decoder_ffn_embed_dim_0=512, decoder_ffn_embed_dim_1=512, decoder_self_attention_heads_0=4, decoder_self_attention_heads_1=4, decoder_ende_attention_heads_0=4, decoder_ende_attention_heads_1=2, decoder_arbitrary_ende_attn_0=1, decoder_arbitrary_ende_attn_1=2, decoder_arbitrary_ende_attn_2=2, decoder_arbitrary_ende_attn_3=2, decoder_arbitrary_ende_attn_4=-1, decoder_arbitrary_ende_attn_5=-1
| epoch 001:    340 / 2264 loss=11.965, nll_loss=11.803, ppl=3574.40, wps=21721, ups=12, wpb=1743.677, bsz=71.812, num_updates=341, lr=1.71466e-05, gnorm=3.313, clip=0.000, oom=0.000, wall=29, train_wall=24, encoder_embed_dim=512, encoder_layer_num=6, encoder_ffn_embed_dim_0=1024, encoder_ffn_embed_dim_1=1024, encoder_ffn_embed_dim_2=512, encoder_ffn_embed_dim_3=1024, encoder_ffn_embed_dim_4=512, encoder_ffn_embed_dim_5=2048, encoder_self_attention_heads_0=4, encoder_self_attention_heads_1=4, encoder_self_attention_heads_2=2, encoder_self_attention_heads_3=4, encoder_self_attention_heads_4=2, encoder_self_attention_heads_5=2, decoder_embed_dim=640, decoder_layer_num=2, decoder_ffn_embed_dim_0=1024, decoder_ffn_embed_dim_1=2048, decoder_self_attention_heads_0=4, decoder_self_attention_heads_1=4, decoder_ende_attention_heads_0=4, decoder_ende_attention_heads_1=4, decoder_arbitrary_ende_attn_0=1, decoder_arbitrary_ende_attn_1=1, decoder_arbitrary_ende_attn_2=-1, decoder_arbitrary_ende_attn_3=-1, decoder_arbitrary_ende_attn_4=1, decoder_arbitrary_ende_attn_5=-1
| epoch 001:    350 / 2264 loss=11.932, nll_loss=11.767, ppl=3484.16, wps=21735, ups=12, wpb=1741.940, bsz=71.179, num_updates=351, lr=1.76465e-05, gnorm=3.270, clip=0.000, oom=0.000, wall=29, train_wall=25, encoder_embed_dim=512, encoder_layer_num=6, encoder_ffn_embed_dim_0=1024, encoder_ffn_embed_dim_1=1024, encoder_ffn_embed_dim_2=512, encoder_ffn_embed_dim_3=512, encoder_ffn_embed_dim_4=1024, encoder_ffn_embed_dim_5=2048, encoder_self_attention_heads_0=2, encoder_self_attention_heads_1=4, encoder_self_attention_heads_2=2, encoder_self_attention_heads_3=4, encoder_self_attention_heads_4=2, encoder_self_attention_heads_5=4, decoder_embed_dim=640, decoder_layer_num=1, decoder_ffn_embed_dim_0=1024, decoder_self_attention_heads_0=2, decoder_ende_attention_heads_0=2, decoder_arbitrary_ende_attn_0=-1, decoder_arbitrary_ende_attn_1=2, decoder_arbitrary_ende_attn_2=1, decoder_arbitrary_ende_attn_3=2, decoder_arbitrary_ende_attn_4=2, decoder_arbitrary_ende_attn_5=1
| epoch 001:    360 / 2264 loss=11.895, nll_loss=11.724, ppl=3383.21, wps=21843, ups=12, wpb=1744.612, bsz=71.136, num_updates=361, lr=1.81464e-05, gnorm=3.226, clip=0.000, oom=0.000, wall=30, train_wall=25, encoder_embed_dim=640, encoder_layer_num=6, encoder_ffn_embed_dim_0=2048, encoder_ffn_embed_dim_1=512, encoder_ffn_embed_dim_2=512, encoder_ffn_embed_dim_3=2048, encoder_ffn_embed_dim_4=2048, encoder_ffn_embed_dim_5=1024, encoder_self_attention_heads_0=4, encoder_self_attention_heads_1=4, encoder_self_attention_heads_2=4, encoder_self_attention_heads_3=4, encoder_self_attention_heads_4=4, encoder_self_attention_heads_5=2, decoder_embed_dim=512, decoder_layer_num=1, decoder_ffn_embed_dim_0=2048, decoder_self_attention_heads_0=2, decoder_ende_attention_heads_0=2, decoder_arbitrary_ende_attn_0=1, decoder_arbitrary_ende_attn_1=2, decoder_arbitrary_ende_attn_2=-1, decoder_arbitrary_ende_attn_3=1, decoder_arbitrary_ende_attn_4=1, decoder_arbitrary_ende_attn_5=1
| epoch 001:    370 / 2264 loss=11.854, nll_loss=11.679, ppl=3278.65, wps=21887, ups=12, wpb=1746.199, bsz=71.439, num_updates=371, lr=1.86463e-05, gnorm=3.193, clip=0.000, oom=0.000, wall=31, train_wall=26, encoder_embed_dim=640, encoder_layer_num=6, encoder_ffn_embed_dim_0=2048, encoder_ffn_embed_dim_1=512, encoder_ffn_embed_dim_2=512, encoder_ffn_embed_dim_3=1024, encoder_ffn_embed_dim_4=512, encoder_ffn_embed_dim_5=512, encoder_self_attention_heads_0=2, encoder_self_attention_heads_1=4, encoder_self_attention_heads_2=4, encoder_self_attention_heads_3=4, encoder_self_attention_heads_4=2, encoder_self_attention_heads_5=2, decoder_embed_dim=512, decoder_layer_num=1, decoder_ffn_embed_dim_0=512, decoder_self_attention_heads_0=4, decoder_ende_attention_heads_0=2, decoder_arbitrary_ende_attn_0=1, decoder_arbitrary_ende_attn_1=2, decoder_arbitrary_ende_attn_2=-1, decoder_arbitrary_ende_attn_3=1, decoder_arbitrary_ende_attn_4=1, decoder_arbitrary_ende_attn_5=1
| epoch 001:    380 / 2264 loss=11.819, nll_loss=11.639, ppl=3188.51, wps=21936, ups=12, wpb=1746.730, bsz=71.727, num_updates=381, lr=1.91462e-05, gnorm=3.158, clip=0.000, oom=0.000, wall=32, train_wall=27, encoder_embed_dim=640, encoder_layer_num=6, encoder_ffn_embed_dim_0=1024, encoder_ffn_embed_dim_1=512, encoder_ffn_embed_dim_2=512, encoder_ffn_embed_dim_3=1024, encoder_ffn_embed_dim_4=1024, encoder_ffn_embed_dim_5=512, encoder_self_attention_heads_0=4, encoder_self_attention_heads_1=4, encoder_self_attention_heads_2=2, encoder_self_attention_heads_3=2, encoder_self_attention_heads_4=2, encoder_self_attention_heads_5=4, decoder_embed_dim=512, decoder_layer_num=2, decoder_ffn_embed_dim_0=512, decoder_ffn_embed_dim_1=512, decoder_self_attention_heads_0=4, decoder_self_attention_heads_1=2, decoder_ende_attention_heads_0=4, decoder_ende_attention_heads_1=2, decoder_arbitrary_ende_attn_0=-1, decoder_arbitrary_ende_attn_1=-1, decoder_arbitrary_ende_attn_2=-1, decoder_arbitrary_ende_attn_3=1, decoder_arbitrary_ende_attn_4=2, decoder_arbitrary_ende_attn_5=-1
| epoch 001:    390 / 2264 loss=11.784, nll_loss=11.600, ppl=3104.51, wps=21953, ups=12, wpb=1746.616, bsz=71.345, num_updates=391, lr=1.96461e-05, gnorm=3.118, clip=0.000, oom=0.000, wall=32, train_wall=27, encoder_embed_dim=640, encoder_layer_num=6, encoder_ffn_embed_dim_0=1024, encoder_ffn_embed_dim_1=512, encoder_ffn_embed_dim_2=1024, encoder_ffn_embed_dim_3=1024, encoder_ffn_embed_dim_4=512, encoder_ffn_embed_dim_5=2048, encoder_self_attention_heads_0=2, encoder_self_attention_heads_1=4, encoder_self_attention_heads_2=4, encoder_self_attention_heads_3=4, encoder_self_attention_heads_4=2, encoder_self_attention_heads_5=2, decoder_embed_dim=512, decoder_layer_num=5, decoder_ffn_embed_dim_0=1024, decoder_ffn_embed_dim_1=1024, decoder_ffn_embed_dim_2=512, decoder_ffn_embed_dim_3=512, decoder_ffn_embed_dim_4=1024, decoder_self_attention_heads_0=4, decoder_self_attention_heads_1=4, decoder_self_attention_heads_2=4, decoder_self_attention_heads_3=4, decoder_self_attention_heads_4=4, decoder_ende_attention_heads_0=4, decoder_ende_attention_heads_1=4, decoder_ende_attention_heads_2=2, decoder_ende_attention_heads_3=4, decoder_ende_attention_heads_4=2, decoder_arbitrary_ende_attn_0=-1, decoder_arbitrary_ende_attn_1=-1, decoder_arbitrary_ende_attn_2=2, decoder_arbitrary_ende_attn_3=2, decoder_arbitrary_ende_attn_4=2, decoder_arbitrary_ende_attn_5=2
| epoch 001:    400 / 2264 loss=11.747, nll_loss=11.558, ppl=3014.29, wps=22019, ups=12, wpb=1748.756, bsz=71.481, num_updates=401, lr=2.0146e-05, gnorm=3.079, clip=0.000, oom=0.000, wall=33, train_wall=28, encoder_embed_dim=512, encoder_layer_num=6, encoder_ffn_embed_dim_0=1024, encoder_ffn_embed_dim_1=1024, encoder_ffn_embed_dim_2=512, encoder_ffn_embed_dim_3=1024, encoder_ffn_embed_dim_4=2048, encoder_ffn_embed_dim_5=2048, encoder_self_attention_heads_0=2, encoder_self_attention_heads_1=2, encoder_self_attention_heads_2=2, encoder_self_attention_heads_3=2, encoder_self_attention_heads_4=2, encoder_self_attention_heads_5=4, decoder_embed_dim=512, decoder_layer_num=2, decoder_ffn_embed_dim_0=2048, decoder_ffn_embed_dim_1=1024, decoder_self_attention_heads_0=4, decoder_self_attention_heads_1=4, decoder_ende_attention_heads_0=2, decoder_ende_attention_heads_1=2, decoder_arbitrary_ende_attn_0=-1, decoder_arbitrary_ende_attn_1=-1, decoder_arbitrary_ende_attn_2=-1, decoder_arbitrary_ende_attn_3=-1, decoder_arbitrary_ende_attn_4=1, decoder_arbitrary_ende_attn_5=-1
| epoch 001:    410 / 2264 loss=11.718, nll_loss=11.526, ppl=2948.23, wps=22018, ups=12, wpb=1746.655, bsz=70.813, num_updates=411, lr=2.06459e-05, gnorm=3.041, clip=0.000, oom=0.000, wall=34, train_wall=29, encoder_embed_dim=640, encoder_layer_num=6, encoder_ffn_embed_dim_0=1024, encoder_ffn_embed_dim_1=1024, encoder_ffn_embed_dim_2=2048, encoder_ffn_embed_dim_3=2048, encoder_ffn_embed_dim_4=1024, encoder_ffn_embed_dim_5=1024, encoder_self_attention_heads_0=4, encoder_self_attention_heads_1=2, encoder_self_attention_heads_2=4, encoder_self_attention_heads_3=4, encoder_self_attention_heads_4=4, encoder_self_attention_heads_5=4, decoder_embed_dim=512, decoder_layer_num=1, decoder_ffn_embed_dim_0=1024, decoder_self_attention_heads_0=2, decoder_ende_attention_heads_0=4, decoder_arbitrary_ende_attn_0=2, decoder_arbitrary_ende_attn_1=-1, decoder_arbitrary_ende_attn_2=2, decoder_arbitrary_ende_attn_3=1, decoder_arbitrary_ende_attn_4=2, decoder_arbitrary_ende_attn_5=2
| epoch 001:    420 / 2264 loss=11.684, nll_loss=11.486, ppl=2869.06, wps=22015, ups=12, wpb=1746.596, bsz=70.841, num_updates=421, lr=2.11458e-05, gnorm=3.011, clip=0.000, oom=0.000, wall=35, train_wall=29, encoder_embed_dim=640, encoder_layer_num=6, encoder_ffn_embed_dim_0=2048, encoder_ffn_embed_dim_1=2048, encoder_ffn_embed_dim_2=1024, encoder_ffn_embed_dim_3=512, encoder_ffn_embed_dim_4=512, encoder_ffn_embed_dim_5=1024, encoder_self_attention_heads_0=4, encoder_self_attention_heads_1=2, encoder_self_attention_heads_2=4, encoder_self_attention_heads_3=4, encoder_self_attention_heads_4=2, encoder_self_attention_heads_5=2, decoder_embed_dim=512, decoder_layer_num=3, decoder_ffn_embed_dim_0=2048, decoder_ffn_embed_dim_1=2048, decoder_ffn_embed_dim_2=1024, decoder_self_attention_heads_0=2, decoder_self_attention_heads_1=4, decoder_self_attention_heads_2=4, decoder_ende_attention_heads_0=2, decoder_ende_attention_heads_1=2, decoder_ende_attention_heads_2=2, decoder_arbitrary_ende_attn_0=2, decoder_arbitrary_ende_attn_1=-1, decoder_arbitrary_ende_attn_2=-1, decoder_arbitrary_ende_attn_3=1, decoder_arbitrary_ende_attn_4=-1, decoder_arbitrary_ende_attn_5=1
| epoch 001:    430 / 2264 loss=11.655, nll_loss=11.453, ppl=2804.02, wps=21945, ups=12, wpb=1746.754, bsz=70.645, num_updates=431, lr=2.16457e-05, gnorm=2.981, clip=0.000, oom=0.000, wall=36, train_wall=30, encoder_embed_dim=512, encoder_layer_num=6, encoder_ffn_embed_dim_0=2048, encoder_ffn_embed_dim_1=1024, encoder_ffn_embed_dim_2=2048, encoder_ffn_embed_dim_3=2048, encoder_ffn_embed_dim_4=1024, encoder_ffn_embed_dim_5=2048, encoder_self_attention_heads_0=2, encoder_self_attention_heads_1=2, encoder_self_attention_heads_2=4, encoder_self_attention_heads_3=2, encoder_self_attention_heads_4=4, encoder_self_attention_heads_5=4, decoder_embed_dim=640, decoder_layer_num=5, decoder_ffn_embed_dim_0=512, decoder_ffn_embed_dim_1=1024, decoder_ffn_embed_dim_2=2048, decoder_ffn_embed_dim_3=512, decoder_ffn_embed_dim_4=1024, decoder_self_attention_heads_0=2, decoder_self_attention_heads_1=2, decoder_self_attention_heads_2=4, decoder_self_attention_heads_3=4, decoder_self_attention_heads_4=4, decoder_ende_attention_heads_0=4, decoder_ende_attention_heads_1=4, decoder_ende_attention_heads_2=2, decoder_ende_attention_heads_3=4, decoder_ende_attention_heads_4=2, decoder_arbitrary_ende_attn_0=-1, decoder_arbitrary_ende_attn_1=2, decoder_arbitrary_ende_attn_2=2, decoder_arbitrary_ende_attn_3=2, decoder_arbitrary_ende_attn_4=1, decoder_arbitrary_ende_attn_5=2
| epoch 001:    440 / 2264 loss=11.621, nll_loss=11.415, ppl=2731.00, wps=21900, ups=12, wpb=1747.941, bsz=70.748, num_updates=441, lr=2.21456e-05, gnorm=2.956, clip=0.000, oom=0.000, wall=36, train_wall=31, encoder_embed_dim=640, encoder_layer_num=6, encoder_ffn_embed_dim_0=2048, encoder_ffn_embed_dim_1=2048, encoder_ffn_embed_dim_2=1024, encoder_ffn_embed_dim_3=512, encoder_ffn_embed_dim_4=512, encoder_ffn_embed_dim_5=2048, encoder_self_attention_heads_0=4, encoder_self_attention_heads_1=4, encoder_self_attention_heads_2=4, encoder_self_attention_heads_3=2, encoder_self_attention_heads_4=4, encoder_self_attention_heads_5=2, decoder_embed_dim=640, decoder_layer_num=4, decoder_ffn_embed_dim_0=2048, decoder_ffn_embed_dim_1=2048, decoder_ffn_embed_dim_2=1024, decoder_ffn_embed_dim_3=2048, decoder_self_attention_heads_0=4, decoder_self_attention_heads_1=4, decoder_self_attention_heads_2=4, decoder_self_attention_heads_3=2, decoder_ende_attention_heads_0=2, decoder_ende_attention_heads_1=2, decoder_ende_attention_heads_2=2, decoder_ende_attention_heads_3=2, decoder_arbitrary_ende_attn_0=2, decoder_arbitrary_ende_attn_1=1, decoder_arbitrary_ende_attn_2=2, decoder_arbitrary_ende_attn_3=1, decoder_arbitrary_ende_attn_4=2, decoder_arbitrary_ende_attn_5=-1
| epoch 001:    450 / 2264 loss=11.593, nll_loss=11.382, ppl=2669.73, wps=21905, ups=12, wpb=1745.949, bsz=70.350, num_updates=451, lr=2.26455e-05, gnorm=2.924, clip=0.000, oom=0.000, wall=37, train_wall=32, encoder_embed_dim=640, encoder_layer_num=6, encoder_ffn_embed_dim_0=2048, encoder_ffn_embed_dim_1=512, encoder_ffn_embed_dim_2=2048, encoder_ffn_embed_dim_3=2048, encoder_ffn_embed_dim_4=512, encoder_ffn_embed_dim_5=2048, encoder_self_attention_heads_0=4, encoder_self_attention_heads_1=2, encoder_self_attention_heads_2=4, encoder_self_attention_heads_3=2, encoder_self_attention_heads_4=4, encoder_self_attention_heads_5=2, decoder_embed_dim=512, decoder_layer_num=3, decoder_ffn_embed_dim_0=2048, decoder_ffn_embed_dim_1=2048, decoder_ffn_embed_dim_2=2048, decoder_self_attention_heads_0=2, decoder_self_attention_heads_1=2, decoder_self_attention_heads_2=4, decoder_ende_attention_heads_0=4, decoder_ende_attention_heads_1=2, decoder_ende_attention_heads_2=4, decoder_arbitrary_ende_attn_0=2, decoder_arbitrary_ende_attn_1=2, decoder_arbitrary_ende_attn_2=1, decoder_arbitrary_ende_attn_3=2, decoder_arbitrary_ende_attn_4=-1, decoder_arbitrary_ende_attn_5=2
| epoch 001:    460 / 2264 loss=11.564, nll_loss=11.350, ppl=2609.95, wps=21921, ups=12, wpb=1744.295, bsz=70.369, num_updates=461, lr=2.31454e-05, gnorm=2.899, clip=0.000, oom=0.000, wall=38, train_wall=32, encoder_embed_dim=512, encoder_layer_num=6, encoder_ffn_embed_dim_0=512, encoder_ffn_embed_dim_1=2048, encoder_ffn_embed_dim_2=512, encoder_ffn_embed_dim_3=1024, encoder_ffn_embed_dim_4=512, encoder_ffn_embed_dim_5=2048, encoder_self_attention_heads_0=2, encoder_self_attention_heads_1=2, encoder_self_attention_heads_2=2, encoder_self_attention_heads_3=2, encoder_self_attention_heads_4=4, encoder_self_attention_heads_5=4, decoder_embed_dim=512, decoder_layer_num=3, decoder_ffn_embed_dim_0=2048, decoder_ffn_embed_dim_1=2048, decoder_ffn_embed_dim_2=2048, decoder_self_attention_heads_0=4, decoder_self_attention_heads_1=2, decoder_self_attention_heads_2=2, decoder_ende_attention_heads_0=4, decoder_ende_attention_heads_1=2, decoder_ende_attention_heads_2=4, decoder_arbitrary_ende_attn_0=2, decoder_arbitrary_ende_attn_1=1, decoder_arbitrary_ende_attn_2=-1, decoder_arbitrary_ende_attn_3=1, decoder_arbitrary_ende_attn_4=1, decoder_arbitrary_ende_attn_5=1
| epoch 001:    470 / 2264 loss=11.535, nll_loss=11.317, ppl=2550.78, wps=21920, ups=12, wpb=1746.229, bsz=69.860, num_updates=471, lr=2.36453e-05, gnorm=2.870, clip=0.000, oom=0.000, wall=39, train_wall=33, encoder_embed_dim=640, encoder_layer_num=6, encoder_ffn_embed_dim_0=512, encoder_ffn_embed_dim_1=512, encoder_ffn_embed_dim_2=512, encoder_ffn_embed_dim_3=1024, encoder_ffn_embed_dim_4=1024, encoder_ffn_embed_dim_5=512, encoder_self_attention_heads_0=2, encoder_self_attention_heads_1=4, encoder_self_attention_heads_2=2, encoder_self_attention_heads_3=4, encoder_self_attention_heads_4=4, encoder_self_attention_heads_5=2, decoder_embed_dim=512, decoder_layer_num=5, decoder_ffn_embed_dim_0=512, decoder_ffn_embed_dim_1=2048, decoder_ffn_embed_dim_2=512, decoder_ffn_embed_dim_3=1024, decoder_ffn_embed_dim_4=512, decoder_self_attention_heads_0=2, decoder_self_attention_heads_1=4, decoder_self_attention_heads_2=4, decoder_self_attention_heads_3=4, decoder_self_attention_heads_4=4, decoder_ende_attention_heads_0=4, decoder_ende_attention_heads_1=2, decoder_ende_attention_heads_2=4, decoder_ende_attention_heads_3=4, decoder_ende_attention_heads_4=4, decoder_arbitrary_ende_attn_0=2, decoder_arbitrary_ende_attn_1=2, decoder_arbitrary_ende_attn_2=2, decoder_arbitrary_ende_attn_3=-1, decoder_arbitrary_ende_attn_4=-1, decoder_arbitrary_ende_attn_5=1
| epoch 001:    480 / 2264 loss=11.506, nll_loss=11.285, ppl=2494.65, wps=21915, ups=12, wpb=1745.757, bsz=69.672, num_updates=481, lr=2.41452e-05, gnorm=2.845, clip=0.000, oom=0.000, wall=40, train_wall=34, encoder_embed_dim=512, encoder_layer_num=6, encoder_ffn_embed_dim_0=512, encoder_ffn_embed_dim_1=2048, encoder_ffn_embed_dim_2=2048, encoder_ffn_embed_dim_3=2048, encoder_ffn_embed_dim_4=512, encoder_ffn_embed_dim_5=1024, encoder_self_attention_heads_0=2, encoder_self_attention_heads_1=4, encoder_self_attention_heads_2=4, encoder_self_attention_heads_3=2, encoder_self_attention_heads_4=4, encoder_self_attention_heads_5=4, decoder_embed_dim=512, decoder_layer_num=5, decoder_ffn_embed_dim_0=1024, decoder_ffn_embed_dim_1=2048, decoder_ffn_embed_dim_2=1024, decoder_ffn_embed_dim_3=512, decoder_ffn_embed_dim_4=512, decoder_self_attention_heads_0=4, decoder_self_attention_heads_1=4, decoder_self_attention_heads_2=4, decoder_self_attention_heads_3=4, decoder_self_attention_heads_4=4, decoder_ende_attention_heads_0=2, decoder_ende_attention_heads_1=4, decoder_ende_attention_heads_2=2, decoder_ende_attention_heads_3=2, decoder_ende_attention_heads_4=4, decoder_arbitrary_ende_attn_0=-1, decoder_arbitrary_ende_attn_1=1, decoder_arbitrary_ende_attn_2=2, decoder_arbitrary_ende_attn_3=2, decoder_arbitrary_ende_attn_4=1, decoder_arbitrary_ende_attn_5=1
| epoch 001:    490 / 2264 loss=11.473, nll_loss=11.247, ppl=2430.79, wps=21938, ups=12, wpb=1747.118, bsz=70.191, num_updates=491, lr=2.46451e-05, gnorm=2.822, clip=0.000, oom=0.000, wall=40, train_wall=34, encoder_embed_dim=512, encoder_layer_num=6, encoder_ffn_embed_dim_0=512, encoder_ffn_embed_dim_1=1024, encoder_ffn_embed_dim_2=512, encoder_ffn_embed_dim_3=1024, encoder_ffn_embed_dim_4=512, encoder_ffn_embed_dim_5=2048, encoder_self_attention_heads_0=2, encoder_self_attention_heads_1=4, encoder_self_attention_heads_2=2, encoder_self_attention_heads_3=2, encoder_self_attention_heads_4=2, encoder_self_attention_heads_5=2, decoder_embed_dim=512, decoder_layer_num=1, decoder_ffn_embed_dim_0=2048, decoder_self_attention_heads_0=4, decoder_ende_attention_heads_0=4, decoder_arbitrary_ende_attn_0=-1, decoder_arbitrary_ende_attn_1=-1, decoder_arbitrary_ende_attn_2=2, decoder_arbitrary_ende_attn_3=-1, decoder_arbitrary_ende_attn_4=2, decoder_arbitrary_ende_attn_5=1
/home/u4290247/HAT/hardware-aware-transformers/fairseq/optim/adam.py:142: UserWarning: This overload of add_ is deprecated:
	add_(Number alpha, Tensor other)
Consider using one of the following signatures instead:
	add_(Tensor other, *, Number alpha) (Triggered internally at  /opt/conda/conda-bld/pytorch_1607370128159/work/torch/csrc/utils/python_arg_parser.cpp:882.)
  exp_avg.mul_(beta1).add_(1 - beta1, grad)
| epoch 001 | validate on 'valid' subset | loss 10.073 | nll_loss 9.573 | ppl 761.89 | num_updates 500 | largest_arbitrary1_loss 10.073 | largest_arbitrary1_nll_loss 9.573
| epoch 001 | validate on 'valid' subset | loss 9.911 | nll_loss 9.482 | ppl 714.95 | num_updates 500 | smallest_arbitrary1_loss 9.911 | smallest_arbitrary1_nll_loss 9.482
| saved checkpoint ../checkpoints/iwslt14_super_smoke1000/checkpoint_1_500.pt (epoch 1 @ 500 updates) (writing took 3.073580503463745 seconds)
| epoch 001:    500 / 2264 loss=11.442, nll_loss=11.212, ppl=2372.03, wps=18342, ups=10, wpb=1748.024, bsz=70.595, num_updates=501, lr=2.5145e-05, gnorm=2.800, clip=0.000, oom=0.000, wall=49, train_wall=35, encoder_embed_dim=512, encoder_layer_num=6, encoder_ffn_embed_dim_0=512, encoder_ffn_embed_dim_1=2048, encoder_ffn_embed_dim_2=1024, encoder_ffn_embed_dim_3=2048, encoder_ffn_embed_dim_4=1024, encoder_ffn_embed_dim_5=1024, encoder_self_attention_heads_0=2, encoder_self_attention_heads_1=4, encoder_self_attention_heads_2=4, encoder_self_attention_heads_3=4, encoder_self_attention_heads_4=4, encoder_self_attention_heads_5=2, decoder_embed_dim=512, decoder_layer_num=1, decoder_ffn_embed_dim_0=2048, decoder_self_attention_heads_0=4, decoder_ende_attention_heads_0=2, decoder_arbitrary_ende_attn_0=1, decoder_arbitrary_ende_attn_1=2, decoder_arbitrary_ende_attn_2=1, decoder_arbitrary_ende_attn_3=1, decoder_arbitrary_ende_attn_4=-1, decoder_arbitrary_ende_attn_5=1
| epoch 001:    510 / 2264 loss=11.417, nll_loss=11.183, ppl=2324.94, wps=18420, ups=10, wpb=1747.614, bsz=70.262, num_updates=511, lr=2.56449e-05, gnorm=2.770, clip=0.000, oom=0.000, wall=50, train_wall=36, encoder_embed_dim=512, encoder_layer_num=6, encoder_ffn_embed_dim_0=2048, encoder_ffn_embed_dim_1=512, encoder_ffn_embed_dim_2=512, encoder_ffn_embed_dim_3=512, encoder_ffn_embed_dim_4=1024, encoder_ffn_embed_dim_5=512, encoder_self_attention_heads_0=4, encoder_self_attention_heads_1=2, encoder_self_attention_heads_2=4, encoder_self_attention_heads_3=4, encoder_self_attention_heads_4=2, encoder_self_attention_heads_5=2, decoder_embed_dim=512, decoder_layer_num=6, decoder_ffn_embed_dim_0=512, decoder_ffn_embed_dim_1=1024, decoder_ffn_embed_dim_2=2048, decoder_ffn_embed_dim_3=2048, decoder_ffn_embed_dim_4=512, decoder_ffn_embed_dim_5=1024, decoder_self_attention_heads_0=4, decoder_self_attention_heads_1=2, decoder_self_attention_heads_2=2, decoder_self_attention_heads_3=4, decoder_self_attention_heads_4=4, decoder_self_attention_heads_5=4, decoder_ende_attention_heads_0=2, decoder_ende_attention_heads_1=2, decoder_ende_attention_heads_2=4, decoder_ende_attention_heads_3=2, decoder_ende_attention_heads_4=4, decoder_ende_attention_heads_5=2, decoder_arbitrary_ende_attn_0=2, decoder_arbitrary_ende_attn_1=1, decoder_arbitrary_ende_attn_2=1, decoder_arbitrary_ende_attn_3=2, decoder_arbitrary_ende_attn_4=-1, decoder_arbitrary_ende_attn_5=1
| epoch 001:    520 / 2264 loss=11.388, nll_loss=11.150, ppl=2272.03, wps=18466, ups=10, wpb=1747.276, bsz=70.603, num_updates=521, lr=2.61448e-05, gnorm=2.750, clip=0.000, oom=0.000, wall=51, train_wall=36, encoder_embed_dim=640, encoder_layer_num=6, encoder_ffn_embed_dim_0=2048, encoder_ffn_embed_dim_1=1024, encoder_ffn_embed_dim_2=2048, encoder_ffn_embed_dim_3=1024, encoder_ffn_embed_dim_4=2048, encoder_ffn_embed_dim_5=2048, encoder_self_attention_heads_0=2, encoder_self_attention_heads_1=2, encoder_self_attention_heads_2=4, encoder_self_attention_heads_3=2, encoder_self_attention_heads_4=2, encoder_self_attention_heads_5=2, decoder_embed_dim=640, decoder_layer_num=3, decoder_ffn_embed_dim_0=1024, decoder_ffn_embed_dim_1=1024, decoder_ffn_embed_dim_2=1024, decoder_self_attention_heads_0=4, decoder_self_attention_heads_1=4, decoder_self_attention_heads_2=2, decoder_ende_attention_heads_0=4, decoder_ende_attention_heads_1=4, decoder_ende_attention_heads_2=4, decoder_arbitrary_ende_attn_0=2, decoder_arbitrary_ende_attn_1=-1, decoder_arbitrary_ende_attn_2=2, decoder_arbitrary_ende_attn_3=2, decoder_arbitrary_ende_attn_4=1, decoder_arbitrary_ende_attn_5=2
| epoch 001:    530 / 2264 loss=11.364, nll_loss=11.122, ppl=2228.45, wps=18536, ups=10, wpb=1746.220, bsz=70.418, num_updates=531, lr=2.66447e-05, gnorm=2.725, clip=0.000, oom=0.000, wall=51, train_wall=37, encoder_embed_dim=512, encoder_layer_num=6, encoder_ffn_embed_dim_0=1024, encoder_ffn_embed_dim_1=512, encoder_ffn_embed_dim_2=1024, encoder_ffn_embed_dim_3=2048, encoder_ffn_embed_dim_4=512, encoder_ffn_embed_dim_5=512, encoder_self_attention_heads_0=4, encoder_self_attention_heads_1=2, encoder_self_attention_heads_2=4, encoder_self_attention_heads_3=4, encoder_self_attention_heads_4=2, encoder_self_attention_heads_5=2, decoder_embed_dim=640, decoder_layer_num=2, decoder_ffn_embed_dim_0=512, decoder_ffn_embed_dim_1=2048, decoder_self_attention_heads_0=2, decoder_self_attention_heads_1=4, decoder_ende_attention_heads_0=4, decoder_ende_attention_heads_1=2, decoder_arbitrary_ende_attn_0=-1, decoder_arbitrary_ende_attn_1=-1, decoder_arbitrary_ende_attn_2=1, decoder_arbitrary_ende_attn_3=-1, decoder_arbitrary_ende_attn_4=-1, decoder_arbitrary_ende_attn_5=1
| epoch 001:    540 / 2264 loss=11.339, nll_loss=11.093, ppl=2184.04, wps=18591, ups=10, wpb=1745.285, bsz=70.329, num_updates=541, lr=2.71446e-05, gnorm=2.705, clip=0.000, oom=0.000, wall=52, train_wall=38, encoder_embed_dim=512, encoder_layer_num=6, encoder_ffn_embed_dim_0=512, encoder_ffn_embed_dim_1=512, encoder_ffn_embed_dim_2=2048, encoder_ffn_embed_dim_3=1024, encoder_ffn_embed_dim_4=1024, encoder_ffn_embed_dim_5=2048, encoder_self_attention_heads_0=2, encoder_self_attention_heads_1=2, encoder_self_attention_heads_2=2, encoder_self_attention_heads_3=4, encoder_self_attention_heads_4=4, encoder_self_attention_heads_5=2, decoder_embed_dim=640, decoder_layer_num=4, decoder_ffn_embed_dim_0=512, decoder_ffn_embed_dim_1=512, decoder_ffn_embed_dim_2=512, decoder_ffn_embed_dim_3=512, decoder_self_attention_heads_0=4, decoder_self_attention_heads_1=2, decoder_self_attention_heads_2=2, decoder_self_attention_heads_3=4, decoder_ende_attention_heads_0=4, decoder_ende_attention_heads_1=4, decoder_ende_attention_heads_2=2, decoder_ende_attention_heads_3=4, decoder_arbitrary_ende_attn_0=1, decoder_arbitrary_ende_attn_1=-1, decoder_arbitrary_ende_attn_2=1, decoder_arbitrary_ende_attn_3=2, decoder_arbitrary_ende_attn_4=-1, decoder_arbitrary_ende_attn_5=2
| epoch 001:    550 / 2264 loss=11.315, nll_loss=11.065, ppl=2142.69, wps=18652, ups=10, wpb=1743.800, bsz=70.229, num_updates=551, lr=2.76445e-05, gnorm=2.688, clip=0.000, oom=0.000, wall=53, train_wall=38, encoder_embed_dim=512, encoder_layer_num=6, encoder_ffn_embed_dim_0=1024, encoder_ffn_embed_dim_1=2048, encoder_ffn_embed_dim_2=1024, encoder_ffn_embed_dim_3=2048, encoder_ffn_embed_dim_4=512, encoder_ffn_embed_dim_5=2048, encoder_self_attention_heads_0=4, encoder_self_attention_heads_1=4, encoder_self_attention_heads_2=4, encoder_self_attention_heads_3=4, encoder_self_attention_heads_4=4, encoder_self_attention_heads_5=4, decoder_embed_dim=512, decoder_layer_num=1, decoder_ffn_embed_dim_0=1024, decoder_self_attention_heads_0=2, decoder_ende_attention_heads_0=4, decoder_arbitrary_ende_attn_0=-1, decoder_arbitrary_ende_attn_1=1, decoder_arbitrary_ende_attn_2=2, decoder_arbitrary_ende_attn_3=1, decoder_arbitrary_ende_attn_4=-1, decoder_arbitrary_ende_attn_5=-1
| epoch 001:    560 / 2264 loss=11.287, nll_loss=11.033, ppl=2095.42, wps=18705, ups=10, wpb=1744.932, bsz=70.602, num_updates=561, lr=2.81444e-05, gnorm=2.673, clip=0.000, oom=0.000, wall=54, train_wall=39, encoder_embed_dim=640, encoder_layer_num=6, encoder_ffn_embed_dim_0=512, encoder_ffn_embed_dim_1=1024, encoder_ffn_embed_dim_2=2048, encoder_ffn_embed_dim_3=1024, encoder_ffn_embed_dim_4=1024, encoder_ffn_embed_dim_5=2048, encoder_self_attention_heads_0=2, encoder_self_attention_heads_1=4, encoder_self_attention_heads_2=4, encoder_self_attention_heads_3=4, encoder_self_attention_heads_4=4, encoder_self_attention_heads_5=2, decoder_embed_dim=512, decoder_layer_num=6, decoder_ffn_embed_dim_0=2048, decoder_ffn_embed_dim_1=2048, decoder_ffn_embed_dim_2=512, decoder_ffn_embed_dim_3=1024, decoder_ffn_embed_dim_4=2048, decoder_ffn_embed_dim_5=512, decoder_self_attention_heads_0=2, decoder_self_attention_heads_1=4, decoder_self_attention_heads_2=4, decoder_self_attention_heads_3=4, decoder_self_attention_heads_4=2, decoder_self_attention_heads_5=2, decoder_ende_attention_heads_0=2, decoder_ende_attention_heads_1=2, decoder_ende_attention_heads_2=2, decoder_ende_attention_heads_3=4, decoder_ende_attention_heads_4=4, decoder_ende_attention_heads_5=2, decoder_arbitrary_ende_attn_0=-1, decoder_arbitrary_ende_attn_1=2, decoder_arbitrary_ende_attn_2=1, decoder_arbitrary_ende_attn_3=1, decoder_arbitrary_ende_attn_4=-1, decoder_arbitrary_ende_attn_5=2
| epoch 001:    570 / 2264 loss=11.267, nll_loss=11.010, ppl=2061.58, wps=18725, ups=10, wpb=1743.736, bsz=70.249, num_updates=571, lr=2.86443e-05, gnorm=2.658, clip=0.000, oom=0.000, wall=54, train_wall=40, encoder_embed_dim=640, encoder_layer_num=6, encoder_ffn_embed_dim_0=2048, encoder_ffn_embed_dim_1=1024, encoder_ffn_embed_dim_2=512, encoder_ffn_embed_dim_3=2048, encoder_ffn_embed_dim_4=1024, encoder_ffn_embed_dim_5=1024, encoder_self_attention_heads_0=4, encoder_self_attention_heads_1=2, encoder_self_attention_heads_2=4, encoder_self_attention_heads_3=2, encoder_self_attention_heads_4=4, encoder_self_attention_heads_5=4, decoder_embed_dim=640, decoder_layer_num=4, decoder_ffn_embed_dim_0=1024, decoder_ffn_embed_dim_1=512, decoder_ffn_embed_dim_2=512, decoder_ffn_embed_dim_3=512, decoder_self_attention_heads_0=2, decoder_self_attention_heads_1=2, decoder_self_attention_heads_2=4, decoder_self_attention_heads_3=4, decoder_ende_attention_heads_0=4, decoder_ende_attention_heads_1=2, decoder_ende_attention_heads_2=2, decoder_ende_attention_heads_3=2, decoder_arbitrary_ende_attn_0=2, decoder_arbitrary_ende_attn_1=2, decoder_arbitrary_ende_attn_2=-1, decoder_arbitrary_ende_attn_3=2, decoder_arbitrary_ende_attn_4=1, decoder_arbitrary_ende_attn_5=2
| epoch 001:    580 / 2264 loss=11.237, nll_loss=10.975, ppl=2012.70, wps=18803, ups=11, wpb=1745.661, bsz=71.077, num_updates=581, lr=2.91442e-05, gnorm=2.646, clip=0.000, oom=0.000, wall=55, train_wall=40, encoder_embed_dim=512, encoder_layer_num=6, encoder_ffn_embed_dim_0=2048, encoder_ffn_embed_dim_1=1024, encoder_ffn_embed_dim_2=2048, encoder_ffn_embed_dim_3=1024, encoder_ffn_embed_dim_4=512, encoder_ffn_embed_dim_5=1024, encoder_self_attention_heads_0=2, encoder_self_attention_heads_1=2, encoder_self_attention_heads_2=4, encoder_self_attention_heads_3=2, encoder_self_attention_heads_4=2, encoder_self_attention_heads_5=2, decoder_embed_dim=640, decoder_layer_num=1, decoder_ffn_embed_dim_0=2048, decoder_self_attention_heads_0=2, decoder_ende_attention_heads_0=2, decoder_arbitrary_ende_attn_0=1, decoder_arbitrary_ende_attn_1=1, decoder_arbitrary_ende_attn_2=1, decoder_arbitrary_ende_attn_3=1, decoder_arbitrary_ende_attn_4=-1, decoder_arbitrary_ende_attn_5=2
| epoch 001:    590 / 2264 loss=11.214, nll_loss=10.949, ppl=1976.31, wps=18837, ups=11, wpb=1745.147, bsz=71.134, num_updates=591, lr=2.96441e-05, gnorm=2.644, clip=0.000, oom=0.000, wall=56, train_wall=41, encoder_embed_dim=640, encoder_layer_num=6, encoder_ffn_embed_dim_0=1024, encoder_ffn_embed_dim_1=2048, encoder_ffn_embed_dim_2=1024, encoder_ffn_embed_dim_3=512, encoder_ffn_embed_dim_4=2048, encoder_ffn_embed_dim_5=512, encoder_self_attention_heads_0=2, encoder_self_attention_heads_1=2, encoder_self_attention_heads_2=2, encoder_self_attention_heads_3=4, encoder_self_attention_heads_4=4, encoder_self_attention_heads_5=4, decoder_embed_dim=640, decoder_layer_num=3, decoder_ffn_embed_dim_0=2048, decoder_ffn_embed_dim_1=1024, decoder_ffn_embed_dim_2=512, decoder_self_attention_heads_0=4, decoder_self_attention_heads_1=4, decoder_self_attention_heads_2=2, decoder_ende_attention_heads_0=4, decoder_ende_attention_heads_1=2, decoder_ende_attention_heads_2=4, decoder_arbitrary_ende_attn_0=2, decoder_arbitrary_ende_attn_1=-1, decoder_arbitrary_ende_attn_2=2, decoder_arbitrary_ende_attn_3=-1, decoder_arbitrary_ende_attn_4=-1, decoder_arbitrary_ende_attn_5=-1
| epoch 001:    600 / 2264 loss=11.192, nll_loss=10.923, ppl=1941.16, wps=18855, ups=11, wpb=1744.371, bsz=71.268, num_updates=601, lr=3.0144e-05, gnorm=2.627, clip=0.000, oom=0.000, wall=57, train_wall=42, encoder_embed_dim=512, encoder_layer_num=6, encoder_ffn_embed_dim_0=512, encoder_ffn_embed_dim_1=1024, encoder_ffn_embed_dim_2=1024, encoder_ffn_embed_dim_3=2048, encoder_ffn_embed_dim_4=512, encoder_ffn_embed_dim_5=512, encoder_self_attention_heads_0=4, encoder_self_attention_heads_1=2, encoder_self_attention_heads_2=2, encoder_self_attention_heads_3=4, encoder_self_attention_heads_4=4, encoder_self_attention_heads_5=2, decoder_embed_dim=512, decoder_layer_num=5, decoder_ffn_embed_dim_0=512, decoder_ffn_embed_dim_1=2048, decoder_ffn_embed_dim_2=2048, decoder_ffn_embed_dim_3=2048, decoder_ffn_embed_dim_4=1024, decoder_self_attention_heads_0=2, decoder_self_attention_heads_1=4, decoder_self_attention_heads_2=4, decoder_self_attention_heads_3=2, decoder_self_attention_heads_4=4, decoder_ende_attention_heads_0=2, decoder_ende_attention_heads_1=4, decoder_ende_attention_heads_2=4, decoder_ende_attention_heads_3=4, decoder_ende_attention_heads_4=2, decoder_arbitrary_ende_attn_0=2, decoder_arbitrary_ende_attn_1=2, decoder_arbitrary_ende_attn_2=1, decoder_arbitrary_ende_attn_3=2, decoder_arbitrary_ende_attn_4=2, decoder_arbitrary_ende_attn_5=1
| epoch 001:    610 / 2264 loss=11.170, nll_loss=10.897, ppl=1907.30, wps=18908, ups=11, wpb=1743.758, bsz=71.385, num_updates=611, lr=3.06439e-05, gnorm=2.614, clip=0.000, oom=0.000, wall=58, train_wall=43, encoder_embed_dim=512, encoder_layer_num=6, encoder_ffn_embed_dim_0=1024, encoder_ffn_embed_dim_1=2048, encoder_ffn_embed_dim_2=512, encoder_ffn_embed_dim_3=2048, encoder_ffn_embed_dim_4=2048, encoder_ffn_embed_dim_5=512, encoder_self_attention_heads_0=2, encoder_self_attention_heads_1=2, encoder_self_attention_heads_2=4, encoder_self_attention_heads_3=4, encoder_self_attention_heads_4=2, encoder_self_attention_heads_5=2, decoder_embed_dim=512, decoder_layer_num=4, decoder_ffn_embed_dim_0=2048, decoder_ffn_embed_dim_1=2048, decoder_ffn_embed_dim_2=2048, decoder_ffn_embed_dim_3=2048, decoder_self_attention_heads_0=2, decoder_self_attention_heads_1=2, decoder_self_attention_heads_2=2, decoder_self_attention_heads_3=2, decoder_ende_attention_heads_0=4, decoder_ende_attention_heads_1=2, decoder_ende_attention_heads_2=4, decoder_ende_attention_heads_3=2, decoder_arbitrary_ende_attn_0=2, decoder_arbitrary_ende_attn_1=-1, decoder_arbitrary_ende_attn_2=1, decoder_arbitrary_ende_attn_3=1, decoder_arbitrary_ende_attn_4=-1, decoder_arbitrary_ende_attn_5=-1
| epoch 001:    620 / 2264 loss=11.146, nll_loss=10.870, ppl=1871.52, wps=18954, ups=11, wpb=1744.127, bsz=71.871, num_updates=621, lr=3.11438e-05, gnorm=2.605, clip=0.000, oom=0.000, wall=58, train_wall=43, encoder_embed_dim=640, encoder_layer_num=6, encoder_ffn_embed_dim_0=512, encoder_ffn_embed_dim_1=512, encoder_ffn_embed_dim_2=2048, encoder_ffn_embed_dim_3=2048, encoder_ffn_embed_dim_4=2048, encoder_ffn_embed_dim_5=2048, encoder_self_attention_heads_0=4, encoder_self_attention_heads_1=2, encoder_self_attention_heads_2=2, encoder_self_attention_heads_3=4, encoder_self_attention_heads_4=4, encoder_self_attention_heads_5=2, decoder_embed_dim=512, decoder_layer_num=2, decoder_ffn_embed_dim_0=2048, decoder_ffn_embed_dim_1=512, decoder_self_attention_heads_0=2, decoder_self_attention_heads_1=4, decoder_ende_attention_heads_0=4, decoder_ende_attention_heads_1=2, decoder_arbitrary_ende_attn_0=2, decoder_arbitrary_ende_attn_1=-1, decoder_arbitrary_ende_attn_2=2, decoder_arbitrary_ende_attn_3=-1, decoder_arbitrary_ende_attn_4=2, decoder_arbitrary_ende_attn_5=1
| epoch 001:    630 / 2264 loss=11.123, nll_loss=10.842, ppl=1836.04, wps=19002, ups=11, wpb=1745.452, bsz=72.228, num_updates=631, lr=3.16437e-05, gnorm=2.595, clip=0.000, oom=0.000, wall=59, train_wall=44, encoder_embed_dim=512, encoder_layer_num=6, encoder_ffn_embed_dim_0=1024, encoder_ffn_embed_dim_1=1024, encoder_ffn_embed_dim_2=1024, encoder_ffn_embed_dim_3=512, encoder_ffn_embed_dim_4=2048, encoder_ffn_embed_dim_5=1024, encoder_self_attention_heads_0=4, encoder_self_attention_heads_1=4, encoder_self_attention_heads_2=2, encoder_self_attention_heads_3=4, encoder_self_attention_heads_4=4, encoder_self_attention_heads_5=2, decoder_embed_dim=640, decoder_layer_num=2, decoder_ffn_embed_dim_0=512, decoder_ffn_embed_dim_1=1024, decoder_self_attention_heads_0=2, decoder_self_attention_heads_1=4, decoder_ende_attention_heads_0=4, decoder_ende_attention_heads_1=4, decoder_arbitrary_ende_attn_0=2, decoder_arbitrary_ende_attn_1=1, decoder_arbitrary_ende_attn_2=-1, decoder_arbitrary_ende_attn_3=2, decoder_arbitrary_ende_attn_4=1, decoder_arbitrary_ende_attn_5=2
| epoch 001:    640 / 2264 loss=11.104, nll_loss=10.821, ppl=1808.53, wps=19026, ups=11, wpb=1745.465, bsz=72.037, num_updates=641, lr=3.21436e-05, gnorm=2.576, clip=0.000, oom=0.000, wall=60, train_wall=45, encoder_embed_dim=640, encoder_layer_num=6, encoder_ffn_embed_dim_0=1024, encoder_ffn_embed_dim_1=512, encoder_ffn_embed_dim_2=1024, encoder_ffn_embed_dim_3=1024, encoder_ffn_embed_dim_4=1024, encoder_ffn_embed_dim_5=2048, encoder_self_attention_heads_0=4, encoder_self_attention_heads_1=4, encoder_self_attention_heads_2=2, encoder_self_attention_heads_3=2, encoder_self_attention_heads_4=2, encoder_self_attention_heads_5=2, decoder_embed_dim=512, decoder_layer_num=6, decoder_ffn_embed_dim_0=1024, decoder_ffn_embed_dim_1=2048, decoder_ffn_embed_dim_2=2048, decoder_ffn_embed_dim_3=2048, decoder_ffn_embed_dim_4=2048, decoder_ffn_embed_dim_5=2048, decoder_self_attention_heads_0=2, decoder_self_attention_heads_1=2, decoder_self_attention_heads_2=2, decoder_self_attention_heads_3=4, decoder_self_attention_heads_4=2, decoder_self_attention_heads_5=4, decoder_ende_attention_heads_0=4, decoder_ende_attention_heads_1=4, decoder_ende_attention_heads_2=4, decoder_ende_attention_heads_3=2, decoder_ende_attention_heads_4=4, decoder_ende_attention_heads_5=4, decoder_arbitrary_ende_attn_0=2, decoder_arbitrary_ende_attn_1=-1, decoder_arbitrary_ende_attn_2=1, decoder_arbitrary_ende_attn_3=1, decoder_arbitrary_ende_attn_4=2, decoder_arbitrary_ende_attn_5=1
| epoch 001:    650 / 2264 loss=11.086, nll_loss=10.799, ppl=1781.70, wps=19052, ups=11, wpb=1744.048, bsz=71.889, num_updates=651, lr=3.26435e-05, gnorm=2.559, clip=0.000, oom=0.000, wall=61, train_wall=45, encoder_embed_dim=512, encoder_layer_num=6, encoder_ffn_embed_dim_0=1024, encoder_ffn_embed_dim_1=2048, encoder_ffn_embed_dim_2=1024, encoder_ffn_embed_dim_3=1024, encoder_ffn_embed_dim_4=2048, encoder_ffn_embed_dim_5=512, encoder_self_attention_heads_0=2, encoder_self_attention_heads_1=4, encoder_self_attention_heads_2=4, encoder_self_attention_heads_3=2, encoder_self_attention_heads_4=4, encoder_self_attention_heads_5=4, decoder_embed_dim=640, decoder_layer_num=3, decoder_ffn_embed_dim_0=1024, decoder_ffn_embed_dim_1=512, decoder_ffn_embed_dim_2=1024, decoder_self_attention_heads_0=4, decoder_self_attention_heads_1=4, decoder_self_attention_heads_2=4, decoder_ende_attention_heads_0=4, decoder_ende_attention_heads_1=4, decoder_ende_attention_heads_2=2, decoder_arbitrary_ende_attn_0=-1, decoder_arbitrary_ende_attn_1=-1, decoder_arbitrary_ende_attn_2=-1, decoder_arbitrary_ende_attn_3=-1, decoder_arbitrary_ende_attn_4=1, decoder_arbitrary_ende_attn_5=1
| epoch 001:    660 / 2264 loss=11.067, nll_loss=10.777, ppl=1754.89, wps=19071, ups=11, wpb=1744.292, bsz=71.903, num_updates=661, lr=3.31434e-05, gnorm=2.546, clip=0.000, oom=0.000, wall=62, train_wall=46, encoder_embed_dim=640, encoder_layer_num=6, encoder_ffn_embed_dim_0=2048, encoder_ffn_embed_dim_1=512, encoder_ffn_embed_dim_2=512, encoder_ffn_embed_dim_3=1024, encoder_ffn_embed_dim_4=512, encoder_ffn_embed_dim_5=512, encoder_self_attention_heads_0=4, encoder_self_attention_heads_1=4, encoder_self_attention_heads_2=2, encoder_self_attention_heads_3=4, encoder_self_attention_heads_4=2, encoder_self_attention_heads_5=4, decoder_embed_dim=512, decoder_layer_num=6, decoder_ffn_embed_dim_0=2048, decoder_ffn_embed_dim_1=1024, decoder_ffn_embed_dim_2=1024, decoder_ffn_embed_dim_3=1024, decoder_ffn_embed_dim_4=2048, decoder_ffn_embed_dim_5=1024, decoder_self_attention_heads_0=4, decoder_self_attention_heads_1=4, decoder_self_attention_heads_2=2, decoder_self_attention_heads_3=2, decoder_self_attention_heads_4=2, decoder_self_attention_heads_5=2, decoder_ende_attention_heads_0=4, decoder_ende_attention_heads_1=4, decoder_ende_attention_heads_2=2, decoder_ende_attention_heads_3=2, decoder_ende_attention_heads_4=4, decoder_ende_attention_heads_5=4, decoder_arbitrary_ende_attn_0=-1, decoder_arbitrary_ende_attn_1=1, decoder_arbitrary_ende_attn_2=2, decoder_arbitrary_ende_attn_3=2, decoder_arbitrary_ende_attn_4=-1, decoder_arbitrary_ende_attn_5=1
| epoch 001:    670 / 2264 loss=11.049, nll_loss=10.756, ppl=1729.43, wps=19089, ups=11, wpb=1742.952, bsz=71.917, num_updates=671, lr=3.36433e-05, gnorm=2.537, clip=0.000, oom=0.000, wall=62, train_wall=47, encoder_embed_dim=512, encoder_layer_num=6, encoder_ffn_embed_dim_0=1024, encoder_ffn_embed_dim_1=1024, encoder_ffn_embed_dim_2=1024, encoder_ffn_embed_dim_3=2048, encoder_ffn_embed_dim_4=2048, encoder_ffn_embed_dim_5=1024, encoder_self_attention_heads_0=2, encoder_self_attention_heads_1=2, encoder_self_attention_heads_2=4, encoder_self_attention_heads_3=4, encoder_self_attention_heads_4=4, encoder_self_attention_heads_5=2, decoder_embed_dim=640, decoder_layer_num=5, decoder_ffn_embed_dim_0=2048, decoder_ffn_embed_dim_1=1024, decoder_ffn_embed_dim_2=1024, decoder_ffn_embed_dim_3=512, decoder_ffn_embed_dim_4=512, decoder_self_attention_heads_0=4, decoder_self_attention_heads_1=2, decoder_self_attention_heads_2=4, decoder_self_attention_heads_3=2, decoder_self_attention_heads_4=2, decoder_ende_attention_heads_0=2, decoder_ende_attention_heads_1=2, decoder_ende_attention_heads_2=4, decoder_ende_attention_heads_3=2, decoder_ende_attention_heads_4=2, decoder_arbitrary_ende_attn_0=2, decoder_arbitrary_ende_attn_1=1, decoder_arbitrary_ende_attn_2=2, decoder_arbitrary_ende_attn_3=-1, decoder_arbitrary_ende_attn_4=2, decoder_arbitrary_ende_attn_5=1
| epoch 001:    680 / 2264 loss=11.029, nll_loss=10.734, ppl=1702.80, wps=19142, ups=11, wpb=1743.935, bsz=71.859, num_updates=681, lr=3.41432e-05, gnorm=2.522, clip=0.000, oom=0.000, wall=63, train_wall=48, encoder_embed_dim=512, encoder_layer_num=6, encoder_ffn_embed_dim_0=512, encoder_ffn_embed_dim_1=512, encoder_ffn_embed_dim_2=1024, encoder_ffn_embed_dim_3=1024, encoder_ffn_embed_dim_4=512, encoder_ffn_embed_dim_5=2048, encoder_self_attention_heads_0=2, encoder_self_attention_heads_1=2, encoder_self_attention_heads_2=4, encoder_self_attention_heads_3=2, encoder_self_attention_heads_4=2, encoder_self_attention_heads_5=2, decoder_embed_dim=640, decoder_layer_num=4, decoder_ffn_embed_dim_0=512, decoder_ffn_embed_dim_1=512, decoder_ffn_embed_dim_2=2048, decoder_ffn_embed_dim_3=1024, decoder_self_attention_heads_0=2, decoder_self_attention_heads_1=2, decoder_self_attention_heads_2=4, decoder_self_attention_heads_3=4, decoder_ende_attention_heads_0=2, decoder_ende_attention_heads_1=4, decoder_ende_attention_heads_2=2, decoder_ende_attention_heads_3=4, decoder_arbitrary_ende_attn_0=2, decoder_arbitrary_ende_attn_1=1, decoder_arbitrary_ende_attn_2=-1, decoder_arbitrary_ende_attn_3=-1, decoder_arbitrary_ende_attn_4=1, decoder_arbitrary_ende_attn_5=1
| epoch 001:    690 / 2264 loss=11.011, nll_loss=10.713, ppl=1678.02, wps=19186, ups=11, wpb=1743.495, bsz=71.792, num_updates=691, lr=3.46431e-05, gnorm=2.508, clip=0.000, oom=0.000, wall=64, train_wall=48, encoder_embed_dim=512, encoder_layer_num=6, encoder_ffn_embed_dim_0=512, encoder_ffn_embed_dim_1=2048, encoder_ffn_embed_dim_2=512, encoder_ffn_embed_dim_3=512, encoder_ffn_embed_dim_4=2048, encoder_ffn_embed_dim_5=512, encoder_self_attention_heads_0=4, encoder_self_attention_heads_1=2, encoder_self_attention_heads_2=4, encoder_self_attention_heads_3=2, encoder_self_attention_heads_4=4, encoder_self_attention_heads_5=2, decoder_embed_dim=512, decoder_layer_num=3, decoder_ffn_embed_dim_0=2048, decoder_ffn_embed_dim_1=2048, decoder_ffn_embed_dim_2=2048, decoder_self_attention_heads_0=2, decoder_self_attention_heads_1=4, decoder_self_attention_heads_2=4, decoder_ende_attention_heads_0=2, decoder_ende_attention_heads_1=4, decoder_ende_attention_heads_2=4, decoder_arbitrary_ende_attn_0=1, decoder_arbitrary_ende_attn_1=1, decoder_arbitrary_ende_attn_2=2, decoder_arbitrary_ende_attn_3=2, decoder_arbitrary_ende_attn_4=1, decoder_arbitrary_ende_attn_5=2
| epoch 001:    700 / 2264 loss=10.995, nll_loss=10.693, ppl=1655.27, wps=19240, ups=11, wpb=1742.676, bsz=71.623, num_updates=701, lr=3.5143e-05, gnorm=2.493, clip=0.000, oom=0.000, wall=65, train_wall=49, encoder_embed_dim=640, encoder_layer_num=6, encoder_ffn_embed_dim_0=2048, encoder_ffn_embed_dim_1=2048, encoder_ffn_embed_dim_2=512, encoder_ffn_embed_dim_3=2048, encoder_ffn_embed_dim_4=512, encoder_ffn_embed_dim_5=2048, encoder_self_attention_heads_0=2, encoder_self_attention_heads_1=4, encoder_self_attention_heads_2=4, encoder_self_attention_heads_3=2, encoder_self_attention_heads_4=2, encoder_self_attention_heads_5=2, decoder_embed_dim=640, decoder_layer_num=1, decoder_ffn_embed_dim_0=1024, decoder_self_attention_heads_0=2, decoder_ende_attention_heads_0=2, decoder_arbitrary_ende_attn_0=-1, decoder_arbitrary_ende_attn_1=-1, decoder_arbitrary_ende_attn_2=2, decoder_arbitrary_ende_attn_3=-1, decoder_arbitrary_ende_attn_4=-1, decoder_arbitrary_ende_attn_5=1
| epoch 001:    710 / 2264 loss=10.979, nll_loss=10.675, ppl=1635.04, wps=19267, ups=11, wpb=1742.904, bsz=71.235, num_updates=711, lr=3.56429e-05, gnorm=2.480, clip=0.000, oom=0.000, wall=66, train_wall=49, encoder_embed_dim=512, encoder_layer_num=6, encoder_ffn_embed_dim_0=1024, encoder_ffn_embed_dim_1=1024, encoder_ffn_embed_dim_2=512, encoder_ffn_embed_dim_3=1024, encoder_ffn_embed_dim_4=1024, encoder_ffn_embed_dim_5=512, encoder_self_attention_heads_0=4, encoder_self_attention_heads_1=2, encoder_self_attention_heads_2=2, encoder_self_attention_heads_3=4, encoder_self_attention_heads_4=4, encoder_self_attention_heads_5=2, decoder_embed_dim=512, decoder_layer_num=3, decoder_ffn_embed_dim_0=512, decoder_ffn_embed_dim_1=512, decoder_ffn_embed_dim_2=1024, decoder_self_attention_heads_0=4, decoder_self_attention_heads_1=4, decoder_self_attention_heads_2=2, decoder_ende_attention_heads_0=2, decoder_ende_attention_heads_1=4, decoder_ende_attention_heads_2=2, decoder_arbitrary_ende_attn_0=2, decoder_arbitrary_ende_attn_1=-1, decoder_arbitrary_ende_attn_2=2, decoder_arbitrary_ende_attn_3=2, decoder_arbitrary_ende_attn_4=1, decoder_arbitrary_ende_attn_5=-1
| epoch 001:    720 / 2264 loss=10.961, nll_loss=10.654, ppl=1610.77, wps=19286, ups=11, wpb=1742.906, bsz=71.479, num_updates=721, lr=3.61428e-05, gnorm=2.475, clip=0.000, oom=0.000, wall=66, train_wall=50, encoder_embed_dim=640, encoder_layer_num=6, encoder_ffn_embed_dim_0=1024, encoder_ffn_embed_dim_1=1024, encoder_ffn_embed_dim_2=512, encoder_ffn_embed_dim_3=512, encoder_ffn_embed_dim_4=1024, encoder_ffn_embed_dim_5=1024, encoder_self_attention_heads_0=4, encoder_self_attention_heads_1=4, encoder_self_attention_heads_2=2, encoder_self_attention_heads_3=2, encoder_self_attention_heads_4=2, encoder_self_attention_heads_5=2, decoder_embed_dim=640, decoder_layer_num=3, decoder_ffn_embed_dim_0=1024, decoder_ffn_embed_dim_1=1024, decoder_ffn_embed_dim_2=512, decoder_self_attention_heads_0=2, decoder_self_attention_heads_1=2, decoder_self_attention_heads_2=2, decoder_ende_attention_heads_0=4, decoder_ende_attention_heads_1=2, decoder_ende_attention_heads_2=2, decoder_arbitrary_ende_attn_0=1, decoder_arbitrary_ende_attn_1=-1, decoder_arbitrary_ende_attn_2=-1, decoder_arbitrary_ende_attn_3=-1, decoder_arbitrary_ende_attn_4=2, decoder_arbitrary_ende_attn_5=1
| epoch 001:    730 / 2264 loss=10.945, nll_loss=10.635, ppl=1590.18, wps=19329, ups=11, wpb=1742.850, bsz=71.321, num_updates=731, lr=3.66427e-05, gnorm=2.462, clip=0.000, oom=0.000, wall=67, train_wall=51, encoder_embed_dim=512, encoder_layer_num=6, encoder_ffn_embed_dim_0=512, encoder_ffn_embed_dim_1=2048, encoder_ffn_embed_dim_2=1024, encoder_ffn_embed_dim_3=512, encoder_ffn_embed_dim_4=512, encoder_ffn_embed_dim_5=512, encoder_self_attention_heads_0=2, encoder_self_attention_heads_1=4, encoder_self_attention_heads_2=2, encoder_self_attention_heads_3=4, encoder_self_attention_heads_4=2, encoder_self_attention_heads_5=4, decoder_embed_dim=640, decoder_layer_num=2, decoder_ffn_embed_dim_0=2048, decoder_ffn_embed_dim_1=1024, decoder_self_attention_heads_0=2, decoder_self_attention_heads_1=2, decoder_ende_attention_heads_0=4, decoder_ende_attention_heads_1=4, decoder_arbitrary_ende_attn_0=1, decoder_arbitrary_ende_attn_1=1, decoder_arbitrary_ende_attn_2=2, decoder_arbitrary_ende_attn_3=1, decoder_arbitrary_ende_attn_4=-1, decoder_arbitrary_ende_attn_5=2
| epoch 001:    740 / 2264 loss=10.929, nll_loss=10.617, ppl=1570.25, wps=19364, ups=11, wpb=1742.854, bsz=71.201, num_updates=741, lr=3.71426e-05, gnorm=2.450, clip=0.000, oom=0.000, wall=68, train_wall=52, encoder_embed_dim=640, encoder_layer_num=6, encoder_ffn_embed_dim_0=2048, encoder_ffn_embed_dim_1=2048, encoder_ffn_embed_dim_2=1024, encoder_ffn_embed_dim_3=512, encoder_ffn_embed_dim_4=512, encoder_ffn_embed_dim_5=2048, encoder_self_attention_heads_0=4, encoder_self_attention_heads_1=4, encoder_self_attention_heads_2=4, encoder_self_attention_heads_3=2, encoder_self_attention_heads_4=4, encoder_self_attention_heads_5=4, decoder_embed_dim=512, decoder_layer_num=5, decoder_ffn_embed_dim_0=512, decoder_ffn_embed_dim_1=512, decoder_ffn_embed_dim_2=2048, decoder_ffn_embed_dim_3=1024, decoder_ffn_embed_dim_4=1024, decoder_self_attention_heads_0=2, decoder_self_attention_heads_1=4, decoder_self_attention_heads_2=4, decoder_self_attention_heads_3=2, decoder_self_attention_heads_4=4, decoder_ende_attention_heads_0=2, decoder_ende_attention_heads_1=4, decoder_ende_attention_heads_2=4, decoder_ende_attention_heads_3=2, decoder_ende_attention_heads_4=2, decoder_arbitrary_ende_attn_0=-1, decoder_arbitrary_ende_attn_1=1, decoder_arbitrary_ende_attn_2=1, decoder_arbitrary_ende_attn_3=2, decoder_arbitrary_ende_attn_4=-1, decoder_arbitrary_ende_attn_5=1
| epoch 001:    750 / 2264 loss=10.911, nll_loss=10.595, ppl=1546.67, wps=19412, ups=11, wpb=1744.889, bsz=71.244, num_updates=751, lr=3.76425e-05, gnorm=2.442, clip=0.000, oom=0.000, wall=69, train_wall=52, encoder_embed_dim=512, encoder_layer_num=6, encoder_ffn_embed_dim_0=1024, encoder_ffn_embed_dim_1=2048, encoder_ffn_embed_dim_2=512, encoder_ffn_embed_dim_3=512, encoder_ffn_embed_dim_4=1024, encoder_ffn_embed_dim_5=1024, encoder_self_attention_heads_0=4, encoder_self_attention_heads_1=4, encoder_self_attention_heads_2=2, encoder_self_attention_heads_3=2, encoder_self_attention_heads_4=4, encoder_self_attention_heads_5=2, decoder_embed_dim=512, decoder_layer_num=5, decoder_ffn_embed_dim_0=1024, decoder_ffn_embed_dim_1=512, decoder_ffn_embed_dim_2=2048, decoder_ffn_embed_dim_3=512, decoder_ffn_embed_dim_4=512, decoder_self_attention_heads_0=4, decoder_self_attention_heads_1=4, decoder_self_attention_heads_2=2, decoder_self_attention_heads_3=2, decoder_self_attention_heads_4=4, decoder_ende_attention_heads_0=2, decoder_ende_attention_heads_1=4, decoder_ende_attention_heads_2=2, decoder_ende_attention_heads_3=4, decoder_ende_attention_heads_4=2, decoder_arbitrary_ende_attn_0=2, decoder_arbitrary_ende_attn_1=2, decoder_arbitrary_ende_attn_2=1, decoder_arbitrary_ende_attn_3=1, decoder_arbitrary_ende_attn_4=-1, decoder_arbitrary_ende_attn_5=-1
| epoch 001:    760 / 2264 loss=10.895, nll_loss=10.577, ppl=1527.16, wps=19448, ups=11, wpb=1745.219, bsz=71.254, num_updates=761, lr=3.81424e-05, gnorm=2.433, clip=0.000, oom=0.000, wall=70, train_wall=53, encoder_embed_dim=640, encoder_layer_num=6, encoder_ffn_embed_dim_0=2048, encoder_ffn_embed_dim_1=1024, encoder_ffn_embed_dim_2=512, encoder_ffn_embed_dim_3=1024, encoder_ffn_embed_dim_4=1024, encoder_ffn_embed_dim_5=512, encoder_self_attention_heads_0=4, encoder_self_attention_heads_1=2, encoder_self_attention_heads_2=2, encoder_self_attention_heads_3=4, encoder_self_attention_heads_4=4, encoder_self_attention_heads_5=4, decoder_embed_dim=640, decoder_layer_num=6, decoder_ffn_embed_dim_0=2048, decoder_ffn_embed_dim_1=1024, decoder_ffn_embed_dim_2=2048, decoder_ffn_embed_dim_3=512, decoder_ffn_embed_dim_4=512, decoder_ffn_embed_dim_5=512, decoder_self_attention_heads_0=2, decoder_self_attention_heads_1=4, decoder_self_attention_heads_2=2, decoder_self_attention_heads_3=4, decoder_self_attention_heads_4=2, decoder_self_attention_heads_5=2, decoder_ende_attention_heads_0=4, decoder_ende_attention_heads_1=2, decoder_ende_attention_heads_2=2, decoder_ende_attention_heads_3=4, decoder_ende_attention_heads_4=4, decoder_ende_attention_heads_5=2, decoder_arbitrary_ende_attn_0=1, decoder_arbitrary_ende_attn_1=-1, decoder_arbitrary_ende_attn_2=-1, decoder_arbitrary_ende_attn_3=1, decoder_arbitrary_ende_attn_4=1, decoder_arbitrary_ende_attn_5=2
| epoch 001:    770 / 2264 loss=10.881, nll_loss=10.560, ppl=1509.89, wps=19461, ups=11, wpb=1744.230, bsz=71.253, num_updates=771, lr=3.86423e-05, gnorm=2.424, clip=0.000, oom=0.000, wall=70, train_wall=54, encoder_embed_dim=512, encoder_layer_num=6, encoder_ffn_embed_dim_0=512, encoder_ffn_embed_dim_1=1024, encoder_ffn_embed_dim_2=512, encoder_ffn_embed_dim_3=1024, encoder_ffn_embed_dim_4=512, encoder_ffn_embed_dim_5=1024, encoder_self_attention_heads_0=4, encoder_self_attention_heads_1=4, encoder_self_attention_heads_2=4, encoder_self_attention_heads_3=2, encoder_self_attention_heads_4=2, encoder_self_attention_heads_5=2, decoder_embed_dim=640, decoder_layer_num=5, decoder_ffn_embed_dim_0=512, decoder_ffn_embed_dim_1=2048, decoder_ffn_embed_dim_2=512, decoder_ffn_embed_dim_3=2048, decoder_ffn_embed_dim_4=512, decoder_self_attention_heads_0=4, decoder_self_attention_heads_1=2, decoder_self_attention_heads_2=2, decoder_self_attention_heads_3=2, decoder_self_attention_heads_4=2, decoder_ende_attention_heads_0=4, decoder_ende_attention_heads_1=4, decoder_ende_attention_heads_2=2, decoder_ende_attention_heads_3=4, decoder_ende_attention_heads_4=4, decoder_arbitrary_ende_attn_0=-1, decoder_arbitrary_ende_attn_1=2, decoder_arbitrary_ende_attn_2=2, decoder_arbitrary_ende_attn_3=2, decoder_arbitrary_ende_attn_4=1, decoder_arbitrary_ende_attn_5=-1
| epoch 001:    780 / 2264 loss=10.864, nll_loss=10.541, ppl=1489.48, wps=19511, ups=11, wpb=1745.178, bsz=71.385, num_updates=781, lr=3.91422e-05, gnorm=2.417, clip=0.000, oom=0.000, wall=71, train_wall=54, encoder_embed_dim=640, encoder_layer_num=6, encoder_ffn_embed_dim_0=2048, encoder_ffn_embed_dim_1=1024, encoder_ffn_embed_dim_2=512, encoder_ffn_embed_dim_3=2048, encoder_ffn_embed_dim_4=2048, encoder_ffn_embed_dim_5=2048, encoder_self_attention_heads_0=2, encoder_self_attention_heads_1=4, encoder_self_attention_heads_2=4, encoder_self_attention_heads_3=4, encoder_self_attention_heads_4=4, encoder_self_attention_heads_5=2, decoder_embed_dim=512, decoder_layer_num=3, decoder_ffn_embed_dim_0=1024, decoder_ffn_embed_dim_1=2048, decoder_ffn_embed_dim_2=2048, decoder_self_attention_heads_0=4, decoder_self_attention_heads_1=2, decoder_self_attention_heads_2=2, decoder_ende_attention_heads_0=2, decoder_ende_attention_heads_1=2, decoder_ende_attention_heads_2=4, decoder_arbitrary_ende_attn_0=1, decoder_arbitrary_ende_attn_1=1, decoder_arbitrary_ende_attn_2=2, decoder_arbitrary_ende_attn_3=2, decoder_arbitrary_ende_attn_4=2, decoder_arbitrary_ende_attn_5=1
| epoch 001:    790 / 2264 loss=10.852, nll_loss=10.526, ppl=1474.94, wps=19530, ups=11, wpb=1744.011, bsz=71.130, num_updates=791, lr=3.96421e-05, gnorm=2.409, clip=0.000, oom=0.000, wall=72, train_wall=55, encoder_embed_dim=512, encoder_layer_num=6, encoder_ffn_embed_dim_0=512, encoder_ffn_embed_dim_1=1024, encoder_ffn_embed_dim_2=1024, encoder_ffn_embed_dim_3=2048, encoder_ffn_embed_dim_4=1024, encoder_ffn_embed_dim_5=512, encoder_self_attention_heads_0=4, encoder_self_attention_heads_1=4, encoder_self_attention_heads_2=2, encoder_self_attention_heads_3=2, encoder_self_attention_heads_4=4, encoder_self_attention_heads_5=2, decoder_embed_dim=512, decoder_layer_num=3, decoder_ffn_embed_dim_0=2048, decoder_ffn_embed_dim_1=2048, decoder_ffn_embed_dim_2=1024, decoder_self_attention_heads_0=4, decoder_self_attention_heads_1=2, decoder_self_attention_heads_2=2, decoder_ende_attention_heads_0=4, decoder_ende_attention_heads_1=4, decoder_ende_attention_heads_2=4, decoder_arbitrary_ende_attn_0=2, decoder_arbitrary_ende_attn_1=1, decoder_arbitrary_ende_attn_2=-1, decoder_arbitrary_ende_attn_3=-1, decoder_arbitrary_ende_attn_4=1, decoder_arbitrary_ende_attn_5=2
| epoch 001:    800 / 2264 loss=10.838, nll_loss=10.509, ppl=1457.28, wps=19557, ups=11, wpb=1744.588, bsz=71.051, num_updates=801, lr=4.0142e-05, gnorm=2.401, clip=0.000, oom=0.000, wall=73, train_wall=56, encoder_embed_dim=512, encoder_layer_num=6, encoder_ffn_embed_dim_0=512, encoder_ffn_embed_dim_1=512, encoder_ffn_embed_dim_2=1024, encoder_ffn_embed_dim_3=512, encoder_ffn_embed_dim_4=2048, encoder_ffn_embed_dim_5=512, encoder_self_attention_heads_0=2, encoder_self_attention_heads_1=4, encoder_self_attention_heads_2=4, encoder_self_attention_heads_3=4, encoder_self_attention_heads_4=4, encoder_self_attention_heads_5=2, decoder_embed_dim=640, decoder_layer_num=3, decoder_ffn_embed_dim_0=1024, decoder_ffn_embed_dim_1=1024, decoder_ffn_embed_dim_2=2048, decoder_self_attention_heads_0=4, decoder_self_attention_heads_1=2, decoder_self_attention_heads_2=4, decoder_ende_attention_heads_0=2, decoder_ende_attention_heads_1=2, decoder_ende_attention_heads_2=4, decoder_arbitrary_ende_attn_0=1, decoder_arbitrary_ende_attn_1=2, decoder_arbitrary_ende_attn_2=-1, decoder_arbitrary_ende_attn_3=2, decoder_arbitrary_ende_attn_4=-1, decoder_arbitrary_ende_attn_5=2
| epoch 001:    810 / 2264 loss=10.824, nll_loss=10.493, ppl=1441.16, wps=19601, ups=11, wpb=1744.481, bsz=70.994, num_updates=811, lr=4.06419e-05, gnorm=2.395, clip=0.000, oom=0.000, wall=73, train_wall=56, encoder_embed_dim=512, encoder_layer_num=6, encoder_ffn_embed_dim_0=1024, encoder_ffn_embed_dim_1=512, encoder_ffn_embed_dim_2=2048, encoder_ffn_embed_dim_3=1024, encoder_ffn_embed_dim_4=512, encoder_ffn_embed_dim_5=512, encoder_self_attention_heads_0=4, encoder_self_attention_heads_1=2, encoder_self_attention_heads_2=4, encoder_self_attention_heads_3=2, encoder_self_attention_heads_4=2, encoder_self_attention_heads_5=2, decoder_embed_dim=640, decoder_layer_num=1, decoder_ffn_embed_dim_0=512, decoder_self_attention_heads_0=2, decoder_ende_attention_heads_0=4, decoder_arbitrary_ende_attn_0=-1, decoder_arbitrary_ende_attn_1=1, decoder_arbitrary_ende_attn_2=2, decoder_arbitrary_ende_attn_3=-1, decoder_arbitrary_ende_attn_4=2, decoder_arbitrary_ende_attn_5=1
| epoch 001:    820 / 2264 loss=10.807, nll_loss=10.473, ppl=1421.53, wps=19612, ups=11, wpb=1745.041, bsz=71.435, num_updates=821, lr=4.11418e-05, gnorm=2.390, clip=0.000, oom=0.000, wall=74, train_wall=57, encoder_embed_dim=640, encoder_layer_num=6, encoder_ffn_embed_dim_0=2048, encoder_ffn_embed_dim_1=1024, encoder_ffn_embed_dim_2=2048, encoder_ffn_embed_dim_3=1024, encoder_ffn_embed_dim_4=512, encoder_ffn_embed_dim_5=1024, encoder_self_attention_heads_0=4, encoder_self_attention_heads_1=4, encoder_self_attention_heads_2=4, encoder_self_attention_heads_3=4, encoder_self_attention_heads_4=2, encoder_self_attention_heads_5=4, decoder_embed_dim=512, decoder_layer_num=6, decoder_ffn_embed_dim_0=1024, decoder_ffn_embed_dim_1=512, decoder_ffn_embed_dim_2=1024, decoder_ffn_embed_dim_3=2048, decoder_ffn_embed_dim_4=1024, decoder_ffn_embed_dim_5=1024, decoder_self_attention_heads_0=2, decoder_self_attention_heads_1=2, decoder_self_attention_heads_2=2, decoder_self_attention_heads_3=2, decoder_self_attention_heads_4=2, decoder_self_attention_heads_5=4, decoder_ende_attention_heads_0=4, decoder_ende_attention_heads_1=4, decoder_ende_attention_heads_2=4, decoder_ende_attention_heads_3=4, decoder_ende_attention_heads_4=4, decoder_ende_attention_heads_5=4, decoder_arbitrary_ende_attn_0=2, decoder_arbitrary_ende_attn_1=2, decoder_arbitrary_ende_attn_2=-1, decoder_arbitrary_ende_attn_3=-1, decoder_arbitrary_ende_attn_4=-1, decoder_arbitrary_ende_attn_5=2
| epoch 001:    830 / 2264 loss=10.796, nll_loss=10.460, ppl=1408.76, wps=19613, ups=11, wpb=1743.738, bsz=71.182, num_updates=831, lr=4.16417e-05, gnorm=2.388, clip=0.000, oom=0.000, wall=75, train_wall=58, encoder_embed_dim=640, encoder_layer_num=6, encoder_ffn_embed_dim_0=1024, encoder_ffn_embed_dim_1=512, encoder_ffn_embed_dim_2=1024, encoder_ffn_embed_dim_3=512, encoder_ffn_embed_dim_4=1024, encoder_ffn_embed_dim_5=512, encoder_self_attention_heads_0=4, encoder_self_attention_heads_1=4, encoder_self_attention_heads_2=4, encoder_self_attention_heads_3=2, encoder_self_attention_heads_4=2, encoder_self_attention_heads_5=4, decoder_embed_dim=640, decoder_layer_num=4, decoder_ffn_embed_dim_0=1024, decoder_ffn_embed_dim_1=1024, decoder_ffn_embed_dim_2=512, decoder_ffn_embed_dim_3=512, decoder_self_attention_heads_0=2, decoder_self_attention_heads_1=2, decoder_self_attention_heads_2=2, decoder_self_attention_heads_3=2, decoder_ende_attention_heads_0=2, decoder_ende_attention_heads_1=2, decoder_ende_attention_heads_2=4, decoder_ende_attention_heads_3=4, decoder_arbitrary_ende_attn_0=-1, decoder_arbitrary_ende_attn_1=-1, decoder_arbitrary_ende_attn_2=1, decoder_arbitrary_ende_attn_3=2, decoder_arbitrary_ende_attn_4=2, decoder_arbitrary_ende_attn_5=2
| epoch 001:    840 / 2264 loss=10.783, nll_loss=10.445, ppl=1394.39, wps=19657, ups=11, wpb=1744.480, bsz=71.049, num_updates=841, lr=4.21416e-05, gnorm=2.381, clip=0.000, oom=0.000, wall=76, train_wall=58, encoder_embed_dim=640, encoder_layer_num=6, encoder_ffn_embed_dim_0=1024, encoder_ffn_embed_dim_1=1024, encoder_ffn_embed_dim_2=512, encoder_ffn_embed_dim_3=512, encoder_ffn_embed_dim_4=1024, encoder_ffn_embed_dim_5=2048, encoder_self_attention_heads_0=2, encoder_self_attention_heads_1=4, encoder_self_attention_heads_2=4, encoder_self_attention_heads_3=2, encoder_self_attention_heads_4=2, encoder_self_attention_heads_5=4, decoder_embed_dim=512, decoder_layer_num=2, decoder_ffn_embed_dim_0=1024, decoder_ffn_embed_dim_1=2048, decoder_self_attention_heads_0=4, decoder_self_attention_heads_1=2, decoder_ende_attention_heads_0=2, decoder_ende_attention_heads_1=4, decoder_arbitrary_ende_attn_0=2, decoder_arbitrary_ende_attn_1=1, decoder_arbitrary_ende_attn_2=1, decoder_arbitrary_ende_attn_3=-1, decoder_arbitrary_ende_attn_4=-1, decoder_arbitrary_ende_attn_5=1
| epoch 001:    850 / 2264 loss=10.770, nll_loss=10.430, ppl=1379.58, wps=19679, ups=11, wpb=1742.969, bsz=71.069, num_updates=851, lr=4.26415e-05, gnorm=2.378, clip=0.000, oom=0.000, wall=77, train_wall=59, encoder_embed_dim=512, encoder_layer_num=6, encoder_ffn_embed_dim_0=512, encoder_ffn_embed_dim_1=2048, encoder_ffn_embed_dim_2=2048, encoder_ffn_embed_dim_3=1024, encoder_ffn_embed_dim_4=512, encoder_ffn_embed_dim_5=1024, encoder_self_attention_heads_0=2, encoder_self_attention_heads_1=2, encoder_self_attention_heads_2=4, encoder_self_attention_heads_3=2, encoder_self_attention_heads_4=4, encoder_self_attention_heads_5=2, decoder_embed_dim=512, decoder_layer_num=2, decoder_ffn_embed_dim_0=1024, decoder_ffn_embed_dim_1=512, decoder_self_attention_heads_0=2, decoder_self_attention_heads_1=4, decoder_ende_attention_heads_0=4, decoder_ende_attention_heads_1=4, decoder_arbitrary_ende_attn_0=1, decoder_arbitrary_ende_attn_1=-1, decoder_arbitrary_ende_attn_2=2, decoder_arbitrary_ende_attn_3=1, decoder_arbitrary_ende_attn_4=-1, decoder_arbitrary_ende_attn_5=1
| epoch 001:    860 / 2264 loss=10.754, nll_loss=10.412, ppl=1362.12, wps=19732, ups=11, wpb=1743.251, bsz=71.192, num_updates=861, lr=4.31414e-05, gnorm=2.369, clip=0.000, oom=0.000, wall=77, train_wall=60, encoder_embed_dim=640, encoder_layer_num=6, encoder_ffn_embed_dim_0=512, encoder_ffn_embed_dim_1=512, encoder_ffn_embed_dim_2=512, encoder_ffn_embed_dim_3=2048, encoder_ffn_embed_dim_4=512, encoder_ffn_embed_dim_5=512, encoder_self_attention_heads_0=2, encoder_self_attention_heads_1=2, encoder_self_attention_heads_2=2, encoder_self_attention_heads_3=4, encoder_self_attention_heads_4=2, encoder_self_attention_heads_5=4, decoder_embed_dim=640, decoder_layer_num=6, decoder_ffn_embed_dim_0=1024, decoder_ffn_embed_dim_1=512, decoder_ffn_embed_dim_2=2048, decoder_ffn_embed_dim_3=2048, decoder_ffn_embed_dim_4=1024, decoder_ffn_embed_dim_5=512, decoder_self_attention_heads_0=4, decoder_self_attention_heads_1=4, decoder_self_attention_heads_2=4, decoder_self_attention_heads_3=2, decoder_self_attention_heads_4=4, decoder_self_attention_heads_5=4, decoder_ende_attention_heads_0=4, decoder_ende_attention_heads_1=4, decoder_ende_attention_heads_2=4, decoder_ende_attention_heads_3=2, decoder_ende_attention_heads_4=4, decoder_ende_attention_heads_5=2, decoder_arbitrary_ende_attn_0=2, decoder_arbitrary_ende_attn_1=1, decoder_arbitrary_ende_attn_2=-1, decoder_arbitrary_ende_attn_3=1, decoder_arbitrary_ende_attn_4=-1, decoder_arbitrary_ende_attn_5=2
| epoch 001:    870 / 2264 loss=10.739, nll_loss=10.394, ppl=1345.66, wps=19765, ups=11, wpb=1743.991, bsz=71.146, num_updates=871, lr=4.36413e-05, gnorm=2.358, clip=0.000, oom=0.000, wall=78, train_wall=60, encoder_embed_dim=640, encoder_layer_num=6, encoder_ffn_embed_dim_0=1024, encoder_ffn_embed_dim_1=512, encoder_ffn_embed_dim_2=1024, encoder_ffn_embed_dim_3=512, encoder_ffn_embed_dim_4=2048, encoder_ffn_embed_dim_5=512, encoder_self_attention_heads_0=2, encoder_self_attention_heads_1=2, encoder_self_attention_heads_2=4, encoder_self_attention_heads_3=2, encoder_self_attention_heads_4=2, encoder_self_attention_heads_5=2, decoder_embed_dim=512, decoder_layer_num=6, decoder_ffn_embed_dim_0=1024, decoder_ffn_embed_dim_1=512, decoder_ffn_embed_dim_2=2048, decoder_ffn_embed_dim_3=2048, decoder_ffn_embed_dim_4=512, decoder_ffn_embed_dim_5=512, decoder_self_attention_heads_0=4, decoder_self_attention_heads_1=2, decoder_self_attention_heads_2=4, decoder_self_attention_heads_3=2, decoder_self_attention_heads_4=4, decoder_self_attention_heads_5=2, decoder_ende_attention_heads_0=2, decoder_ende_attention_heads_1=4, decoder_ende_attention_heads_2=4, decoder_ende_attention_heads_3=2, decoder_ende_attention_heads_4=2, decoder_ende_attention_heads_5=2, decoder_arbitrary_ende_attn_0=1, decoder_arbitrary_ende_attn_1=1, decoder_arbitrary_ende_attn_2=-1, decoder_arbitrary_ende_attn_3=-1, decoder_arbitrary_ende_attn_4=1, decoder_arbitrary_ende_attn_5=2
| epoch 001:    880 / 2264 loss=10.727, nll_loss=10.380, ppl=1332.37, wps=19794, ups=11, wpb=1743.947, bsz=71.092, num_updates=881, lr=4.41412e-05, gnorm=2.348, clip=0.000, oom=0.000, wall=79, train_wall=61, encoder_embed_dim=640, encoder_layer_num=6, encoder_ffn_embed_dim_0=512, encoder_ffn_embed_dim_1=512, encoder_ffn_embed_dim_2=1024, encoder_ffn_embed_dim_3=512, encoder_ffn_embed_dim_4=2048, encoder_ffn_embed_dim_5=2048, encoder_self_attention_heads_0=4, encoder_self_attention_heads_1=4, encoder_self_attention_heads_2=2, encoder_self_attention_heads_3=4, encoder_self_attention_heads_4=2, encoder_self_attention_heads_5=2, decoder_embed_dim=640, decoder_layer_num=1, decoder_ffn_embed_dim_0=512, decoder_self_attention_heads_0=2, decoder_ende_attention_heads_0=4, decoder_arbitrary_ende_attn_0=1, decoder_arbitrary_ende_attn_1=1, decoder_arbitrary_ende_attn_2=1, decoder_arbitrary_ende_attn_3=1, decoder_arbitrary_ende_attn_4=-1, decoder_arbitrary_ende_attn_5=-1
| epoch 001:    890 / 2264 loss=10.715, nll_loss=10.367, ppl=1320.31, wps=19838, ups=11, wpb=1744.551, bsz=70.914, num_updates=891, lr=4.46411e-05, gnorm=2.341, clip=0.000, oom=0.000, wall=80, train_wall=62, encoder_embed_dim=640, encoder_layer_num=6, encoder_ffn_embed_dim_0=512, encoder_ffn_embed_dim_1=1024, encoder_ffn_embed_dim_2=1024, encoder_ffn_embed_dim_3=512, encoder_ffn_embed_dim_4=2048, encoder_ffn_embed_dim_5=512, encoder_self_attention_heads_0=4, encoder_self_attention_heads_1=4, encoder_self_attention_heads_2=2, encoder_self_attention_heads_3=2, encoder_self_attention_heads_4=4, encoder_self_attention_heads_5=2, decoder_embed_dim=512, decoder_layer_num=4, decoder_ffn_embed_dim_0=512, decoder_ffn_embed_dim_1=1024, decoder_ffn_embed_dim_2=1024, decoder_ffn_embed_dim_3=512, decoder_self_attention_heads_0=2, decoder_self_attention_heads_1=4, decoder_self_attention_heads_2=2, decoder_self_attention_heads_3=2, decoder_ende_attention_heads_0=4, decoder_ende_attention_heads_1=2, decoder_ende_attention_heads_2=4, decoder_ende_attention_heads_3=2, decoder_arbitrary_ende_attn_0=-1, decoder_arbitrary_ende_attn_1=1, decoder_arbitrary_ende_attn_2=1, decoder_arbitrary_ende_attn_3=-1, decoder_arbitrary_ende_attn_4=-1, decoder_arbitrary_ende_attn_5=1
| epoch 001:    900 / 2264 loss=10.705, nll_loss=10.354, ppl=1309.14, wps=19867, ups=11, wpb=1744.118, bsz=70.748, num_updates=901, lr=4.5141e-05, gnorm=2.332, clip=0.000, oom=0.000, wall=80, train_wall=62, encoder_embed_dim=640, encoder_layer_num=6, encoder_ffn_embed_dim_0=2048, encoder_ffn_embed_dim_1=512, encoder_ffn_embed_dim_2=2048, encoder_ffn_embed_dim_3=1024, encoder_ffn_embed_dim_4=512, encoder_ffn_embed_dim_5=512, encoder_self_attention_heads_0=4, encoder_self_attention_heads_1=2, encoder_self_attention_heads_2=4, encoder_self_attention_heads_3=4, encoder_self_attention_heads_4=2, encoder_self_attention_heads_5=2, decoder_embed_dim=512, decoder_layer_num=1, decoder_ffn_embed_dim_0=1024, decoder_self_attention_heads_0=4, decoder_ende_attention_heads_0=4, decoder_arbitrary_ende_attn_0=1, decoder_arbitrary_ende_attn_1=2, decoder_arbitrary_ende_attn_2=1, decoder_arbitrary_ende_attn_3=2, decoder_arbitrary_ende_attn_4=1, decoder_arbitrary_ende_attn_5=-1
| epoch 001:    910 / 2264 loss=10.691, nll_loss=10.338, ppl=1294.48, wps=19891, ups=11, wpb=1745.304, bsz=70.753, num_updates=911, lr=4.56409e-05, gnorm=2.324, clip=0.000, oom=0.000, wall=81, train_wall=63, encoder_embed_dim=512, encoder_layer_num=6, encoder_ffn_embed_dim_0=2048, encoder_ffn_embed_dim_1=2048, encoder_ffn_embed_dim_2=2048, encoder_ffn_embed_dim_3=512, encoder_ffn_embed_dim_4=512, encoder_ffn_embed_dim_5=2048, encoder_self_attention_heads_0=2, encoder_self_attention_heads_1=4, encoder_self_attention_heads_2=4, encoder_self_attention_heads_3=4, encoder_self_attention_heads_4=2, encoder_self_attention_heads_5=2, decoder_embed_dim=640, decoder_layer_num=4, decoder_ffn_embed_dim_0=1024, decoder_ffn_embed_dim_1=2048, decoder_ffn_embed_dim_2=1024, decoder_ffn_embed_dim_3=1024, decoder_self_attention_heads_0=4, decoder_self_attention_heads_1=2, decoder_self_attention_heads_2=4, decoder_self_attention_heads_3=2, decoder_ende_attention_heads_0=2, decoder_ende_attention_heads_1=2, decoder_ende_attention_heads_2=4, decoder_ende_attention_heads_3=4, decoder_arbitrary_ende_attn_0=1, decoder_arbitrary_ende_attn_1=-1, decoder_arbitrary_ende_attn_2=1, decoder_arbitrary_ende_attn_3=2, decoder_arbitrary_ende_attn_4=-1, decoder_arbitrary_ende_attn_5=1
| epoch 001:    920 / 2264 loss=10.679, nll_loss=10.324, ppl=1281.86, wps=19929, ups=11, wpb=1745.097, bsz=70.853, num_updates=921, lr=4.61408e-05, gnorm=2.327, clip=0.000, oom=0.000, wall=82, train_wall=64, encoder_embed_dim=512, encoder_layer_num=6, encoder_ffn_embed_dim_0=2048, encoder_ffn_embed_dim_1=512, encoder_ffn_embed_dim_2=1024, encoder_ffn_embed_dim_3=2048, encoder_ffn_embed_dim_4=512, encoder_ffn_embed_dim_5=2048, encoder_self_attention_heads_0=4, encoder_self_attention_heads_1=4, encoder_self_attention_heads_2=2, encoder_self_attention_heads_3=4, encoder_self_attention_heads_4=2, encoder_self_attention_heads_5=4, decoder_embed_dim=512, decoder_layer_num=4, decoder_ffn_embed_dim_0=2048, decoder_ffn_embed_dim_1=2048, decoder_ffn_embed_dim_2=512, decoder_ffn_embed_dim_3=2048, decoder_self_attention_heads_0=2, decoder_self_attention_heads_1=2, decoder_self_attention_heads_2=4, decoder_self_attention_heads_3=2, decoder_ende_attention_heads_0=2, decoder_ende_attention_heads_1=2, decoder_ende_attention_heads_2=2, decoder_ende_attention_heads_3=2, decoder_arbitrary_ende_attn_0=1, decoder_arbitrary_ende_attn_1=1, decoder_arbitrary_ende_attn_2=-1, decoder_arbitrary_ende_attn_3=-1, decoder_arbitrary_ende_attn_4=2, decoder_arbitrary_ende_attn_5=-1
| epoch 001:    930 / 2264 loss=10.667, nll_loss=10.309, ppl=1269.02, wps=19948, ups=11, wpb=1744.690, bsz=70.814, num_updates=931, lr=4.66407e-05, gnorm=2.321, clip=0.000, oom=0.000, wall=83, train_wall=64, encoder_embed_dim=640, encoder_layer_num=6, encoder_ffn_embed_dim_0=1024, encoder_ffn_embed_dim_1=2048, encoder_ffn_embed_dim_2=1024, encoder_ffn_embed_dim_3=2048, encoder_ffn_embed_dim_4=512, encoder_ffn_embed_dim_5=1024, encoder_self_attention_heads_0=2, encoder_self_attention_heads_1=2, encoder_self_attention_heads_2=4, encoder_self_attention_heads_3=2, encoder_self_attention_heads_4=2, encoder_self_attention_heads_5=4, decoder_embed_dim=512, decoder_layer_num=2, decoder_ffn_embed_dim_0=2048, decoder_ffn_embed_dim_1=512, decoder_self_attention_heads_0=2, decoder_self_attention_heads_1=4, decoder_ende_attention_heads_0=2, decoder_ende_attention_heads_1=4, decoder_arbitrary_ende_attn_0=1, decoder_arbitrary_ende_attn_1=1, decoder_arbitrary_ende_attn_2=1, decoder_arbitrary_ende_attn_3=1, decoder_arbitrary_ende_attn_4=2, decoder_arbitrary_ende_attn_5=-1
| epoch 001:    940 / 2264 loss=10.655, nll_loss=10.296, ppl=1257.45, wps=19951, ups=11, wpb=1744.003, bsz=70.784, num_updates=941, lr=4.71406e-05, gnorm=2.316, clip=0.000, oom=0.000, wall=83, train_wall=65, encoder_embed_dim=512, encoder_layer_num=6, encoder_ffn_embed_dim_0=512, encoder_ffn_embed_dim_1=512, encoder_ffn_embed_dim_2=512, encoder_ffn_embed_dim_3=2048, encoder_ffn_embed_dim_4=2048, encoder_ffn_embed_dim_5=512, encoder_self_attention_heads_0=2, encoder_self_attention_heads_1=4, encoder_self_attention_heads_2=4, encoder_self_attention_heads_3=2, encoder_self_attention_heads_4=4, encoder_self_attention_heads_5=4, decoder_embed_dim=512, decoder_layer_num=6, decoder_ffn_embed_dim_0=2048, decoder_ffn_embed_dim_1=2048, decoder_ffn_embed_dim_2=512, decoder_ffn_embed_dim_3=512, decoder_ffn_embed_dim_4=512, decoder_ffn_embed_dim_5=2048, decoder_self_attention_heads_0=2, decoder_self_attention_heads_1=4, decoder_self_attention_heads_2=2, decoder_self_attention_heads_3=4, decoder_self_attention_heads_4=2, decoder_self_attention_heads_5=2, decoder_ende_attention_heads_0=2, decoder_ende_attention_heads_1=4, decoder_ende_attention_heads_2=4, decoder_ende_attention_heads_3=4, decoder_ende_attention_heads_4=2, decoder_ende_attention_heads_5=2, decoder_arbitrary_ende_attn_0=-1, decoder_arbitrary_ende_attn_1=1, decoder_arbitrary_ende_attn_2=1, decoder_arbitrary_ende_attn_3=2, decoder_arbitrary_ende_attn_4=1, decoder_arbitrary_ende_attn_5=1
| epoch 001:    950 / 2264 loss=10.643, nll_loss=10.282, ppl=1244.79, wps=19954, ups=11, wpb=1743.657, bsz=71.108, num_updates=951, lr=4.76405e-05, gnorm=2.312, clip=0.000, oom=0.000, wall=84, train_wall=66, encoder_embed_dim=640, encoder_layer_num=6, encoder_ffn_embed_dim_0=1024, encoder_ffn_embed_dim_1=1024, encoder_ffn_embed_dim_2=2048, encoder_ffn_embed_dim_3=1024, encoder_ffn_embed_dim_4=1024, encoder_ffn_embed_dim_5=1024, encoder_self_attention_heads_0=4, encoder_self_attention_heads_1=4, encoder_self_attention_heads_2=2, encoder_self_attention_heads_3=4, encoder_self_attention_heads_4=2, encoder_self_attention_heads_5=4, decoder_embed_dim=640, decoder_layer_num=5, decoder_ffn_embed_dim_0=2048, decoder_ffn_embed_dim_1=1024, decoder_ffn_embed_dim_2=512, decoder_ffn_embed_dim_3=2048, decoder_ffn_embed_dim_4=2048, decoder_self_attention_heads_0=4, decoder_self_attention_heads_1=2, decoder_self_attention_heads_2=2, decoder_self_attention_heads_3=2, decoder_self_attention_heads_4=2, decoder_ende_attention_heads_0=4, decoder_ende_attention_heads_1=4, decoder_ende_attention_heads_2=2, decoder_ende_attention_heads_3=4, decoder_ende_attention_heads_4=4, decoder_arbitrary_ende_attn_0=-1, decoder_arbitrary_ende_attn_1=1, decoder_arbitrary_ende_attn_2=1, decoder_arbitrary_ende_attn_3=2, decoder_arbitrary_ende_attn_4=1, decoder_arbitrary_ende_attn_5=-1
| epoch 001:    960 / 2264 loss=10.631, nll_loss=10.268, ppl=1232.70, wps=19988, ups=11, wpb=1743.421, bsz=71.159, num_updates=961, lr=4.81404e-05, gnorm=2.311, clip=0.000, oom=0.000, wall=85, train_wall=66, encoder_embed_dim=512, encoder_layer_num=6, encoder_ffn_embed_dim_0=512, encoder_ffn_embed_dim_1=1024, encoder_ffn_embed_dim_2=1024, encoder_ffn_embed_dim_3=1024, encoder_ffn_embed_dim_4=512, encoder_ffn_embed_dim_5=2048, encoder_self_attention_heads_0=2, encoder_self_attention_heads_1=2, encoder_self_attention_heads_2=2, encoder_self_attention_heads_3=4, encoder_self_attention_heads_4=2, encoder_self_attention_heads_5=4, decoder_embed_dim=640, decoder_layer_num=4, decoder_ffn_embed_dim_0=1024, decoder_ffn_embed_dim_1=512, decoder_ffn_embed_dim_2=512, decoder_ffn_embed_dim_3=2048, decoder_self_attention_heads_0=4, decoder_self_attention_heads_1=2, decoder_self_attention_heads_2=4, decoder_self_attention_heads_3=4, decoder_ende_attention_heads_0=2, decoder_ende_attention_heads_1=4, decoder_ende_attention_heads_2=4, decoder_ende_attention_heads_3=4, decoder_arbitrary_ende_attn_0=1, decoder_arbitrary_ende_attn_1=2, decoder_arbitrary_ende_attn_2=1, decoder_arbitrary_ende_attn_3=1, decoder_arbitrary_ende_attn_4=2, decoder_arbitrary_ende_attn_5=-1
| epoch 001:    970 / 2264 loss=10.619, nll_loss=10.254, ppl=1221.34, wps=19997, ups=11, wpb=1741.872, bsz=71.217, num_updates=971, lr=4.86403e-05, gnorm=2.308, clip=0.000, oom=0.000, wall=86, train_wall=67, encoder_embed_dim=512, encoder_layer_num=6, encoder_ffn_embed_dim_0=512, encoder_ffn_embed_dim_1=2048, encoder_ffn_embed_dim_2=1024, encoder_ffn_embed_dim_3=512, encoder_ffn_embed_dim_4=2048, encoder_ffn_embed_dim_5=1024, encoder_self_attention_heads_0=4, encoder_self_attention_heads_1=4, encoder_self_attention_heads_2=4, encoder_self_attention_heads_3=4, encoder_self_attention_heads_4=2, encoder_self_attention_heads_5=2, decoder_embed_dim=640, decoder_layer_num=1, decoder_ffn_embed_dim_0=2048, decoder_self_attention_heads_0=4, decoder_ende_attention_heads_0=2, decoder_arbitrary_ende_attn_0=-1, decoder_arbitrary_ende_attn_1=1, decoder_arbitrary_ende_attn_2=1, decoder_arbitrary_ende_attn_3=2, decoder_arbitrary_ende_attn_4=2, decoder_arbitrary_ende_attn_5=-1
| epoch 001:    980 / 2264 loss=10.609, nll_loss=10.242, ppl=1211.35, wps=20015, ups=11, wpb=1742.045, bsz=71.070, num_updates=981, lr=4.91402e-05, gnorm=2.304, clip=0.000, oom=0.000, wall=87, train_wall=68, encoder_embed_dim=512, encoder_layer_num=6, encoder_ffn_embed_dim_0=1024, encoder_ffn_embed_dim_1=512, encoder_ffn_embed_dim_2=1024, encoder_ffn_embed_dim_3=2048, encoder_ffn_embed_dim_4=512, encoder_ffn_embed_dim_5=1024, encoder_self_attention_heads_0=2, encoder_self_attention_heads_1=2, encoder_self_attention_heads_2=2, encoder_self_attention_heads_3=4, encoder_self_attention_heads_4=4, encoder_self_attention_heads_5=4, decoder_embed_dim=512, decoder_layer_num=5, decoder_ffn_embed_dim_0=2048, decoder_ffn_embed_dim_1=2048, decoder_ffn_embed_dim_2=1024, decoder_ffn_embed_dim_3=1024, decoder_ffn_embed_dim_4=512, decoder_self_attention_heads_0=4, decoder_self_attention_heads_1=4, decoder_self_attention_heads_2=2, decoder_self_attention_heads_3=2, decoder_self_attention_heads_4=4, decoder_ende_attention_heads_0=4, decoder_ende_attention_heads_1=2, decoder_ende_attention_heads_2=4, decoder_ende_attention_heads_3=2, decoder_ende_attention_heads_4=2, decoder_arbitrary_ende_attn_0=1, decoder_arbitrary_ende_attn_1=-1, decoder_arbitrary_ende_attn_2=1, decoder_arbitrary_ende_attn_3=1, decoder_arbitrary_ende_attn_4=-1, decoder_arbitrary_ende_attn_5=-1
| epoch 001:    990 / 2264 loss=10.600, nll_loss=10.231, ppl=1202.18, wps=20014, ups=11, wpb=1741.695, bsz=71.015, num_updates=991, lr=4.96401e-05, gnorm=2.299, clip=0.000, oom=0.000, wall=87, train_wall=69, encoder_embed_dim=640, encoder_layer_num=6, encoder_ffn_embed_dim_0=1024, encoder_ffn_embed_dim_1=512, encoder_ffn_embed_dim_2=1024, encoder_ffn_embed_dim_3=1024, encoder_ffn_embed_dim_4=512, encoder_ffn_embed_dim_5=512, encoder_self_attention_heads_0=4, encoder_self_attention_heads_1=4, encoder_self_attention_heads_2=2, encoder_self_attention_heads_3=2, encoder_self_attention_heads_4=4, encoder_self_attention_heads_5=2, decoder_embed_dim=512, decoder_layer_num=4, decoder_ffn_embed_dim_0=512, decoder_ffn_embed_dim_1=2048, decoder_ffn_embed_dim_2=1024, decoder_ffn_embed_dim_3=512, decoder_self_attention_heads_0=4, decoder_self_attention_heads_1=2, decoder_self_attention_heads_2=4, decoder_self_attention_heads_3=2, decoder_ende_attention_heads_0=2, decoder_ende_attention_heads_1=4, decoder_ende_attention_heads_2=2, decoder_ende_attention_heads_3=4, decoder_arbitrary_ende_attn_0=2, decoder_arbitrary_ende_attn_1=2, decoder_arbitrary_ende_attn_2=-1, decoder_arbitrary_ende_attn_3=2, decoder_arbitrary_ende_attn_4=2, decoder_arbitrary_ende_attn_5=-1
| epoch 001 | validate on 'valid' subset | loss 9.626 | nll_loss 8.981 | ppl 505.36 | num_updates 1000 | best_loss 9.62572 | largest_arbitrary1_loss 9.626 | largest_arbitrary1_nll_loss 8.981
| epoch 001 | validate on 'valid' subset | loss 9.361 | nll_loss 8.793 | ppl 443.61 | num_updates 1000 | best_loss 9.36112 | smallest_arbitrary1_loss 9.361 | smallest_arbitrary1_nll_loss 8.793
| saved checkpoint ../checkpoints/iwslt14_super_smoke1000/checkpoint_1_1000.pt (epoch 1 @ 1000 updates) (writing took 3.1437783241271973 seconds)
| epoch 001 | loss 10.591 | nll_loss 10.221 | ppl 1193.65 | wps 18338 | ups 10 | wpb 1741.899 | bsz 70.920 | num_updates 1000 | lr 5.009e-05 | gnorm 2.292 | clip 0.000 | oom 0.000 | wall 96 | train_wall 69
| epoch 001 | validate on 'valid' subset | loss 9.626 | nll_loss 8.981 | ppl 505.36 | num_updates 1000 | best_loss 9.36112 | largest_arbitrary1_loss 9.626 | largest_arbitrary1_nll_loss 8.981
| epoch 001 | validate on 'valid' subset | loss 9.361 | nll_loss 8.793 | ppl 443.61 | num_updates 1000 | best_loss 9.36112 | smallest_arbitrary1_loss 9.361 | smallest_arbitrary1_nll_loss 8.793
| saved checkpoint ../checkpoints/iwslt14_super_smoke1000/checkpoint_1_1000.pt (epoch 1 @ 1000 updates) (writing took 3.38659405708313 seconds)
| Done training in 103.6 seconds
