nohup: ignoring input
| Configs: Namespace(activation_dropout=0.0, activation_fn='relu', adam_betas='(0.9, 0.98)', adam_eps=1e-08, adaptive_input=False, adaptive_softmax_cutoff=None, adaptive_softmax_dropout=0, arch='transformersuper_iwslt_de_en', attention_dropout=0.0, beam=5, best_checkpoint_metric='loss', bucket_cap_mb=25, clip_norm=25, configs='configs/iwslt14.de-en/supertransformer/space1_full50000_fromscratch.yml', cpu=False, criterion='label_smoothed_cross_entropy', curriculum=0, data='data/binary/iwslt14_de_en', dataset_impl=None, ddp_backend='c10d', decoder_arbitrary_ende_attn_all_subtransformer=None, decoder_arbitrary_ende_attn_choice=[-1, 1, 2], decoder_attention_heads=4, decoder_embed_choice=[640, 512], decoder_embed_dim=640, decoder_embed_dim_subtransformer=None, decoder_embed_path=None, decoder_ende_attention_heads_all_subtransformer=None, decoder_ende_attention_heads_choice=[4, 2], decoder_ffn_embed_dim=2048, decoder_ffn_embed_dim_all_subtransformer=None, decoder_ffn_embed_dim_choice=[2048, 1024, 512], decoder_input_dim=640, decoder_layer_num_choice=[6, 5, 4, 3, 2, 1], decoder_layers=6, decoder_learned_pos=False, decoder_normalize_before=False, decoder_output_dim=640, decoder_self_attention_heads_all_subtransformer=None, decoder_self_attention_heads_choice=[4, 2], device_id=0, disable_validation=False, distributed_backend='nccl', distributed_init_method=None, distributed_no_spawn=False, distributed_port=-1, distributed_rank=0, distributed_world_size=1, diverse_beam_groups=-1, diverse_beam_strength=0.5, dropout=0.375, encoder_attention_heads=4, encoder_embed_choice=[640, 512], encoder_embed_dim=640, encoder_embed_dim_subtransformer=None, encoder_embed_path=None, encoder_ffn_embed_dim=2048, encoder_ffn_embed_dim_all_subtransformer=None, encoder_ffn_embed_dim_choice=[2048, 1024, 512], encoder_layer_num_choice=[6], encoder_layers=6, encoder_learned_pos=False, encoder_normalize_before=False, encoder_self_attention_heads_all_subtransformer=None, encoder_self_attention_heads_choice=[4, 2], find_unused_parameters=False, fix_batches_to_gpus=False, fp16=False, fp16_init_scale=128, fp16_scale_tolerance=0.0, fp16_scale_window=None, get_attn=False, keep_interval_updates=3, keep_last_epochs=20, label_smoothing=0.1, latcpu=False, latgpu=False, latiter=300, latsilent=False, lazy_load=False, left_pad_source='True', left_pad_target='False', lenpen=1, log_format=None, log_interval=100, lr=[0.0005], lr_scheduler='inverse_sqrt', match_source_len=False, max_epoch=0, max_len_a=0, max_len_b=200, max_sentences=None, max_sentences_valid=None, max_source_positions=1024, max_target_positions=1024, max_tokens=4096, max_tokens_valid=4096, max_update=50000, maximize_best_checkpoint_metric=False, memory_efficient_fp16=False, min_len=1, min_loss_scale=0.0001, min_lr=-1, model_overrides='{}', nbest=1, no_beamable_mm=False, no_early_stop=False, no_epoch_checkpoints=False, no_last_checkpoints=False, no_progress_bar=False, no_repeat_ngram_size=0, no_save=False, no_save_optimizer_state=False, no_token_positional_embeddings=False, num_workers=10, optimizer='adam', optimizer_overrides='{}', path=None, pdb=False, prefix_size=0, print_alignment=False, profile_flops=False, profile_latency=False, qkv_dim=512, quiet=False, raw_text=False, remove_bpe=None, replace_unk=None, required_batch_size_multiple=8, reset_dataloader=False, reset_lr_scheduler=False, reset_meters=False, reset_optimizer=False, restore_file='checkpoint_last.pt', results_path=None, sacrebleu=False, sampling=False, sampling_topk=-1, sampling_topp=-1.0, save_dir='../checkpoints/iwslt14_super_full50000_fromscratch', save_interval=1, save_interval_updates=5000, score_reference=False, seed=1, sentence_avg=False, share_all_embeddings=False, share_decoder_input_output_embed=False, skip_invalid_size_inputs_valid_test=False, source_lang='de', sub_configs=None, target_lang='en', task='translation', tbmf_wrapper=False, temperature=1.0, tensorboard_logdir='../checkpoints/iwslt14_super_full50000_fromscratch/tensorboard', threshold_loss_scale=None, train_subset='train', train_subtransformer=False, unkpen=0, unnormalized=False, update_freq=[1], upsample_primary=1, use_bmuf=False, user_dir=None, valid_subset='valid', validate_interval=1, validate_subtransformer=False, vocab_original_scaling=False, warmup_init_lr=1e-07, warmup_updates=10000, weight_decay=0.0001)
| [de] dictionary: 8848 types
| [en] dictionary: 6632 types
| loaded 7283 examples from: data/binary/iwslt14_de_en/valid.de-en.de
| loaded 7283 examples from: data/binary/iwslt14_de_en/valid.de-en.en
| data/binary/iwslt14_de_en valid de-en 7283 examples
| Fallback to xavier initializer
| Model: transformersuper_iwslt_de_en 
| Criterion: LabelSmoothedCrossEntropyCriterion
 

		WARNING!!! Training SuperTransformer


| SuperTransformer Arch: TransformerSuperModel(
  (encoder): TransformerEncoder(
    (embed_tokens): EmbeddingSuper(8848, 640, padding_idx=1)
    (embed_positions): SinusoidalPositionalEmbedding()
    (layers): ModuleList(
      (0): TransformerEncoderLayer(
        (self_attn): MultiheadAttentionSuper	num_heads:4	 qkv_dim:512
          (out_proj): LinearSuper(in_features=512, out_features=640, bias=True)
        )
        (self_attn_layer_norm): LayerNormSuper((640,), eps=1e-05, elementwise_affine=True)
        (fc1): LinearSuper(in_features=640, out_features=2048, bias=True)
        (fc2): LinearSuper(in_features=2048, out_features=640, bias=True)
        (final_layer_norm): LayerNormSuper((640,), eps=1e-05, elementwise_affine=True)
      )
      (1): TransformerEncoderLayer(
        (self_attn): MultiheadAttentionSuper	num_heads:4	 qkv_dim:512
          (out_proj): LinearSuper(in_features=512, out_features=640, bias=True)
        )
        (self_attn_layer_norm): LayerNormSuper((640,), eps=1e-05, elementwise_affine=True)
        (fc1): LinearSuper(in_features=640, out_features=2048, bias=True)
        (fc2): LinearSuper(in_features=2048, out_features=640, bias=True)
        (final_layer_norm): LayerNormSuper((640,), eps=1e-05, elementwise_affine=True)
      )
      (2): TransformerEncoderLayer(
        (self_attn): MultiheadAttentionSuper	num_heads:4	 qkv_dim:512
          (out_proj): LinearSuper(in_features=512, out_features=640, bias=True)
        )
        (self_attn_layer_norm): LayerNormSuper((640,), eps=1e-05, elementwise_affine=True)
        (fc1): LinearSuper(in_features=640, out_features=2048, bias=True)
        (fc2): LinearSuper(in_features=2048, out_features=640, bias=True)
        (final_layer_norm): LayerNormSuper((640,), eps=1e-05, elementwise_affine=True)
      )
      (3): TransformerEncoderLayer(
        (self_attn): MultiheadAttentionSuper	num_heads:4	 qkv_dim:512
          (out_proj): LinearSuper(in_features=512, out_features=640, bias=True)
        )
        (self_attn_layer_norm): LayerNormSuper((640,), eps=1e-05, elementwise_affine=True)
        (fc1): LinearSuper(in_features=640, out_features=2048, bias=True)
        (fc2): LinearSuper(in_features=2048, out_features=640, bias=True)
        (final_layer_norm): LayerNormSuper((640,), eps=1e-05, elementwise_affine=True)
      )
      (4): TransformerEncoderLayer(
        (self_attn): MultiheadAttentionSuper	num_heads:4	 qkv_dim:512
          (out_proj): LinearSuper(in_features=512, out_features=640, bias=True)
        )
        (self_attn_layer_norm): LayerNormSuper((640,), eps=1e-05, elementwise_affine=True)
        (fc1): LinearSuper(in_features=640, out_features=2048, bias=True)
        (fc2): LinearSuper(in_features=2048, out_features=640, bias=True)
        (final_layer_norm): LayerNormSuper((640,), eps=1e-05, elementwise_affine=True)
      )
      (5): TransformerEncoderLayer(
        (self_attn): MultiheadAttentionSuper	num_heads:4	 qkv_dim:512
          (out_proj): LinearSuper(in_features=512, out_features=640, bias=True)
        )
        (self_attn_layer_norm): LayerNormSuper((640,), eps=1e-05, elementwise_affine=True)
        (fc1): LinearSuper(in_features=640, out_features=2048, bias=True)
        (fc2): LinearSuper(in_features=2048, out_features=640, bias=True)
        (final_layer_norm): LayerNormSuper((640,), eps=1e-05, elementwise_affine=True)
      )
    )
  )
  (decoder): TransformerDecoder(
    (embed_tokens): EmbeddingSuper(6632, 640, padding_idx=1)
    (embed_positions): SinusoidalPositionalEmbedding()
    (layers): ModuleList(
      (0): TransformerDecoderLayer(
        (self_attn): MultiheadAttentionSuper	num_heads:4	 qkv_dim:512
          (out_proj): LinearSuper(in_features=512, out_features=640, bias=True)
        )
        (self_attn_layer_norm): LayerNormSuper((640,), eps=1e-05, elementwise_affine=True)
        (encoder_attn): MultiheadAttentionSuper	num_heads:4	 qkv_dim:512
          (out_proj): LinearSuper(in_features=512, out_features=640, bias=True)
        )
        (encoder_attn_layer_norm): LayerNormSuper((640,), eps=1e-05, elementwise_affine=True)
        (fc1): LinearSuper(in_features=640, out_features=2048, bias=True)
        (fc2): LinearSuper(in_features=2048, out_features=640, bias=True)
        (final_layer_norm): LayerNormSuper((640,), eps=1e-05, elementwise_affine=True)
      )
      (1): TransformerDecoderLayer(
        (self_attn): MultiheadAttentionSuper	num_heads:4	 qkv_dim:512
          (out_proj): LinearSuper(in_features=512, out_features=640, bias=True)
        )
        (self_attn_layer_norm): LayerNormSuper((640,), eps=1e-05, elementwise_affine=True)
        (encoder_attn): MultiheadAttentionSuper	num_heads:4	 qkv_dim:512
          (out_proj): LinearSuper(in_features=512, out_features=640, bias=True)
        )
        (encoder_attn_layer_norm): LayerNormSuper((640,), eps=1e-05, elementwise_affine=True)
        (fc1): LinearSuper(in_features=640, out_features=2048, bias=True)
        (fc2): LinearSuper(in_features=2048, out_features=640, bias=True)
        (final_layer_norm): LayerNormSuper((640,), eps=1e-05, elementwise_affine=True)
      )
      (2): TransformerDecoderLayer(
        (self_attn): MultiheadAttentionSuper	num_heads:4	 qkv_dim:512
          (out_proj): LinearSuper(in_features=512, out_features=640, bias=True)
        )
        (self_attn_layer_norm): LayerNormSuper((640,), eps=1e-05, elementwise_affine=True)
        (encoder_attn): MultiheadAttentionSuper	num_heads:4	 qkv_dim:512
          (out_proj): LinearSuper(in_features=512, out_features=640, bias=True)
        )
        (encoder_attn_layer_norm): LayerNormSuper((640,), eps=1e-05, elementwise_affine=True)
        (fc1): LinearSuper(in_features=640, out_features=2048, bias=True)
        (fc2): LinearSuper(in_features=2048, out_features=640, bias=True)
        (final_layer_norm): LayerNormSuper((640,), eps=1e-05, elementwise_affine=True)
      )
      (3): TransformerDecoderLayer(
        (self_attn): MultiheadAttentionSuper	num_heads:4	 qkv_dim:512
          (out_proj): LinearSuper(in_features=512, out_features=640, bias=True)
        )
        (self_attn_layer_norm): LayerNormSuper((640,), eps=1e-05, elementwise_affine=True)
        (encoder_attn): MultiheadAttentionSuper	num_heads:4	 qkv_dim:512
          (out_proj): LinearSuper(in_features=512, out_features=640, bias=True)
        )
        (encoder_attn_layer_norm): LayerNormSuper((640,), eps=1e-05, elementwise_affine=True)
        (fc1): LinearSuper(in_features=640, out_features=2048, bias=True)
        (fc2): LinearSuper(in_features=2048, out_features=640, bias=True)
        (final_layer_norm): LayerNormSuper((640,), eps=1e-05, elementwise_affine=True)
      )
      (4): TransformerDecoderLayer(
        (self_attn): MultiheadAttentionSuper	num_heads:4	 qkv_dim:512
          (out_proj): LinearSuper(in_features=512, out_features=640, bias=True)
        )
        (self_attn_layer_norm): LayerNormSuper((640,), eps=1e-05, elementwise_affine=True)
        (encoder_attn): MultiheadAttentionSuper	num_heads:4	 qkv_dim:512
          (out_proj): LinearSuper(in_features=512, out_features=640, bias=True)
        )
        (encoder_attn_layer_norm): LayerNormSuper((640,), eps=1e-05, elementwise_affine=True)
        (fc1): LinearSuper(in_features=640, out_features=2048, bias=True)
        (fc2): LinearSuper(in_features=2048, out_features=640, bias=True)
        (final_layer_norm): LayerNormSuper((640,), eps=1e-05, elementwise_affine=True)
      )
      (5): TransformerDecoderLayer(
        (self_attn): MultiheadAttentionSuper	num_heads:4	 qkv_dim:512
          (out_proj): LinearSuper(in_features=512, out_features=640, bias=True)
        )
        (self_attn_layer_norm): LayerNormSuper((640,), eps=1e-05, elementwise_affine=True)
        (encoder_attn): MultiheadAttentionSuper	num_heads:4	 qkv_dim:512
          (out_proj): LinearSuper(in_features=512, out_features=640, bias=True)
        )
        (encoder_attn_layer_norm): LayerNormSuper((640,), eps=1e-05, elementwise_affine=True)
        (fc1): LinearSuper(in_features=640, out_features=2048, bias=True)
        (fc2): LinearSuper(in_features=2048, out_features=640, bias=True)
        (final_layer_norm): LayerNormSuper((640,), eps=1e-05, elementwise_affine=True)
      )
    )
  )
) 

| SuperTransofmer model size (without embedding weights): 55160064
| Embedding layer size: 14151680 

| Training on 1 GPUs
| Max tokens per GPU = 4096 and max sentences per GPU = None 

| no existing checkpoint found ../checkpoints/iwslt14_super_full50000_fromscratch/checkpoint_last.pt
| loading train data for epoch 0
| loaded 160239 examples from: data/binary/iwslt14_de_en/train.de-en.de
| loaded 160239 examples from: data/binary/iwslt14_de_en/train.de-en.en
| data/binary/iwslt14_de_en train de-en 160239 examples
| NOTICE: your device may support faster training with --fp16
| epoch 001:    100 / 1101 loss=12.988, nll_loss=12.948, ppl=7904.05, wps=6412, ups=2, wpb=3538.050, bsz=121.337, num_updates=101, lr=5.14899e-06, gnorm=4.162, clip=0.000, oom=0.000, wall=58, train_wall=56, encoder_embed_dim=640, encoder_layer_num=6, encoder_ffn_embed_dim_0=512, encoder_ffn_embed_dim_1=512, encoder_ffn_embed_dim_2=1024, encoder_ffn_embed_dim_3=512, encoder_ffn_embed_dim_4=2048, encoder_ffn_embed_dim_5=1024, encoder_self_attention_heads_0=2, encoder_self_attention_heads_1=2, encoder_self_attention_heads_2=4, encoder_self_attention_heads_3=4, encoder_self_attention_heads_4=2, encoder_self_attention_heads_5=4, decoder_embed_dim=512, decoder_layer_num=5, decoder_ffn_embed_dim_0=512, decoder_ffn_embed_dim_1=2048, decoder_ffn_embed_dim_2=2048, decoder_ffn_embed_dim_3=1024, decoder_ffn_embed_dim_4=2048, decoder_self_attention_heads_0=4, decoder_self_attention_heads_1=2, decoder_self_attention_heads_2=4, decoder_self_attention_heads_3=2, decoder_self_attention_heads_4=2, decoder_ende_attention_heads_0=2, decoder_ende_attention_heads_1=4, decoder_ende_attention_heads_2=4, decoder_ende_attention_heads_3=2, decoder_ende_attention_heads_4=2, decoder_arbitrary_ende_attn_0=2, decoder_arbitrary_ende_attn_1=1, decoder_arbitrary_ende_attn_2=1, decoder_arbitrary_ende_attn_3=-1, decoder_arbitrary_ende_attn_4=2, decoder_arbitrary_ende_attn_5=2
| epoch 001:    200 / 1101 loss=12.518, nll_loss=12.423, ppl=5493.29, wps=6334, ups=2, wpb=3547.338, bsz=131.657, num_updates=201, lr=1.0148e-05, gnorm=3.675, clip=0.000, oom=0.000, wall=115, train_wall=112, encoder_embed_dim=640, encoder_layer_num=6, encoder_ffn_embed_dim_0=512, encoder_ffn_embed_dim_1=2048, encoder_ffn_embed_dim_2=512, encoder_ffn_embed_dim_3=512, encoder_ffn_embed_dim_4=1024, encoder_ffn_embed_dim_5=1024, encoder_self_attention_heads_0=2, encoder_self_attention_heads_1=2, encoder_self_attention_heads_2=4, encoder_self_attention_heads_3=4, encoder_self_attention_heads_4=2, encoder_self_attention_heads_5=2, decoder_embed_dim=640, decoder_layer_num=5, decoder_ffn_embed_dim_0=2048, decoder_ffn_embed_dim_1=1024, decoder_ffn_embed_dim_2=512, decoder_ffn_embed_dim_3=1024, decoder_ffn_embed_dim_4=1024, decoder_self_attention_heads_0=4, decoder_self_attention_heads_1=2, decoder_self_attention_heads_2=4, decoder_self_attention_heads_3=4, decoder_self_attention_heads_4=4, decoder_ende_attention_heads_0=4, decoder_ende_attention_heads_1=2, decoder_ende_attention_heads_2=2, decoder_ende_attention_heads_3=2, decoder_ende_attention_heads_4=4, decoder_arbitrary_ende_attn_0=-1, decoder_arbitrary_ende_attn_1=1, decoder_arbitrary_ende_attn_2=1, decoder_arbitrary_ende_attn_3=-1, decoder_arbitrary_ende_attn_4=-1, decoder_arbitrary_ende_attn_5=1
| epoch 001:    300 / 1101 loss=12.092, nll_loss=11.947, ppl=3947.43, wps=6409, ups=2, wpb=3564.000, bsz=132.435, num_updates=301, lr=1.5147e-05, gnorm=3.197, clip=0.000, oom=0.000, wall=170, train_wall=165, encoder_embed_dim=512, encoder_layer_num=6, encoder_ffn_embed_dim_0=1024, encoder_ffn_embed_dim_1=512, encoder_ffn_embed_dim_2=2048, encoder_ffn_embed_dim_3=1024, encoder_ffn_embed_dim_4=1024, encoder_ffn_embed_dim_5=512, encoder_self_attention_heads_0=2, encoder_self_attention_heads_1=4, encoder_self_attention_heads_2=4, encoder_self_attention_heads_3=2, encoder_self_attention_heads_4=4, encoder_self_attention_heads_5=4, decoder_embed_dim=512, decoder_layer_num=3, decoder_ffn_embed_dim_0=2048, decoder_ffn_embed_dim_1=1024, decoder_ffn_embed_dim_2=512, decoder_self_attention_heads_0=4, decoder_self_attention_heads_1=2, decoder_self_attention_heads_2=2, decoder_ende_attention_heads_0=4, decoder_ende_attention_heads_1=4, decoder_ende_attention_heads_2=2, decoder_arbitrary_ende_attn_0=-1, decoder_arbitrary_ende_attn_1=-1, decoder_arbitrary_ende_attn_2=-1, decoder_arbitrary_ende_attn_3=2, decoder_arbitrary_ende_attn_4=-1, decoder_arbitrary_ende_attn_5=1
| epoch 001:    400 / 1101 loss=11.693, nll_loss=11.497, ppl=2889.77, wps=6474, ups=2, wpb=3589.529, bsz=138.910, num_updates=401, lr=2.0146e-05, gnorm=2.877, clip=0.000, oom=0.000, wall=225, train_wall=219, encoder_embed_dim=512, encoder_layer_num=6, encoder_ffn_embed_dim_0=1024, encoder_ffn_embed_dim_1=1024, encoder_ffn_embed_dim_2=512, encoder_ffn_embed_dim_3=1024, encoder_ffn_embed_dim_4=2048, encoder_ffn_embed_dim_5=2048, encoder_self_attention_heads_0=2, encoder_self_attention_heads_1=2, encoder_self_attention_heads_2=2, encoder_self_attention_heads_3=2, encoder_self_attention_heads_4=2, encoder_self_attention_heads_5=4, decoder_embed_dim=512, decoder_layer_num=2, decoder_ffn_embed_dim_0=2048, decoder_ffn_embed_dim_1=1024, decoder_self_attention_heads_0=4, decoder_self_attention_heads_1=4, decoder_ende_attention_heads_0=2, decoder_ende_attention_heads_1=2, decoder_arbitrary_ende_attn_0=-1, decoder_arbitrary_ende_attn_1=-1, decoder_arbitrary_ende_attn_2=-1, decoder_arbitrary_ende_attn_3=-1, decoder_arbitrary_ende_attn_4=1, decoder_arbitrary_ende_attn_5=-1
| epoch 001:    500 / 1101 loss=11.371, nll_loss=11.131, ppl=2242.98, wps=6528, ups=2, wpb=3596.004, bsz=141.810, num_updates=501, lr=2.5145e-05, gnorm=2.595, clip=0.000, oom=0.000, wall=279, train_wall=272, encoder_embed_dim=512, encoder_layer_num=6, encoder_ffn_embed_dim_0=512, encoder_ffn_embed_dim_1=2048, encoder_ffn_embed_dim_2=1024, encoder_ffn_embed_dim_3=2048, encoder_ffn_embed_dim_4=1024, encoder_ffn_embed_dim_5=1024, encoder_self_attention_heads_0=2, encoder_self_attention_heads_1=4, encoder_self_attention_heads_2=4, encoder_self_attention_heads_3=4, encoder_self_attention_heads_4=4, encoder_self_attention_heads_5=2, decoder_embed_dim=512, decoder_layer_num=1, decoder_ffn_embed_dim_0=2048, decoder_self_attention_heads_0=4, decoder_ende_attention_heads_0=2, decoder_arbitrary_ende_attn_0=1, decoder_arbitrary_ende_attn_1=2, decoder_arbitrary_ende_attn_2=1, decoder_arbitrary_ende_attn_3=1, decoder_arbitrary_ende_attn_4=-1, decoder_arbitrary_ende_attn_5=1
| epoch 001:    600 / 1101 loss=11.118, nll_loss=10.837, ppl=1829.52, wps=6515, ups=2, wpb=3595.740, bsz=144.078, num_updates=601, lr=3.0144e-05, gnorm=2.443, clip=0.000, oom=0.000, wall=334, train_wall=326, encoder_embed_dim=512, encoder_layer_num=6, encoder_ffn_embed_dim_0=512, encoder_ffn_embed_dim_1=1024, encoder_ffn_embed_dim_2=1024, encoder_ffn_embed_dim_3=2048, encoder_ffn_embed_dim_4=512, encoder_ffn_embed_dim_5=512, encoder_self_attention_heads_0=4, encoder_self_attention_heads_1=2, encoder_self_attention_heads_2=2, encoder_self_attention_heads_3=4, encoder_self_attention_heads_4=4, encoder_self_attention_heads_5=2, decoder_embed_dim=512, decoder_layer_num=5, decoder_ffn_embed_dim_0=512, decoder_ffn_embed_dim_1=2048, decoder_ffn_embed_dim_2=2048, decoder_ffn_embed_dim_3=2048, decoder_ffn_embed_dim_4=1024, decoder_self_attention_heads_0=2, decoder_self_attention_heads_1=4, decoder_self_attention_heads_2=4, decoder_self_attention_heads_3=2, decoder_self_attention_heads_4=4, decoder_ende_attention_heads_0=2, decoder_ende_attention_heads_1=4, decoder_ende_attention_heads_2=4, decoder_ende_attention_heads_3=4, decoder_ende_attention_heads_4=2, decoder_arbitrary_ende_attn_0=2, decoder_arbitrary_ende_attn_1=2, decoder_arbitrary_ende_attn_2=1, decoder_arbitrary_ende_attn_3=2, decoder_arbitrary_ende_attn_4=2, decoder_arbitrary_ende_attn_5=1
| epoch 001:    700 / 1101 loss=10.914, nll_loss=10.600, ppl=1552.04, wps=6539, ups=2, wpb=3594.478, bsz=146.806, num_updates=701, lr=3.5143e-05, gnorm=2.338, clip=0.000, oom=0.000, wall=388, train_wall=379, encoder_embed_dim=640, encoder_layer_num=6, encoder_ffn_embed_dim_0=2048, encoder_ffn_embed_dim_1=2048, encoder_ffn_embed_dim_2=512, encoder_ffn_embed_dim_3=2048, encoder_ffn_embed_dim_4=512, encoder_ffn_embed_dim_5=2048, encoder_self_attention_heads_0=2, encoder_self_attention_heads_1=4, encoder_self_attention_heads_2=4, encoder_self_attention_heads_3=2, encoder_self_attention_heads_4=2, encoder_self_attention_heads_5=2, decoder_embed_dim=640, decoder_layer_num=1, decoder_ffn_embed_dim_0=1024, decoder_self_attention_heads_0=2, decoder_ende_attention_heads_0=2, decoder_arbitrary_ende_attn_0=-1, decoder_arbitrary_ende_attn_1=-1, decoder_arbitrary_ende_attn_2=2, decoder_arbitrary_ende_attn_3=-1, decoder_arbitrary_ende_attn_4=-1, decoder_arbitrary_ende_attn_5=1
| epoch 001:    800 / 1101 loss=10.762, nll_loss=10.423, ppl=1372.52, wps=6538, ups=2, wpb=3592.700, bsz=145.537, num_updates=801, lr=4.0142e-05, gnorm=2.254, clip=0.000, oom=0.000, wall=443, train_wall=433, encoder_embed_dim=512, encoder_layer_num=6, encoder_ffn_embed_dim_0=512, encoder_ffn_embed_dim_1=512, encoder_ffn_embed_dim_2=1024, encoder_ffn_embed_dim_3=512, encoder_ffn_embed_dim_4=2048, encoder_ffn_embed_dim_5=512, encoder_self_attention_heads_0=2, encoder_self_attention_heads_1=4, encoder_self_attention_heads_2=4, encoder_self_attention_heads_3=4, encoder_self_attention_heads_4=4, encoder_self_attention_heads_5=2, decoder_embed_dim=640, decoder_layer_num=3, decoder_ffn_embed_dim_0=1024, decoder_ffn_embed_dim_1=1024, decoder_ffn_embed_dim_2=2048, decoder_self_attention_heads_0=4, decoder_self_attention_heads_1=2, decoder_self_attention_heads_2=4, decoder_ende_attention_heads_0=2, decoder_ende_attention_heads_1=2, decoder_ende_attention_heads_2=4, decoder_arbitrary_ende_attn_0=1, decoder_arbitrary_ende_attn_1=2, decoder_arbitrary_ende_attn_2=-1, decoder_arbitrary_ende_attn_3=2, decoder_arbitrary_ende_attn_4=-1, decoder_arbitrary_ende_attn_5=2
| epoch 001:    900 / 1101 loss=10.631, nll_loss=10.270, ppl=1234.43, wps=6578, ups=2, wpb=3589.293, bsz=145.038, num_updates=901, lr=4.5141e-05, gnorm=2.187, clip=0.000, oom=0.000, wall=494, train_wall=483, encoder_embed_dim=640, encoder_layer_num=6, encoder_ffn_embed_dim_0=2048, encoder_ffn_embed_dim_1=512, encoder_ffn_embed_dim_2=2048, encoder_ffn_embed_dim_3=1024, encoder_ffn_embed_dim_4=512, encoder_ffn_embed_dim_5=512, encoder_self_attention_heads_0=4, encoder_self_attention_heads_1=2, encoder_self_attention_heads_2=4, encoder_self_attention_heads_3=4, encoder_self_attention_heads_4=2, encoder_self_attention_heads_5=2, decoder_embed_dim=512, decoder_layer_num=1, decoder_ffn_embed_dim_0=1024, decoder_self_attention_heads_0=4, decoder_ende_attention_heads_0=4, decoder_arbitrary_ende_attn_0=1, decoder_arbitrary_ende_attn_1=2, decoder_arbitrary_ende_attn_2=1, decoder_arbitrary_ende_attn_3=2, decoder_arbitrary_ende_attn_4=1, decoder_arbitrary_ende_attn_5=-1
| epoch 001:   1000 / 1101 loss=10.515, nll_loss=10.134, ppl=1123.94, wps=6559, ups=2, wpb=3589.424, bsz=145.941, num_updates=1001, lr=5.014e-05, gnorm=2.146, clip=0.000, oom=0.000, wall=551, train_wall=538, encoder_embed_dim=512, encoder_layer_num=6, encoder_ffn_embed_dim_0=2048, encoder_ffn_embed_dim_1=2048, encoder_ffn_embed_dim_2=2048, encoder_ffn_embed_dim_3=512, encoder_ffn_embed_dim_4=1024, encoder_ffn_embed_dim_5=2048, encoder_self_attention_heads_0=2, encoder_self_attention_heads_1=2, encoder_self_attention_heads_2=4, encoder_self_attention_heads_3=4, encoder_self_attention_heads_4=2, encoder_self_attention_heads_5=2, decoder_embed_dim=640, decoder_layer_num=4, decoder_ffn_embed_dim_0=2048, decoder_ffn_embed_dim_1=2048, decoder_ffn_embed_dim_2=1024, decoder_ffn_embed_dim_3=2048, decoder_self_attention_heads_0=2, decoder_self_attention_heads_1=2, decoder_self_attention_heads_2=2, decoder_self_attention_heads_3=2, decoder_ende_attention_heads_0=4, decoder_ende_attention_heads_1=4, decoder_ende_attention_heads_2=4, decoder_ende_attention_heads_3=4, decoder_arbitrary_ende_attn_0=2, decoder_arbitrary_ende_attn_1=-1, decoder_arbitrary_ende_attn_2=2, decoder_arbitrary_ende_attn_3=2, decoder_arbitrary_ende_attn_4=-1, decoder_arbitrary_ende_attn_5=1
| epoch 001:   1100 / 1101 loss=10.416, nll_loss=10.018, ppl=1036.87, wps=6551, ups=2, wpb=3586.843, bsz=145.540, num_updates=1101, lr=5.5139e-05, gnorm=2.128, clip=0.000, oom=0.000, wall=606, train_wall=592, encoder_embed_dim=640, encoder_layer_num=6, encoder_ffn_embed_dim_0=1024, encoder_ffn_embed_dim_1=512, encoder_ffn_embed_dim_2=2048, encoder_ffn_embed_dim_3=512, encoder_ffn_embed_dim_4=2048, encoder_ffn_embed_dim_5=512, encoder_self_attention_heads_0=4, encoder_self_attention_heads_1=4, encoder_self_attention_heads_2=4, encoder_self_attention_heads_3=2, encoder_self_attention_heads_4=2, encoder_self_attention_heads_5=4, decoder_embed_dim=640, decoder_layer_num=6, decoder_ffn_embed_dim_0=512, decoder_ffn_embed_dim_1=1024, decoder_ffn_embed_dim_2=1024, decoder_ffn_embed_dim_3=2048, decoder_ffn_embed_dim_4=512, decoder_ffn_embed_dim_5=2048, decoder_self_attention_heads_0=4, decoder_self_attention_heads_1=2, decoder_self_attention_heads_2=4, decoder_self_attention_heads_3=4, decoder_self_attention_heads_4=2, decoder_self_attention_heads_5=4, decoder_ende_attention_heads_0=2, decoder_ende_attention_heads_1=2, decoder_ende_attention_heads_2=2, decoder_ende_attention_heads_3=2, decoder_ende_attention_heads_4=2, decoder_ende_attention_heads_5=4, decoder_arbitrary_ende_attn_0=1, decoder_arbitrary_ende_attn_1=1, decoder_arbitrary_ende_attn_2=-1, decoder_arbitrary_ende_attn_3=-1, decoder_arbitrary_ende_attn_4=-1, decoder_arbitrary_ende_attn_5=1
| epoch 001 | loss 10.416 | nll_loss 10.018 | ppl 1036.87 | wps 6550 | ups 2 | wpb 3586.843 | bsz 145.540 | num_updates 1101 | lr 5.5139e-05 | gnorm 2.128 | clip 0.000 | oom 0.000 | wall 606 | train_wall 592
/home/u4290247/HAT/hardware-aware-transformers/fairseq/optim/adam.py:142: UserWarning: This overload of add_ is deprecated:
	add_(Number alpha, Tensor other)
Consider using one of the following signatures instead:
	add_(Tensor other, *, Number alpha) (Triggered internally at  /opt/conda/conda-bld/pytorch_1607370128159/work/torch/csrc/utils/python_arg_parser.cpp:882.)
  exp_avg.mul_(beta1).add_(1 - beta1, grad)
| epoch 001 | validate on 'valid' subset | loss 9.441 | nll_loss 8.780 | ppl 439.71 | num_updates 1101 | largest_arbitrary1_loss 9.441 | largest_arbitrary1_nll_loss 8.780
| epoch 001 | validate on 'valid' subset | loss 9.159 | nll_loss 8.571 | ppl 380.39 | num_updates 1101 | smallest_arbitrary1_loss 9.159 | smallest_arbitrary1_nll_loss 8.571
| saved checkpoint ../checkpoints/iwslt14_super_full50000_fromscratch/checkpoint1.pt (epoch 1 @ 1101 updates) (writing took 4.106194972991943 seconds)
| epoch 002:    100 / 1101 loss=9.244, nll_loss=8.657, ppl=403.74, wps=6454, ups=1, wpb=3570.465, bsz=162.129, num_updates=1202, lr=6.0188e-05, gnorm=2.051, clip=0.000, oom=0.000, wall=690, train_wall=646, encoder_embed_dim=640, encoder_layer_num=6, encoder_ffn_embed_dim_0=1024, encoder_ffn_embed_dim_1=2048, encoder_ffn_embed_dim_2=2048, encoder_ffn_embed_dim_3=1024, encoder_ffn_embed_dim_4=2048, encoder_ffn_embed_dim_5=1024, encoder_self_attention_heads_0=2, encoder_self_attention_heads_1=2, encoder_self_attention_heads_2=4, encoder_self_attention_heads_3=2, encoder_self_attention_heads_4=2, encoder_self_attention_heads_5=4, decoder_embed_dim=640, decoder_layer_num=5, decoder_ffn_embed_dim_0=512, decoder_ffn_embed_dim_1=512, decoder_ffn_embed_dim_2=1024, decoder_ffn_embed_dim_3=1024, decoder_ffn_embed_dim_4=2048, decoder_self_attention_heads_0=2, decoder_self_attention_heads_1=2, decoder_self_attention_heads_2=2, decoder_self_attention_heads_3=2, decoder_self_attention_heads_4=4, decoder_ende_attention_heads_0=4, decoder_ende_attention_heads_1=2, decoder_ende_attention_heads_2=4, decoder_ende_attention_heads_3=4, decoder_ende_attention_heads_4=2, decoder_arbitrary_ende_attn_0=-1, decoder_arbitrary_ende_attn_1=-1, decoder_arbitrary_ende_attn_2=1, decoder_arbitrary_ende_attn_3=2, decoder_arbitrary_ende_attn_4=1, decoder_arbitrary_ende_attn_5=2
| epoch 002:    200 / 1101 loss=9.218, nll_loss=8.626, ppl=395.14, wps=6450, ups=1, wpb=3598.468, bsz=154.502, num_updates=1302, lr=6.5187e-05, gnorm=2.032, clip=0.000, oom=0.000, wall=746, train_wall=701, encoder_embed_dim=512, encoder_layer_num=6, encoder_ffn_embed_dim_0=2048, encoder_ffn_embed_dim_1=1024, encoder_ffn_embed_dim_2=2048, encoder_ffn_embed_dim_3=1024, encoder_ffn_embed_dim_4=512, encoder_ffn_embed_dim_5=1024, encoder_self_attention_heads_0=4, encoder_self_attention_heads_1=2, encoder_self_attention_heads_2=2, encoder_self_attention_heads_3=4, encoder_self_attention_heads_4=4, encoder_self_attention_heads_5=2, decoder_embed_dim=512, decoder_layer_num=1, decoder_ffn_embed_dim_0=1024, decoder_self_attention_heads_0=2, decoder_ende_attention_heads_0=4, decoder_arbitrary_ende_attn_0=2, decoder_arbitrary_ende_attn_1=-1, decoder_arbitrary_ende_attn_2=1, decoder_arbitrary_ende_attn_3=2, decoder_arbitrary_ende_attn_4=2, decoder_arbitrary_ende_attn_5=1
| epoch 002:    300 / 1101 loss=9.161, nll_loss=8.561, ppl=377.63, wps=6431, ups=2, wpb=3573.811, bsz=156.542, num_updates=1402, lr=7.0186e-05, gnorm=2.064, clip=0.000, oom=0.000, wall=801, train_wall=755, encoder_embed_dim=512, encoder_layer_num=6, encoder_ffn_embed_dim_0=1024, encoder_ffn_embed_dim_1=1024, encoder_ffn_embed_dim_2=1024, encoder_ffn_embed_dim_3=1024, encoder_ffn_embed_dim_4=1024, encoder_ffn_embed_dim_5=1024, encoder_self_attention_heads_0=4, encoder_self_attention_heads_1=2, encoder_self_attention_heads_2=2, encoder_self_attention_heads_3=4, encoder_self_attention_heads_4=4, encoder_self_attention_heads_5=2, decoder_embed_dim=640, decoder_layer_num=3, decoder_ffn_embed_dim_0=1024, decoder_ffn_embed_dim_1=1024, decoder_ffn_embed_dim_2=512, decoder_self_attention_heads_0=4, decoder_self_attention_heads_1=2, decoder_self_attention_heads_2=4, decoder_ende_attention_heads_0=2, decoder_ende_attention_heads_1=4, decoder_ende_attention_heads_2=2, decoder_arbitrary_ende_attn_0=1, decoder_arbitrary_ende_attn_1=2, decoder_arbitrary_ende_attn_2=1, decoder_arbitrary_ende_attn_3=2, decoder_arbitrary_ende_attn_4=1, decoder_arbitrary_ende_attn_5=2
| epoch 002:    400 / 1101 loss=9.129, nll_loss=8.523, ppl=367.94, wps=6463, ups=2, wpb=3570.269, bsz=149.165, num_updates=1502, lr=7.5185e-05, gnorm=1.981, clip=0.000, oom=0.000, wall=855, train_wall=808, encoder_embed_dim=640, encoder_layer_num=6, encoder_ffn_embed_dim_0=512, encoder_ffn_embed_dim_1=1024, encoder_ffn_embed_dim_2=2048, encoder_ffn_embed_dim_3=1024, encoder_ffn_embed_dim_4=1024, encoder_ffn_embed_dim_5=1024, encoder_self_attention_heads_0=2, encoder_self_attention_heads_1=2, encoder_self_attention_heads_2=4, encoder_self_attention_heads_3=2, encoder_self_attention_heads_4=4, encoder_self_attention_heads_5=4, decoder_embed_dim=512, decoder_layer_num=6, decoder_ffn_embed_dim_0=2048, decoder_ffn_embed_dim_1=2048, decoder_ffn_embed_dim_2=2048, decoder_ffn_embed_dim_3=2048, decoder_ffn_embed_dim_4=2048, decoder_ffn_embed_dim_5=1024, decoder_self_attention_heads_0=2, decoder_self_attention_heads_1=4, decoder_self_attention_heads_2=4, decoder_self_attention_heads_3=2, decoder_self_attention_heads_4=4, decoder_self_attention_heads_5=4, decoder_ende_attention_heads_0=2, decoder_ende_attention_heads_1=2, decoder_ende_attention_heads_2=4, decoder_ende_attention_heads_3=2, decoder_ende_attention_heads_4=4, decoder_ende_attention_heads_5=4, decoder_arbitrary_ende_attn_0=-1, decoder_arbitrary_ende_attn_1=2, decoder_arbitrary_ende_attn_2=1, decoder_arbitrary_ende_attn_3=2, decoder_arbitrary_ende_attn_4=-1, decoder_arbitrary_ende_attn_5=1
| epoch 002:    500 / 1101 loss=9.076, nll_loss=8.461, ppl=352.44, wps=6555, ups=2, wpb=3584.802, bsz=148.533, num_updates=1602, lr=8.0184e-05, gnorm=1.931, clip=0.000, oom=0.000, wall=908, train_wall=860, encoder_embed_dim=512, encoder_layer_num=6, encoder_ffn_embed_dim_0=512, encoder_ffn_embed_dim_1=2048, encoder_ffn_embed_dim_2=1024, encoder_ffn_embed_dim_3=2048, encoder_ffn_embed_dim_4=512, encoder_ffn_embed_dim_5=2048, encoder_self_attention_heads_0=4, encoder_self_attention_heads_1=2, encoder_self_attention_heads_2=2, encoder_self_attention_heads_3=2, encoder_self_attention_heads_4=2, encoder_self_attention_heads_5=2, decoder_embed_dim=512, decoder_layer_num=1, decoder_ffn_embed_dim_0=1024, decoder_self_attention_heads_0=2, decoder_ende_attention_heads_0=4, decoder_arbitrary_ende_attn_0=1, decoder_arbitrary_ende_attn_1=2, decoder_arbitrary_ende_attn_2=2, decoder_arbitrary_ende_attn_3=1, decoder_arbitrary_ende_attn_4=1, decoder_arbitrary_ende_attn_5=1
| epoch 002:    600 / 1101 loss=9.027, nll_loss=8.405, ppl=338.95, wps=6563, ups=2, wpb=3576.363, bsz=147.899, num_updates=1702, lr=8.5183e-05, gnorm=1.895, clip=0.000, oom=0.000, wall=961, train_wall=912, encoder_embed_dim=512, encoder_layer_num=6, encoder_ffn_embed_dim_0=512, encoder_ffn_embed_dim_1=2048, encoder_ffn_embed_dim_2=2048, encoder_ffn_embed_dim_3=512, encoder_ffn_embed_dim_4=1024, encoder_ffn_embed_dim_5=2048, encoder_self_attention_heads_0=4, encoder_self_attention_heads_1=4, encoder_self_attention_heads_2=4, encoder_self_attention_heads_3=4, encoder_self_attention_heads_4=2, encoder_self_attention_heads_5=4, decoder_embed_dim=512, decoder_layer_num=3, decoder_ffn_embed_dim_0=512, decoder_ffn_embed_dim_1=512, decoder_ffn_embed_dim_2=512, decoder_self_attention_heads_0=4, decoder_self_attention_heads_1=4, decoder_self_attention_heads_2=4, decoder_ende_attention_heads_0=4, decoder_ende_attention_heads_1=4, decoder_ende_attention_heads_2=4, decoder_arbitrary_ende_attn_0=1, decoder_arbitrary_ende_attn_1=2, decoder_arbitrary_ende_attn_2=2, decoder_arbitrary_ende_attn_3=-1, decoder_arbitrary_ende_attn_4=2, decoder_arbitrary_ende_attn_5=-1
| epoch 002:    700 / 1101 loss=8.976, nll_loss=8.345, ppl=325.15, wps=6572, ups=2, wpb=3579.505, bsz=148.267, num_updates=1802, lr=9.0182e-05, gnorm=1.886, clip=0.000, oom=0.000, wall=1016, train_wall=965, encoder_embed_dim=640, encoder_layer_num=6, encoder_ffn_embed_dim_0=1024, encoder_ffn_embed_dim_1=512, encoder_ffn_embed_dim_2=2048, encoder_ffn_embed_dim_3=512, encoder_ffn_embed_dim_4=2048, encoder_ffn_embed_dim_5=2048, encoder_self_attention_heads_0=4, encoder_self_attention_heads_1=2, encoder_self_attention_heads_2=2, encoder_self_attention_heads_3=4, encoder_self_attention_heads_4=4, encoder_self_attention_heads_5=2, decoder_embed_dim=512, decoder_layer_num=4, decoder_ffn_embed_dim_0=1024, decoder_ffn_embed_dim_1=512, decoder_ffn_embed_dim_2=1024, decoder_ffn_embed_dim_3=512, decoder_self_attention_heads_0=2, decoder_self_attention_heads_1=4, decoder_self_attention_heads_2=4, decoder_self_attention_heads_3=4, decoder_ende_attention_heads_0=4, decoder_ende_attention_heads_1=4, decoder_ende_attention_heads_2=2, decoder_ende_attention_heads_3=4, decoder_arbitrary_ende_attn_0=-1, decoder_arbitrary_ende_attn_1=-1, decoder_arbitrary_ende_attn_2=-1, decoder_arbitrary_ende_attn_3=-1, decoder_arbitrary_ende_attn_4=2, decoder_arbitrary_ende_attn_5=1
| epoch 002:    800 / 1101 loss=8.930, nll_loss=8.292, ppl=313.38, wps=6606, ups=2, wpb=3584.471, bsz=147.794, num_updates=1902, lr=9.5181e-05, gnorm=1.863, clip=0.000, oom=0.000, wall=1068, train_wall=1017, encoder_embed_dim=640, encoder_layer_num=6, encoder_ffn_embed_dim_0=512, encoder_ffn_embed_dim_1=512, encoder_ffn_embed_dim_2=1024, encoder_ffn_embed_dim_3=1024, encoder_ffn_embed_dim_4=2048, encoder_ffn_embed_dim_5=512, encoder_self_attention_heads_0=2, encoder_self_attention_heads_1=4, encoder_self_attention_heads_2=4, encoder_self_attention_heads_3=2, encoder_self_attention_heads_4=4, encoder_self_attention_heads_5=2, decoder_embed_dim=512, decoder_layer_num=1, decoder_ffn_embed_dim_0=2048, decoder_self_attention_heads_0=4, decoder_ende_attention_heads_0=4, decoder_arbitrary_ende_attn_0=1, decoder_arbitrary_ende_attn_1=-1, decoder_arbitrary_ende_attn_2=2, decoder_arbitrary_ende_attn_3=2, decoder_arbitrary_ende_attn_4=2, decoder_arbitrary_ende_attn_5=2
| epoch 002:    900 / 1101 loss=8.886, nll_loss=8.240, ppl=302.32, wps=6638, ups=2, wpb=3586.017, bsz=146.707, num_updates=2002, lr=0.00010018, gnorm=1.817, clip=0.000, oom=0.000, wall=1120, train_wall=1068, encoder_embed_dim=640, encoder_layer_num=6, encoder_ffn_embed_dim_0=512, encoder_ffn_embed_dim_1=512, encoder_ffn_embed_dim_2=512, encoder_ffn_embed_dim_3=1024, encoder_ffn_embed_dim_4=2048, encoder_ffn_embed_dim_5=512, encoder_self_attention_heads_0=4, encoder_self_attention_heads_1=4, encoder_self_attention_heads_2=4, encoder_self_attention_heads_3=2, encoder_self_attention_heads_4=4, encoder_self_attention_heads_5=2, decoder_embed_dim=512, decoder_layer_num=6, decoder_ffn_embed_dim_0=2048, decoder_ffn_embed_dim_1=1024, decoder_ffn_embed_dim_2=1024, decoder_ffn_embed_dim_3=2048, decoder_ffn_embed_dim_4=1024, decoder_ffn_embed_dim_5=1024, decoder_self_attention_heads_0=2, decoder_self_attention_heads_1=2, decoder_self_attention_heads_2=2, decoder_self_attention_heads_3=2, decoder_self_attention_heads_4=4, decoder_self_attention_heads_5=4, decoder_ende_attention_heads_0=4, decoder_ende_attention_heads_1=2, decoder_ende_attention_heads_2=2, decoder_ende_attention_heads_3=2, decoder_ende_attention_heads_4=2, decoder_ende_attention_heads_5=2, decoder_arbitrary_ende_attn_0=-1, decoder_arbitrary_ende_attn_1=-1, decoder_arbitrary_ende_attn_2=2, decoder_arbitrary_ende_attn_3=-1, decoder_arbitrary_ende_attn_4=1, decoder_arbitrary_ende_attn_5=-1
| epoch 002:   1000 / 1101 loss=8.844, nll_loss=8.191, ppl=292.33, wps=6614, ups=2, wpb=3582.778, bsz=146.357, num_updates=2102, lr=0.000105179, gnorm=1.802, clip=0.000, oom=0.000, wall=1176, train_wall=1122, encoder_embed_dim=512, encoder_layer_num=6, encoder_ffn_embed_dim_0=512, encoder_ffn_embed_dim_1=512, encoder_ffn_embed_dim_2=512, encoder_ffn_embed_dim_3=512, encoder_ffn_embed_dim_4=512, encoder_ffn_embed_dim_5=2048, encoder_self_attention_heads_0=4, encoder_self_attention_heads_1=4, encoder_self_attention_heads_2=4, encoder_self_attention_heads_3=4, encoder_self_attention_heads_4=4, encoder_self_attention_heads_5=2, decoder_embed_dim=640, decoder_layer_num=4, decoder_ffn_embed_dim_0=2048, decoder_ffn_embed_dim_1=1024, decoder_ffn_embed_dim_2=512, decoder_ffn_embed_dim_3=512, decoder_self_attention_heads_0=4, decoder_self_attention_heads_1=4, decoder_self_attention_heads_2=2, decoder_self_attention_heads_3=2, decoder_ende_attention_heads_0=4, decoder_ende_attention_heads_1=2, decoder_ende_attention_heads_2=4, decoder_ende_attention_heads_3=2, decoder_arbitrary_ende_attn_0=2, decoder_arbitrary_ende_attn_1=2, decoder_arbitrary_ende_attn_2=1, decoder_arbitrary_ende_attn_3=1, decoder_arbitrary_ende_attn_4=2, decoder_arbitrary_ende_attn_5=-1
| epoch 002:   1100 / 1101 loss=8.804, nll_loss=8.145, ppl=283.00, wps=6641, ups=2, wpb=3586.843, bsz=145.540, num_updates=2202, lr=0.000110178, gnorm=1.773, clip=0.000, oom=0.000, wall=1228, train_wall=1174, encoder_embed_dim=640, encoder_layer_num=6, encoder_ffn_embed_dim_0=1024, encoder_ffn_embed_dim_1=2048, encoder_ffn_embed_dim_2=1024, encoder_ffn_embed_dim_3=512, encoder_ffn_embed_dim_4=1024, encoder_ffn_embed_dim_5=2048, encoder_self_attention_heads_0=4, encoder_self_attention_heads_1=2, encoder_self_attention_heads_2=2, encoder_self_attention_heads_3=2, encoder_self_attention_heads_4=2, encoder_self_attention_heads_5=4, decoder_embed_dim=512, decoder_layer_num=5, decoder_ffn_embed_dim_0=1024, decoder_ffn_embed_dim_1=512, decoder_ffn_embed_dim_2=1024, decoder_ffn_embed_dim_3=2048, decoder_ffn_embed_dim_4=1024, decoder_self_attention_heads_0=2, decoder_self_attention_heads_1=4, decoder_self_attention_heads_2=2, decoder_self_attention_heads_3=4, decoder_self_attention_heads_4=2, decoder_ende_attention_heads_0=4, decoder_ende_attention_heads_1=2, decoder_ende_attention_heads_2=4, decoder_ende_attention_heads_3=2, decoder_ende_attention_heads_4=4, decoder_arbitrary_ende_attn_0=1, decoder_arbitrary_ende_attn_1=1, decoder_arbitrary_ende_attn_2=2, decoder_arbitrary_ende_attn_3=2, decoder_arbitrary_ende_attn_4=1, decoder_arbitrary_ende_attn_5=1
| epoch 002 | loss 8.804 | nll_loss 8.145 | ppl 283.00 | wps 6639 | ups 2 | wpb 3586.843 | bsz 145.540 | num_updates 2202 | lr 0.000110178 | gnorm 1.773 | clip 0.000 | oom 0.000 | wall 1229 | train_wall 1174
| epoch 002 | validate on 'valid' subset | loss 8.409 | nll_loss 7.570 | ppl 189.96 | num_updates 2202 | best_loss 8.40932 | largest_arbitrary1_loss 8.409 | largest_arbitrary1_nll_loss 7.570
| epoch 002 | validate on 'valid' subset | loss 8.138 | nll_loss 7.364 | ppl 164.71 | num_updates 2202 | best_loss 8.13836 | smallest_arbitrary1_loss 8.138 | smallest_arbitrary1_nll_loss 7.364
| saved checkpoint ../checkpoints/iwslt14_super_full50000_fromscratch/checkpoint2.pt (epoch 2 @ 2202 updates) (writing took 4.860971450805664 seconds)
| epoch 003:    100 / 1101 loss=8.325, nll_loss=7.590, ppl=192.69, wps=6395, ups=1, wpb=3595.931, bsz=143.525, num_updates=2303, lr=0.000115227, gnorm=1.498, clip=0.000, oom=0.000, wall=1314, train_wall=1229, encoder_embed_dim=640, encoder_layer_num=6, encoder_ffn_embed_dim_0=512, encoder_ffn_embed_dim_1=2048, encoder_ffn_embed_dim_2=1024, encoder_ffn_embed_dim_3=2048, encoder_ffn_embed_dim_4=512, encoder_ffn_embed_dim_5=2048, encoder_self_attention_heads_0=2, encoder_self_attention_heads_1=4, encoder_self_attention_heads_2=2, encoder_self_attention_heads_3=4, encoder_self_attention_heads_4=2, encoder_self_attention_heads_5=2, decoder_embed_dim=640, decoder_layer_num=4, decoder_ffn_embed_dim_0=2048, decoder_ffn_embed_dim_1=1024, decoder_ffn_embed_dim_2=2048, decoder_ffn_embed_dim_3=2048, decoder_self_attention_heads_0=2, decoder_self_attention_heads_1=2, decoder_self_attention_heads_2=2, decoder_self_attention_heads_3=2, decoder_ende_attention_heads_0=2, decoder_ende_attention_heads_1=4, decoder_ende_attention_heads_2=2, decoder_ende_attention_heads_3=2, decoder_arbitrary_ende_attn_0=2, decoder_arbitrary_ende_attn_1=2, decoder_arbitrary_ende_attn_2=-1, decoder_arbitrary_ende_attn_3=2, decoder_arbitrary_ende_attn_4=2, decoder_arbitrary_ende_attn_5=2
| epoch 003:    200 / 1101 loss=8.305, nll_loss=7.567, ppl=189.68, wps=6421, ups=1, wpb=3557.512, bsz=140.378, num_updates=2403, lr=0.000120226, gnorm=1.535, clip=0.000, oom=0.000, wall=1368, train_wall=1283, encoder_embed_dim=640, encoder_layer_num=6, encoder_ffn_embed_dim_0=1024, encoder_ffn_embed_dim_1=512, encoder_ffn_embed_dim_2=1024, encoder_ffn_embed_dim_3=1024, encoder_ffn_embed_dim_4=1024, encoder_ffn_embed_dim_5=2048, encoder_self_attention_heads_0=2, encoder_self_attention_heads_1=2, encoder_self_attention_heads_2=2, encoder_self_attention_heads_3=4, encoder_self_attention_heads_4=4, encoder_self_attention_heads_5=4, decoder_embed_dim=512, decoder_layer_num=4, decoder_ffn_embed_dim_0=2048, decoder_ffn_embed_dim_1=512, decoder_ffn_embed_dim_2=1024, decoder_ffn_embed_dim_3=2048, decoder_self_attention_heads_0=4, decoder_self_attention_heads_1=2, decoder_self_attention_heads_2=2, decoder_self_attention_heads_3=2, decoder_ende_attention_heads_0=2, decoder_ende_attention_heads_1=2, decoder_ende_attention_heads_2=2, decoder_ende_attention_heads_3=2, decoder_arbitrary_ende_attn_0=1, decoder_arbitrary_ende_attn_1=-1, decoder_arbitrary_ende_attn_2=2, decoder_arbitrary_ende_attn_3=1, decoder_arbitrary_ende_attn_4=1, decoder_arbitrary_ende_attn_5=-1
| epoch 003:    300 / 1101 loss=8.263, nll_loss=7.519, ppl=183.36, wps=6433, ups=2, wpb=3584.395, bsz=143.548, num_updates=2503, lr=0.000125225, gnorm=1.511, clip=0.000, oom=0.000, wall=1424, train_wall=1338, encoder_embed_dim=640, encoder_layer_num=6, encoder_ffn_embed_dim_0=512, encoder_ffn_embed_dim_1=1024, encoder_ffn_embed_dim_2=1024, encoder_ffn_embed_dim_3=1024, encoder_ffn_embed_dim_4=2048, encoder_ffn_embed_dim_5=2048, encoder_self_attention_heads_0=4, encoder_self_attention_heads_1=4, encoder_self_attention_heads_2=2, encoder_self_attention_heads_3=2, encoder_self_attention_heads_4=2, encoder_self_attention_heads_5=4, decoder_embed_dim=640, decoder_layer_num=4, decoder_ffn_embed_dim_0=512, decoder_ffn_embed_dim_1=1024, decoder_ffn_embed_dim_2=1024, decoder_ffn_embed_dim_3=1024, decoder_self_attention_heads_0=4, decoder_self_attention_heads_1=4, decoder_self_attention_heads_2=2, decoder_self_attention_heads_3=2, decoder_ende_attention_heads_0=2, decoder_ende_attention_heads_1=4, decoder_ende_attention_heads_2=2, decoder_ende_attention_heads_3=2, decoder_arbitrary_ende_attn_0=1, decoder_arbitrary_ende_attn_1=1, decoder_arbitrary_ende_attn_2=2, decoder_arbitrary_ende_attn_3=2, decoder_arbitrary_ende_attn_4=-1, decoder_arbitrary_ende_attn_5=-1
| epoch 003:    400 / 1101 loss=8.222, nll_loss=7.473, ppl=177.61, wps=6494, ups=2, wpb=3593.192, bsz=142.584, num_updates=2603, lr=0.000130224, gnorm=1.476, clip=0.000, oom=0.000, wall=1479, train_wall=1391, encoder_embed_dim=640, encoder_layer_num=6, encoder_ffn_embed_dim_0=2048, encoder_ffn_embed_dim_1=1024, encoder_ffn_embed_dim_2=1024, encoder_ffn_embed_dim_3=2048, encoder_ffn_embed_dim_4=512, encoder_ffn_embed_dim_5=1024, encoder_self_attention_heads_0=2, encoder_self_attention_heads_1=4, encoder_self_attention_heads_2=4, encoder_self_attention_heads_3=2, encoder_self_attention_heads_4=4, encoder_self_attention_heads_5=4, decoder_embed_dim=512, decoder_layer_num=3, decoder_ffn_embed_dim_0=2048, decoder_ffn_embed_dim_1=1024, decoder_ffn_embed_dim_2=1024, decoder_self_attention_heads_0=4, decoder_self_attention_heads_1=2, decoder_self_attention_heads_2=4, decoder_ende_attention_heads_0=4, decoder_ende_attention_heads_1=4, decoder_ende_attention_heads_2=2, decoder_arbitrary_ende_attn_0=2, decoder_arbitrary_ende_attn_1=2, decoder_arbitrary_ende_attn_2=2, decoder_arbitrary_ende_attn_3=2, decoder_arbitrary_ende_attn_4=2, decoder_arbitrary_ende_attn_5=2
| epoch 003:    500 / 1101 loss=8.195, nll_loss=7.441, ppl=173.80, wps=6529, ups=2, wpb=3586.842, bsz=141.062, num_updates=2703, lr=0.000135223, gnorm=1.467, clip=0.000, oom=0.000, wall=1532, train_wall=1443, encoder_embed_dim=640, encoder_layer_num=6, encoder_ffn_embed_dim_0=1024, encoder_ffn_embed_dim_1=1024, encoder_ffn_embed_dim_2=1024, encoder_ffn_embed_dim_3=1024, encoder_ffn_embed_dim_4=1024, encoder_ffn_embed_dim_5=2048, encoder_self_attention_heads_0=4, encoder_self_attention_heads_1=4, encoder_self_attention_heads_2=2, encoder_self_attention_heads_3=4, encoder_self_attention_heads_4=4, encoder_self_attention_heads_5=4, decoder_embed_dim=512, decoder_layer_num=4, decoder_ffn_embed_dim_0=1024, decoder_ffn_embed_dim_1=2048, decoder_ffn_embed_dim_2=1024, decoder_ffn_embed_dim_3=1024, decoder_self_attention_heads_0=4, decoder_self_attention_heads_1=4, decoder_self_attention_heads_2=2, decoder_self_attention_heads_3=4, decoder_ende_attention_heads_0=2, decoder_ende_attention_heads_1=4, decoder_ende_attention_heads_2=4, decoder_ende_attention_heads_3=4, decoder_arbitrary_ende_attn_0=-1, decoder_arbitrary_ende_attn_1=-1, decoder_arbitrary_ende_attn_2=1, decoder_arbitrary_ende_attn_3=2, decoder_arbitrary_ende_attn_4=-1, decoder_arbitrary_ende_attn_5=2
| epoch 003:    600 / 1101 loss=8.166, nll_loss=7.407, ppl=169.77, wps=6481, ups=2, wpb=3578.790, bsz=142.469, num_updates=2803, lr=0.000140222, gnorm=1.478, clip=0.000, oom=0.000, wall=1589, train_wall=1498, encoder_embed_dim=512, encoder_layer_num=6, encoder_ffn_embed_dim_0=1024, encoder_ffn_embed_dim_1=1024, encoder_ffn_embed_dim_2=1024, encoder_ffn_embed_dim_3=1024, encoder_ffn_embed_dim_4=512, encoder_ffn_embed_dim_5=1024, encoder_self_attention_heads_0=2, encoder_self_attention_heads_1=2, encoder_self_attention_heads_2=4, encoder_self_attention_heads_3=4, encoder_self_attention_heads_4=4, encoder_self_attention_heads_5=4, decoder_embed_dim=512, decoder_layer_num=6, decoder_ffn_embed_dim_0=1024, decoder_ffn_embed_dim_1=1024, decoder_ffn_embed_dim_2=2048, decoder_ffn_embed_dim_3=2048, decoder_ffn_embed_dim_4=2048, decoder_ffn_embed_dim_5=512, decoder_self_attention_heads_0=4, decoder_self_attention_heads_1=4, decoder_self_attention_heads_2=4, decoder_self_attention_heads_3=4, decoder_self_attention_heads_4=2, decoder_self_attention_heads_5=2, decoder_ende_attention_heads_0=4, decoder_ende_attention_heads_1=2, decoder_ende_attention_heads_2=4, decoder_ende_attention_heads_3=4, decoder_ende_attention_heads_4=4, decoder_ende_attention_heads_5=2, decoder_arbitrary_ende_attn_0=-1, decoder_arbitrary_ende_attn_1=-1, decoder_arbitrary_ende_attn_2=1, decoder_arbitrary_ende_attn_3=1, decoder_arbitrary_ende_attn_4=2, decoder_arbitrary_ende_attn_5=2
| epoch 003:    700 / 1101 loss=8.124, nll_loss=7.360, ppl=164.25, wps=6494, ups=2, wpb=3586.437, bsz=145.016, num_updates=2903, lr=0.000145221, gnorm=1.469, clip=0.000, oom=0.000, wall=1644, train_wall=1552, encoder_embed_dim=640, encoder_layer_num=6, encoder_ffn_embed_dim_0=1024, encoder_ffn_embed_dim_1=512, encoder_ffn_embed_dim_2=512, encoder_ffn_embed_dim_3=512, encoder_ffn_embed_dim_4=512, encoder_ffn_embed_dim_5=512, encoder_self_attention_heads_0=2, encoder_self_attention_heads_1=4, encoder_self_attention_heads_2=2, encoder_self_attention_heads_3=4, encoder_self_attention_heads_4=4, encoder_self_attention_heads_5=4, decoder_embed_dim=640, decoder_layer_num=1, decoder_ffn_embed_dim_0=1024, decoder_self_attention_heads_0=2, decoder_ende_attention_heads_0=2, decoder_arbitrary_ende_attn_0=2, decoder_arbitrary_ende_attn_1=-1, decoder_arbitrary_ende_attn_2=1, decoder_arbitrary_ende_attn_3=2, decoder_arbitrary_ende_attn_4=1, decoder_arbitrary_ende_attn_5=2
| epoch 003:    800 / 1101 loss=8.091, nll_loss=7.322, ppl=159.98, wps=6502, ups=2, wpb=3586.820, bsz=146.237, num_updates=3003, lr=0.00015022, gnorm=1.471, clip=0.000, oom=0.000, wall=1699, train_wall=1606, encoder_embed_dim=640, encoder_layer_num=6, encoder_ffn_embed_dim_0=512, encoder_ffn_embed_dim_1=512, encoder_ffn_embed_dim_2=512, encoder_ffn_embed_dim_3=2048, encoder_ffn_embed_dim_4=1024, encoder_ffn_embed_dim_5=512, encoder_self_attention_heads_0=2, encoder_self_attention_heads_1=2, encoder_self_attention_heads_2=4, encoder_self_attention_heads_3=4, encoder_self_attention_heads_4=4, encoder_self_attention_heads_5=2, decoder_embed_dim=512, decoder_layer_num=6, decoder_ffn_embed_dim_0=1024, decoder_ffn_embed_dim_1=1024, decoder_ffn_embed_dim_2=2048, decoder_ffn_embed_dim_3=1024, decoder_ffn_embed_dim_4=512, decoder_ffn_embed_dim_5=1024, decoder_self_attention_heads_0=4, decoder_self_attention_heads_1=4, decoder_self_attention_heads_2=2, decoder_self_attention_heads_3=2, decoder_self_attention_heads_4=4, decoder_self_attention_heads_5=4, decoder_ende_attention_heads_0=2, decoder_ende_attention_heads_1=4, decoder_ende_attention_heads_2=2, decoder_ende_attention_heads_3=2, decoder_ende_attention_heads_4=4, decoder_ende_attention_heads_5=2, decoder_arbitrary_ende_attn_0=-1, decoder_arbitrary_ende_attn_1=-1, decoder_arbitrary_ende_attn_2=1, decoder_arbitrary_ende_attn_3=-1, decoder_arbitrary_ende_attn_4=2, decoder_arbitrary_ende_attn_5=-1
| epoch 003:    900 / 1101 loss=8.073, nll_loss=7.300, ppl=157.58, wps=6519, ups=2, wpb=3583.143, bsz=143.521, num_updates=3103, lr=0.000155219, gnorm=1.455, clip=0.000, oom=0.000, wall=1752, train_wall=1658, encoder_embed_dim=512, encoder_layer_num=6, encoder_ffn_embed_dim_0=512, encoder_ffn_embed_dim_1=512, encoder_ffn_embed_dim_2=512, encoder_ffn_embed_dim_3=2048, encoder_ffn_embed_dim_4=2048, encoder_ffn_embed_dim_5=2048, encoder_self_attention_heads_0=4, encoder_self_attention_heads_1=2, encoder_self_attention_heads_2=4, encoder_self_attention_heads_3=2, encoder_self_attention_heads_4=4, encoder_self_attention_heads_5=2, decoder_embed_dim=512, decoder_layer_num=6, decoder_ffn_embed_dim_0=512, decoder_ffn_embed_dim_1=1024, decoder_ffn_embed_dim_2=512, decoder_ffn_embed_dim_3=512, decoder_ffn_embed_dim_4=512, decoder_ffn_embed_dim_5=512, decoder_self_attention_heads_0=2, decoder_self_attention_heads_1=2, decoder_self_attention_heads_2=4, decoder_self_attention_heads_3=2, decoder_self_attention_heads_4=2, decoder_self_attention_heads_5=2, decoder_ende_attention_heads_0=2, decoder_ende_attention_heads_1=4, decoder_ende_attention_heads_2=4, decoder_ende_attention_heads_3=4, decoder_ende_attention_heads_4=4, decoder_ende_attention_heads_5=2, decoder_arbitrary_ende_attn_0=-1, decoder_arbitrary_ende_attn_1=1, decoder_arbitrary_ende_attn_2=2, decoder_arbitrary_ende_attn_3=2, decoder_arbitrary_ende_attn_4=-1, decoder_arbitrary_ende_attn_5=2
| epoch 003:   1000 / 1101 loss=8.037, nll_loss=7.259, ppl=153.18, wps=6512, ups=2, wpb=3587.859, bsz=144.823, num_updates=3203, lr=0.000160218, gnorm=1.456, clip=0.000, oom=0.000, wall=1808, train_wall=1713, encoder_embed_dim=512, encoder_layer_num=6, encoder_ffn_embed_dim_0=512, encoder_ffn_embed_dim_1=512, encoder_ffn_embed_dim_2=512, encoder_ffn_embed_dim_3=2048, encoder_ffn_embed_dim_4=1024, encoder_ffn_embed_dim_5=2048, encoder_self_attention_heads_0=2, encoder_self_attention_heads_1=4, encoder_self_attention_heads_2=2, encoder_self_attention_heads_3=2, encoder_self_attention_heads_4=4, encoder_self_attention_heads_5=2, decoder_embed_dim=640, decoder_layer_num=4, decoder_ffn_embed_dim_0=2048, decoder_ffn_embed_dim_1=512, decoder_ffn_embed_dim_2=2048, decoder_ffn_embed_dim_3=512, decoder_self_attention_heads_0=4, decoder_self_attention_heads_1=2, decoder_self_attention_heads_2=2, decoder_self_attention_heads_3=2, decoder_ende_attention_heads_0=2, decoder_ende_attention_heads_1=4, decoder_ende_attention_heads_2=2, decoder_ende_attention_heads_3=4, decoder_arbitrary_ende_attn_0=2, decoder_arbitrary_ende_attn_1=-1, decoder_arbitrary_ende_attn_2=1, decoder_arbitrary_ende_attn_3=2, decoder_arbitrary_ende_attn_4=-1, decoder_arbitrary_ende_attn_5=1
| epoch 003:   1100 / 1101 loss=8.015, nll_loss=7.233, ppl=150.47, wps=6504, ups=2, wpb=3586.843, bsz=145.540, num_updates=3303, lr=0.000165217, gnorm=1.471, clip=0.000, oom=0.000, wall=1864, train_wall=1768, encoder_embed_dim=640, encoder_layer_num=6, encoder_ffn_embed_dim_0=512, encoder_ffn_embed_dim_1=2048, encoder_ffn_embed_dim_2=2048, encoder_ffn_embed_dim_3=2048, encoder_ffn_embed_dim_4=2048, encoder_ffn_embed_dim_5=2048, encoder_self_attention_heads_0=4, encoder_self_attention_heads_1=2, encoder_self_attention_heads_2=4, encoder_self_attention_heads_3=2, encoder_self_attention_heads_4=4, encoder_self_attention_heads_5=2, decoder_embed_dim=640, decoder_layer_num=1, decoder_ffn_embed_dim_0=512, decoder_self_attention_heads_0=2, decoder_ende_attention_heads_0=4, decoder_arbitrary_ende_attn_0=1, decoder_arbitrary_ende_attn_1=1, decoder_arbitrary_ende_attn_2=2, decoder_arbitrary_ende_attn_3=1, decoder_arbitrary_ende_attn_4=-1, decoder_arbitrary_ende_attn_5=-1
| epoch 003 | loss 8.015 | nll_loss 7.233 | ppl 150.47 | wps 6502 | ups 2 | wpb 3586.843 | bsz 145.540 | num_updates 3303 | lr 0.000165217 | gnorm 1.471 | clip 0.000 | oom 0.000 | wall 1864 | train_wall 1768
| epoch 003 | validate on 'valid' subset | loss 7.633 | nll_loss 6.687 | ppl 103.07 | num_updates 3303 | best_loss 7.63308 | largest_arbitrary1_loss 7.633 | largest_arbitrary1_nll_loss 6.687
| epoch 003 | validate on 'valid' subset | loss 7.588 | nll_loss 6.681 | ppl 102.59 | num_updates 3303 | best_loss 7.58765 | smallest_arbitrary1_loss 7.588 | smallest_arbitrary1_nll_loss 6.681
| saved checkpoint ../checkpoints/iwslt14_super_full50000_fromscratch/checkpoint3.pt (epoch 3 @ 3303 updates) (writing took 4.564052581787109 seconds)
| epoch 004:    100 / 1101 loss=7.618, nll_loss=6.779, ppl=109.82, wps=6411, ups=1, wpb=3537.792, bsz=151.436, num_updates=3404, lr=0.000170266, gnorm=1.250, clip=0.000, oom=0.000, wall=1948, train_wall=1823, encoder_embed_dim=640, encoder_layer_num=6, encoder_ffn_embed_dim_0=512, encoder_ffn_embed_dim_1=2048, encoder_ffn_embed_dim_2=1024, encoder_ffn_embed_dim_3=512, encoder_ffn_embed_dim_4=1024, encoder_ffn_embed_dim_5=512, encoder_self_attention_heads_0=2, encoder_self_attention_heads_1=2, encoder_self_attention_heads_2=4, encoder_self_attention_heads_3=4, encoder_self_attention_heads_4=4, encoder_self_attention_heads_5=2, decoder_embed_dim=640, decoder_layer_num=4, decoder_ffn_embed_dim_0=2048, decoder_ffn_embed_dim_1=1024, decoder_ffn_embed_dim_2=2048, decoder_ffn_embed_dim_3=2048, decoder_self_attention_heads_0=2, decoder_self_attention_heads_1=2, decoder_self_attention_heads_2=2, decoder_self_attention_heads_3=4, decoder_ende_attention_heads_0=2, decoder_ende_attention_heads_1=2, decoder_ende_attention_heads_2=2, decoder_ende_attention_heads_3=4, decoder_arbitrary_ende_attn_0=-1, decoder_arbitrary_ende_attn_1=1, decoder_arbitrary_ende_attn_2=1, decoder_arbitrary_ende_attn_3=-1, decoder_arbitrary_ende_attn_4=-1, decoder_arbitrary_ende_attn_5=2
| epoch 004:    200 / 1101 loss=7.631, nll_loss=6.793, ppl=110.93, wps=6357, ups=1, wpb=3550.562, bsz=143.557, num_updates=3504, lr=0.000175265, gnorm=1.259, clip=0.000, oom=0.000, wall=2005, train_wall=1878, encoder_embed_dim=512, encoder_layer_num=6, encoder_ffn_embed_dim_0=512, encoder_ffn_embed_dim_1=512, encoder_ffn_embed_dim_2=2048, encoder_ffn_embed_dim_3=2048, encoder_ffn_embed_dim_4=1024, encoder_ffn_embed_dim_5=512, encoder_self_attention_heads_0=4, encoder_self_attention_heads_1=4, encoder_self_attention_heads_2=2, encoder_self_attention_heads_3=2, encoder_self_attention_heads_4=2, encoder_self_attention_heads_5=4, decoder_embed_dim=512, decoder_layer_num=1, decoder_ffn_embed_dim_0=512, decoder_self_attention_heads_0=4, decoder_ende_attention_heads_0=2, decoder_arbitrary_ende_attn_0=1, decoder_arbitrary_ende_attn_1=2, decoder_arbitrary_ende_attn_2=2, decoder_arbitrary_ende_attn_3=1, decoder_arbitrary_ende_attn_4=-1, decoder_arbitrary_ende_attn_5=1
| epoch 004:    300 / 1101 loss=7.635, nll_loss=6.797, ppl=111.19, wps=6406, ups=2, wpb=3576.804, bsz=138.017, num_updates=3604, lr=0.000180264, gnorm=1.271, clip=0.000, oom=0.000, wall=2061, train_wall=1933, encoder_embed_dim=640, encoder_layer_num=6, encoder_ffn_embed_dim_0=512, encoder_ffn_embed_dim_1=512, encoder_ffn_embed_dim_2=1024, encoder_ffn_embed_dim_3=1024, encoder_ffn_embed_dim_4=512, encoder_ffn_embed_dim_5=1024, encoder_self_attention_heads_0=4, encoder_self_attention_heads_1=4, encoder_self_attention_heads_2=4, encoder_self_attention_heads_3=2, encoder_self_attention_heads_4=4, encoder_self_attention_heads_5=2, decoder_embed_dim=640, decoder_layer_num=1, decoder_ffn_embed_dim_0=512, decoder_self_attention_heads_0=2, decoder_ende_attention_heads_0=4, decoder_arbitrary_ende_attn_0=-1, decoder_arbitrary_ende_attn_1=2, decoder_arbitrary_ende_attn_2=-1, decoder_arbitrary_ende_attn_3=2, decoder_arbitrary_ende_attn_4=1, decoder_arbitrary_ende_attn_5=2
| epoch 004:    400 / 1101 loss=7.615, nll_loss=6.774, ppl=109.45, wps=6412, ups=2, wpb=3581.057, bsz=138.312, num_updates=3704, lr=0.000185263, gnorm=1.285, clip=0.000, oom=0.000, wall=2116, train_wall=1987, encoder_embed_dim=640, encoder_layer_num=6, encoder_ffn_embed_dim_0=1024, encoder_ffn_embed_dim_1=2048, encoder_ffn_embed_dim_2=2048, encoder_ffn_embed_dim_3=2048, encoder_ffn_embed_dim_4=2048, encoder_ffn_embed_dim_5=1024, encoder_self_attention_heads_0=4, encoder_self_attention_heads_1=2, encoder_self_attention_heads_2=4, encoder_self_attention_heads_3=2, encoder_self_attention_heads_4=4, encoder_self_attention_heads_5=2, decoder_embed_dim=512, decoder_layer_num=1, decoder_ffn_embed_dim_0=2048, decoder_self_attention_heads_0=2, decoder_ende_attention_heads_0=2, decoder_arbitrary_ende_attn_0=-1, decoder_arbitrary_ende_attn_1=1, decoder_arbitrary_ende_attn_2=1, decoder_arbitrary_ende_attn_3=1, decoder_arbitrary_ende_attn_4=2, decoder_arbitrary_ende_attn_5=-1
| epoch 004:    500 / 1101 loss=7.583, nll_loss=6.738, ppl=106.71, wps=6513, ups=2, wpb=3587.048, bsz=139.687, num_updates=3804, lr=0.000190262, gnorm=1.261, clip=0.000, oom=0.000, wall=2168, train_wall=2038, encoder_embed_dim=512, encoder_layer_num=6, encoder_ffn_embed_dim_0=1024, encoder_ffn_embed_dim_1=512, encoder_ffn_embed_dim_2=1024, encoder_ffn_embed_dim_3=2048, encoder_ffn_embed_dim_4=2048, encoder_ffn_embed_dim_5=512, encoder_self_attention_heads_0=4, encoder_self_attention_heads_1=2, encoder_self_attention_heads_2=4, encoder_self_attention_heads_3=4, encoder_self_attention_heads_4=2, encoder_self_attention_heads_5=4, decoder_embed_dim=640, decoder_layer_num=4, decoder_ffn_embed_dim_0=2048, decoder_ffn_embed_dim_1=1024, decoder_ffn_embed_dim_2=512, decoder_ffn_embed_dim_3=2048, decoder_self_attention_heads_0=4, decoder_self_attention_heads_1=4, decoder_self_attention_heads_2=2, decoder_self_attention_heads_3=4, decoder_ende_attention_heads_0=2, decoder_ende_attention_heads_1=4, decoder_ende_attention_heads_2=4, decoder_ende_attention_heads_3=4, decoder_arbitrary_ende_attn_0=1, decoder_arbitrary_ende_attn_1=2, decoder_arbitrary_ende_attn_2=-1, decoder_arbitrary_ende_attn_3=-1, decoder_arbitrary_ende_attn_4=-1, decoder_arbitrary_ende_attn_5=1
| epoch 004:    600 / 1101 loss=7.560, nll_loss=6.710, ppl=104.68, wps=6478, ups=2, wpb=3583.714, bsz=140.285, num_updates=3904, lr=0.000195261, gnorm=1.269, clip=0.000, oom=0.000, wall=2225, train_wall=2093, encoder_embed_dim=512, encoder_layer_num=6, encoder_ffn_embed_dim_0=512, encoder_ffn_embed_dim_1=512, encoder_ffn_embed_dim_2=1024, encoder_ffn_embed_dim_3=2048, encoder_ffn_embed_dim_4=1024, encoder_ffn_embed_dim_5=2048, encoder_self_attention_heads_0=4, encoder_self_attention_heads_1=2, encoder_self_attention_heads_2=2, encoder_self_attention_heads_3=2, encoder_self_attention_heads_4=2, encoder_self_attention_heads_5=2, decoder_embed_dim=512, decoder_layer_num=6, decoder_ffn_embed_dim_0=2048, decoder_ffn_embed_dim_1=2048, decoder_ffn_embed_dim_2=1024, decoder_ffn_embed_dim_3=2048, decoder_ffn_embed_dim_4=1024, decoder_ffn_embed_dim_5=2048, decoder_self_attention_heads_0=4, decoder_self_attention_heads_1=4, decoder_self_attention_heads_2=2, decoder_self_attention_heads_3=4, decoder_self_attention_heads_4=4, decoder_self_attention_heads_5=2, decoder_ende_attention_heads_0=2, decoder_ende_attention_heads_1=2, decoder_ende_attention_heads_2=4, decoder_ende_attention_heads_3=2, decoder_ende_attention_heads_4=4, decoder_ende_attention_heads_5=2, decoder_arbitrary_ende_attn_0=2, decoder_arbitrary_ende_attn_1=2, decoder_arbitrary_ende_attn_2=2, decoder_arbitrary_ende_attn_3=1, decoder_arbitrary_ende_attn_4=2, decoder_arbitrary_ende_attn_5=-1
| epoch 004:    700 / 1101 loss=7.540, nll_loss=6.687, ppl=103.04, wps=6477, ups=2, wpb=3590.949, bsz=140.723, num_updates=4004, lr=0.00020026, gnorm=1.273, clip=0.000, oom=0.000, wall=2281, train_wall=2148, encoder_embed_dim=640, encoder_layer_num=6, encoder_ffn_embed_dim_0=2048, encoder_ffn_embed_dim_1=1024, encoder_ffn_embed_dim_2=512, encoder_ffn_embed_dim_3=1024, encoder_ffn_embed_dim_4=1024, encoder_ffn_embed_dim_5=512, encoder_self_attention_heads_0=2, encoder_self_attention_heads_1=4, encoder_self_attention_heads_2=4, encoder_self_attention_heads_3=4, encoder_self_attention_heads_4=4, encoder_self_attention_heads_5=2, decoder_embed_dim=640, decoder_layer_num=6, decoder_ffn_embed_dim_0=2048, decoder_ffn_embed_dim_1=1024, decoder_ffn_embed_dim_2=512, decoder_ffn_embed_dim_3=1024, decoder_ffn_embed_dim_4=1024, decoder_ffn_embed_dim_5=512, decoder_self_attention_heads_0=4, decoder_self_attention_heads_1=4, decoder_self_attention_heads_2=4, decoder_self_attention_heads_3=2, decoder_self_attention_heads_4=2, decoder_self_attention_heads_5=2, decoder_ende_attention_heads_0=2, decoder_ende_attention_heads_1=2, decoder_ende_attention_heads_2=4, decoder_ende_attention_heads_3=4, decoder_ende_attention_heads_4=2, decoder_ende_attention_heads_5=4, decoder_arbitrary_ende_attn_0=2, decoder_arbitrary_ende_attn_1=2, decoder_arbitrary_ende_attn_2=1, decoder_arbitrary_ende_attn_3=2, decoder_arbitrary_ende_attn_4=1, decoder_arbitrary_ende_attn_5=2
| epoch 004:    800 / 1101 loss=7.511, nll_loss=6.654, ppl=100.68, wps=6471, ups=2, wpb=3588.372, bsz=142.361, num_updates=4104, lr=0.000205259, gnorm=1.282, clip=0.000, oom=0.000, wall=2337, train_wall=2203, encoder_embed_dim=512, encoder_layer_num=6, encoder_ffn_embed_dim_0=2048, encoder_ffn_embed_dim_1=1024, encoder_ffn_embed_dim_2=512, encoder_ffn_embed_dim_3=512, encoder_ffn_embed_dim_4=1024, encoder_ffn_embed_dim_5=512, encoder_self_attention_heads_0=2, encoder_self_attention_heads_1=2, encoder_self_attention_heads_2=2, encoder_self_attention_heads_3=2, encoder_self_attention_heads_4=4, encoder_self_attention_heads_5=4, decoder_embed_dim=640, decoder_layer_num=3, decoder_ffn_embed_dim_0=512, decoder_ffn_embed_dim_1=2048, decoder_ffn_embed_dim_2=512, decoder_self_attention_heads_0=2, decoder_self_attention_heads_1=4, decoder_self_attention_heads_2=2, decoder_ende_attention_heads_0=4, decoder_ende_attention_heads_1=4, decoder_ende_attention_heads_2=2, decoder_arbitrary_ende_attn_0=2, decoder_arbitrary_ende_attn_1=-1, decoder_arbitrary_ende_attn_2=-1, decoder_arbitrary_ende_attn_3=1, decoder_arbitrary_ende_attn_4=2, decoder_arbitrary_ende_attn_5=2
| epoch 004:    900 / 1101 loss=7.485, nll_loss=6.623, ppl=98.56, wps=6516, ups=2, wpb=3584.818, bsz=144.176, num_updates=4204, lr=0.000210258, gnorm=1.282, clip=0.000, oom=0.000, wall=2388, train_wall=2253, encoder_embed_dim=512, encoder_layer_num=6, encoder_ffn_embed_dim_0=1024, encoder_ffn_embed_dim_1=2048, encoder_ffn_embed_dim_2=1024, encoder_ffn_embed_dim_3=512, encoder_ffn_embed_dim_4=512, encoder_ffn_embed_dim_5=2048, encoder_self_attention_heads_0=4, encoder_self_attention_heads_1=4, encoder_self_attention_heads_2=2, encoder_self_attention_heads_3=4, encoder_self_attention_heads_4=2, encoder_self_attention_heads_5=2, decoder_embed_dim=640, decoder_layer_num=5, decoder_ffn_embed_dim_0=512, decoder_ffn_embed_dim_1=1024, decoder_ffn_embed_dim_2=1024, decoder_ffn_embed_dim_3=512, decoder_ffn_embed_dim_4=2048, decoder_self_attention_heads_0=2, decoder_self_attention_heads_1=2, decoder_self_attention_heads_2=2, decoder_self_attention_heads_3=4, decoder_self_attention_heads_4=2, decoder_ende_attention_heads_0=2, decoder_ende_attention_heads_1=4, decoder_ende_attention_heads_2=4, decoder_ende_attention_heads_3=2, decoder_ende_attention_heads_4=4, decoder_arbitrary_ende_attn_0=2, decoder_arbitrary_ende_attn_1=-1, decoder_arbitrary_ende_attn_2=-1, decoder_arbitrary_ende_attn_3=-1, decoder_arbitrary_ende_attn_4=2, decoder_arbitrary_ende_attn_5=-1
| epoch 004:   1000 / 1101 loss=7.458, nll_loss=6.592, ppl=96.45, wps=6532, ups=2, wpb=3588.710, bsz=144.582, num_updates=4304, lr=0.000215257, gnorm=1.270, clip=0.000, oom=0.000, wall=2442, train_wall=2306, encoder_embed_dim=512, encoder_layer_num=6, encoder_ffn_embed_dim_0=512, encoder_ffn_embed_dim_1=2048, encoder_ffn_embed_dim_2=2048, encoder_ffn_embed_dim_3=1024, encoder_ffn_embed_dim_4=512, encoder_ffn_embed_dim_5=512, encoder_self_attention_heads_0=4, encoder_self_attention_heads_1=2, encoder_self_attention_heads_2=2, encoder_self_attention_heads_3=4, encoder_self_attention_heads_4=2, encoder_self_attention_heads_5=2, decoder_embed_dim=640, decoder_layer_num=4, decoder_ffn_embed_dim_0=512, decoder_ffn_embed_dim_1=1024, decoder_ffn_embed_dim_2=1024, decoder_ffn_embed_dim_3=2048, decoder_self_attention_heads_0=4, decoder_self_attention_heads_1=2, decoder_self_attention_heads_2=2, decoder_self_attention_heads_3=2, decoder_ende_attention_heads_0=2, decoder_ende_attention_heads_1=2, decoder_ende_attention_heads_2=2, decoder_ende_attention_heads_3=2, decoder_arbitrary_ende_attn_0=1, decoder_arbitrary_ende_attn_1=2, decoder_arbitrary_ende_attn_2=2, decoder_arbitrary_ende_attn_3=1, decoder_arbitrary_ende_attn_4=-1, decoder_arbitrary_ende_attn_5=-1
| epoch 004:   1100 / 1101 loss=7.431, nll_loss=6.561, ppl=94.39, wps=6547, ups=2, wpb=3586.843, bsz=145.540, num_updates=4404, lr=0.000220256, gnorm=1.272, clip=0.000, oom=0.000, wall=2496, train_wall=2358, encoder_embed_dim=512, encoder_layer_num=6, encoder_ffn_embed_dim_0=2048, encoder_ffn_embed_dim_1=512, encoder_ffn_embed_dim_2=1024, encoder_ffn_embed_dim_3=2048, encoder_ffn_embed_dim_4=2048, encoder_ffn_embed_dim_5=512, encoder_self_attention_heads_0=2, encoder_self_attention_heads_1=4, encoder_self_attention_heads_2=4, encoder_self_attention_heads_3=2, encoder_self_attention_heads_4=4, encoder_self_attention_heads_5=4, decoder_embed_dim=640, decoder_layer_num=1, decoder_ffn_embed_dim_0=512, decoder_self_attention_heads_0=4, decoder_ende_attention_heads_0=2, decoder_arbitrary_ende_attn_0=2, decoder_arbitrary_ende_attn_1=2, decoder_arbitrary_ende_attn_2=1, decoder_arbitrary_ende_attn_3=1, decoder_arbitrary_ende_attn_4=2, decoder_arbitrary_ende_attn_5=1
| epoch 004 | loss 7.431 | nll_loss 6.561 | ppl 94.39 | wps 6545 | ups 2 | wpb 3586.843 | bsz 145.540 | num_updates 4404 | lr 0.000220256 | gnorm 1.272 | clip 0.000 | oom 0.000 | wall 2496 | train_wall 2358
| epoch 004 | validate on 'valid' subset | loss 7.191 | nll_loss 6.139 | ppl 70.47 | num_updates 4404 | best_loss 7.191 | largest_arbitrary1_loss 7.191 | largest_arbitrary1_nll_loss 6.139
| epoch 004 | validate on 'valid' subset | loss 7.107 | nll_loss 6.096 | ppl 68.40 | num_updates 4404 | best_loss 7.107 | smallest_arbitrary1_loss 7.107 | smallest_arbitrary1_nll_loss 6.096
| saved checkpoint ../checkpoints/iwslt14_super_full50000_fromscratch/checkpoint4.pt (epoch 4 @ 4404 updates) (writing took 4.80546236038208 seconds)
| epoch 005:    100 / 1101 loss=7.073, nll_loss=6.149, ppl=70.98, wps=6362, ups=1, wpb=3592.574, bsz=156.040, num_updates=4505, lr=0.000225305, gnorm=1.247, clip=0.000, oom=0.000, wall=2581, train_wall=2414, encoder_embed_dim=640, encoder_layer_num=6, encoder_ffn_embed_dim_0=512, encoder_ffn_embed_dim_1=2048, encoder_ffn_embed_dim_2=1024, encoder_ffn_embed_dim_3=2048, encoder_ffn_embed_dim_4=1024, encoder_ffn_embed_dim_5=1024, encoder_self_attention_heads_0=4, encoder_self_attention_heads_1=2, encoder_self_attention_heads_2=4, encoder_self_attention_heads_3=4, encoder_self_attention_heads_4=4, encoder_self_attention_heads_5=2, decoder_embed_dim=640, decoder_layer_num=5, decoder_ffn_embed_dim_0=2048, decoder_ffn_embed_dim_1=1024, decoder_ffn_embed_dim_2=512, decoder_ffn_embed_dim_3=1024, decoder_ffn_embed_dim_4=2048, decoder_self_attention_heads_0=2, decoder_self_attention_heads_1=4, decoder_self_attention_heads_2=4, decoder_self_attention_heads_3=2, decoder_self_attention_heads_4=2, decoder_ende_attention_heads_0=4, decoder_ende_attention_heads_1=2, decoder_ende_attention_heads_2=4, decoder_ende_attention_heads_3=4, decoder_ende_attention_heads_4=4, decoder_arbitrary_ende_attn_0=-1, decoder_arbitrary_ende_attn_1=1, decoder_arbitrary_ende_attn_2=2, decoder_arbitrary_ende_attn_3=2, decoder_arbitrary_ende_attn_4=2, decoder_arbitrary_ende_attn_5=-1
| epoch 005:    200 / 1101 loss=7.077, nll_loss=6.153, ppl=71.15, wps=6581, ups=1, wpb=3600.259, bsz=150.886, num_updates=4605, lr=0.000230304, gnorm=1.249, clip=0.000, oom=0.000, wall=2634, train_wall=2466, encoder_embed_dim=640, encoder_layer_num=6, encoder_ffn_embed_dim_0=2048, encoder_ffn_embed_dim_1=2048, encoder_ffn_embed_dim_2=2048, encoder_ffn_embed_dim_3=1024, encoder_ffn_embed_dim_4=2048, encoder_ffn_embed_dim_5=512, encoder_self_attention_heads_0=4, encoder_self_attention_heads_1=4, encoder_self_attention_heads_2=4, encoder_self_attention_heads_3=4, encoder_self_attention_heads_4=2, encoder_self_attention_heads_5=2, decoder_embed_dim=512, decoder_layer_num=5, decoder_ffn_embed_dim_0=1024, decoder_ffn_embed_dim_1=512, decoder_ffn_embed_dim_2=1024, decoder_ffn_embed_dim_3=2048, decoder_ffn_embed_dim_4=2048, decoder_self_attention_heads_0=4, decoder_self_attention_heads_1=4, decoder_self_attention_heads_2=4, decoder_self_attention_heads_3=4, decoder_self_attention_heads_4=4, decoder_ende_attention_heads_0=2, decoder_ende_attention_heads_1=2, decoder_ende_attention_heads_2=2, decoder_ende_attention_heads_3=4, decoder_ende_attention_heads_4=2, decoder_arbitrary_ende_attn_0=-1, decoder_arbitrary_ende_attn_1=-1, decoder_arbitrary_ende_attn_2=2, decoder_arbitrary_ende_attn_3=-1, decoder_arbitrary_ende_attn_4=2, decoder_arbitrary_ende_attn_5=1
| epoch 005:    300 / 1101 loss=7.081, nll_loss=6.158, ppl=71.40, wps=6621, ups=2, wpb=3587.897, bsz=148.571, num_updates=4705, lr=0.000235303, gnorm=1.245, clip=0.000, oom=0.000, wall=2687, train_wall=2518, encoder_embed_dim=512, encoder_layer_num=6, encoder_ffn_embed_dim_0=512, encoder_ffn_embed_dim_1=512, encoder_ffn_embed_dim_2=512, encoder_ffn_embed_dim_3=2048, encoder_ffn_embed_dim_4=512, encoder_ffn_embed_dim_5=512, encoder_self_attention_heads_0=4, encoder_self_attention_heads_1=2, encoder_self_attention_heads_2=2, encoder_self_attention_heads_3=2, encoder_self_attention_heads_4=2, encoder_self_attention_heads_5=2, decoder_embed_dim=640, decoder_layer_num=5, decoder_ffn_embed_dim_0=512, decoder_ffn_embed_dim_1=1024, decoder_ffn_embed_dim_2=512, decoder_ffn_embed_dim_3=2048, decoder_ffn_embed_dim_4=2048, decoder_self_attention_heads_0=4, decoder_self_attention_heads_1=2, decoder_self_attention_heads_2=4, decoder_self_attention_heads_3=4, decoder_self_attention_heads_4=2, decoder_ende_attention_heads_0=4, decoder_ende_attention_heads_1=2, decoder_ende_attention_heads_2=2, decoder_ende_attention_heads_3=4, decoder_ende_attention_heads_4=2, decoder_arbitrary_ende_attn_0=-1, decoder_arbitrary_ende_attn_1=2, decoder_arbitrary_ende_attn_2=-1, decoder_arbitrary_ende_attn_3=1, decoder_arbitrary_ende_attn_4=1, decoder_arbitrary_ende_attn_5=1
| epoch 005:    400 / 1101 loss=7.071, nll_loss=6.145, ppl=70.79, wps=6560, ups=2, wpb=3570.733, bsz=146.594, num_updates=4805, lr=0.000240302, gnorm=1.252, clip=0.000, oom=0.000, wall=2743, train_wall=2572, encoder_embed_dim=640, encoder_layer_num=6, encoder_ffn_embed_dim_0=2048, encoder_ffn_embed_dim_1=512, encoder_ffn_embed_dim_2=512, encoder_ffn_embed_dim_3=512, encoder_ffn_embed_dim_4=512, encoder_ffn_embed_dim_5=1024, encoder_self_attention_heads_0=2, encoder_self_attention_heads_1=4, encoder_self_attention_heads_2=2, encoder_self_attention_heads_3=2, encoder_self_attention_heads_4=4, encoder_self_attention_heads_5=4, decoder_embed_dim=512, decoder_layer_num=2, decoder_ffn_embed_dim_0=1024, decoder_ffn_embed_dim_1=1024, decoder_self_attention_heads_0=2, decoder_self_attention_heads_1=2, decoder_ende_attention_heads_0=4, decoder_ende_attention_heads_1=4, decoder_arbitrary_ende_attn_0=1, decoder_arbitrary_ende_attn_1=-1, decoder_arbitrary_ende_attn_2=-1, decoder_arbitrary_ende_attn_3=2, decoder_arbitrary_ende_attn_4=2, decoder_arbitrary_ende_attn_5=2
| epoch 005:    500 / 1101 loss=7.060, nll_loss=6.133, ppl=70.16, wps=6579, ups=2, wpb=3569.968, bsz=143.393, num_updates=4905, lr=0.000245301, gnorm=1.241, clip=0.000, oom=0.000, wall=2796, train_wall=2624, encoder_embed_dim=512, encoder_layer_num=6, encoder_ffn_embed_dim_0=2048, encoder_ffn_embed_dim_1=1024, encoder_ffn_embed_dim_2=2048, encoder_ffn_embed_dim_3=1024, encoder_ffn_embed_dim_4=2048, encoder_ffn_embed_dim_5=2048, encoder_self_attention_heads_0=2, encoder_self_attention_heads_1=2, encoder_self_attention_heads_2=2, encoder_self_attention_heads_3=4, encoder_self_attention_heads_4=2, encoder_self_attention_heads_5=4, decoder_embed_dim=640, decoder_layer_num=6, decoder_ffn_embed_dim_0=1024, decoder_ffn_embed_dim_1=2048, decoder_ffn_embed_dim_2=512, decoder_ffn_embed_dim_3=2048, decoder_ffn_embed_dim_4=1024, decoder_ffn_embed_dim_5=512, decoder_self_attention_heads_0=4, decoder_self_attention_heads_1=2, decoder_self_attention_heads_2=2, decoder_self_attention_heads_3=2, decoder_self_attention_heads_4=2, decoder_self_attention_heads_5=4, decoder_ende_attention_heads_0=2, decoder_ende_attention_heads_1=4, decoder_ende_attention_heads_2=2, decoder_ende_attention_heads_3=4, decoder_ende_attention_heads_4=4, decoder_ende_attention_heads_5=2, decoder_arbitrary_ende_attn_0=2, decoder_arbitrary_ende_attn_1=2, decoder_arbitrary_ende_attn_2=1, decoder_arbitrary_ende_attn_3=2, decoder_arbitrary_ende_attn_4=-1, decoder_arbitrary_ende_attn_5=1
| epoch 005 | validate on 'valid' subset | loss 6.828 | nll_loss 5.717 | ppl 52.61 | num_updates 5000 | best_loss 6.82774 | largest_arbitrary1_loss 6.828 | largest_arbitrary1_nll_loss 5.717
| epoch 005 | validate on 'valid' subset | loss 6.806 | nll_loss 5.740 | ppl 53.43 | num_updates 5000 | best_loss 6.80565 | smallest_arbitrary1_loss 6.806 | smallest_arbitrary1_nll_loss 5.740
| saved checkpoint ../checkpoints/iwslt14_super_full50000_fromscratch/checkpoint_5_5000.pt (epoch 5 @ 5000 updates) (writing took 4.146824598312378 seconds)
| epoch 005:    600 / 1101 loss=7.045, nll_loss=6.115, ppl=69.29, wps=6099, ups=2, wpb=3573.344, bsz=142.627, num_updates=5005, lr=0.0002503, gnorm=1.236, clip=0.000, oom=0.000, wall=2876, train_wall=2675, encoder_embed_dim=512, encoder_layer_num=6, encoder_ffn_embed_dim_0=512, encoder_ffn_embed_dim_1=1024, encoder_ffn_embed_dim_2=2048, encoder_ffn_embed_dim_3=512, encoder_ffn_embed_dim_4=2048, encoder_ffn_embed_dim_5=2048, encoder_self_attention_heads_0=4, encoder_self_attention_heads_1=2, encoder_self_attention_heads_2=4, encoder_self_attention_heads_3=4, encoder_self_attention_heads_4=4, encoder_self_attention_heads_5=4, decoder_embed_dim=512, decoder_layer_num=2, decoder_ffn_embed_dim_0=2048, decoder_ffn_embed_dim_1=512, decoder_self_attention_heads_0=2, decoder_self_attention_heads_1=4, decoder_ende_attention_heads_0=2, decoder_ende_attention_heads_1=2, decoder_arbitrary_ende_attn_0=2, decoder_arbitrary_ende_attn_1=1, decoder_arbitrary_ende_attn_2=2, decoder_arbitrary_ende_attn_3=-1, decoder_arbitrary_ende_attn_4=-1, decoder_arbitrary_ende_attn_5=-1
| epoch 005:    700 / 1101 loss=7.003, nll_loss=6.066, ppl=67.02, wps=6181, ups=2, wpb=3587.879, bsz=145.368, num_updates=5105, lr=0.000255299, gnorm=1.229, clip=0.000, oom=0.000, wall=2931, train_wall=2728, encoder_embed_dim=512, encoder_layer_num=6, encoder_ffn_embed_dim_0=1024, encoder_ffn_embed_dim_1=512, encoder_ffn_embed_dim_2=1024, encoder_ffn_embed_dim_3=2048, encoder_ffn_embed_dim_4=512, encoder_ffn_embed_dim_5=1024, encoder_self_attention_heads_0=2, encoder_self_attention_heads_1=2, encoder_self_attention_heads_2=4, encoder_self_attention_heads_3=4, encoder_self_attention_heads_4=2, encoder_self_attention_heads_5=4, decoder_embed_dim=512, decoder_layer_num=3, decoder_ffn_embed_dim_0=512, decoder_ffn_embed_dim_1=512, decoder_ffn_embed_dim_2=1024, decoder_self_attention_heads_0=2, decoder_self_attention_heads_1=4, decoder_self_attention_heads_2=4, decoder_ende_attention_heads_0=4, decoder_ende_attention_heads_1=4, decoder_ende_attention_heads_2=2, decoder_arbitrary_ende_attn_0=2, decoder_arbitrary_ende_attn_1=2, decoder_arbitrary_ende_attn_2=2, decoder_arbitrary_ende_attn_3=1, decoder_arbitrary_ende_attn_4=1, decoder_arbitrary_ende_attn_5=2
| epoch 005:    800 / 1101 loss=6.984, nll_loss=6.044, ppl=66.00, wps=6209, ups=2, wpb=3583.732, bsz=144.438, num_updates=5205, lr=0.000260298, gnorm=1.224, clip=0.000, oom=0.000, wall=2987, train_wall=2783, encoder_embed_dim=640, encoder_layer_num=6, encoder_ffn_embed_dim_0=512, encoder_ffn_embed_dim_1=2048, encoder_ffn_embed_dim_2=512, encoder_ffn_embed_dim_3=1024, encoder_ffn_embed_dim_4=2048, encoder_ffn_embed_dim_5=512, encoder_self_attention_heads_0=4, encoder_self_attention_heads_1=4, encoder_self_attention_heads_2=2, encoder_self_attention_heads_3=4, encoder_self_attention_heads_4=4, encoder_self_attention_heads_5=2, decoder_embed_dim=512, decoder_layer_num=2, decoder_ffn_embed_dim_0=1024, decoder_ffn_embed_dim_1=2048, decoder_self_attention_heads_0=2, decoder_self_attention_heads_1=4, decoder_ende_attention_heads_0=2, decoder_ende_attention_heads_1=4, decoder_arbitrary_ende_attn_0=-1, decoder_arbitrary_ende_attn_1=2, decoder_arbitrary_ende_attn_2=1, decoder_arbitrary_ende_attn_3=1, decoder_arbitrary_ende_attn_4=-1, decoder_arbitrary_ende_attn_5=1
| epoch 005:    900 / 1101 loss=6.953, nll_loss=6.009, ppl=64.39, wps=6268, ups=2, wpb=3579.890, bsz=146.103, num_updates=5305, lr=0.000265297, gnorm=1.222, clip=0.000, oom=0.000, wall=3039, train_wall=2834, encoder_embed_dim=640, encoder_layer_num=6, encoder_ffn_embed_dim_0=1024, encoder_ffn_embed_dim_1=512, encoder_ffn_embed_dim_2=1024, encoder_ffn_embed_dim_3=512, encoder_ffn_embed_dim_4=1024, encoder_ffn_embed_dim_5=512, encoder_self_attention_heads_0=4, encoder_self_attention_heads_1=2, encoder_self_attention_heads_2=4, encoder_self_attention_heads_3=2, encoder_self_attention_heads_4=4, encoder_self_attention_heads_5=4, decoder_embed_dim=512, decoder_layer_num=3, decoder_ffn_embed_dim_0=512, decoder_ffn_embed_dim_1=2048, decoder_ffn_embed_dim_2=1024, decoder_self_attention_heads_0=2, decoder_self_attention_heads_1=4, decoder_self_attention_heads_2=4, decoder_ende_attention_heads_0=4, decoder_ende_attention_heads_1=2, decoder_ende_attention_heads_2=2, decoder_arbitrary_ende_attn_0=1, decoder_arbitrary_ende_attn_1=1, decoder_arbitrary_ende_attn_2=-1, decoder_arbitrary_ende_attn_3=1, decoder_arbitrary_ende_attn_4=-1, decoder_arbitrary_ende_attn_5=-1
| epoch 005:   1000 / 1101 loss=6.933, nll_loss=5.986, ppl=63.37, wps=6298, ups=2, wpb=3580.452, bsz=144.718, num_updates=5405, lr=0.000270296, gnorm=1.209, clip=0.000, oom=0.000, wall=3093, train_wall=2887, encoder_embed_dim=640, encoder_layer_num=6, encoder_ffn_embed_dim_0=2048, encoder_ffn_embed_dim_1=512, encoder_ffn_embed_dim_2=512, encoder_ffn_embed_dim_3=512, encoder_ffn_embed_dim_4=512, encoder_ffn_embed_dim_5=512, encoder_self_attention_heads_0=2, encoder_self_attention_heads_1=2, encoder_self_attention_heads_2=2, encoder_self_attention_heads_3=4, encoder_self_attention_heads_4=2, encoder_self_attention_heads_5=2, decoder_embed_dim=640, decoder_layer_num=4, decoder_ffn_embed_dim_0=512, decoder_ffn_embed_dim_1=512, decoder_ffn_embed_dim_2=512, decoder_ffn_embed_dim_3=1024, decoder_self_attention_heads_0=4, decoder_self_attention_heads_1=4, decoder_self_attention_heads_2=4, decoder_self_attention_heads_3=2, decoder_ende_attention_heads_0=4, decoder_ende_attention_heads_1=4, decoder_ende_attention_heads_2=4, decoder_ende_attention_heads_3=4, decoder_arbitrary_ende_attn_0=1, decoder_arbitrary_ende_attn_1=-1, decoder_arbitrary_ende_attn_2=1, decoder_arbitrary_ende_attn_3=-1, decoder_arbitrary_ende_attn_4=2, decoder_arbitrary_ende_attn_5=-1
| epoch 005:   1100 / 1101 loss=6.906, nll_loss=5.955, ppl=62.03, wps=6344, ups=2, wpb=3586.843, bsz=145.540, num_updates=5505, lr=0.000275295, gnorm=1.207, clip=0.000, oom=0.000, wall=3147, train_wall=2939, encoder_embed_dim=640, encoder_layer_num=6, encoder_ffn_embed_dim_0=512, encoder_ffn_embed_dim_1=1024, encoder_ffn_embed_dim_2=2048, encoder_ffn_embed_dim_3=512, encoder_ffn_embed_dim_4=2048, encoder_ffn_embed_dim_5=512, encoder_self_attention_heads_0=2, encoder_self_attention_heads_1=2, encoder_self_attention_heads_2=2, encoder_self_attention_heads_3=4, encoder_self_attention_heads_4=2, encoder_self_attention_heads_5=4, decoder_embed_dim=640, decoder_layer_num=3, decoder_ffn_embed_dim_0=2048, decoder_ffn_embed_dim_1=2048, decoder_ffn_embed_dim_2=1024, decoder_self_attention_heads_0=4, decoder_self_attention_heads_1=2, decoder_self_attention_heads_2=4, decoder_ende_attention_heads_0=2, decoder_ende_attention_heads_1=2, decoder_ende_attention_heads_2=4, decoder_arbitrary_ende_attn_0=2, decoder_arbitrary_ende_attn_1=-1, decoder_arbitrary_ende_attn_2=1, decoder_arbitrary_ende_attn_3=2, decoder_arbitrary_ende_attn_4=-1, decoder_arbitrary_ende_attn_5=2
| epoch 005 | loss 6.906 | nll_loss 5.955 | ppl 62.03 | wps 6343 | ups 2 | wpb 3586.843 | bsz 145.540 | num_updates 5505 | lr 0.000275295 | gnorm 1.207 | clip 0.000 | oom 0.000 | wall 3147 | train_wall 2939
| epoch 005 | validate on 'valid' subset | loss 6.493 | nll_loss 5.300 | ppl 39.39 | num_updates 5505 | best_loss 6.49337 | largest_arbitrary1_loss 6.493 | largest_arbitrary1_nll_loss 5.300
| epoch 005 | validate on 'valid' subset | loss 6.510 | nll_loss 5.398 | ppl 42.15 | num_updates 5505 | best_loss 6.50958 | smallest_arbitrary1_loss 6.510 | smallest_arbitrary1_nll_loss 5.398
| saved checkpoint ../checkpoints/iwslt14_super_full50000_fromscratch/checkpoint5.pt (epoch 5 @ 5505 updates) (writing took 4.3720622062683105 seconds)
| epoch 006:    100 / 1101 loss=6.515, nll_loss=5.503, ppl=45.34, wps=6487, ups=1, wpb=3628.495, bsz=146.376, num_updates=5606, lr=0.000280344, gnorm=1.139, clip=0.000, oom=0.000, wall=3232, train_wall=2995, encoder_embed_dim=640, encoder_layer_num=6, encoder_ffn_embed_dim_0=2048, encoder_ffn_embed_dim_1=2048, encoder_ffn_embed_dim_2=2048, encoder_ffn_embed_dim_3=2048, encoder_ffn_embed_dim_4=1024, encoder_ffn_embed_dim_5=2048, encoder_self_attention_heads_0=4, encoder_self_attention_heads_1=4, encoder_self_attention_heads_2=4, encoder_self_attention_heads_3=4, encoder_self_attention_heads_4=2, encoder_self_attention_heads_5=2, decoder_embed_dim=640, decoder_layer_num=4, decoder_ffn_embed_dim_0=2048, decoder_ffn_embed_dim_1=2048, decoder_ffn_embed_dim_2=512, decoder_ffn_embed_dim_3=1024, decoder_self_attention_heads_0=2, decoder_self_attention_heads_1=4, decoder_self_attention_heads_2=4, decoder_self_attention_heads_3=2, decoder_ende_attention_heads_0=2, decoder_ende_attention_heads_1=2, decoder_ende_attention_heads_2=2, decoder_ende_attention_heads_3=2, decoder_arbitrary_ende_attn_0=2, decoder_arbitrary_ende_attn_1=2, decoder_arbitrary_ende_attn_2=2, decoder_arbitrary_ende_attn_3=-1, decoder_arbitrary_ende_attn_4=-1, decoder_arbitrary_ende_attn_5=2
| epoch 006:    200 / 1101 loss=6.518, nll_loss=5.508, ppl=45.49, wps=6471, ups=1, wpb=3561.045, bsz=150.682, num_updates=5706, lr=0.000285343, gnorm=1.186, clip=0.000, oom=0.000, wall=3286, train_wall=3048, encoder_embed_dim=640, encoder_layer_num=6, encoder_ffn_embed_dim_0=512, encoder_ffn_embed_dim_1=1024, encoder_ffn_embed_dim_2=2048, encoder_ffn_embed_dim_3=512, encoder_ffn_embed_dim_4=2048, encoder_ffn_embed_dim_5=1024, encoder_self_attention_heads_0=4, encoder_self_attention_heads_1=4, encoder_self_attention_heads_2=4, encoder_self_attention_heads_3=2, encoder_self_attention_heads_4=4, encoder_self_attention_heads_5=2, decoder_embed_dim=640, decoder_layer_num=6, decoder_ffn_embed_dim_0=512, decoder_ffn_embed_dim_1=2048, decoder_ffn_embed_dim_2=2048, decoder_ffn_embed_dim_3=512, decoder_ffn_embed_dim_4=512, decoder_ffn_embed_dim_5=512, decoder_self_attention_heads_0=2, decoder_self_attention_heads_1=2, decoder_self_attention_heads_2=4, decoder_self_attention_heads_3=4, decoder_self_attention_heads_4=4, decoder_self_attention_heads_5=2, decoder_ende_attention_heads_0=4, decoder_ende_attention_heads_1=4, decoder_ende_attention_heads_2=4, decoder_ende_attention_heads_3=2, decoder_ende_attention_heads_4=4, decoder_ende_attention_heads_5=2, decoder_arbitrary_ende_attn_0=2, decoder_arbitrary_ende_attn_1=1, decoder_arbitrary_ende_attn_2=1, decoder_arbitrary_ende_attn_3=1, decoder_arbitrary_ende_attn_4=-1, decoder_arbitrary_ende_attn_5=1
| epoch 006:    300 / 1101 loss=6.525, nll_loss=5.515, ppl=45.72, wps=6465, ups=2, wpb=3553.787, bsz=145.777, num_updates=5806, lr=0.000290342, gnorm=1.166, clip=0.000, oom=0.000, wall=3341, train_wall=3101, encoder_embed_dim=512, encoder_layer_num=6, encoder_ffn_embed_dim_0=2048, encoder_ffn_embed_dim_1=2048, encoder_ffn_embed_dim_2=1024, encoder_ffn_embed_dim_3=2048, encoder_ffn_embed_dim_4=1024, encoder_ffn_embed_dim_5=2048, encoder_self_attention_heads_0=2, encoder_self_attention_heads_1=2, encoder_self_attention_heads_2=4, encoder_self_attention_heads_3=2, encoder_self_attention_heads_4=4, encoder_self_attention_heads_5=4, decoder_embed_dim=640, decoder_layer_num=4, decoder_ffn_embed_dim_0=2048, decoder_ffn_embed_dim_1=1024, decoder_ffn_embed_dim_2=1024, decoder_ffn_embed_dim_3=2048, decoder_self_attention_heads_0=4, decoder_self_attention_heads_1=4, decoder_self_attention_heads_2=2, decoder_self_attention_heads_3=2, decoder_ende_attention_heads_0=2, decoder_ende_attention_heads_1=2, decoder_ende_attention_heads_2=4, decoder_ende_attention_heads_3=2, decoder_arbitrary_ende_attn_0=-1, decoder_arbitrary_ende_attn_1=1, decoder_arbitrary_ende_attn_2=1, decoder_arbitrary_ende_attn_3=1, decoder_arbitrary_ende_attn_4=-1, decoder_arbitrary_ende_attn_5=2
| epoch 006:    400 / 1101 loss=6.489, nll_loss=5.474, ppl=44.45, wps=6464, ups=2, wpb=3578.209, bsz=147.170, num_updates=5906, lr=0.000295341, gnorm=1.166, clip=0.000, oom=0.000, wall=3397, train_wall=3157, encoder_embed_dim=640, encoder_layer_num=6, encoder_ffn_embed_dim_0=512, encoder_ffn_embed_dim_1=512, encoder_ffn_embed_dim_2=1024, encoder_ffn_embed_dim_3=2048, encoder_ffn_embed_dim_4=512, encoder_ffn_embed_dim_5=2048, encoder_self_attention_heads_0=4, encoder_self_attention_heads_1=2, encoder_self_attention_heads_2=4, encoder_self_attention_heads_3=2, encoder_self_attention_heads_4=4, encoder_self_attention_heads_5=2, decoder_embed_dim=512, decoder_layer_num=3, decoder_ffn_embed_dim_0=2048, decoder_ffn_embed_dim_1=2048, decoder_ffn_embed_dim_2=1024, decoder_self_attention_heads_0=4, decoder_self_attention_heads_1=4, decoder_self_attention_heads_2=4, decoder_ende_attention_heads_0=2, decoder_ende_attention_heads_1=4, decoder_ende_attention_heads_2=2, decoder_arbitrary_ende_attn_0=2, decoder_arbitrary_ende_attn_1=1, decoder_arbitrary_ende_attn_2=-1, decoder_arbitrary_ende_attn_3=2, decoder_arbitrary_ende_attn_4=-1, decoder_arbitrary_ende_attn_5=1
| epoch 006:    500 / 1101 loss=6.464, nll_loss=5.445, ppl=43.56, wps=6495, ups=2, wpb=3588.257, bsz=145.994, num_updates=6006, lr=0.00030034, gnorm=1.155, clip=0.000, oom=0.000, wall=3452, train_wall=3210, encoder_embed_dim=640, encoder_layer_num=6, encoder_ffn_embed_dim_0=1024, encoder_ffn_embed_dim_1=512, encoder_ffn_embed_dim_2=512, encoder_ffn_embed_dim_3=512, encoder_ffn_embed_dim_4=2048, encoder_ffn_embed_dim_5=2048, encoder_self_attention_heads_0=4, encoder_self_attention_heads_1=4, encoder_self_attention_heads_2=2, encoder_self_attention_heads_3=2, encoder_self_attention_heads_4=2, encoder_self_attention_heads_5=2, decoder_embed_dim=512, decoder_layer_num=1, decoder_ffn_embed_dim_0=512, decoder_self_attention_heads_0=2, decoder_ende_attention_heads_0=4, decoder_arbitrary_ende_attn_0=1, decoder_arbitrary_ende_attn_1=-1, decoder_arbitrary_ende_attn_2=1, decoder_arbitrary_ende_attn_3=-1, decoder_arbitrary_ende_attn_4=-1, decoder_arbitrary_ende_attn_5=1
| epoch 006:    600 / 1101 loss=6.464, nll_loss=5.444, ppl=43.53, wps=6469, ups=2, wpb=3577.998, bsz=143.346, num_updates=6106, lr=0.000305339, gnorm=1.158, clip=0.000, oom=0.000, wall=3508, train_wall=3265, encoder_embed_dim=640, encoder_layer_num=6, encoder_ffn_embed_dim_0=2048, encoder_ffn_embed_dim_1=1024, encoder_ffn_embed_dim_2=1024, encoder_ffn_embed_dim_3=512, encoder_ffn_embed_dim_4=2048, encoder_ffn_embed_dim_5=512, encoder_self_attention_heads_0=2, encoder_self_attention_heads_1=4, encoder_self_attention_heads_2=2, encoder_self_attention_heads_3=2, encoder_self_attention_heads_4=2, encoder_self_attention_heads_5=4, decoder_embed_dim=640, decoder_layer_num=6, decoder_ffn_embed_dim_0=1024, decoder_ffn_embed_dim_1=512, decoder_ffn_embed_dim_2=2048, decoder_ffn_embed_dim_3=2048, decoder_ffn_embed_dim_4=1024, decoder_ffn_embed_dim_5=2048, decoder_self_attention_heads_0=2, decoder_self_attention_heads_1=4, decoder_self_attention_heads_2=2, decoder_self_attention_heads_3=2, decoder_self_attention_heads_4=2, decoder_self_attention_heads_5=4, decoder_ende_attention_heads_0=2, decoder_ende_attention_heads_1=2, decoder_ende_attention_heads_2=2, decoder_ende_attention_heads_3=2, decoder_ende_attention_heads_4=4, decoder_ende_attention_heads_5=4, decoder_arbitrary_ende_attn_0=-1, decoder_arbitrary_ende_attn_1=2, decoder_arbitrary_ende_attn_2=2, decoder_arbitrary_ende_attn_3=-1, decoder_arbitrary_ende_attn_4=2, decoder_arbitrary_ende_attn_5=1
| epoch 006:    700 / 1101 loss=6.434, nll_loss=5.409, ppl=42.48, wps=6516, ups=2, wpb=3579.519, bsz=145.437, num_updates=6206, lr=0.000310338, gnorm=1.159, clip=0.000, oom=0.000, wall=3560, train_wall=3316, encoder_embed_dim=512, encoder_layer_num=6, encoder_ffn_embed_dim_0=512, encoder_ffn_embed_dim_1=512, encoder_ffn_embed_dim_2=1024, encoder_ffn_embed_dim_3=512, encoder_ffn_embed_dim_4=512, encoder_ffn_embed_dim_5=512, encoder_self_attention_heads_0=4, encoder_self_attention_heads_1=4, encoder_self_attention_heads_2=2, encoder_self_attention_heads_3=4, encoder_self_attention_heads_4=4, encoder_self_attention_heads_5=4, decoder_embed_dim=640, decoder_layer_num=5, decoder_ffn_embed_dim_0=512, decoder_ffn_embed_dim_1=1024, decoder_ffn_embed_dim_2=2048, decoder_ffn_embed_dim_3=512, decoder_ffn_embed_dim_4=1024, decoder_self_attention_heads_0=2, decoder_self_attention_heads_1=2, decoder_self_attention_heads_2=4, decoder_self_attention_heads_3=4, decoder_self_attention_heads_4=2, decoder_ende_attention_heads_0=2, decoder_ende_attention_heads_1=2, decoder_ende_attention_heads_2=4, decoder_ende_attention_heads_3=2, decoder_ende_attention_heads_4=2, decoder_arbitrary_ende_attn_0=-1, decoder_arbitrary_ende_attn_1=2, decoder_arbitrary_ende_attn_2=1, decoder_arbitrary_ende_attn_3=2, decoder_arbitrary_ende_attn_4=-1, decoder_arbitrary_ende_attn_5=1
| epoch 006:    800 / 1101 loss=6.391, nll_loss=5.360, ppl=41.06, wps=6505, ups=2, wpb=3590.317, bsz=148.753, num_updates=6306, lr=0.000315337, gnorm=1.158, clip=0.000, oom=0.000, wall=3617, train_wall=3372, encoder_embed_dim=640, encoder_layer_num=6, encoder_ffn_embed_dim_0=2048, encoder_ffn_embed_dim_1=2048, encoder_ffn_embed_dim_2=512, encoder_ffn_embed_dim_3=2048, encoder_ffn_embed_dim_4=1024, encoder_ffn_embed_dim_5=1024, encoder_self_attention_heads_0=4, encoder_self_attention_heads_1=2, encoder_self_attention_heads_2=4, encoder_self_attention_heads_3=2, encoder_self_attention_heads_4=2, encoder_self_attention_heads_5=4, decoder_embed_dim=512, decoder_layer_num=5, decoder_ffn_embed_dim_0=1024, decoder_ffn_embed_dim_1=512, decoder_ffn_embed_dim_2=512, decoder_ffn_embed_dim_3=512, decoder_ffn_embed_dim_4=1024, decoder_self_attention_heads_0=2, decoder_self_attention_heads_1=2, decoder_self_attention_heads_2=2, decoder_self_attention_heads_3=4, decoder_self_attention_heads_4=4, decoder_ende_attention_heads_0=2, decoder_ende_attention_heads_1=4, decoder_ende_attention_heads_2=4, decoder_ende_attention_heads_3=4, decoder_ende_attention_heads_4=4, decoder_arbitrary_ende_attn_0=1, decoder_arbitrary_ende_attn_1=2, decoder_arbitrary_ende_attn_2=2, decoder_arbitrary_ende_attn_3=-1, decoder_arbitrary_ende_attn_4=2, decoder_arbitrary_ende_attn_5=1
| epoch 006:    900 / 1101 loss=6.391, nll_loss=5.358, ppl=41.03, wps=6513, ups=2, wpb=3585.997, bsz=146.352, num_updates=6406, lr=0.000320336, gnorm=1.160, clip=0.000, oom=0.000, wall=3671, train_wall=3425, encoder_embed_dim=512, encoder_layer_num=6, encoder_ffn_embed_dim_0=1024, encoder_ffn_embed_dim_1=2048, encoder_ffn_embed_dim_2=2048, encoder_ffn_embed_dim_3=2048, encoder_ffn_embed_dim_4=1024, encoder_ffn_embed_dim_5=1024, encoder_self_attention_heads_0=2, encoder_self_attention_heads_1=2, encoder_self_attention_heads_2=4, encoder_self_attention_heads_3=2, encoder_self_attention_heads_4=2, encoder_self_attention_heads_5=4, decoder_embed_dim=512, decoder_layer_num=2, decoder_ffn_embed_dim_0=512, decoder_ffn_embed_dim_1=1024, decoder_self_attention_heads_0=4, decoder_self_attention_heads_1=4, decoder_ende_attention_heads_0=2, decoder_ende_attention_heads_1=4, decoder_arbitrary_ende_attn_0=2, decoder_arbitrary_ende_attn_1=2, decoder_arbitrary_ende_attn_2=2, decoder_arbitrary_ende_attn_3=2, decoder_arbitrary_ende_attn_4=1, decoder_arbitrary_ende_attn_5=-1
| epoch 006:   1000 / 1101 loss=6.376, nll_loss=5.341, ppl=40.53, wps=6504, ups=2, wpb=3585.134, bsz=145.613, num_updates=6506, lr=0.000325335, gnorm=1.156, clip=0.000, oom=0.000, wall=3727, train_wall=3479, encoder_embed_dim=640, encoder_layer_num=6, encoder_ffn_embed_dim_0=1024, encoder_ffn_embed_dim_1=1024, encoder_ffn_embed_dim_2=2048, encoder_ffn_embed_dim_3=512, encoder_ffn_embed_dim_4=2048, encoder_ffn_embed_dim_5=2048, encoder_self_attention_heads_0=4, encoder_self_attention_heads_1=2, encoder_self_attention_heads_2=4, encoder_self_attention_heads_3=4, encoder_self_attention_heads_4=4, encoder_self_attention_heads_5=2, decoder_embed_dim=512, decoder_layer_num=5, decoder_ffn_embed_dim_0=1024, decoder_ffn_embed_dim_1=2048, decoder_ffn_embed_dim_2=512, decoder_ffn_embed_dim_3=2048, decoder_ffn_embed_dim_4=1024, decoder_self_attention_heads_0=2, decoder_self_attention_heads_1=4, decoder_self_attention_heads_2=4, decoder_self_attention_heads_3=2, decoder_self_attention_heads_4=4, decoder_ende_attention_heads_0=2, decoder_ende_attention_heads_1=4, decoder_ende_attention_heads_2=2, decoder_ende_attention_heads_3=2, decoder_ende_attention_heads_4=2, decoder_arbitrary_ende_attn_0=1, decoder_arbitrary_ende_attn_1=1, decoder_arbitrary_ende_attn_2=2, decoder_arbitrary_ende_attn_3=1, decoder_arbitrary_ende_attn_4=-1, decoder_arbitrary_ende_attn_5=-1
| epoch 006:   1100 / 1101 loss=6.354, nll_loss=5.316, ppl=39.83, wps=6523, ups=2, wpb=3586.843, bsz=145.540, num_updates=6606, lr=0.000330334, gnorm=1.155, clip=0.000, oom=0.000, wall=3781, train_wall=3532, encoder_embed_dim=640, encoder_layer_num=6, encoder_ffn_embed_dim_0=1024, encoder_ffn_embed_dim_1=1024, encoder_ffn_embed_dim_2=1024, encoder_ffn_embed_dim_3=2048, encoder_ffn_embed_dim_4=2048, encoder_ffn_embed_dim_5=1024, encoder_self_attention_heads_0=4, encoder_self_attention_heads_1=4, encoder_self_attention_heads_2=4, encoder_self_attention_heads_3=2, encoder_self_attention_heads_4=4, encoder_self_attention_heads_5=4, decoder_embed_dim=640, decoder_layer_num=5, decoder_ffn_embed_dim_0=2048, decoder_ffn_embed_dim_1=512, decoder_ffn_embed_dim_2=512, decoder_ffn_embed_dim_3=1024, decoder_ffn_embed_dim_4=1024, decoder_self_attention_heads_0=4, decoder_self_attention_heads_1=2, decoder_self_attention_heads_2=2, decoder_self_attention_heads_3=4, decoder_self_attention_heads_4=2, decoder_ende_attention_heads_0=4, decoder_ende_attention_heads_1=2, decoder_ende_attention_heads_2=2, decoder_ende_attention_heads_3=2, decoder_ende_attention_heads_4=4, decoder_arbitrary_ende_attn_0=1, decoder_arbitrary_ende_attn_1=-1, decoder_arbitrary_ende_attn_2=1, decoder_arbitrary_ende_attn_3=2, decoder_arbitrary_ende_attn_4=1, decoder_arbitrary_ende_attn_5=-1
| epoch 006 | loss 6.354 | nll_loss 5.316 | ppl 39.83 | wps 6521 | ups 2 | wpb 3586.843 | bsz 145.540 | num_updates 6606 | lr 0.000330334 | gnorm 1.155 | clip 0.000 | oom 0.000 | wall 3781 | train_wall 3532
| epoch 006 | validate on 'valid' subset | loss 5.989 | nll_loss 4.710 | ppl 26.18 | num_updates 6606 | best_loss 5.98891 | largest_arbitrary1_loss 5.989 | largest_arbitrary1_nll_loss 4.710
| epoch 006 | validate on 'valid' subset | loss 6.106 | nll_loss 4.897 | ppl 29.80 | num_updates 6606 | best_loss 6.10576 | smallest_arbitrary1_loss 6.106 | smallest_arbitrary1_nll_loss 4.897
| saved checkpoint ../checkpoints/iwslt14_super_full50000_fromscratch/checkpoint6.pt (epoch 6 @ 6606 updates) (writing took 4.8509252071380615 seconds)|| epoch 007:    100 / 1101 loss=6.133, nll_loss=5.061, ppl=33.37, wps=6764, ups=1, wpb=3601.248, bsz=136.634, num_updates=6707, lr=0.000335383, gnorm=1.148, clip=0.000, oom=0.000, wall=3865, train_wall=3584, encoder_embed_dim=640, encoder_layer_num=6, encoder_ffn_embed_dim_0=2048, encoder_ffn_embed_dim_1=2048, encoder_ffn_embed_dim_2=512, encoder_ffn_embed_dim_3=1024, encoder_ffn_embed_dim_4=512, encoder_ffn_embed_dim_5=2048, encoder_self_attention_heads_0=2, encoder_self_attention_heads_1=2, encoder_self_attention_heads_2=2, encoder_self_attention_heads_3=2, encoder_self_attention_heads_4=2, encoder_self_attention_heads_5=2, decoder_embed_dim=512, decoder_layer_num=5, decoder_ffn_embed_dim_0=1024, decoder_ffn_embed_dim_1=512, decoder_ffn_embed_dim_2=1024, decoder_ffn_embed_dim_3=2048, decoder_ffn_embed_dim_4=2048, decoder_self_attention_heads_0=2, decoder_self_attention_heads_1=4, decoder_self_attention_heads_2=2, decoder_self_attention_heads_3=4, decoder_self_attention_heads_4=4, decoder_ende_attention_heads_0=4, decoder_ende_attention_heads_1=4, decoder_ende_attention_heads_2=2, decoder_ende_attention_heads_3=2, decoder_ende_attention_heads_4=4, decoder_arbitrary_ende_attn_0=-1, decoder_arbitrary_ende_attn_1=1, decoder_arbitrary_ende_attn_2=1, decoder_arbitrary_ende_attn_3=-1, decoder_arbitrary_ende_attn_4=-1, decoder_arbitrary_ende_attn_5=2|| epoch 007:    200 / 1101 loss=6.039, nll_loss=4.951, ppl=30.93, wps=6732, ups=1, wpb=3624.418, bsz=149.493, num_updates=6807, lr=0.000340382, gnorm=1.131, clip=0.000, oom=0.000, wall=3919, train_wall=3638, encoder_embed_dim=512, encoder_layer_num=6, encoder_ffn_embed_dim_0=2048, encoder_ffn_embed_dim_1=2048, encoder_ffn_embed_dim_2=512, encoder_ffn_embed_dim_3=2048, encoder_ffn_embed_dim_4=512, encoder_ffn_embed_dim_5=2048, encoder_self_attention_heads_0=2, encoder_self_attention_heads_1=4, encoder_self_attention_heads_2=4, encoder_self_attention_heads_3=2, encoder_self_attention_heads_4=2, encoder_self_attention_heads_5=2, decoder_embed_dim=512, decoder_layer_num=5, decoder_ffn_embed_dim_0=2048, decoder_ffn_embed_dim_1=512, decoder_ffn_embed_dim_2=1024, decoder_ffn_embed_dim_3=2048, decoder_ffn_embed_dim_4=2048, decoder_self_attention_heads_0=2, decoder_self_attention_heads_1=4, decoder_self_attention_heads_2=4, decoder_self_attention_heads_3=2, decoder_self_attention_heads_4=2, decoder_ende_attention_heads_0=4, decoder_ende_attention_heads_1=2, decoder_ende_attention_heads_2=2, decoder_ende_attention_heads_3=2, decoder_ende_attention_heads_4=2, decoder_arbitrary_ende_attn_0=2, decoder_arbitrary_ende_attn_1=1, decoder_arbitrary_ende_attn_2=-1, decoder_arbitrary_ende_attn_3=-1, decoder_arbitrary_ende_attn_4=2, decoder_arbitrary_ende_attn_5=2|| epoch 007:    300 / 1101 loss=6.016, nll_loss=4.923, ppl=30.35, wps=6687, ups=2, wpb=3615.807, bsz=149.369, num_updates=6907, lr=0.000345381, gnorm=1.128, clip=0.000, oom=0.000, wall=3974, train_wall=3691, encoder_embed_dim=512, encoder_layer_num=6, encoder_ffn_embed_dim_0=1024, encoder_ffn_embed_dim_1=2048, encoder_ffn_embed_dim_2=512, encoder_ffn_embed_dim_3=2048, encoder_ffn_embed_dim_4=1024, encoder_ffn_embed_dim_5=512, encoder_self_attention_heads_0=4, encoder_self_attention_heads_1=2, encoder_self_attention_heads_2=4, encoder_self_attention_heads_3=2, encoder_self_attention_heads_4=2, encoder_self_attention_heads_5=2, decoder_embed_dim=512, decoder_layer_num=3, decoder_ffn_embed_dim_0=2048, decoder_ffn_embed_dim_1=512, decoder_ffn_embed_dim_2=2048, decoder_self_attention_heads_0=2, decoder_self_attention_heads_1=2, decoder_self_attention_heads_2=4, decoder_ende_attention_heads_0=2, decoder_ende_attention_heads_1=2, decoder_ende_attention_heads_2=4, decoder_arbitrary_ende_attn_0=2, decoder_arbitrary_ende_attn_1=1, decoder_arbitrary_ende_attn_2=-1, decoder_arbitrary_ende_attn_3=2, decoder_arbitrary_ende_attn_4=-1, decoder_arbitrary_ende_attn_5=2|| epoch 007:    400 / 1101 loss=6.002, nll_loss=4.907, ppl=29.99, wps=6650, ups=2, wpb=3609.234, bsz=147.731, num_updates=7007, lr=0.00035038, gnorm=1.134, clip=0.000, oom=0.000, wall=4028, train_wall=3745, encoder_embed_dim=512, encoder_layer_num=6, encoder_ffn_embed_dim_0=2048, encoder_ffn_embed_dim_1=2048, encoder_ffn_embed_dim_2=1024, encoder_ffn_embed_dim_3=512, encoder_ffn_embed_dim_4=1024, encoder_ffn_embed_dim_5=512, encoder_self_attention_heads_0=2, encoder_self_attention_heads_1=4, encoder_self_attention_heads_2=2, encoder_self_attention_heads_3=2, encoder_self_attention_heads_4=2, encoder_self_attention_heads_5=2, decoder_embed_dim=640, decoder_layer_num=6, decoder_ffn_embed_dim_0=2048, decoder_ffn_embed_dim_1=1024, decoder_ffn_embed_dim_2=1024, decoder_ffn_embed_dim_3=512, decoder_ffn_embed_dim_4=2048, decoder_ffn_embed_dim_5=2048, decoder_self_attention_heads_0=4, decoder_self_attention_heads_1=4, decoder_self_attention_heads_2=4, decoder_self_attention_heads_3=2, decoder_self_attention_heads_4=4, decoder_self_attention_heads_5=4, decoder_ende_attention_heads_0=4, decoder_ende_attention_heads_1=4, decoder_ende_attention_heads_2=4, decoder_ende_attention_heads_3=2, decoder_ende_attention_heads_4=4, decoder_ende_attention_heads_5=4, decoder_arbitrary_ende_attn_0=2, decoder_arbitrary_ende_attn_1=1, decoder_arbitrary_ende_attn_2=2, decoder_arbitrary_ende_attn_3=2, decoder_arbitrary_ende_attn_4=-1, decoder_arbitrary_ende_attn_5=-1|| epoch 007:    500 / 1101 loss=5.999, nll_loss=4.903, ppl=29.92, wps=6631, ups=2, wpb=3595.289, bsz=146.699, num_updates=7107, lr=0.000355379, gnorm=1.146, clip=0.000, oom=0.000, wall=4082, train_wall=3798, encoder_embed_dim=512, encoder_layer_num=6, encoder_ffn_embed_dim_0=1024, encoder_ffn_embed_dim_1=1024, encoder_ffn_embed_dim_2=2048, encoder_ffn_embed_dim_3=2048, encoder_ffn_embed_dim_4=1024, encoder_ffn_embed_dim_5=1024, encoder_self_attention_heads_0=2, encoder_self_attention_heads_1=2, encoder_self_attention_heads_2=4, encoder_self_attention_heads_3=2, encoder_self_attention_heads_4=4, encoder_self_attention_heads_5=2, decoder_embed_dim=512, decoder_layer_num=3, decoder_ffn_embed_dim_0=2048, decoder_ffn_embed_dim_1=1024, decoder_ffn_embed_dim_2=2048, decoder_self_attention_heads_0=2, decoder_self_attention_heads_1=2, decoder_self_attention_heads_2=2, decoder_ende_attention_heads_0=4, decoder_ende_attention_heads_1=4, decoder_ende_attention_heads_2=4, decoder_arbitrary_ende_attn_0=1, decoder_arbitrary_ende_attn_1=2, decoder_arbitrary_ende_attn_2=2, decoder_arbitrary_ende_attn_3=-1, decoder_arbitrary_ende_attn_4=1, decoder_arbitrary_ende_attn_5=1|| epoch 007:    600 / 1101 loss=6.001, nll_loss=4.904, ppl=29.93, wps=6584, ups=2, wpb=3585.379, bsz=144.957, num_updates=7207, lr=0.000360378, gnorm=1.163, clip=0.000, oom=0.000, wall=4138, train_wall=3852, encoder_embed_dim=640, encoder_layer_num=6, encoder_ffn_embed_dim_0=512, encoder_ffn_embed_dim_1=1024, encoder_ffn_embed_dim_2=512, encoder_ffn_embed_dim_3=1024, encoder_ffn_embed_dim_4=2048, encoder_ffn_embed_dim_5=1024, encoder_self_attention_heads_0=2, encoder_self_attention_heads_1=2, encoder_self_attention_heads_2=2, encoder_self_attention_heads_3=4, encoder_self_attention_heads_4=4, encoder_self_attention_heads_5=2, decoder_embed_dim=640, decoder_layer_num=5, decoder_ffn_embed_dim_0=2048, decoder_ffn_embed_dim_1=512, decoder_ffn_embed_dim_2=2048, decoder_ffn_embed_dim_3=512, decoder_ffn_embed_dim_4=1024, decoder_self_attention_heads_0=4, decoder_self_attention_heads_1=4, decoder_self_attention_heads_2=2, decoder_self_attention_heads_3=2, decoder_self_attention_heads_4=2, decoder_ende_attention_heads_0=4, decoder_ende_attention_heads_1=4, decoder_ende_attention_heads_2=2, decoder_ende_attention_heads_3=4, decoder_ende_attention_heads_4=4, decoder_arbitrary_ende_attn_0=-1, decoder_arbitrary_ende_attn_1=1, decoder_arbitrary_ende_attn_2=1, decoder_arbitrary_ende_attn_3=2, decoder_arbitrary_ende_attn_4=-1, decoder_arbitrary_ende_attn_5=1|| epoch 007:    700 / 1101 loss=5.979, nll_loss=4.878, ppl=29.41, wps=6608, ups=2, wpb=3583.104, bsz=146.007, num_updates=7307, lr=0.000365377, gnorm=1.161, clip=0.000, oom=0.000, wall=4191, train_wall=3904, encoder_embed_dim=640, encoder_layer_num=6, encoder_ffn_embed_dim_0=1024, encoder_ffn_embed_dim_1=2048, encoder_ffn_embed_dim_2=2048, encoder_ffn_embed_dim_3=2048, encoder_ffn_embed_dim_4=2048, encoder_ffn_embed_dim_5=1024, encoder_self_attention_heads_0=4, encoder_self_attention_heads_1=2, encoder_self_attention_heads_2=2, encoder_self_attention_heads_3=4, encoder_self_attention_heads_4=2, encoder_self_attention_heads_5=4, decoder_embed_dim=512, decoder_layer_num=2, decoder_ffn_embed_dim_0=1024, decoder_ffn_embed_dim_1=2048, decoder_self_attention_heads_0=4, decoder_self_attention_heads_1=2, decoder_ende_attention_heads_0=2, decoder_ende_attention_heads_1=4, decoder_arbitrary_ende_attn_0=2, decoder_arbitrary_ende_attn_1=2, decoder_arbitrary_ende_attn_2=1, decoder_arbitrary_ende_attn_3=1, decoder_arbitrary_ende_attn_4=2, decoder_arbitrary_ende_attn_5=2|| epoch 007:    800 / 1101 loss=5.969, nll_loss=4.866, ppl=29.17, wps=6616, ups=2, wpb=3586.135, bsz=144.668, num_updates=7407, lr=0.000370376, gnorm=1.156, clip=0.000, oom=0.000, wall=4245, train_wall=3957, encoder_embed_dim=512, encoder_layer_num=6, encoder_ffn_embed_dim_0=1024, encoder_ffn_embed_dim_1=1024, encoder_ffn_embed_dim_2=1024, encoder_ffn_embed_dim_3=1024, encoder_ffn_embed_dim_4=512, encoder_ffn_embed_dim_5=1024, encoder_self_attention_heads_0=2, encoder_self_attention_heads_1=4, encoder_self_attention_heads_2=2, encoder_self_attention_heads_3=4, encoder_self_attention_heads_4=2, encoder_self_attention_heads_5=4, decoder_embed_dim=512, decoder_layer_num=5, decoder_ffn_embed_dim_0=2048, decoder_ffn_embed_dim_1=1024, decoder_ffn_embed_dim_2=512, decoder_ffn_embed_dim_3=512, decoder_ffn_embed_dim_4=2048, decoder_self_attention_heads_0=4, decoder_self_attention_heads_1=2, decoder_self_attention_heads_2=4, decoder_self_attention_heads_3=2, decoder_self_attention_heads_4=4, decoder_ende_attention_heads_0=4, decoder_ende_attention_heads_1=2, decoder_ende_attention_heads_2=2, decoder_ende_attention_heads_3=2, decoder_ende_attention_heads_4=2, decoder_arbitrary_ende_attn_0=1, decoder_arbitrary_ende_attn_1=2, decoder_arbitrary_ende_attn_2=2, decoder_arbitrary_ende_attn_3=-1, decoder_arbitrary_ende_attn_4=2, decoder_arbitrary_ende_attn_5=1|| epoch 007:    900 / 1101 loss=5.943, nll_loss=4.836, ppl=28.56, wps=6616, ups=2, wpb=3584.857, bsz=146.627, num_updates=7507, lr=0.000375375, gnorm=1.156, clip=0.000, oom=0.000, wall=4299, train_wall=4010, encoder_embed_dim=640, encoder_layer_num=6, encoder_ffn_embed_dim_0=2048, encoder_ffn_embed_dim_1=1024, encoder_ffn_embed_dim_2=512, encoder_ffn_embed_dim_3=512, encoder_ffn_embed_dim_4=512, encoder_ffn_embed_dim_5=512, encoder_self_attention_heads_0=2, encoder_self_attention_heads_1=4, encoder_self_attention_heads_2=4, encoder_self_attention_heads_3=2, encoder_self_attention_heads_4=2, encoder_self_attention_heads_5=4, decoder_embed_dim=512, decoder_layer_num=4, decoder_ffn_embed_dim_0=1024, decoder_ffn_embed_dim_1=1024, decoder_ffn_embed_dim_2=1024, decoder_ffn_embed_dim_3=1024, decoder_self_attention_heads_0=4, decoder_self_attention_heads_1=2, decoder_self_attention_heads_2=4, decoder_self_attention_heads_3=4, decoder_ende_attention_heads_0=2, decoder_ende_attention_heads_1=2, decoder_ende_attention_heads_2=4, decoder_ende_attention_heads_3=2, decoder_arbitrary_ende_attn_0=-1, decoder_arbitrary_ende_attn_1=-1, decoder_arbitrary_ende_attn_2=-1, decoder_arbitrary_ende_attn_3=2, decoder_arbitrary_ende_attn_4=1, decoder_arbitrary_ende_attn_5=2|| epoch 007:   1000 / 1101 loss=5.930, nll_loss=4.820, ppl=28.25, wps=6620, ups=2, wpb=3586.512, bsz=146.005, num_updates=7607, lr=0.000380374, gnorm=1.155, clip=0.000, oom=0.000, wall=4353, train_wall=4063, encoder_embed_dim=640, encoder_layer_num=6, encoder_ffn_embed_dim_0=1024, encoder_ffn_embed_dim_1=1024, encoder_ffn_embed_dim_2=2048, encoder_ffn_embed_dim_3=512, encoder_ffn_embed_dim_4=1024, encoder_ffn_embed_dim_5=512, encoder_self_attention_heads_0=4, encoder_self_attention_heads_1=4, encoder_self_attention_heads_2=2, encoder_self_attention_heads_3=4, encoder_self_attention_heads_4=2, encoder_self_attention_heads_5=2, decoder_embed_dim=640, decoder_layer_num=6, decoder_ffn_embed_dim_0=512, decoder_ffn_embed_dim_1=2048, decoder_ffn_embed_dim_2=1024, decoder_ffn_embed_dim_3=2048, decoder_ffn_embed_dim_4=512, decoder_ffn_embed_dim_5=1024, decoder_self_attention_heads_0=4, decoder_self_attention_heads_1=4, decoder_self_attention_heads_2=2, decoder_self_attention_heads_3=2, decoder_self_attention_heads_4=4, decoder_self_attention_heads_5=4, decoder_ende_attention_heads_0=4, decoder_ende_attention_heads_1=2, decoder_ende_attention_heads_2=4, decoder_ende_attention_heads_3=2, decoder_ende_attention_heads_4=2, decoder_ende_attention_heads_5=2, decoder_arbitrary_ende_attn_0=-1, decoder_arbitrary_ende_attn_1=2, decoder_arbitrary_ende_attn_2=2, decoder_arbitrary_ende_attn_3=1, decoder_arbitrary_ende_attn_4=1, decoder_arbitrary_ende_attn_5=-1|| epoch 007:   1100 / 1101 loss=5.917, nll_loss=4.805, ppl=27.96, wps=6642, ups=2, wpb=3586.843, bsz=145.540, num_updates=7707, lr=0.000385373, gnorm=1.153, clip=0.000, oom=0.000, wall=4405, train_wall=4114, encoder_embed_dim=640, encoder_layer_num=6, encoder_ffn_embed_dim_0=512, encoder_ffn_embed_dim_1=512, encoder_ffn_embed_dim_2=1024, encoder_ffn_embed_dim_3=512, encoder_ffn_embed_dim_4=512, encoder_ffn_embed_dim_5=1024, encoder_self_attention_heads_0=4, encoder_self_attention_heads_1=4, encoder_self_attention_heads_2=4, encoder_self_attention_heads_3=2, encoder_self_attention_heads_4=2, encoder_self_attention_heads_5=2, decoder_embed_dim=512, decoder_layer_num=1, decoder_ffn_embed_dim_0=2048, decoder_self_attention_heads_0=2, decoder_ende_attention_heads_0=2, decoder_arbitrary_ende_attn_0=2, decoder_arbitrary_ende_attn_1=2, decoder_arbitrary_ende_attn_2=2, decoder_arbitrary_ende_attn_3=-1, decoder_arbitrary_ende_attn_4=2, decoder_arbitrary_ende_attn_5=-1
| epoch 007 | loss 5.917 | nll_loss 4.805 | ppl 27.96 | wps 6640 | ups 2 | wpb 3586.843 | bsz 145.540 | num_updates 7707 | lr 0.000385373 | gnorm 1.153 | clip 0.000 | oom 0.000 | wall 4406 | train_wall 4114
| epoch 007 | validate on 'valid' subset | loss 5.614 | nll_loss 4.257 | ppl 19.12 | num_updates 7707 | best_loss 5.61392 | largest_arbitrary1_loss 5.614 | largest_arbitrary1_nll_loss 4.257
| epoch 007 | validate on 'valid' subset | loss 5.714 | nll_loss 4.438 | ppl 21.67 | num_updates 7707 | best_loss 5.71356 | smallest_arbitrary1_loss 5.714 | smallest_arbitrary1_nll_loss 4.438
| saved checkpoint ../checkpoints/iwslt14_super_full50000_fromscratch/checkpoint7.pt (epoch 7 @ 7707 updates) (writing took 4.464850902557373 seconds)|| epoch 008:    100 / 1101 loss=5.590, nll_loss=4.426, ppl=21.50, wps=6404, ups=1, wpb=3613.475, bsz=151.287, num_updates=7808, lr=0.000390422, gnorm=1.142, clip=0.000, oom=0.000, wall=4492, train_wall=4170, encoder_embed_dim=512, encoder_layer_num=6, encoder_ffn_embed_dim_0=1024, encoder_ffn_embed_dim_1=2048, encoder_ffn_embed_dim_2=1024, encoder_ffn_embed_dim_3=2048, encoder_ffn_embed_dim_4=2048, encoder_ffn_embed_dim_5=512, encoder_self_attention_heads_0=2, encoder_self_attention_heads_1=4, encoder_self_attention_heads_2=2, encoder_self_attention_heads_3=4, encoder_self_attention_heads_4=2, encoder_self_attention_heads_5=4, decoder_embed_dim=640, decoder_layer_num=3, decoder_ffn_embed_dim_0=2048, decoder_ffn_embed_dim_1=1024, decoder_ffn_embed_dim_2=512, decoder_self_attention_heads_0=4, decoder_self_attention_heads_1=4, decoder_self_attention_heads_2=4, decoder_ende_attention_heads_0=2, decoder_ende_attention_heads_1=4, decoder_ende_attention_heads_2=2, decoder_arbitrary_ende_attn_0=-1, decoder_arbitrary_ende_attn_1=2, decoder_arbitrary_ende_attn_2=2, decoder_arbitrary_ende_attn_3=-1, decoder_arbitrary_ende_attn_4=-1, decoder_arbitrary_ende_attn_5=-1|| epoch 008:    200 / 1101 loss=5.633, nll_loss=4.473, ppl=22.21, wps=6511, ups=1, wpb=3607.811, bsz=148.896, num_updates=7908, lr=0.000395421, gnorm=1.142, clip=0.000, oom=0.000, wall=4546, train_wall=4223, encoder_embed_dim=640, encoder_layer_num=6, encoder_ffn_embed_dim_0=2048, encoder_ffn_embed_dim_1=1024, encoder_ffn_embed_dim_2=1024, encoder_ffn_embed_dim_3=2048, encoder_ffn_embed_dim_4=1024, encoder_ffn_embed_dim_5=512, encoder_self_attention_heads_0=2, encoder_self_attention_heads_1=2, encoder_self_attention_heads_2=2, encoder_self_attention_heads_3=2, encoder_self_attention_heads_4=2, encoder_self_attention_heads_5=2, decoder_embed_dim=640, decoder_layer_num=6, decoder_ffn_embed_dim_0=2048, decoder_ffn_embed_dim_1=512, decoder_ffn_embed_dim_2=512, decoder_ffn_embed_dim_3=1024, decoder_ffn_embed_dim_4=512, decoder_ffn_embed_dim_5=1024, decoder_self_attention_heads_0=2, decoder_self_attention_heads_1=2, decoder_self_attention_heads_2=4, decoder_self_attention_heads_3=2, decoder_self_attention_heads_4=4, decoder_self_attention_heads_5=4, decoder_ende_attention_heads_0=4, decoder_ende_attention_heads_1=2, decoder_ende_attention_heads_2=2, decoder_ende_attention_heads_3=2, decoder_ende_attention_heads_4=2, decoder_ende_attention_heads_5=4, decoder_arbitrary_ende_attn_0=1, decoder_arbitrary_ende_attn_1=-1, decoder_arbitrary_ende_attn_2=-1, decoder_arbitrary_ende_attn_3=2, decoder_arbitrary_ende_attn_4=1, decoder_arbitrary_ende_attn_5=2|| epoch 008:    300 / 1101 loss=5.620, nll_loss=4.457, ppl=21.97, wps=6506, ups=2, wpb=3599.654, bsz=150.003, num_updates=8008, lr=0.00040042, gnorm=1.139, clip=0.000, oom=0.000, wall=4601, train_wall=4277, encoder_embed_dim=512, encoder_layer_num=6, encoder_ffn_embed_dim_0=1024, encoder_ffn_embed_dim_1=1024, encoder_ffn_embed_dim_2=2048, encoder_ffn_embed_dim_3=2048, encoder_ffn_embed_dim_4=512, encoder_ffn_embed_dim_5=512, encoder_self_attention_heads_0=4, encoder_self_attention_heads_1=4, encoder_self_attention_heads_2=4, encoder_self_attention_heads_3=4, encoder_self_attention_heads_4=2, encoder_self_attention_heads_5=4, decoder_embed_dim=640, decoder_layer_num=1, decoder_ffn_embed_dim_0=1024, decoder_self_attention_heads_0=4, decoder_ende_attention_heads_0=2, decoder_arbitrary_ende_attn_0=2, decoder_arbitrary_ende_attn_1=2, decoder_arbitrary_ende_attn_2=1, decoder_arbitrary_ende_attn_3=1, decoder_arbitrary_ende_attn_4=1, decoder_arbitrary_ende_attn_5=2|| epoch 008:    400 / 1101 loss=5.619, nll_loss=4.454, ppl=21.92, wps=6503, ups=2, wpb=3583.893, bsz=150.302, num_updates=8108, lr=0.000405419, gnorm=1.144, clip=0.000, oom=0.000, wall=4656, train_wall=4330, encoder_embed_dim=640, encoder_layer_num=6, encoder_ffn_embed_dim_0=2048, encoder_ffn_embed_dim_1=512, encoder_ffn_embed_dim_2=1024, encoder_ffn_embed_dim_3=512, encoder_ffn_embed_dim_4=2048, encoder_ffn_embed_dim_5=2048, encoder_self_attention_heads_0=4, encoder_self_attention_heads_1=2, encoder_self_attention_heads_2=4, encoder_self_attention_heads_3=2, encoder_self_attention_heads_4=4, encoder_self_attention_heads_5=4, decoder_embed_dim=640, decoder_layer_num=2, decoder_ffn_embed_dim_0=2048, decoder_ffn_embed_dim_1=2048, decoder_self_attention_heads_0=2, decoder_self_attention_heads_1=4, decoder_ende_attention_heads_0=2, decoder_ende_attention_heads_1=4, decoder_arbitrary_ende_attn_0=-1, decoder_arbitrary_ende_attn_1=1, decoder_arbitrary_ende_attn_2=1, decoder_arbitrary_ende_attn_3=-1, decoder_arbitrary_ende_attn_4=-1, decoder_arbitrary_ende_attn_5=2|| epoch 008:    500 / 1101 loss=5.621, nll_loss=4.457, ppl=21.96, wps=6537, ups=2, wpb=3584.271, bsz=149.762, num_updates=8208, lr=0.000410418, gnorm=1.147, clip=0.000, oom=0.000, wall=4709, train_wall=4383, encoder_embed_dim=512, encoder_layer_num=6, encoder_ffn_embed_dim_0=512, encoder_ffn_embed_dim_1=2048, encoder_ffn_embed_dim_2=2048, encoder_ffn_embed_dim_3=512, encoder_ffn_embed_dim_4=512, encoder_ffn_embed_dim_5=1024, encoder_self_attention_heads_0=2, encoder_self_attention_heads_1=2, encoder_self_attention_heads_2=4, encoder_self_attention_heads_3=4, encoder_self_attention_heads_4=4, encoder_self_attention_heads_5=4, decoder_embed_dim=512, decoder_layer_num=3, decoder_ffn_embed_dim_0=512, decoder_ffn_embed_dim_1=2048, decoder_ffn_embed_dim_2=512, decoder_self_attention_heads_0=4, decoder_self_attention_heads_1=2, decoder_self_attention_heads_2=4, decoder_ende_attention_heads_0=4, decoder_ende_attention_heads_1=2, decoder_ende_attention_heads_2=2, decoder_arbitrary_ende_attn_0=1, decoder_arbitrary_ende_attn_1=2, decoder_arbitrary_ende_attn_2=2, decoder_arbitrary_ende_attn_3=-1, decoder_arbitrary_ende_attn_4=1, decoder_arbitrary_ende_attn_5=-1|| epoch 008:    600 / 1101 loss=5.617, nll_loss=4.451, ppl=21.87, wps=6543, ups=2, wpb=3590.686, bsz=147.725, num_updates=8308, lr=0.000415417, gnorm=1.143, clip=0.000, oom=0.000, wall=4765, train_wall=4437, encoder_embed_dim=640, encoder_layer_num=6, encoder_ffn_embed_dim_0=1024, encoder_ffn_embed_dim_1=512, encoder_ffn_embed_dim_2=1024, encoder_ffn_embed_dim_3=2048, encoder_ffn_embed_dim_4=2048, encoder_ffn_embed_dim_5=512, encoder_self_attention_heads_0=4, encoder_self_attention_heads_1=2, encoder_self_attention_heads_2=4, encoder_self_attention_heads_3=4, encoder_self_attention_heads_4=2, encoder_self_attention_heads_5=4, decoder_embed_dim=512, decoder_layer_num=2, decoder_ffn_embed_dim_0=512, decoder_ffn_embed_dim_1=2048, decoder_self_attention_heads_0=4, decoder_self_attention_heads_1=4, decoder_ende_attention_heads_0=4, decoder_ende_attention_heads_1=4, decoder_arbitrary_ende_attn_0=-1, decoder_arbitrary_ende_attn_1=2, decoder_arbitrary_ende_attn_2=-1, decoder_arbitrary_ende_attn_3=-1, decoder_arbitrary_ende_attn_4=-1, decoder_arbitrary_ende_attn_5=-1|| epoch 008:    700 / 1101 loss=5.602, nll_loss=4.434, ppl=21.61, wps=6543, ups=2, wpb=3584.282, bsz=148.963, num_updates=8408, lr=0.000420416, gnorm=1.144, clip=0.000, oom=0.000, wall=4819, train_wall=4490, encoder_embed_dim=640, encoder_layer_num=6, encoder_ffn_embed_dim_0=512, encoder_ffn_embed_dim_1=1024, encoder_ffn_embed_dim_2=512, encoder_ffn_embed_dim_3=2048, encoder_ffn_embed_dim_4=512, encoder_ffn_embed_dim_5=512, encoder_self_attention_heads_0=2, encoder_self_attention_heads_1=2, encoder_self_attention_heads_2=4, encoder_self_attention_heads_3=4, encoder_self_attention_heads_4=4, encoder_self_attention_heads_5=4, decoder_embed_dim=512, decoder_layer_num=1, decoder_ffn_embed_dim_0=1024, decoder_self_attention_heads_0=4, decoder_ende_attention_heads_0=2, decoder_arbitrary_ende_attn_0=2, decoder_arbitrary_ende_attn_1=1, decoder_arbitrary_ende_attn_2=-1, decoder_arbitrary_ende_attn_3=-1, decoder_arbitrary_ende_attn_4=2, decoder_arbitrary_ende_attn_5=-1|| epoch 008:    800 / 1101 loss=5.610, nll_loss=4.442, ppl=21.73, wps=6548, ups=2, wpb=3583.814, bsz=146.625, num_updates=8508, lr=0.000425415, gnorm=1.145, clip=0.000, oom=0.000, wall=4873, train_wall=4543, encoder_embed_dim=640, encoder_layer_num=6, encoder_ffn_embed_dim_0=512, encoder_ffn_embed_dim_1=512, encoder_ffn_embed_dim_2=1024, encoder_ffn_embed_dim_3=512, encoder_ffn_embed_dim_4=512, encoder_ffn_embed_dim_5=512, encoder_self_attention_heads_0=4, encoder_self_attention_heads_1=2, encoder_self_attention_heads_2=4, encoder_self_attention_heads_3=4, encoder_self_attention_heads_4=4, encoder_self_attention_heads_5=2, decoder_embed_dim=640, decoder_layer_num=6, decoder_ffn_embed_dim_0=1024, decoder_ffn_embed_dim_1=1024, decoder_ffn_embed_dim_2=1024, decoder_ffn_embed_dim_3=2048, decoder_ffn_embed_dim_4=512, decoder_ffn_embed_dim_5=512, decoder_self_attention_heads_0=4, decoder_self_attention_heads_1=4, decoder_self_attention_heads_2=4, decoder_self_attention_heads_3=4, decoder_self_attention_heads_4=4, decoder_self_attention_heads_5=2, decoder_ende_attention_heads_0=4, decoder_ende_attention_heads_1=4, decoder_ende_attention_heads_2=2, decoder_ende_attention_heads_3=2, decoder_ende_attention_heads_4=4, decoder_ende_attention_heads_5=4, decoder_arbitrary_ende_attn_0=-1, decoder_arbitrary_ende_attn_1=2, decoder_arbitrary_ende_attn_2=-1, decoder_arbitrary_ende_attn_3=2, decoder_arbitrary_ende_attn_4=-1, decoder_arbitrary_ende_attn_5=1|| epoch 008:    900 / 1101 loss=5.601, nll_loss=4.431, ppl=21.57, wps=6554, ups=2, wpb=3585.607, bsz=146.805, num_updates=8608, lr=0.000430414, gnorm=1.146, clip=0.000, oom=0.000, wall=4928, train_wall=4596, encoder_embed_dim=640, encoder_layer_num=6, encoder_ffn_embed_dim_0=512, encoder_ffn_embed_dim_1=1024, encoder_ffn_embed_dim_2=2048, encoder_ffn_embed_dim_3=512, encoder_ffn_embed_dim_4=512, encoder_ffn_embed_dim_5=1024, encoder_self_attention_heads_0=2, encoder_self_attention_heads_1=4, encoder_self_attention_heads_2=4, encoder_self_attention_heads_3=2, encoder_self_attention_heads_4=4, encoder_self_attention_heads_5=2, decoder_embed_dim=640, decoder_layer_num=2, decoder_ffn_embed_dim_0=1024, decoder_ffn_embed_dim_1=512, decoder_self_attention_heads_0=2, decoder_self_attention_heads_1=4, decoder_ende_attention_heads_0=4, decoder_ende_attention_heads_1=2, decoder_arbitrary_ende_attn_0=1, decoder_arbitrary_ende_attn_1=2, decoder_arbitrary_ende_attn_2=1, decoder_arbitrary_ende_attn_3=-1, decoder_arbitrary_ende_attn_4=2, decoder_arbitrary_ende_attn_5=-1|| epoch 008:   1000 / 1101 loss=5.591, nll_loss=4.420, ppl=21.41, wps=6549, ups=2, wpb=3587.849, bsz=146.860, num_updates=8708, lr=0.000435413, gnorm=1.148, clip=0.000, oom=0.000, wall=4983, train_wall=4651, encoder_embed_dim=512, encoder_layer_num=6, encoder_ffn_embed_dim_0=2048, encoder_ffn_embed_dim_1=2048, encoder_ffn_embed_dim_2=512, encoder_ffn_embed_dim_3=1024, encoder_ffn_embed_dim_4=1024, encoder_ffn_embed_dim_5=512, encoder_self_attention_heads_0=2, encoder_self_attention_heads_1=2, encoder_self_attention_heads_2=4, encoder_self_attention_heads_3=4, encoder_self_attention_heads_4=2, encoder_self_attention_heads_5=2, decoder_embed_dim=512, decoder_layer_num=3, decoder_ffn_embed_dim_0=1024, decoder_ffn_embed_dim_1=2048, decoder_ffn_embed_dim_2=2048, decoder_self_attention_heads_0=4, decoder_self_attention_heads_1=2, decoder_self_attention_heads_2=2, decoder_ende_attention_heads_0=4, decoder_ende_attention_heads_1=2, decoder_ende_attention_heads_2=2, decoder_arbitrary_ende_attn_0=-1, decoder_arbitrary_ende_attn_1=2, decoder_arbitrary_ende_attn_2=-1, decoder_arbitrary_ende_attn_3=1, decoder_arbitrary_ende_attn_4=1, decoder_arbitrary_ende_attn_5=2|| epoch 008:   1100 / 1101 loss=5.591, nll_loss=4.419, ppl=21.40, wps=6563, ups=2, wpb=3586.843, bsz=145.540, num_updates=8808, lr=0.000440412, gnorm=1.148, clip=0.000, oom=0.000, wall=5036, train_wall=4703, encoder_embed_dim=640, encoder_layer_num=6, encoder_ffn_embed_dim_0=2048, encoder_ffn_embed_dim_1=512, encoder_ffn_embed_dim_2=512, encoder_ffn_embed_dim_3=1024, encoder_ffn_embed_dim_4=2048, encoder_ffn_embed_dim_5=1024, encoder_self_attention_heads_0=2, encoder_self_attention_heads_1=4, encoder_self_attention_heads_2=2, encoder_self_attention_heads_3=4, encoder_self_attention_heads_4=4, encoder_self_attention_heads_5=4, decoder_embed_dim=512, decoder_layer_num=4, decoder_ffn_embed_dim_0=1024, decoder_ffn_embed_dim_1=1024, decoder_ffn_embed_dim_2=2048, decoder_ffn_embed_dim_3=1024, decoder_self_attention_heads_0=2, decoder_self_attention_heads_1=4, decoder_self_attention_heads_2=4, decoder_self_attention_heads_3=4, decoder_ende_attention_heads_0=4, decoder_ende_attention_heads_1=2, decoder_ende_attention_heads_2=4, decoder_ende_attention_heads_3=2, decoder_arbitrary_ende_attn_0=1, decoder_arbitrary_ende_attn_1=2, decoder_arbitrary_ende_attn_2=2, decoder_arbitrary_ende_attn_3=2, decoder_arbitrary_ende_attn_4=2, decoder_arbitrary_ende_attn_5=2
| epoch 008 | loss 5.591 | nll_loss 4.419 | ppl 21.40 | wps 6561 | ups 2 | wpb 3586.843 | bsz 145.540 | num_updates 8808 | lr 0.000440412 | gnorm 1.148 | clip 0.000 | oom 0.000 | wall 5037 | train_wall 4703
| epoch 008 | validate on 'valid' subset | loss 5.335 | nll_loss 3.907 | ppl 15.00 | num_updates 8808 | best_loss 5.33539 | largest_arbitrary1_loss 5.335 | largest_arbitrary1_nll_loss 3.907
| epoch 008 | validate on 'valid' subset | loss 5.426 | nll_loss 4.083 | ppl 16.94 | num_updates 8808 | best_loss 5.42624 | smallest_arbitrary1_loss 5.426 | smallest_arbitrary1_nll_loss 4.083
| saved checkpoint ../checkpoints/iwslt14_super_full50000_fromscratch/checkpoint8.pt (epoch 8 @ 8808 updates) (writing took 4.151031732559204 seconds)|| epoch 009:    100 / 1101 loss=5.345, nll_loss=4.135, ppl=17.57, wps=6584, ups=1, wpb=3638.931, bsz=148.752, num_updates=8909, lr=0.000445461, gnorm=1.096, clip=0.000, oom=0.000, wall=5121, train_wall=4757, encoder_embed_dim=640, encoder_layer_num=6, encoder_ffn_embed_dim_0=512, encoder_ffn_embed_dim_1=512, encoder_ffn_embed_dim_2=512, encoder_ffn_embed_dim_3=1024, encoder_ffn_embed_dim_4=1024, encoder_ffn_embed_dim_5=512, encoder_self_attention_heads_0=2, encoder_self_attention_heads_1=4, encoder_self_attention_heads_2=2, encoder_self_attention_heads_3=2, encoder_self_attention_heads_4=2, encoder_self_attention_heads_5=4, decoder_embed_dim=512, decoder_layer_num=1, decoder_ffn_embed_dim_0=512, decoder_self_attention_heads_0=4, decoder_ende_attention_heads_0=4, decoder_arbitrary_ende_attn_0=1, decoder_arbitrary_ende_attn_1=-1, decoder_arbitrary_ende_attn_2=-1, decoder_arbitrary_ende_attn_3=2, decoder_arbitrary_ende_attn_4=-1, decoder_arbitrary_ende_attn_5=1|| epoch 009:    200 / 1101 loss=5.362, nll_loss=4.154, ppl=17.81, wps=6538, ups=1, wpb=3601.328, bsz=145.393, num_updates=9009, lr=0.00045046, gnorm=1.100, clip=0.000, oom=0.000, wall=5176, train_wall=4811, encoder_embed_dim=512, encoder_layer_num=6, encoder_ffn_embed_dim_0=512, encoder_ffn_embed_dim_1=512, encoder_ffn_embed_dim_2=512, encoder_ffn_embed_dim_3=1024, encoder_ffn_embed_dim_4=2048, encoder_ffn_embed_dim_5=512, encoder_self_attention_heads_0=2, encoder_self_attention_heads_1=4, encoder_self_attention_heads_2=2, encoder_self_attention_heads_3=4, encoder_self_attention_heads_4=4, encoder_self_attention_heads_5=2, decoder_embed_dim=512, decoder_layer_num=4, decoder_ffn_embed_dim_0=512, decoder_ffn_embed_dim_1=1024, decoder_ffn_embed_dim_2=2048, decoder_ffn_embed_dim_3=512, decoder_self_attention_heads_0=2, decoder_self_attention_heads_1=4, decoder_self_attention_heads_2=4, decoder_self_attention_heads_3=2, decoder_ende_attention_heads_0=2, decoder_ende_attention_heads_1=2, decoder_ende_attention_heads_2=4, decoder_ende_attention_heads_3=4, decoder_arbitrary_ende_attn_0=-1, decoder_arbitrary_ende_attn_1=-1, decoder_arbitrary_ende_attn_2=1, decoder_arbitrary_ende_attn_3=1, decoder_arbitrary_ende_attn_4=-1, decoder_arbitrary_ende_attn_5=-1|| epoch 009:    300 / 1101 loss=5.391, nll_loss=4.187, ppl=18.22, wps=6533, ups=2, wpb=3591.037, bsz=140.093, num_updates=9109, lr=0.000455459, gnorm=1.112, clip=0.000, oom=0.000, wall=5231, train_wall=4865, encoder_embed_dim=512, encoder_layer_num=6, encoder_ffn_embed_dim_0=512, encoder_ffn_embed_dim_1=512, encoder_ffn_embed_dim_2=2048, encoder_ffn_embed_dim_3=1024, encoder_ffn_embed_dim_4=512, encoder_ffn_embed_dim_5=512, encoder_self_attention_heads_0=4, encoder_self_attention_heads_1=4, encoder_self_attention_heads_2=4, encoder_self_attention_heads_3=4, encoder_self_attention_heads_4=2, encoder_self_attention_heads_5=2, decoder_embed_dim=640, decoder_layer_num=3, decoder_ffn_embed_dim_0=512, decoder_ffn_embed_dim_1=512, decoder_ffn_embed_dim_2=1024, decoder_self_attention_heads_0=4, decoder_self_attention_heads_1=2, decoder_self_attention_heads_2=2, decoder_ende_attention_heads_0=2, decoder_ende_attention_heads_1=2, decoder_ende_attention_heads_2=2, decoder_arbitrary_ende_attn_0=1, decoder_arbitrary_ende_attn_1=2, decoder_arbitrary_ende_attn_2=2, decoder_arbitrary_ende_attn_3=1, decoder_arbitrary_ende_attn_4=-1, decoder_arbitrary_ende_attn_5=1|| epoch 009:    400 / 1101 loss=5.387, nll_loss=4.181, ppl=18.14, wps=6473, ups=2, wpb=3585.746, bsz=141.067, num_updates=9209, lr=0.000460458, gnorm=1.130, clip=0.000, oom=0.000, wall=5288, train_wall=4920, encoder_embed_dim=512, encoder_layer_num=6, encoder_ffn_embed_dim_0=2048, encoder_ffn_embed_dim_1=2048, encoder_ffn_embed_dim_2=512, encoder_ffn_embed_dim_3=1024, encoder_ffn_embed_dim_4=1024, encoder_ffn_embed_dim_5=1024, encoder_self_attention_heads_0=4, encoder_self_attention_heads_1=4, encoder_self_attention_heads_2=4, encoder_self_attention_heads_3=2, encoder_self_attention_heads_4=2, encoder_self_attention_heads_5=2, decoder_embed_dim=640, decoder_layer_num=2, decoder_ffn_embed_dim_0=2048, decoder_ffn_embed_dim_1=2048, decoder_self_attention_heads_0=2, decoder_self_attention_heads_1=4, decoder_ende_attention_heads_0=4, decoder_ende_attention_heads_1=2, decoder_arbitrary_ende_attn_0=2, decoder_arbitrary_ende_attn_1=2, decoder_arbitrary_ende_attn_2=-1, decoder_arbitrary_ende_attn_3=-1, decoder_arbitrary_ende_attn_4=1, decoder_arbitrary_ende_attn_5=-1|| epoch 009:    500 / 1101 loss=5.362, nll_loss=4.152, ppl=17.78, wps=6524, ups=2, wpb=3600.567, bsz=144.511, num_updates=9309, lr=0.000465457, gnorm=1.128, clip=0.000, oom=0.000, wall=5342, train_wall=4973, encoder_embed_dim=640, encoder_layer_num=6, encoder_ffn_embed_dim_0=2048, encoder_ffn_embed_dim_1=1024, encoder_ffn_embed_dim_2=512, encoder_ffn_embed_dim_3=2048, encoder_ffn_embed_dim_4=512, encoder_ffn_embed_dim_5=2048, encoder_self_attention_heads_0=4, encoder_self_attention_heads_1=4, encoder_self_attention_heads_2=4, encoder_self_attention_heads_3=4, encoder_self_attention_heads_4=2, encoder_self_attention_heads_5=4, decoder_embed_dim=512, decoder_layer_num=2, decoder_ffn_embed_dim_0=512, decoder_ffn_embed_dim_1=2048, decoder_self_attention_heads_0=2, decoder_self_attention_heads_1=2, decoder_ende_attention_heads_0=4, decoder_ende_attention_heads_1=2, decoder_arbitrary_ende_attn_0=1, decoder_arbitrary_ende_attn_1=2, decoder_arbitrary_ende_attn_2=-1, decoder_arbitrary_ende_attn_3=2, decoder_arbitrary_ende_attn_4=1, decoder_arbitrary_ende_attn_5=-1|| epoch 009:    600 / 1101 loss=5.368, nll_loss=4.159, ppl=17.87, wps=6543, ups=2, wpb=3595.072, bsz=143.080, num_updates=9409, lr=0.000470456, gnorm=1.135, clip=0.000, oom=0.000, wall=5396, train_wall=5026, encoder_embed_dim=640, encoder_layer_num=6, encoder_ffn_embed_dim_0=1024, encoder_ffn_embed_dim_1=1024, encoder_ffn_embed_dim_2=512, encoder_ffn_embed_dim_3=512, encoder_ffn_embed_dim_4=1024, encoder_ffn_embed_dim_5=512, encoder_self_attention_heads_0=4, encoder_self_attention_heads_1=4, encoder_self_attention_heads_2=4, encoder_self_attention_heads_3=2, encoder_self_attention_heads_4=2, encoder_self_attention_heads_5=2, decoder_embed_dim=512, decoder_layer_num=2, decoder_ffn_embed_dim_0=512, decoder_ffn_embed_dim_1=512, decoder_self_attention_heads_0=2, decoder_self_attention_heads_1=4, decoder_ende_attention_heads_0=2, decoder_ende_attention_heads_1=2, decoder_arbitrary_ende_attn_0=2, decoder_arbitrary_ende_attn_1=1, decoder_arbitrary_ende_attn_2=-1, decoder_arbitrary_ende_attn_3=2, decoder_arbitrary_ende_attn_4=-1, decoder_arbitrary_ende_attn_5=-1|| epoch 009:    700 / 1101 loss=5.361, nll_loss=4.150, ppl=17.75, wps=6560, ups=2, wpb=3590.014, bsz=144.170, num_updates=9509, lr=0.000475455, gnorm=1.137, clip=0.000, oom=0.000, wall=5449, train_wall=5078, encoder_embed_dim=640, encoder_layer_num=6, encoder_ffn_embed_dim_0=2048, encoder_ffn_embed_dim_1=2048, encoder_ffn_embed_dim_2=1024, encoder_ffn_embed_dim_3=1024, encoder_ffn_embed_dim_4=2048, encoder_ffn_embed_dim_5=1024, encoder_self_attention_heads_0=4, encoder_self_attention_heads_1=4, encoder_self_attention_heads_2=4, encoder_self_attention_heads_3=2, encoder_self_attention_heads_4=4, encoder_self_attention_heads_5=4, decoder_embed_dim=640, decoder_layer_num=5, decoder_ffn_embed_dim_0=2048, decoder_ffn_embed_dim_1=2048, decoder_ffn_embed_dim_2=1024, decoder_ffn_embed_dim_3=2048, decoder_ffn_embed_dim_4=2048, decoder_self_attention_heads_0=2, decoder_self_attention_heads_1=4, decoder_self_attention_heads_2=4, decoder_self_attention_heads_3=2, decoder_self_attention_heads_4=4, decoder_ende_attention_heads_0=4, decoder_ende_attention_heads_1=4, decoder_ende_attention_heads_2=2, decoder_ende_attention_heads_3=4, decoder_ende_attention_heads_4=4, decoder_arbitrary_ende_attn_0=-1, decoder_arbitrary_ende_attn_1=2, decoder_arbitrary_ende_attn_2=-1, decoder_arbitrary_ende_attn_3=-1, decoder_arbitrary_ende_attn_4=-1, decoder_arbitrary_ende_attn_5=-1|| epoch 009:    800 / 1101 loss=5.356, nll_loss=4.144, ppl=17.68, wps=6578, ups=2, wpb=3590.213, bsz=144.948, num_updates=9609, lr=0.000480454, gnorm=1.134, clip=0.000, oom=0.000, wall=5503, train_wall=5130, encoder_embed_dim=640, encoder_layer_num=6, encoder_ffn_embed_dim_0=512, encoder_ffn_embed_dim_1=1024, encoder_ffn_embed_dim_2=512, encoder_ffn_embed_dim_3=2048, encoder_ffn_embed_dim_4=1024, encoder_ffn_embed_dim_5=1024, encoder_self_attention_heads_0=2, encoder_self_attention_heads_1=4, encoder_self_attention_heads_2=4, encoder_self_attention_heads_3=4, encoder_self_attention_heads_4=4, encoder_self_attention_heads_5=2, decoder_embed_dim=512, decoder_layer_num=4, decoder_ffn_embed_dim_0=2048, decoder_ffn_embed_dim_1=2048, decoder_ffn_embed_dim_2=1024, decoder_ffn_embed_dim_3=512, decoder_self_attention_heads_0=4, decoder_self_attention_heads_1=4, decoder_self_attention_heads_2=4, decoder_self_attention_heads_3=4, decoder_ende_attention_heads_0=4, decoder_ende_attention_heads_1=2, decoder_ende_attention_heads_2=2, decoder_ende_attention_heads_3=2, decoder_arbitrary_ende_attn_0=1, decoder_arbitrary_ende_attn_1=-1, decoder_arbitrary_ende_attn_2=1, decoder_arbitrary_ende_attn_3=-1, decoder_arbitrary_ende_attn_4=-1, decoder_arbitrary_ende_attn_5=1|| epoch 009:    900 / 1101 loss=5.347, nll_loss=4.134, ppl=17.56, wps=6593, ups=2, wpb=3590.612, bsz=145.340, num_updates=9709, lr=0.000485453, gnorm=1.136, clip=0.000, oom=0.000, wall=5556, train_wall=5183, encoder_embed_dim=512, encoder_layer_num=6, encoder_ffn_embed_dim_0=1024, encoder_ffn_embed_dim_1=1024, encoder_ffn_embed_dim_2=1024, encoder_ffn_embed_dim_3=2048, encoder_ffn_embed_dim_4=512, encoder_ffn_embed_dim_5=2048, encoder_self_attention_heads_0=2, encoder_self_attention_heads_1=4, encoder_self_attention_heads_2=2, encoder_self_attention_heads_3=2, encoder_self_attention_heads_4=2, encoder_self_attention_heads_5=2, decoder_embed_dim=640, decoder_layer_num=6, decoder_ffn_embed_dim_0=512, decoder_ffn_embed_dim_1=512, decoder_ffn_embed_dim_2=512, decoder_ffn_embed_dim_3=1024, decoder_ffn_embed_dim_4=1024, decoder_ffn_embed_dim_5=1024, decoder_self_attention_heads_0=2, decoder_self_attention_heads_1=2, decoder_self_attention_heads_2=4, decoder_self_attention_heads_3=4, decoder_self_attention_heads_4=2, decoder_self_attention_heads_5=4, decoder_ende_attention_heads_0=2, decoder_ende_attention_heads_1=4, decoder_ende_attention_heads_2=2, decoder_ende_attention_heads_3=2, decoder_ende_attention_heads_4=4, decoder_ende_attention_heads_5=4, decoder_arbitrary_ende_attn_0=1, decoder_arbitrary_ende_attn_1=1, decoder_arbitrary_ende_attn_2=-1, decoder_arbitrary_ende_attn_3=-1, decoder_arbitrary_ende_attn_4=2, decoder_arbitrary_ende_attn_5=-1|| epoch 009:   1000 / 1101 loss=5.344, nll_loss=4.130, ppl=17.51, wps=6595, ups=2, wpb=3593.068, bsz=145.198, num_updates=9809, lr=0.000490452, gnorm=1.137, clip=0.000, oom=0.000, wall=5611, train_wall=5236, encoder_embed_dim=512, encoder_layer_num=6, encoder_ffn_embed_dim_0=2048, encoder_ffn_embed_dim_1=2048, encoder_ffn_embed_dim_2=2048, encoder_ffn_embed_dim_3=1024, encoder_ffn_embed_dim_4=1024, encoder_ffn_embed_dim_5=512, encoder_self_attention_heads_0=4, encoder_self_attention_heads_1=2, encoder_self_attention_heads_2=4, encoder_self_attention_heads_3=4, encoder_self_attention_heads_4=4, encoder_self_attention_heads_5=2, decoder_embed_dim=640, decoder_layer_num=4, decoder_ffn_embed_dim_0=2048, decoder_ffn_embed_dim_1=1024, decoder_ffn_embed_dim_2=1024, decoder_ffn_embed_dim_3=1024, decoder_self_attention_heads_0=4, decoder_self_attention_heads_1=4, decoder_self_attention_heads_2=4, decoder_self_attention_heads_3=2, decoder_ende_attention_heads_0=4, decoder_ende_attention_heads_1=2, decoder_ende_attention_heads_2=2, decoder_ende_attention_heads_3=4, decoder_arbitrary_ende_attn_0=1, decoder_arbitrary_ende_attn_1=2, decoder_arbitrary_ende_attn_2=2, decoder_arbitrary_ende_attn_3=-1, decoder_arbitrary_ende_attn_4=-1, decoder_arbitrary_ende_attn_5=-1|| epoch 009:   1100 / 1101 loss=5.345, nll_loss=4.130, ppl=17.51, wps=6610, ups=2, wpb=3586.843, bsz=145.540, num_updates=9909, lr=0.000495451, gnorm=1.140, clip=0.000, oom=0.000, wall=5663, train_wall=5287, encoder_embed_dim=640, encoder_layer_num=6, encoder_ffn_embed_dim_0=2048, encoder_ffn_embed_dim_1=512, encoder_ffn_embed_dim_2=512, encoder_ffn_embed_dim_3=1024, encoder_ffn_embed_dim_4=2048, encoder_ffn_embed_dim_5=1024, encoder_self_attention_heads_0=4, encoder_self_attention_heads_1=2, encoder_self_attention_heads_2=4, encoder_self_attention_heads_3=2, encoder_self_attention_heads_4=4, encoder_self_attention_heads_5=2, decoder_embed_dim=640, decoder_layer_num=1, decoder_ffn_embed_dim_0=512, decoder_self_attention_heads_0=2, decoder_ende_attention_heads_0=4, decoder_arbitrary_ende_attn_0=-1, decoder_arbitrary_ende_attn_1=2, decoder_arbitrary_ende_attn_2=1, decoder_arbitrary_ende_attn_3=-1, decoder_arbitrary_ende_attn_4=1, decoder_arbitrary_ende_attn_5=-1
| epoch 009 | loss 5.345 | nll_loss 4.130 | ppl 17.51 | wps 6608 | ups 2 | wpb 3586.843 | bsz 145.540 | num_updates 9909 | lr 0.000495451 | gnorm 1.140 | clip 0.000 | oom 0.000 | wall 5663 | train_wall 5287
| epoch 009 | validate on 'valid' subset | loss 5.144 | nll_loss 3.674 | ppl 12.77 | num_updates 9909 | best_loss 5.14379 | largest_arbitrary1_loss 5.144 | largest_arbitrary1_nll_loss 3.674
| epoch 009 | validate on 'valid' subset | loss 5.274 | nll_loss 3.900 | ppl 14.93 | num_updates 9909 | best_loss 5.2743 | smallest_arbitrary1_loss 5.274 | smallest_arbitrary1_nll_loss 3.900
| saved checkpoint ../checkpoints/iwslt14_super_full50000_fromscratch/checkpoint9.pt (epoch 9 @ 9909 updates) (writing took 5.090888500213623 seconds)|| epoch 010 | validate on 'valid' subset | loss 5.064 | nll_loss 3.617 | ppl 12.27 | num_updates 10000 | best_loss 5.06397 | largest_arbitrary1_loss 5.064 | largest_arbitrary1_nll_loss 3.617
| epoch 010 | validate on 'valid' subset | loss 5.240 | nll_loss 3.876 | ppl 14.68 | num_updates 10000 | best_loss 5.24001 | smallest_arbitrary1_loss 5.240 | smallest_arbitrary1_nll_loss 3.876
| saved checkpoint ../checkpoints/iwslt14_super_full50000_fromscratch/checkpoint_10_10000.pt (epoch 10 @ 10000 updates) (writing took 4.328551769256592 seconds)
| epoch 010:    100 / 1101 loss=5.216, nll_loss=3.978, ppl=15.76, wps=4199, ups=1, wpb=3522.129, bsz=138.297, num_updates=10010, lr=0.00049975, gnorm=1.161, clip=0.000, oom=0.000, wall=5776, train_wall=5341, encoder_embed_dim=512, encoder_layer_num=6, encoder_ffn_embed_dim_0=2048, encoder_ffn_embed_dim_1=1024, encoder_ffn_embed_dim_2=1024, encoder_ffn_embed_dim_3=1024, encoder_ffn_embed_dim_4=1024, encoder_ffn_embed_dim_5=1024, encoder_self_attention_heads_0=2, encoder_self_attention_heads_1=2, encoder_self_attention_heads_2=4, encoder_self_attention_heads_3=4, encoder_self_attention_heads_4=4, encoder_self_attention_heads_5=4, decoder_embed_dim=640, decoder_layer_num=6, decoder_ffn_embed_dim_0=512, decoder_ffn_embed_dim_1=2048, decoder_ffn_embed_dim_2=2048, decoder_ffn_embed_dim_3=1024, decoder_ffn_embed_dim_4=1024, decoder_ffn_embed_dim_5=2048, decoder_self_attention_heads_0=4, decoder_self_attention_heads_1=2, decoder_self_attention_heads_2=2, decoder_self_attention_heads_3=2, decoder_self_attention_heads_4=2, decoder_self_attention_heads_5=4, decoder_ende_attention_heads_0=4, decoder_ende_attention_heads_1=2, decoder_ende_attention_heads_2=4, decoder_ende_attention_heads_3=4, decoder_ende_attention_heads_4=2, decoder_ende_attention_heads_5=4, decoder_arbitrary_ende_attn_0=2, decoder_arbitrary_ende_attn_1=-1, decoder_arbitrary_ende_attn_2=2, decoder_arbitrary_ende_attn_3=1, decoder_arbitrary_ende_attn_4=1, decoder_arbitrary_ende_attn_5=1|| epoch 010:    200 / 1101 loss=5.166, nll_loss=3.924, ppl=15.17, wps=5086, ups=1, wpb=3560.861, bsz=145.194, num_updates=10110, lr=0.000497272, gnorm=1.137, clip=0.000, oom=0.000, wall=5833, train_wall=5396, encoder_embed_dim=512, encoder_layer_num=6, encoder_ffn_embed_dim_0=2048, encoder_ffn_embed_dim_1=512, encoder_ffn_embed_dim_2=512, encoder_ffn_embed_dim_3=1024, encoder_ffn_embed_dim_4=512, encoder_ffn_embed_dim_5=512, encoder_self_attention_heads_0=4, encoder_self_attention_heads_1=2, encoder_self_attention_heads_2=4, encoder_self_attention_heads_3=4, encoder_self_attention_heads_4=4, encoder_self_attention_heads_5=2, decoder_embed_dim=512, decoder_layer_num=6, decoder_ffn_embed_dim_0=2048, decoder_ffn_embed_dim_1=1024, decoder_ffn_embed_dim_2=512, decoder_ffn_embed_dim_3=2048, decoder_ffn_embed_dim_4=1024, decoder_ffn_embed_dim_5=2048, decoder_self_attention_heads_0=2, decoder_self_attention_heads_1=2, decoder_self_attention_heads_2=4, decoder_self_attention_heads_3=2, decoder_self_attention_heads_4=2, decoder_self_attention_heads_5=4, decoder_ende_attention_heads_0=4, decoder_ende_attention_heads_1=4, decoder_ende_attention_heads_2=4, decoder_ende_attention_heads_3=4, decoder_ende_attention_heads_4=2, decoder_ende_attention_heads_5=2, decoder_arbitrary_ende_attn_0=2, decoder_arbitrary_ende_attn_1=-1, decoder_arbitrary_ende_attn_2=2, decoder_arbitrary_ende_attn_3=1, decoder_arbitrary_ende_attn_4=1, decoder_arbitrary_ende_attn_5=2|| epoch 010:    300 / 1101 loss=5.184, nll_loss=3.944, ppl=15.39, wps=5539, ups=1, wpb=3577.601, bsz=143.681, num_updates=10210, lr=0.000494831, gnorm=1.140, clip=0.000, oom=0.000, wall=5886, train_wall=5449, encoder_embed_dim=640, encoder_layer_num=6, encoder_ffn_embed_dim_0=2048, encoder_ffn_embed_dim_1=1024, encoder_ffn_embed_dim_2=1024, encoder_ffn_embed_dim_3=512, encoder_ffn_embed_dim_4=2048, encoder_ffn_embed_dim_5=1024, encoder_self_attention_heads_0=4, encoder_self_attention_heads_1=2, encoder_self_attention_heads_2=4, encoder_self_attention_heads_3=4, encoder_self_attention_heads_4=2, encoder_self_attention_heads_5=4, decoder_embed_dim=512, decoder_layer_num=2, decoder_ffn_embed_dim_0=512, decoder_ffn_embed_dim_1=2048, decoder_self_attention_heads_0=2, decoder_self_attention_heads_1=2, decoder_ende_attention_heads_0=4, decoder_ende_attention_heads_1=2, decoder_arbitrary_ende_attn_0=-1, decoder_arbitrary_ende_attn_1=2, decoder_arbitrary_ende_attn_2=1, decoder_arbitrary_ende_attn_3=-1, decoder_arbitrary_ende_attn_4=1, decoder_arbitrary_ende_attn_5=1|| epoch 010:    400 / 1101 loss=5.187, nll_loss=3.946, ppl=15.42, wps=5717, ups=1, wpb=3563.975, bsz=143.501, num_updates=10310, lr=0.000492426, gnorm=1.147, clip=0.000, oom=0.000, wall=5942, train_wall=5503, encoder_embed_dim=512, encoder_layer_num=6, encoder_ffn_embed_dim_0=512, encoder_ffn_embed_dim_1=1024, encoder_ffn_embed_dim_2=512, encoder_ffn_embed_dim_3=2048, encoder_ffn_embed_dim_4=1024, encoder_ffn_embed_dim_5=512, encoder_self_attention_heads_0=2, encoder_self_attention_heads_1=2, encoder_self_attention_heads_2=4, encoder_self_attention_heads_3=2, encoder_self_attention_heads_4=4, encoder_self_attention_heads_5=4, decoder_embed_dim=512, decoder_layer_num=4, decoder_ffn_embed_dim_0=512, decoder_ffn_embed_dim_1=2048, decoder_ffn_embed_dim_2=2048, decoder_ffn_embed_dim_3=1024, decoder_self_attention_heads_0=2, decoder_self_attention_heads_1=2, decoder_self_attention_heads_2=4, decoder_self_attention_heads_3=2, decoder_ende_attention_heads_0=4, decoder_ende_attention_heads_1=2, decoder_ende_attention_heads_2=4, decoder_ende_attention_heads_3=2, decoder_arbitrary_ende_attn_0=-1, decoder_arbitrary_ende_attn_1=-1, decoder_arbitrary_ende_attn_2=2, decoder_arbitrary_ende_attn_3=2, decoder_arbitrary_ende_attn_4=2, decoder_arbitrary_ende_attn_5=1|| epoch 010:    500 / 1101 loss=5.183, nll_loss=3.941, ppl=15.36, wps=5888, ups=1, wpb=3588.106, bsz=143.743, num_updates=10410, lr=0.000490055, gnorm=1.139, clip=0.000, oom=0.000, wall=5997, train_wall=5557, encoder_embed_dim=640, encoder_layer_num=6, encoder_ffn_embed_dim_0=2048, encoder_ffn_embed_dim_1=1024, encoder_ffn_embed_dim_2=2048, encoder_ffn_embed_dim_3=1024, encoder_ffn_embed_dim_4=512, encoder_ffn_embed_dim_5=2048, encoder_self_attention_heads_0=2, encoder_self_attention_heads_1=2, encoder_self_attention_heads_2=2, encoder_self_attention_heads_3=2, encoder_self_attention_heads_4=2, encoder_self_attention_heads_5=4, decoder_embed_dim=640, decoder_layer_num=1, decoder_ffn_embed_dim_0=1024, decoder_self_attention_heads_0=4, decoder_ende_attention_heads_0=2, decoder_arbitrary_ende_attn_0=-1, decoder_arbitrary_ende_attn_1=1, decoder_arbitrary_ende_attn_2=1, decoder_arbitrary_ende_attn_3=-1, decoder_arbitrary_ende_attn_4=2, decoder_arbitrary_ende_attn_5=-1|| epoch 010:    600 / 1101 loss=5.177, nll_loss=3.935, ppl=15.29, wps=5977, ups=2, wpb=3586.316, bsz=144.238, num_updates=10510, lr=0.000487718, gnorm=1.139, clip=0.000, oom=0.000, wall=6053, train_wall=5611, encoder_embed_dim=640, encoder_layer_num=6, encoder_ffn_embed_dim_0=512, encoder_ffn_embed_dim_1=512, encoder_ffn_embed_dim_2=2048, encoder_ffn_embed_dim_3=1024, encoder_ffn_embed_dim_4=512, encoder_ffn_embed_dim_5=512, encoder_self_attention_heads_0=4, encoder_self_attention_heads_1=2, encoder_self_attention_heads_2=4, encoder_self_attention_heads_3=2, encoder_self_attention_heads_4=4, encoder_self_attention_heads_5=2, decoder_embed_dim=512, decoder_layer_num=6, decoder_ffn_embed_dim_0=512, decoder_ffn_embed_dim_1=1024, decoder_ffn_embed_dim_2=1024, decoder_ffn_embed_dim_3=512, decoder_ffn_embed_dim_4=1024, decoder_ffn_embed_dim_5=512, decoder_self_attention_heads_0=4, decoder_self_attention_heads_1=4, decoder_self_attention_heads_2=2, decoder_self_attention_heads_3=4, decoder_self_attention_heads_4=2, decoder_self_attention_heads_5=4, decoder_ende_attention_heads_0=4, decoder_ende_attention_heads_1=2, decoder_ende_attention_heads_2=2, decoder_ende_attention_heads_3=4, decoder_ende_attention_heads_4=4, decoder_ende_attention_heads_5=2, decoder_arbitrary_ende_attn_0=1, decoder_arbitrary_ende_attn_1=1, decoder_arbitrary_ende_attn_2=-1, decoder_arbitrary_ende_attn_3=-1, decoder_arbitrary_ende_attn_4=1, decoder_arbitrary_ende_attn_5=1|| epoch 010:    700 / 1101 loss=5.174, nll_loss=3.932, ppl=15.26, wps=6069, ups=2, wpb=3583.780, bsz=143.987, num_updates=10610, lr=0.000485414, gnorm=1.138, clip=0.000, oom=0.000, wall=6106, train_wall=5663, encoder_embed_dim=640, encoder_layer_num=6, encoder_ffn_embed_dim_0=1024, encoder_ffn_embed_dim_1=1024, encoder_ffn_embed_dim_2=1024, encoder_ffn_embed_dim_3=2048, encoder_ffn_embed_dim_4=512, encoder_ffn_embed_dim_5=1024, encoder_self_attention_heads_0=4, encoder_self_attention_heads_1=4, encoder_self_attention_heads_2=2, encoder_self_attention_heads_3=4, encoder_self_attention_heads_4=4, encoder_self_attention_heads_5=4, decoder_embed_dim=640, decoder_layer_num=2, decoder_ffn_embed_dim_0=1024, decoder_ffn_embed_dim_1=2048, decoder_self_attention_heads_0=2, decoder_self_attention_heads_1=4, decoder_ende_attention_heads_0=2, decoder_ende_attention_heads_1=4, decoder_arbitrary_ende_attn_0=2, decoder_arbitrary_ende_attn_1=-1, decoder_arbitrary_ende_attn_2=1, decoder_arbitrary_ende_attn_3=-1, decoder_arbitrary_ende_attn_4=-1, decoder_arbitrary_ende_attn_5=1|| epoch 010:    800 / 1101 loss=5.167, nll_loss=3.923, ppl=15.16, wps=6129, ups=2, wpb=3586.366, bsz=145.057, num_updates=10710, lr=0.000483143, gnorm=1.137, clip=0.000, oom=0.000, wall=6161, train_wall=5717, encoder_embed_dim=640, encoder_layer_num=6, encoder_ffn_embed_dim_0=512, encoder_ffn_embed_dim_1=512, encoder_ffn_embed_dim_2=512, encoder_ffn_embed_dim_3=512, encoder_ffn_embed_dim_4=2048, encoder_ffn_embed_dim_5=2048, encoder_self_attention_heads_0=2, encoder_self_attention_heads_1=2, encoder_self_attention_heads_2=4, encoder_self_attention_heads_3=4, encoder_self_attention_heads_4=2, encoder_self_attention_heads_5=4, decoder_embed_dim=512, decoder_layer_num=6, decoder_ffn_embed_dim_0=512, decoder_ffn_embed_dim_1=512, decoder_ffn_embed_dim_2=512, decoder_ffn_embed_dim_3=512, decoder_ffn_embed_dim_4=1024, decoder_ffn_embed_dim_5=2048, decoder_self_attention_heads_0=4, decoder_self_attention_heads_1=2, decoder_self_attention_heads_2=4, decoder_self_attention_heads_3=4, decoder_self_attention_heads_4=4, decoder_self_attention_heads_5=4, decoder_ende_attention_heads_0=2, decoder_ende_attention_heads_1=2, decoder_ende_attention_heads_2=4, decoder_ende_attention_heads_3=4, decoder_ende_attention_heads_4=2, decoder_ende_attention_heads_5=2, decoder_arbitrary_ende_attn_0=-1, decoder_arbitrary_ende_attn_1=1, decoder_arbitrary_ende_attn_2=2, decoder_arbitrary_ende_attn_3=2, decoder_arbitrary_ende_attn_4=1, decoder_arbitrary_ende_attn_5=2|| epoch 010:    900 / 1101 loss=5.163, nll_loss=3.918, ppl=15.12, wps=6167, ups=2, wpb=3585.405, bsz=143.937, num_updates=10810, lr=0.000480903, gnorm=1.137, clip=0.000, oom=0.000, wall=6216, train_wall=5771, encoder_embed_dim=512, encoder_layer_num=6, encoder_ffn_embed_dim_0=2048, encoder_ffn_embed_dim_1=1024, encoder_ffn_embed_dim_2=1024, encoder_ffn_embed_dim_3=1024, encoder_ffn_embed_dim_4=2048, encoder_ffn_embed_dim_5=2048, encoder_self_attention_heads_0=2, encoder_self_attention_heads_1=4, encoder_self_attention_heads_2=4, encoder_self_attention_heads_3=2, encoder_self_attention_heads_4=4, encoder_self_attention_heads_5=2, decoder_embed_dim=640, decoder_layer_num=4, decoder_ffn_embed_dim_0=2048, decoder_ffn_embed_dim_1=2048, decoder_ffn_embed_dim_2=1024, decoder_ffn_embed_dim_3=512, decoder_self_attention_heads_0=4, decoder_self_attention_heads_1=2, decoder_self_attention_heads_2=2, decoder_self_attention_heads_3=2, decoder_ende_attention_heads_0=2, decoder_ende_attention_heads_1=4, decoder_ende_attention_heads_2=4, decoder_ende_attention_heads_3=4, decoder_arbitrary_ende_attn_0=-1, decoder_arbitrary_ende_attn_1=1, decoder_arbitrary_ende_attn_2=-1, decoder_arbitrary_ende_attn_3=1, decoder_arbitrary_ende_attn_4=1, decoder_arbitrary_ende_attn_5=2|| epoch 010:   1000 / 1101 loss=5.158, nll_loss=3.913, ppl=15.07, wps=6182, ups=2, wpb=3585.262, bsz=144.822, num_updates=10910, lr=0.000478694, gnorm=1.145, clip=0.000, oom=0.000, wall=6272, train_wall=5827, encoder_embed_dim=640, encoder_layer_num=6, encoder_ffn_embed_dim_0=1024, encoder_ffn_embed_dim_1=512, encoder_ffn_embed_dim_2=1024, encoder_ffn_embed_dim_3=1024, encoder_ffn_embed_dim_4=1024, encoder_ffn_embed_dim_5=2048, encoder_self_attention_heads_0=4, encoder_self_attention_heads_1=2, encoder_self_attention_heads_2=2, encoder_self_attention_heads_3=4, encoder_self_attention_heads_4=2, encoder_self_attention_heads_5=2, decoder_embed_dim=640, decoder_layer_num=6, decoder_ffn_embed_dim_0=1024, decoder_ffn_embed_dim_1=512, decoder_ffn_embed_dim_2=512, decoder_ffn_embed_dim_3=2048, decoder_ffn_embed_dim_4=512, decoder_ffn_embed_dim_5=2048, decoder_self_attention_heads_0=4, decoder_self_attention_heads_1=2, decoder_self_attention_heads_2=2, decoder_self_attention_heads_3=2, decoder_self_attention_heads_4=4, decoder_self_attention_heads_5=4, decoder_ende_attention_heads_0=4, decoder_ende_attention_heads_1=4, decoder_ende_attention_heads_2=2, decoder_ende_attention_heads_3=4, decoder_ende_attention_heads_4=4, decoder_ende_attention_heads_5=2, decoder_arbitrary_ende_attn_0=1, decoder_arbitrary_ende_attn_1=-1, decoder_arbitrary_ende_attn_2=2, decoder_arbitrary_ende_attn_3=2, decoder_arbitrary_ende_attn_4=-1, decoder_arbitrary_ende_attn_5=1|| epoch 010:   1100 / 1101 loss=5.149, nll_loss=3.903, ppl=14.96, wps=6231, ups=2, wpb=3586.843, bsz=145.540, num_updates=11010, lr=0.000476515, gnorm=1.143, clip=0.000, oom=0.000, wall=6326, train_wall=5879, encoder_embed_dim=640, encoder_layer_num=6, encoder_ffn_embed_dim_0=1024, encoder_ffn_embed_dim_1=2048, encoder_ffn_embed_dim_2=512, encoder_ffn_embed_dim_3=512, encoder_ffn_embed_dim_4=512, encoder_ffn_embed_dim_5=1024, encoder_self_attention_heads_0=4, encoder_self_attention_heads_1=4, encoder_self_attention_heads_2=2, encoder_self_attention_heads_3=2, encoder_self_attention_heads_4=2, encoder_self_attention_heads_5=4, decoder_embed_dim=640, decoder_layer_num=2, decoder_ffn_embed_dim_0=512, decoder_ffn_embed_dim_1=1024, decoder_self_attention_heads_0=4, decoder_self_attention_heads_1=4, decoder_ende_attention_heads_0=2, decoder_ende_attention_heads_1=2, decoder_arbitrary_ende_attn_0=1, decoder_arbitrary_ende_attn_1=1, decoder_arbitrary_ende_attn_2=1, decoder_arbitrary_ende_attn_3=-1, decoder_arbitrary_ende_attn_4=1, decoder_arbitrary_ende_attn_5=1
| epoch 010 | loss 5.149 | nll_loss 3.903 | ppl 14.96 | wps 6229 | ups 2 | wpb 3586.843 | bsz 145.540 | num_updates 11010 | lr 0.000476515 | gnorm 1.143 | clip 0.000 | oom 0.000 | wall 6326 | train_wall 5879
| epoch 010 | validate on 'valid' subset | loss 4.917 | nll_loss 3.424 | ppl 10.73 | num_updates 11010 | best_loss 4.91665 | largest_arbitrary1_loss 4.917 | largest_arbitrary1_nll_loss 3.424
| epoch 010 | validate on 'valid' subset | loss 5.132 | nll_loss 3.734 | ppl 13.31 | num_updates 11010 | best_loss 5.13195 | smallest_arbitrary1_loss 5.132 | smallest_arbitrary1_nll_loss 3.734
| saved checkpoint ../checkpoints/iwslt14_super_full50000_fromscratch/checkpoint10.pt (epoch 10 @ 11010 updates) (writing took 4.392308712005615 seconds)|| epoch 011:    100 / 1101 loss=5.017, nll_loss=3.752, ppl=13.48, wps=6482, ups=1, wpb=3594.713, bsz=135.604, num_updates=11111, lr=0.000474344, gnorm=1.117, clip=0.000, oom=0.000, wall=6411, train_wall=5933, encoder_embed_dim=640, encoder_layer_num=6, encoder_ffn_embed_dim_0=1024, encoder_ffn_embed_dim_1=2048, encoder_ffn_embed_dim_2=512, encoder_ffn_embed_dim_3=512, encoder_ffn_embed_dim_4=2048, encoder_ffn_embed_dim_5=512, encoder_self_attention_heads_0=2, encoder_self_attention_heads_1=2, encoder_self_attention_heads_2=4, encoder_self_attention_heads_3=4, encoder_self_attention_heads_4=4, encoder_self_attention_heads_5=2, decoder_embed_dim=640, decoder_layer_num=1, decoder_ffn_embed_dim_0=512, decoder_self_attention_heads_0=2, decoder_ende_attention_heads_0=4, decoder_arbitrary_ende_attn_0=-1, decoder_arbitrary_ende_attn_1=1, decoder_arbitrary_ende_attn_2=1, decoder_arbitrary_ende_attn_3=2, decoder_arbitrary_ende_attn_4=2, decoder_arbitrary_ende_attn_5=1|| epoch 011:    200 / 1101 loss=4.977, nll_loss=3.708, ppl=13.07, wps=6475, ups=1, wpb=3598.169, bsz=140.418, num_updates=11211, lr=0.000472224, gnorm=1.115, clip=0.000, oom=0.000, wall=6467, train_wall=5988, encoder_embed_dim=512, encoder_layer_num=6, encoder_ffn_embed_dim_0=1024, encoder_ffn_embed_dim_1=1024, encoder_ffn_embed_dim_2=512, encoder_ffn_embed_dim_3=512, encoder_ffn_embed_dim_4=512, encoder_ffn_embed_dim_5=2048, encoder_self_attention_heads_0=2, encoder_self_attention_heads_1=2, encoder_self_attention_heads_2=4, encoder_self_attention_heads_3=2, encoder_self_attention_heads_4=4, encoder_self_attention_heads_5=2, decoder_embed_dim=512, decoder_layer_num=6, decoder_ffn_embed_dim_0=1024, decoder_ffn_embed_dim_1=1024, decoder_ffn_embed_dim_2=512, decoder_ffn_embed_dim_3=512, decoder_ffn_embed_dim_4=2048, decoder_ffn_embed_dim_5=1024, decoder_self_attention_heads_0=2, decoder_self_attention_heads_1=4, decoder_self_attention_heads_2=4, decoder_self_attention_heads_3=4, decoder_self_attention_heads_4=4, decoder_self_attention_heads_5=2, decoder_ende_attention_heads_0=2, decoder_ende_attention_heads_1=2, decoder_ende_attention_heads_2=2, decoder_ende_attention_heads_3=4, decoder_ende_attention_heads_4=2, decoder_ende_attention_heads_5=2, decoder_arbitrary_ende_attn_0=1, decoder_arbitrary_ende_attn_1=2, decoder_arbitrary_ende_attn_2=1, decoder_arbitrary_ende_attn_3=1, decoder_arbitrary_ende_attn_4=2, decoder_arbitrary_ende_attn_5=2|| epoch 011:    300 / 1101 loss=4.975, nll_loss=3.704, ppl=13.03, wps=6512, ups=2, wpb=3618.007, bsz=141.422, num_updates=11311, lr=0.000470132, gnorm=1.117, clip=0.000, oom=0.000, wall=6523, train_wall=6042, encoder_embed_dim=512, encoder_layer_num=6, encoder_ffn_embed_dim_0=512, encoder_ffn_embed_dim_1=2048, encoder_ffn_embed_dim_2=2048, encoder_ffn_embed_dim_3=1024, encoder_ffn_embed_dim_4=1024, encoder_ffn_embed_dim_5=2048, encoder_self_attention_heads_0=2, encoder_self_attention_heads_1=4, encoder_self_attention_heads_2=4, encoder_self_attention_heads_3=2, encoder_self_attention_heads_4=2, encoder_self_attention_heads_5=4, decoder_embed_dim=512, decoder_layer_num=6, decoder_ffn_embed_dim_0=512, decoder_ffn_embed_dim_1=2048, decoder_ffn_embed_dim_2=512, decoder_ffn_embed_dim_3=2048, decoder_ffn_embed_dim_4=1024, decoder_ffn_embed_dim_5=2048, decoder_self_attention_heads_0=4, decoder_self_attention_heads_1=4, decoder_self_attention_heads_2=4, decoder_self_attention_heads_3=4, decoder_self_attention_heads_4=4, decoder_self_attention_heads_5=2, decoder_ende_attention_heads_0=4, decoder_ende_attention_heads_1=2, decoder_ende_attention_heads_2=2, decoder_ende_attention_heads_3=2, decoder_ende_attention_heads_4=2, decoder_ende_attention_heads_5=2, decoder_arbitrary_ende_attn_0=2, decoder_arbitrary_ende_attn_1=2, decoder_arbitrary_ende_attn_2=2, decoder_arbitrary_ende_attn_3=1, decoder_arbitrary_ende_attn_4=2, decoder_arbitrary_ende_attn_5=1|| epoch 011:    400 / 1101 loss=4.941, nll_loss=3.665, ppl=12.68, wps=6504, ups=2, wpb=3615.254, bsz=147.551, num_updates=11411, lr=0.000468067, gnorm=1.119, clip=0.000, oom=0.000, wall=6578, train_wall=6097, encoder_embed_dim=640, encoder_layer_num=6, encoder_ffn_embed_dim_0=512, encoder_ffn_embed_dim_1=512, encoder_ffn_embed_dim_2=512, encoder_ffn_embed_dim_3=512, encoder_ffn_embed_dim_4=512, encoder_ffn_embed_dim_5=1024, encoder_self_attention_heads_0=4, encoder_self_attention_heads_1=4, encoder_self_attention_heads_2=2, encoder_self_attention_heads_3=2, encoder_self_attention_heads_4=4, encoder_self_attention_heads_5=2, decoder_embed_dim=512, decoder_layer_num=1, decoder_ffn_embed_dim_0=512, decoder_self_attention_heads_0=2, decoder_ende_attention_heads_0=4, decoder_arbitrary_ende_attn_0=-1, decoder_arbitrary_ende_attn_1=-1, decoder_arbitrary_ende_attn_2=2, decoder_arbitrary_ende_attn_3=1, decoder_arbitrary_ende_attn_4=2, decoder_arbitrary_ende_attn_5=-1|| epoch 011:    500 / 1101 loss=4.946, nll_loss=3.671, ppl=12.74, wps=6533, ups=2, wpb=3613.134, bsz=148.727, num_updates=11511, lr=0.00046603, gnorm=1.120, clip=0.000, oom=0.000, wall=6633, train_wall=6150, encoder_embed_dim=640, encoder_layer_num=6, encoder_ffn_embed_dim_0=512, encoder_ffn_embed_dim_1=2048, encoder_ffn_embed_dim_2=512, encoder_ffn_embed_dim_3=2048, encoder_ffn_embed_dim_4=2048, encoder_ffn_embed_dim_5=2048, encoder_self_attention_heads_0=4, encoder_self_attention_heads_1=2, encoder_self_attention_heads_2=4, encoder_self_attention_heads_3=4, encoder_self_attention_heads_4=2, encoder_self_attention_heads_5=4, decoder_embed_dim=512, decoder_layer_num=4, decoder_ffn_embed_dim_0=512, decoder_ffn_embed_dim_1=512, decoder_ffn_embed_dim_2=1024, decoder_ffn_embed_dim_3=512, decoder_self_attention_heads_0=2, decoder_self_attention_heads_1=2, decoder_self_attention_heads_2=2, decoder_self_attention_heads_3=4, decoder_ende_attention_heads_0=2, decoder_ende_attention_heads_1=2, decoder_ende_attention_heads_2=2, decoder_ende_attention_heads_3=2, decoder_arbitrary_ende_attn_0=1, decoder_arbitrary_ende_attn_1=-1, decoder_arbitrary_ende_attn_2=2, decoder_arbitrary_ende_attn_3=2, decoder_arbitrary_ende_attn_4=-1, decoder_arbitrary_ende_attn_5=1|| epoch 011:    600 / 1101 loss=4.943, nll_loss=3.667, ppl=12.71, wps=6536, ups=2, wpb=3610.567, bsz=149.351, num_updates=11611, lr=0.000464018, gnorm=1.122, clip=0.000, oom=0.000, wall=6687, train_wall=6203, encoder_embed_dim=640, encoder_layer_num=6, encoder_ffn_embed_dim_0=2048, encoder_ffn_embed_dim_1=2048, encoder_ffn_embed_dim_2=2048, encoder_ffn_embed_dim_3=512, encoder_ffn_embed_dim_4=512, encoder_ffn_embed_dim_5=1024, encoder_self_attention_heads_0=4, encoder_self_attention_heads_1=4, encoder_self_attention_heads_2=2, encoder_self_attention_heads_3=2, encoder_self_attention_heads_4=2, encoder_self_attention_heads_5=4, decoder_embed_dim=512, decoder_layer_num=6, decoder_ffn_embed_dim_0=512, decoder_ffn_embed_dim_1=2048, decoder_ffn_embed_dim_2=2048, decoder_ffn_embed_dim_3=1024, decoder_ffn_embed_dim_4=512, decoder_ffn_embed_dim_5=2048, decoder_self_attention_heads_0=2, decoder_self_attention_heads_1=2, decoder_self_attention_heads_2=4, decoder_self_attention_heads_3=2, decoder_self_attention_heads_4=2, decoder_self_attention_heads_5=4, decoder_ende_attention_heads_0=4, decoder_ende_attention_heads_1=4, decoder_ende_attention_heads_2=4, decoder_ende_attention_heads_3=4, decoder_ende_attention_heads_4=2, decoder_ende_attention_heads_5=2, decoder_arbitrary_ende_attn_0=2, decoder_arbitrary_ende_attn_1=2, decoder_arbitrary_ende_attn_2=-1, decoder_arbitrary_ende_attn_3=-1, decoder_arbitrary_ende_attn_4=-1, decoder_arbitrary_ende_attn_5=2|| epoch 011:    700 / 1101 loss=4.947, nll_loss=3.672, ppl=12.74, wps=6552, ups=2, wpb=3601.434, bsz=149.672, num_updates=11711, lr=0.000462033, gnorm=1.125, clip=0.000, oom=0.000, wall=6741, train_wall=6256, encoder_embed_dim=512, encoder_layer_num=6, encoder_ffn_embed_dim_0=2048, encoder_ffn_embed_dim_1=512, encoder_ffn_embed_dim_2=2048, encoder_ffn_embed_dim_3=2048, encoder_ffn_embed_dim_4=512, encoder_ffn_embed_dim_5=2048, encoder_self_attention_heads_0=4, encoder_self_attention_heads_1=2, encoder_self_attention_heads_2=4, encoder_self_attention_heads_3=2, encoder_self_attention_heads_4=2, encoder_self_attention_heads_5=2, decoder_embed_dim=640, decoder_layer_num=5, decoder_ffn_embed_dim_0=1024, decoder_ffn_embed_dim_1=512, decoder_ffn_embed_dim_2=2048, decoder_ffn_embed_dim_3=2048, decoder_ffn_embed_dim_4=1024, decoder_self_attention_heads_0=4, decoder_self_attention_heads_1=2, decoder_self_attention_heads_2=2, decoder_self_attention_heads_3=2, decoder_self_attention_heads_4=4, decoder_ende_attention_heads_0=4, decoder_ende_attention_heads_1=4, decoder_ende_attention_heads_2=2, decoder_ende_attention_heads_3=2, decoder_ende_attention_heads_4=4, decoder_arbitrary_ende_attn_0=-1, decoder_arbitrary_ende_attn_1=2, decoder_arbitrary_ende_attn_2=1, decoder_arbitrary_ende_attn_3=-1, decoder_arbitrary_ende_attn_4=1, decoder_arbitrary_ende_attn_5=1|| epoch 011:    800 / 1101 loss=4.947, nll_loss=3.672, ppl=12.75, wps=6564, ups=2, wpb=3598.944, bsz=150.382, num_updates=11811, lr=0.000460073, gnorm=1.126, clip=0.000, oom=0.000, wall=6795, train_wall=6308, encoder_embed_dim=512, encoder_layer_num=6, encoder_ffn_embed_dim_0=2048, encoder_ffn_embed_dim_1=512, encoder_ffn_embed_dim_2=2048, encoder_ffn_embed_dim_3=1024, encoder_ffn_embed_dim_4=512, encoder_ffn_embed_dim_5=1024, encoder_self_attention_heads_0=2, encoder_self_attention_heads_1=4, encoder_self_attention_heads_2=2, encoder_self_attention_heads_3=2, encoder_self_attention_heads_4=4, encoder_self_attention_heads_5=2, decoder_embed_dim=512, decoder_layer_num=1, decoder_ffn_embed_dim_0=512, decoder_self_attention_heads_0=2, decoder_ende_attention_heads_0=2, decoder_arbitrary_ende_attn_0=1, decoder_arbitrary_ende_attn_1=1, decoder_arbitrary_ende_attn_2=2, decoder_arbitrary_ende_attn_3=2, decoder_arbitrary_ende_attn_4=2, decoder_arbitrary_ende_attn_5=-1|| epoch 011:    900 / 1101 loss=4.957, nll_loss=3.683, ppl=12.85, wps=6570, ups=2, wpb=3597.054, bsz=147.507, num_updates=11911, lr=0.000458138, gnorm=1.130, clip=0.000, oom=0.000, wall=6849, train_wall=6361, encoder_embed_dim=640, encoder_layer_num=6, encoder_ffn_embed_dim_0=2048, encoder_ffn_embed_dim_1=2048, encoder_ffn_embed_dim_2=2048, encoder_ffn_embed_dim_3=2048, encoder_ffn_embed_dim_4=512, encoder_ffn_embed_dim_5=2048, encoder_self_attention_heads_0=4, encoder_self_attention_heads_1=2, encoder_self_attention_heads_2=2, encoder_self_attention_heads_3=4, encoder_self_attention_heads_4=4, encoder_self_attention_heads_5=2, decoder_embed_dim=640, decoder_layer_num=4, decoder_ffn_embed_dim_0=2048, decoder_ffn_embed_dim_1=2048, decoder_ffn_embed_dim_2=2048, decoder_ffn_embed_dim_3=1024, decoder_self_attention_heads_0=4, decoder_self_attention_heads_1=4, decoder_self_attention_heads_2=4, decoder_self_attention_heads_3=2, decoder_ende_attention_heads_0=4, decoder_ende_attention_heads_1=2, decoder_ende_attention_heads_2=4, decoder_ende_attention_heads_3=4, decoder_arbitrary_ende_attn_0=1, decoder_arbitrary_ende_attn_1=1, decoder_arbitrary_ende_attn_2=1, decoder_arbitrary_ende_attn_3=1, decoder_arbitrary_ende_attn_4=1, decoder_arbitrary_ende_attn_5=-1|| epoch 011:   1000 / 1101 loss=4.960, nll_loss=3.687, ppl=12.88, wps=6566, ups=2, wpb=3592.215, bsz=146.454, num_updates=12011, lr=0.000456226, gnorm=1.130, clip=0.000, oom=0.000, wall=6903, train_wall=6414, encoder_embed_dim=512, encoder_layer_num=6, encoder_ffn_embed_dim_0=1024, encoder_ffn_embed_dim_1=2048, encoder_ffn_embed_dim_2=512, encoder_ffn_embed_dim_3=1024, encoder_ffn_embed_dim_4=1024, encoder_ffn_embed_dim_5=512, encoder_self_attention_heads_0=2, encoder_self_attention_heads_1=2, encoder_self_attention_heads_2=2, encoder_self_attention_heads_3=4, encoder_self_attention_heads_4=2, encoder_self_attention_heads_5=2, decoder_embed_dim=512, decoder_layer_num=5, decoder_ffn_embed_dim_0=1024, decoder_ffn_embed_dim_1=512, decoder_ffn_embed_dim_2=2048, decoder_ffn_embed_dim_3=2048, decoder_ffn_embed_dim_4=2048, decoder_self_attention_heads_0=4, decoder_self_attention_heads_1=4, decoder_self_attention_heads_2=4, decoder_self_attention_heads_3=4, decoder_self_attention_heads_4=4, decoder_ende_attention_heads_0=2, decoder_ende_attention_heads_1=2, decoder_ende_attention_heads_2=4, decoder_ende_attention_heads_3=2, decoder_ende_attention_heads_4=2, decoder_arbitrary_ende_attn_0=2, decoder_arbitrary_ende_attn_1=-1, decoder_arbitrary_ende_attn_2=-1, decoder_arbitrary_ende_attn_3=-1, decoder_arbitrary_ende_attn_4=2, decoder_arbitrary_ende_attn_5=1|| epoch 011:   1100 / 1101 loss=4.961, nll_loss=3.688, ppl=12.89, wps=6569, ups=2, wpb=3586.843, bsz=145.540, num_updates=12111, lr=0.000454339, gnorm=1.129, clip=0.000, oom=0.000, wall=6957, train_wall=6466, encoder_embed_dim=512, encoder_layer_num=6, encoder_ffn_embed_dim_0=1024, encoder_ffn_embed_dim_1=2048, encoder_ffn_embed_dim_2=512, encoder_ffn_embed_dim_3=2048, encoder_ffn_embed_dim_4=2048, encoder_ffn_embed_dim_5=512, encoder_self_attention_heads_0=4, encoder_self_attention_heads_1=2, encoder_self_attention_heads_2=2, encoder_self_attention_heads_3=2, encoder_self_attention_heads_4=2, encoder_self_attention_heads_5=4, decoder_embed_dim=512, decoder_layer_num=5, decoder_ffn_embed_dim_0=512, decoder_ffn_embed_dim_1=1024, decoder_ffn_embed_dim_2=512, decoder_ffn_embed_dim_3=1024, decoder_ffn_embed_dim_4=512, decoder_self_attention_heads_0=2, decoder_self_attention_heads_1=2, decoder_self_attention_heads_2=2, decoder_self_attention_heads_3=4, decoder_self_attention_heads_4=4, decoder_ende_attention_heads_0=2, decoder_ende_attention_heads_1=2, decoder_ende_attention_heads_2=4, decoder_ende_attention_heads_3=4, decoder_ende_attention_heads_4=2, decoder_arbitrary_ende_attn_0=2, decoder_arbitrary_ende_attn_1=1, decoder_arbitrary_ende_attn_2=-1, decoder_arbitrary_ende_attn_3=-1, decoder_arbitrary_ende_attn_4=-1, decoder_arbitrary_ende_attn_5=2
| epoch 011 | loss 4.961 | nll_loss 3.688 | ppl 12.89 | wps 6567 | ups 2 | wpb 3586.843 | bsz 145.540 | num_updates 12111 | lr 0.000454339 | gnorm 1.129 | clip 0.000 | oom 0.000 | wall 6957 | train_wall 6466
| epoch 011 | validate on 'valid' subset | loss 4.794 | nll_loss 3.310 | ppl 9.92 | num_updates 12111 | best_loss 4.79357 | largest_arbitrary1_loss 4.794 | largest_arbitrary1_nll_loss 3.310
| epoch 011 | validate on 'valid' subset | loss 5.036 | nll_loss 3.614 | ppl 12.24 | num_updates 12111 | best_loss 5.03629 | smallest_arbitrary1_loss 5.036 | smallest_arbitrary1_nll_loss 3.614
| saved checkpoint ../checkpoints/iwslt14_super_full50000_fromscratch/checkpoint11.pt (epoch 11 @ 12111 updates) (writing took 4.387494325637817 seconds)|| epoch 012:    100 / 1101 loss=4.834, nll_loss=3.543, ppl=11.66, wps=6357, ups=1, wpb=3541.960, bsz=138.455, num_updates=12212, lr=0.000452456, gnorm=1.137, clip=0.000, oom=0.000, wall=7042, train_wall=6521, encoder_embed_dim=640, encoder_layer_num=6, encoder_ffn_embed_dim_0=2048, encoder_ffn_embed_dim_1=1024, encoder_ffn_embed_dim_2=512, encoder_ffn_embed_dim_3=1024, encoder_ffn_embed_dim_4=512, encoder_ffn_embed_dim_5=1024, encoder_self_attention_heads_0=4, encoder_self_attention_heads_1=4, encoder_self_attention_heads_2=2, encoder_self_attention_heads_3=2, encoder_self_attention_heads_4=4, encoder_self_attention_heads_5=4, decoder_embed_dim=640, decoder_layer_num=4, decoder_ffn_embed_dim_0=512, decoder_ffn_embed_dim_1=1024, decoder_ffn_embed_dim_2=2048, decoder_ffn_embed_dim_3=512, decoder_self_attention_heads_0=4, decoder_self_attention_heads_1=4, decoder_self_attention_heads_2=4, decoder_self_attention_heads_3=4, decoder_ende_attention_heads_0=4, decoder_ende_attention_heads_1=4, decoder_ende_attention_heads_2=4, decoder_ende_attention_heads_3=4, decoder_arbitrary_ende_attn_0=1, decoder_arbitrary_ende_attn_1=2, decoder_arbitrary_ende_attn_2=-1, decoder_arbitrary_ende_attn_3=1, decoder_arbitrary_ende_attn_4=1, decoder_arbitrary_ende_attn_5=2|| epoch 012:    200 / 1101 loss=4.828, nll_loss=3.535, ppl=11.59, wps=6344, ups=1, wpb=3579.134, bsz=142.881, num_updates=12312, lr=0.000450615, gnorm=1.134, clip=0.000, oom=0.000, wall=7099, train_wall=6577, encoder_embed_dim=640, encoder_layer_num=6, encoder_ffn_embed_dim_0=1024, encoder_ffn_embed_dim_1=1024, encoder_ffn_embed_dim_2=512, encoder_ffn_embed_dim_3=512, encoder_ffn_embed_dim_4=512, encoder_ffn_embed_dim_5=2048, encoder_self_attention_heads_0=2, encoder_self_attention_heads_1=2, encoder_self_attention_heads_2=4, encoder_self_attention_heads_3=2, encoder_self_attention_heads_4=4, encoder_self_attention_heads_5=4, decoder_embed_dim=512, decoder_layer_num=3, decoder_ffn_embed_dim_0=1024, decoder_ffn_embed_dim_1=2048, decoder_ffn_embed_dim_2=2048, decoder_self_attention_heads_0=2, decoder_self_attention_heads_1=2, decoder_self_attention_heads_2=2, decoder_ende_attention_heads_0=2, decoder_ende_attention_heads_1=4, decoder_ende_attention_heads_2=2, decoder_arbitrary_ende_attn_0=2, decoder_arbitrary_ende_attn_1=2, decoder_arbitrary_ende_attn_2=1, decoder_arbitrary_ende_attn_3=1, decoder_arbitrary_ende_attn_4=-1, decoder_arbitrary_ende_attn_5=-1|| epoch 012:    300 / 1101 loss=4.816, nll_loss=3.520, ppl=11.48, wps=6368, ups=2, wpb=3563.462, bsz=147.053, num_updates=12412, lr=0.000448796, gnorm=1.130, clip=0.000, oom=0.000, wall=7154, train_wall=6631, encoder_embed_dim=512, encoder_layer_num=6, encoder_ffn_embed_dim_0=2048, encoder_ffn_embed_dim_1=512, encoder_ffn_embed_dim_2=1024, encoder_ffn_embed_dim_3=1024, encoder_ffn_embed_dim_4=512, encoder_ffn_embed_dim_5=512, encoder_self_attention_heads_0=2, encoder_self_attention_heads_1=4, encoder_self_attention_heads_2=2, encoder_self_attention_heads_3=4, encoder_self_attention_heads_4=4, encoder_self_attention_heads_5=4, decoder_embed_dim=512, decoder_layer_num=2, decoder_ffn_embed_dim_0=2048, decoder_ffn_embed_dim_1=2048, decoder_self_attention_heads_0=2, decoder_self_attention_heads_1=2, decoder_ende_attention_heads_0=4, decoder_ende_attention_heads_1=4, decoder_arbitrary_ende_attn_0=2, decoder_arbitrary_ende_attn_1=1, decoder_arbitrary_ende_attn_2=-1, decoder_arbitrary_ende_attn_3=1, decoder_arbitrary_ende_attn_4=1, decoder_arbitrary_ende_attn_5=1|| epoch 012:    400 / 1101 loss=4.821, nll_loss=3.527, ppl=11.53, wps=6502, ups=2, wpb=3579.127, bsz=146.551, num_updates=12512, lr=0.000446999, gnorm=1.128, clip=0.000, oom=0.000, wall=7206, train_wall=6683, encoder_embed_dim=512, encoder_layer_num=6, encoder_ffn_embed_dim_0=2048, encoder_ffn_embed_dim_1=2048, encoder_ffn_embed_dim_2=1024, encoder_ffn_embed_dim_3=512, encoder_ffn_embed_dim_4=1024, encoder_ffn_embed_dim_5=1024, encoder_self_attention_heads_0=2, encoder_self_attention_heads_1=4, encoder_self_attention_heads_2=4, encoder_self_attention_heads_3=4, encoder_self_attention_heads_4=2, encoder_self_attention_heads_5=4, decoder_embed_dim=512, decoder_layer_num=3, decoder_ffn_embed_dim_0=2048, decoder_ffn_embed_dim_1=1024, decoder_ffn_embed_dim_2=512, decoder_self_attention_heads_0=2, decoder_self_attention_heads_1=4, decoder_self_attention_heads_2=2, decoder_ende_attention_heads_0=2, decoder_ende_attention_heads_1=4, decoder_ende_attention_heads_2=4, decoder_arbitrary_ende_attn_0=-1, decoder_arbitrary_ende_attn_1=1, decoder_arbitrary_ende_attn_2=2, decoder_arbitrary_ende_attn_3=-1, decoder_arbitrary_ende_attn_4=2, decoder_arbitrary_ende_attn_5=2|| epoch 012:    500 / 1101 loss=4.821, nll_loss=3.527, ppl=11.53, wps=6496, ups=2, wpb=3578.665, bsz=146.729, num_updates=12612, lr=0.000445223, gnorm=1.128, clip=0.000, oom=0.000, wall=7261, train_wall=6737, encoder_embed_dim=640, encoder_layer_num=6, encoder_ffn_embed_dim_0=1024, encoder_ffn_embed_dim_1=1024, encoder_ffn_embed_dim_2=2048, encoder_ffn_embed_dim_3=1024, encoder_ffn_embed_dim_4=2048, encoder_ffn_embed_dim_5=512, encoder_self_attention_heads_0=2, encoder_self_attention_heads_1=2, encoder_self_attention_heads_2=2, encoder_self_attention_heads_3=4, encoder_self_attention_heads_4=2, encoder_self_attention_heads_5=4, decoder_embed_dim=512, decoder_layer_num=4, decoder_ffn_embed_dim_0=1024, decoder_ffn_embed_dim_1=1024, decoder_ffn_embed_dim_2=512, decoder_ffn_embed_dim_3=512, decoder_self_attention_heads_0=4, decoder_self_attention_heads_1=4, decoder_self_attention_heads_2=2, decoder_self_attention_heads_3=2, decoder_ende_attention_heads_0=4, decoder_ende_attention_heads_1=2, decoder_ende_attention_heads_2=2, decoder_ende_attention_heads_3=4, decoder_arbitrary_ende_attn_0=-1, decoder_arbitrary_ende_attn_1=2, decoder_arbitrary_ende_attn_2=1, decoder_arbitrary_ende_attn_3=2, decoder_arbitrary_ende_attn_4=-1, decoder_arbitrary_ende_attn_5=-1|| epoch 012:    600 / 1101 loss=4.828, nll_loss=3.535, ppl=11.59, wps=6521, ups=2, wpb=3582.103, bsz=145.143, num_updates=12712, lr=0.000443469, gnorm=1.125, clip=0.000, oom=0.000, wall=7315, train_wall=6790, encoder_embed_dim=512, encoder_layer_num=6, encoder_ffn_embed_dim_0=2048, encoder_ffn_embed_dim_1=2048, encoder_ffn_embed_dim_2=1024, encoder_ffn_embed_dim_3=512, encoder_ffn_embed_dim_4=512, encoder_ffn_embed_dim_5=2048, encoder_self_attention_heads_0=4, encoder_self_attention_heads_1=2, encoder_self_attention_heads_2=2, encoder_self_attention_heads_3=4, encoder_self_attention_heads_4=4, encoder_self_attention_heads_5=4, decoder_embed_dim=640, decoder_layer_num=2, decoder_ffn_embed_dim_0=2048, decoder_ffn_embed_dim_1=2048, decoder_self_attention_heads_0=2, decoder_self_attention_heads_1=4, decoder_ende_attention_heads_0=4, decoder_ende_attention_heads_1=2, decoder_arbitrary_ende_attn_0=1, decoder_arbitrary_ende_attn_1=-1, decoder_arbitrary_ende_attn_2=-1, decoder_arbitrary_ende_attn_3=2, decoder_arbitrary_ende_attn_4=2, decoder_arbitrary_ende_attn_5=2|| epoch 012:    700 / 1101 loss=4.838, nll_loss=3.546, ppl=11.68, wps=6552, ups=2, wpb=3586.369, bsz=144.284, num_updates=12812, lr=0.000441735, gnorm=1.129, clip=0.000, oom=0.000, wall=7369, train_wall=6842, encoder_embed_dim=640, encoder_layer_num=6, encoder_ffn_embed_dim_0=2048, encoder_ffn_embed_dim_1=1024, encoder_ffn_embed_dim_2=512, encoder_ffn_embed_dim_3=512, encoder_ffn_embed_dim_4=512, encoder_ffn_embed_dim_5=1024, encoder_self_attention_heads_0=2, encoder_self_attention_heads_1=2, encoder_self_attention_heads_2=4, encoder_self_attention_heads_3=4, encoder_self_attention_heads_4=4, encoder_self_attention_heads_5=4, decoder_embed_dim=640, decoder_layer_num=6, decoder_ffn_embed_dim_0=512, decoder_ffn_embed_dim_1=1024, decoder_ffn_embed_dim_2=2048, decoder_ffn_embed_dim_3=512, decoder_ffn_embed_dim_4=1024, decoder_ffn_embed_dim_5=512, decoder_self_attention_heads_0=4, decoder_self_attention_heads_1=2, decoder_self_attention_heads_2=2, decoder_self_attention_heads_3=2, decoder_self_attention_heads_4=4, decoder_self_attention_heads_5=2, decoder_ende_attention_heads_0=4, decoder_ende_attention_heads_1=2, decoder_ende_attention_heads_2=4, decoder_ende_attention_heads_3=4, decoder_ende_attention_heads_4=2, decoder_ende_attention_heads_5=2, decoder_arbitrary_ende_attn_0=1, decoder_arbitrary_ende_attn_1=1, decoder_arbitrary_ende_attn_2=2, decoder_arbitrary_ende_attn_3=-1, decoder_arbitrary_ende_attn_4=1, decoder_arbitrary_ende_attn_5=-1|| epoch 012:    800 / 1101 loss=4.833, nll_loss=3.541, ppl=11.64, wps=6562, ups=2, wpb=3580.993, bsz=144.668, num_updates=12912, lr=0.000440021, gnorm=1.128, clip=0.000, oom=0.000, wall=7422, train_wall=6894, encoder_embed_dim=640, encoder_layer_num=6, encoder_ffn_embed_dim_0=2048, encoder_ffn_embed_dim_1=512, encoder_ffn_embed_dim_2=512, encoder_ffn_embed_dim_3=2048, encoder_ffn_embed_dim_4=512, encoder_ffn_embed_dim_5=2048, encoder_self_attention_heads_0=2, encoder_self_attention_heads_1=2, encoder_self_attention_heads_2=2, encoder_self_attention_heads_3=2, encoder_self_attention_heads_4=2, encoder_self_attention_heads_5=4, decoder_embed_dim=512, decoder_layer_num=1, decoder_ffn_embed_dim_0=1024, decoder_self_attention_heads_0=4, decoder_ende_attention_heads_0=2, decoder_arbitrary_ende_attn_0=1, decoder_arbitrary_ende_attn_1=2, decoder_arbitrary_ende_attn_2=-1, decoder_arbitrary_ende_attn_3=1, decoder_arbitrary_ende_attn_4=-1, decoder_arbitrary_ende_attn_5=1|| epoch 012:    900 / 1101 loss=4.822, nll_loss=3.528, ppl=11.54, wps=6555, ups=2, wpb=3588.876, bsz=145.792, num_updates=13012, lr=0.000438327, gnorm=1.124, clip=0.000, oom=0.000, wall=7479, train_wall=6949, encoder_embed_dim=640, encoder_layer_num=6, encoder_ffn_embed_dim_0=512, encoder_ffn_embed_dim_1=2048, encoder_ffn_embed_dim_2=2048, encoder_ffn_embed_dim_3=2048, encoder_ffn_embed_dim_4=512, encoder_ffn_embed_dim_5=512, encoder_self_attention_heads_0=2, encoder_self_attention_heads_1=4, encoder_self_attention_heads_2=2, encoder_self_attention_heads_3=2, encoder_self_attention_heads_4=4, encoder_self_attention_heads_5=4, decoder_embed_dim=640, decoder_layer_num=2, decoder_ffn_embed_dim_0=2048, decoder_ffn_embed_dim_1=512, decoder_self_attention_heads_0=4, decoder_self_attention_heads_1=2, decoder_ende_attention_heads_0=4, decoder_ende_attention_heads_1=2, decoder_arbitrary_ende_attn_0=1, decoder_arbitrary_ende_attn_1=2, decoder_arbitrary_ende_attn_2=2, decoder_arbitrary_ende_attn_3=1, decoder_arbitrary_ende_attn_4=1, decoder_arbitrary_ende_attn_5=-1|| epoch 012:   1000 / 1101 loss=4.823, nll_loss=3.529, ppl=11.54, wps=6546, ups=2, wpb=3589.039, bsz=145.701, num_updates=13112, lr=0.000436652, gnorm=1.124, clip=0.000, oom=0.000, wall=7534, train_wall=7003, encoder_embed_dim=640, encoder_layer_num=6, encoder_ffn_embed_dim_0=512, encoder_ffn_embed_dim_1=1024, encoder_ffn_embed_dim_2=512, encoder_ffn_embed_dim_3=1024, encoder_ffn_embed_dim_4=512, encoder_ffn_embed_dim_5=512, encoder_self_attention_heads_0=2, encoder_self_attention_heads_1=4, encoder_self_attention_heads_2=2, encoder_self_attention_heads_3=4, encoder_self_attention_heads_4=2, encoder_self_attention_heads_5=4, decoder_embed_dim=640, decoder_layer_num=5, decoder_ffn_embed_dim_0=512, decoder_ffn_embed_dim_1=1024, decoder_ffn_embed_dim_2=512, decoder_ffn_embed_dim_3=2048, decoder_ffn_embed_dim_4=512, decoder_self_attention_heads_0=2, decoder_self_attention_heads_1=4, decoder_self_attention_heads_2=2, decoder_self_attention_heads_3=2, decoder_self_attention_heads_4=2, decoder_ende_attention_heads_0=2, decoder_ende_attention_heads_1=4, decoder_ende_attention_heads_2=4, decoder_ende_attention_heads_3=4, decoder_ende_attention_heads_4=2, decoder_arbitrary_ende_attn_0=1, decoder_arbitrary_ende_attn_1=2, decoder_arbitrary_ende_attn_2=1, decoder_arbitrary_ende_attn_3=-1, decoder_arbitrary_ende_attn_4=2, decoder_arbitrary_ende_attn_5=1|| epoch 012:   1100 / 1101 loss=4.823, nll_loss=3.529, ppl=11.55, wps=6565, ups=2, wpb=3586.843, bsz=145.540, num_updates=13212, lr=0.000434996, gnorm=1.125, clip=0.000, oom=0.000, wall=7587, train_wall=7055, encoder_embed_dim=512, encoder_layer_num=6, encoder_ffn_embed_dim_0=2048, encoder_ffn_embed_dim_1=2048, encoder_ffn_embed_dim_2=2048, encoder_ffn_embed_dim_3=512, encoder_ffn_embed_dim_4=512, encoder_ffn_embed_dim_5=512, encoder_self_attention_heads_0=2, encoder_self_attention_heads_1=4, encoder_self_attention_heads_2=4, encoder_self_attention_heads_3=4, encoder_self_attention_heads_4=2, encoder_self_attention_heads_5=2, decoder_embed_dim=640, decoder_layer_num=3, decoder_ffn_embed_dim_0=1024, decoder_ffn_embed_dim_1=1024, decoder_ffn_embed_dim_2=512, decoder_self_attention_heads_0=2, decoder_self_attention_heads_1=4, decoder_self_attention_heads_2=2, decoder_ende_attention_heads_0=4, decoder_ende_attention_heads_1=4, decoder_ende_attention_heads_2=2, decoder_arbitrary_ende_attn_0=2, decoder_arbitrary_ende_attn_1=2, decoder_arbitrary_ende_attn_2=2, decoder_arbitrary_ende_attn_3=2, decoder_arbitrary_ende_attn_4=2, decoder_arbitrary_ende_attn_5=-1
| epoch 012 | loss 4.823 | nll_loss 3.529 | ppl 11.55 | wps 6564 | ups 2 | wpb 3586.843 | bsz 145.540 | num_updates 13212 | lr 0.000434996 | gnorm 1.125 | clip 0.000 | oom 0.000 | wall 7587 | train_wall 7055
| epoch 012 | validate on 'valid' subset | loss 4.656 | nll_loss 3.151 | ppl 8.88 | num_updates 13212 | best_loss 4.65592 | largest_arbitrary1_loss 4.656 | largest_arbitrary1_nll_loss 3.151
| epoch 012 | validate on 'valid' subset | loss 4.928 | nll_loss 3.488 | ppl 11.22 | num_updates 13212 | best_loss 4.92807 | smallest_arbitrary1_loss 4.928 | smallest_arbitrary1_nll_loss 3.488
| saved checkpoint ../checkpoints/iwslt14_super_full50000_fromscratch/checkpoint12.pt (epoch 12 @ 13212 updates) (writing took 4.388840675354004 seconds)|| epoch 013:    100 / 1101 loss=4.653, nll_loss=3.337, ppl=10.10, wps=6482, ups=1, wpb=3554.693, bsz=153.188, num_updates=13313, lr=0.000433343, gnorm=1.102, clip=0.000, oom=0.000, wall=7671, train_wall=7109, encoder_embed_dim=640, encoder_layer_num=6, encoder_ffn_embed_dim_0=2048, encoder_ffn_embed_dim_1=1024, encoder_ffn_embed_dim_2=512, encoder_ffn_embed_dim_3=2048, encoder_ffn_embed_dim_4=512, encoder_ffn_embed_dim_5=2048, encoder_self_attention_heads_0=4, encoder_self_attention_heads_1=4, encoder_self_attention_heads_2=2, encoder_self_attention_heads_3=2, encoder_self_attention_heads_4=2, encoder_self_attention_heads_5=4, decoder_embed_dim=512, decoder_layer_num=4, decoder_ffn_embed_dim_0=1024, decoder_ffn_embed_dim_1=512, decoder_ffn_embed_dim_2=2048, decoder_ffn_embed_dim_3=512, decoder_self_attention_heads_0=4, decoder_self_attention_heads_1=2, decoder_self_attention_heads_2=2, decoder_self_attention_heads_3=4, decoder_ende_attention_heads_0=2, decoder_ende_attention_heads_1=4, decoder_ende_attention_heads_2=2, decoder_ende_attention_heads_3=2, decoder_arbitrary_ende_attn_0=1, decoder_arbitrary_ende_attn_1=-1, decoder_arbitrary_ende_attn_2=1, decoder_arbitrary_ende_attn_3=-1, decoder_arbitrary_ende_attn_4=2, decoder_arbitrary_ende_attn_5=-1|| epoch 013:    200 / 1101 loss=4.686, nll_loss=3.373, ppl=10.36, wps=6512, ups=1, wpb=3589.085, bsz=147.264, num_updates=13413, lr=0.000431725, gnorm=1.105, clip=0.000, oom=0.000, wall=7726, train_wall=7164, encoder_embed_dim=640, encoder_layer_num=6, encoder_ffn_embed_dim_0=512, encoder_ffn_embed_dim_1=2048, encoder_ffn_embed_dim_2=1024, encoder_ffn_embed_dim_3=1024, encoder_ffn_embed_dim_4=1024, encoder_ffn_embed_dim_5=1024, encoder_self_attention_heads_0=4, encoder_self_attention_heads_1=2, encoder_self_attention_heads_2=2, encoder_self_attention_heads_3=2, encoder_self_attention_heads_4=4, encoder_self_attention_heads_5=2, decoder_embed_dim=512, decoder_layer_num=6, decoder_ffn_embed_dim_0=1024, decoder_ffn_embed_dim_1=2048, decoder_ffn_embed_dim_2=1024, decoder_ffn_embed_dim_3=2048, decoder_ffn_embed_dim_4=1024, decoder_ffn_embed_dim_5=512, decoder_self_attention_heads_0=2, decoder_self_attention_heads_1=2, decoder_self_attention_heads_2=2, decoder_self_attention_heads_3=4, decoder_self_attention_heads_4=4, decoder_self_attention_heads_5=2, decoder_ende_attention_heads_0=2, decoder_ende_attention_heads_1=4, decoder_ende_attention_heads_2=4, decoder_ende_attention_heads_3=4, decoder_ende_attention_heads_4=4, decoder_ende_attention_heads_5=2, decoder_arbitrary_ende_attn_0=2, decoder_arbitrary_ende_attn_1=-1, decoder_arbitrary_ende_attn_2=-1, decoder_arbitrary_ende_attn_3=2, decoder_arbitrary_ende_attn_4=-1, decoder_arbitrary_ende_attn_5=2|| epoch 013:    300 / 1101 loss=4.731, nll_loss=3.423, ppl=10.73, wps=6516, ups=2, wpb=3573.066, bsz=141.262, num_updates=13513, lr=0.000430124, gnorm=1.127, clip=0.000, oom=0.000, wall=7780, train_wall=7217, encoder_embed_dim=640, encoder_layer_num=6, encoder_ffn_embed_dim_0=2048, encoder_ffn_embed_dim_1=512, encoder_ffn_embed_dim_2=2048, encoder_ffn_embed_dim_3=1024, encoder_ffn_embed_dim_4=1024, encoder_ffn_embed_dim_5=512, encoder_self_attention_heads_0=2, encoder_self_attention_heads_1=2, encoder_self_attention_heads_2=4, encoder_self_attention_heads_3=4, encoder_self_attention_heads_4=4, encoder_self_attention_heads_5=4, decoder_embed_dim=512, decoder_layer_num=1, decoder_ffn_embed_dim_0=2048, decoder_self_attention_heads_0=4, decoder_ende_attention_heads_0=4, decoder_arbitrary_ende_attn_0=2, decoder_arbitrary_ende_attn_1=-1, decoder_arbitrary_ende_attn_2=1, decoder_arbitrary_ende_attn_3=1, decoder_arbitrary_ende_attn_4=-1, decoder_arbitrary_ende_attn_5=-1|| epoch 013:    400 / 1101 loss=4.718, nll_loss=3.409, ppl=10.62, wps=6508, ups=2, wpb=3564.893, bsz=145.693, num_updates=13613, lr=0.000428542, gnorm=1.125, clip=0.000, oom=0.000, wall=7835, train_wall=7270, encoder_embed_dim=512, encoder_layer_num=6, encoder_ffn_embed_dim_0=512, encoder_ffn_embed_dim_1=1024, encoder_ffn_embed_dim_2=1024, encoder_ffn_embed_dim_3=1024, encoder_ffn_embed_dim_4=512, encoder_ffn_embed_dim_5=2048, encoder_self_attention_heads_0=2, encoder_self_attention_heads_1=2, encoder_self_attention_heads_2=2, encoder_self_attention_heads_3=2, encoder_self_attention_heads_4=2, encoder_self_attention_heads_5=2, decoder_embed_dim=640, decoder_layer_num=4, decoder_ffn_embed_dim_0=512, decoder_ffn_embed_dim_1=512, decoder_ffn_embed_dim_2=1024, decoder_ffn_embed_dim_3=512, decoder_self_attention_heads_0=2, decoder_self_attention_heads_1=4, decoder_self_attention_heads_2=4, decoder_self_attention_heads_3=4, decoder_ende_attention_heads_0=2, decoder_ende_attention_heads_1=2, decoder_ende_attention_heads_2=2, decoder_ende_attention_heads_3=4, decoder_arbitrary_ende_attn_0=-1, decoder_arbitrary_ende_attn_1=1, decoder_arbitrary_ende_attn_2=1, decoder_arbitrary_ende_attn_3=-1, decoder_arbitrary_ende_attn_4=2, decoder_arbitrary_ende_attn_5=2|| epoch 013:    500 / 1101 loss=4.714, nll_loss=3.405, ppl=10.59, wps=6529, ups=2, wpb=3578.058, bsz=145.148, num_updates=13713, lr=0.000426976, gnorm=1.120, clip=0.000, oom=0.000, wall=7890, train_wall=7324, encoder_embed_dim=512, encoder_layer_num=6, encoder_ffn_embed_dim_0=1024, encoder_ffn_embed_dim_1=512, encoder_ffn_embed_dim_2=2048, encoder_ffn_embed_dim_3=512, encoder_ffn_embed_dim_4=512, encoder_ffn_embed_dim_5=512, encoder_self_attention_heads_0=4, encoder_self_attention_heads_1=4, encoder_self_attention_heads_2=2, encoder_self_attention_heads_3=4, encoder_self_attention_heads_4=4, encoder_self_attention_heads_5=4, decoder_embed_dim=512, decoder_layer_num=6, decoder_ffn_embed_dim_0=2048, decoder_ffn_embed_dim_1=2048, decoder_ffn_embed_dim_2=2048, decoder_ffn_embed_dim_3=1024, decoder_ffn_embed_dim_4=1024, decoder_ffn_embed_dim_5=512, decoder_self_attention_heads_0=4, decoder_self_attention_heads_1=2, decoder_self_attention_heads_2=2, decoder_self_attention_heads_3=2, decoder_self_attention_heads_4=4, decoder_self_attention_heads_5=2, decoder_ende_attention_heads_0=4, decoder_ende_attention_heads_1=2, decoder_ende_attention_heads_2=2, decoder_ende_attention_heads_3=4, decoder_ende_attention_heads_4=4, decoder_ende_attention_heads_5=2, decoder_arbitrary_ende_attn_0=1, decoder_arbitrary_ende_attn_1=1, decoder_arbitrary_ende_attn_2=2, decoder_arbitrary_ende_attn_3=2, decoder_arbitrary_ende_attn_4=1, decoder_arbitrary_ende_attn_5=2|| epoch 013:    600 / 1101 loss=4.712, nll_loss=3.402, ppl=10.57, wps=6516, ups=2, wpb=3587.764, bsz=145.928, num_updates=13813, lr=0.000425428, gnorm=1.118, clip=0.000, oom=0.000, wall=7946, train_wall=7379, encoder_embed_dim=640, encoder_layer_num=6, encoder_ffn_embed_dim_0=2048, encoder_ffn_embed_dim_1=1024, encoder_ffn_embed_dim_2=2048, encoder_ffn_embed_dim_3=2048, encoder_ffn_embed_dim_4=1024, encoder_ffn_embed_dim_5=1024, encoder_self_attention_heads_0=4, encoder_self_attention_heads_1=2, encoder_self_attention_heads_2=4, encoder_self_attention_heads_3=2, encoder_self_attention_heads_4=2, encoder_self_attention_heads_5=4, decoder_embed_dim=640, decoder_layer_num=2, decoder_ffn_embed_dim_0=2048, decoder_ffn_embed_dim_1=2048, decoder_self_attention_heads_0=4, decoder_self_attention_heads_1=2, decoder_ende_attention_heads_0=2, decoder_ende_attention_heads_1=2, decoder_arbitrary_ende_attn_0=1, decoder_arbitrary_ende_attn_1=1, decoder_arbitrary_ende_attn_2=1, decoder_arbitrary_ende_attn_3=1, decoder_arbitrary_ende_attn_4=1, decoder_arbitrary_ende_attn_5=1|| epoch 013:    700 / 1101 loss=4.715, nll_loss=3.406, ppl=10.60, wps=6538, ups=2, wpb=3590.916, bsz=145.904, num_updates=13913, lr=0.000423896, gnorm=1.118, clip=0.000, oom=0.000, wall=8000, train_wall=7432, encoder_embed_dim=512, encoder_layer_num=6, encoder_ffn_embed_dim_0=1024, encoder_ffn_embed_dim_1=2048, encoder_ffn_embed_dim_2=1024, encoder_ffn_embed_dim_3=2048, encoder_ffn_embed_dim_4=1024, encoder_ffn_embed_dim_5=2048, encoder_self_attention_heads_0=2, encoder_self_attention_heads_1=4, encoder_self_attention_heads_2=2, encoder_self_attention_heads_3=2, encoder_self_attention_heads_4=2, encoder_self_attention_heads_5=2, decoder_embed_dim=640, decoder_layer_num=2, decoder_ffn_embed_dim_0=2048, decoder_ffn_embed_dim_1=1024, decoder_self_attention_heads_0=2, decoder_self_attention_heads_1=2, decoder_ende_attention_heads_0=2, decoder_ende_attention_heads_1=2, decoder_arbitrary_ende_attn_0=-1, decoder_arbitrary_ende_attn_1=-1, decoder_arbitrary_ende_attn_2=1, decoder_arbitrary_ende_attn_3=1, decoder_arbitrary_ende_attn_4=-1, decoder_arbitrary_ende_attn_5=-1|| epoch 013:    800 / 1101 loss=4.713, nll_loss=3.404, ppl=10.58, wps=6532, ups=2, wpb=3589.115, bsz=145.946, num_updates=14013, lr=0.000422381, gnorm=1.116, clip=0.000, oom=0.000, wall=8056, train_wall=7486, encoder_embed_dim=640, encoder_layer_num=6, encoder_ffn_embed_dim_0=1024, encoder_ffn_embed_dim_1=512, encoder_ffn_embed_dim_2=2048, encoder_ffn_embed_dim_3=2048, encoder_ffn_embed_dim_4=1024, encoder_ffn_embed_dim_5=512, encoder_self_attention_heads_0=2, encoder_self_attention_heads_1=4, encoder_self_attention_heads_2=2, encoder_self_attention_heads_3=2, encoder_self_attention_heads_4=4, encoder_self_attention_heads_5=2, decoder_embed_dim=512, decoder_layer_num=3, decoder_ffn_embed_dim_0=512, decoder_ffn_embed_dim_1=2048, decoder_ffn_embed_dim_2=512, decoder_self_attention_heads_0=4, decoder_self_attention_heads_1=4, decoder_self_attention_heads_2=2, decoder_ende_attention_heads_0=4, decoder_ende_attention_heads_1=4, decoder_ende_attention_heads_2=2, decoder_arbitrary_ende_attn_0=1, decoder_arbitrary_ende_attn_1=-1, decoder_arbitrary_ende_attn_2=1, decoder_arbitrary_ende_attn_3=2, decoder_arbitrary_ende_attn_4=-1, decoder_arbitrary_ende_attn_5=1|| epoch 013:    900 / 1101 loss=4.713, nll_loss=3.405, ppl=10.59, wps=6504, ups=2, wpb=3579.750, bsz=144.807, num_updates=14113, lr=0.000420882, gnorm=1.117, clip=0.000, oom=0.000, wall=8111, train_wall=7541, encoder_embed_dim=512, encoder_layer_num=6, encoder_ffn_embed_dim_0=512, encoder_ffn_embed_dim_1=512, encoder_ffn_embed_dim_2=512, encoder_ffn_embed_dim_3=2048, encoder_ffn_embed_dim_4=2048, encoder_ffn_embed_dim_5=2048, encoder_self_attention_heads_0=4, encoder_self_attention_heads_1=4, encoder_self_attention_heads_2=4, encoder_self_attention_heads_3=2, encoder_self_attention_heads_4=4, encoder_self_attention_heads_5=2, decoder_embed_dim=640, decoder_layer_num=6, decoder_ffn_embed_dim_0=512, decoder_ffn_embed_dim_1=512, decoder_ffn_embed_dim_2=1024, decoder_ffn_embed_dim_3=2048, decoder_ffn_embed_dim_4=512, decoder_ffn_embed_dim_5=512, decoder_self_attention_heads_0=4, decoder_self_attention_heads_1=4, decoder_self_attention_heads_2=4, decoder_self_attention_heads_3=4, decoder_self_attention_heads_4=2, decoder_self_attention_heads_5=4, decoder_ende_attention_heads_0=4, decoder_ende_attention_heads_1=2, decoder_ende_attention_heads_2=4, decoder_ende_attention_heads_3=2, decoder_ende_attention_heads_4=2, decoder_ende_attention_heads_5=4, decoder_arbitrary_ende_attn_0=1, decoder_arbitrary_ende_attn_1=2, decoder_arbitrary_ende_attn_2=-1, decoder_arbitrary_ende_attn_3=1, decoder_arbitrary_ende_attn_4=2, decoder_arbitrary_ende_attn_5=-1|| epoch 013:   1000 / 1101 loss=4.709, nll_loss=3.399, ppl=10.55, wps=6511, ups=2, wpb=3585.392, bsz=145.238, num_updates=14213, lr=0.000419399, gnorm=1.114, clip=0.000, oom=0.000, wall=8167, train_wall=7595, encoder_embed_dim=640, encoder_layer_num=6, encoder_ffn_embed_dim_0=2048, encoder_ffn_embed_dim_1=2048, encoder_ffn_embed_dim_2=1024, encoder_ffn_embed_dim_3=2048, encoder_ffn_embed_dim_4=512, encoder_ffn_embed_dim_5=1024, encoder_self_attention_heads_0=2, encoder_self_attention_heads_1=2, encoder_self_attention_heads_2=4, encoder_self_attention_heads_3=2, encoder_self_attention_heads_4=4, encoder_self_attention_heads_5=4, decoder_embed_dim=512, decoder_layer_num=1, decoder_ffn_embed_dim_0=1024, decoder_self_attention_heads_0=2, decoder_ende_attention_heads_0=2, decoder_arbitrary_ende_attn_0=1, decoder_arbitrary_ende_attn_1=1, decoder_arbitrary_ende_attn_2=1, decoder_arbitrary_ende_attn_3=-1, decoder_arbitrary_ende_attn_4=2, decoder_arbitrary_ende_attn_5=2|| epoch 013:   1100 / 1101 loss=4.707, nll_loss=3.397, ppl=10.54, wps=6527, ups=2, wpb=3586.843, bsz=145.540, num_updates=14313, lr=0.000417931, gnorm=1.114, clip=0.000, oom=0.000, wall=8220, train_wall=7647, encoder_embed_dim=512, encoder_layer_num=6, encoder_ffn_embed_dim_0=2048, encoder_ffn_embed_dim_1=2048, encoder_ffn_embed_dim_2=1024, encoder_ffn_embed_dim_3=2048, encoder_ffn_embed_dim_4=2048, encoder_ffn_embed_dim_5=2048, encoder_self_attention_heads_0=4, encoder_self_attention_heads_1=4, encoder_self_attention_heads_2=4, encoder_self_attention_heads_3=2, encoder_self_attention_heads_4=4, encoder_self_attention_heads_5=2, decoder_embed_dim=512, decoder_layer_num=2, decoder_ffn_embed_dim_0=512, decoder_ffn_embed_dim_1=2048, decoder_self_attention_heads_0=4, decoder_self_attention_heads_1=2, decoder_ende_attention_heads_0=4, decoder_ende_attention_heads_1=4, decoder_arbitrary_ende_attn_0=1, decoder_arbitrary_ende_attn_1=1, decoder_arbitrary_ende_attn_2=1, decoder_arbitrary_ende_attn_3=2, decoder_arbitrary_ende_attn_4=1, decoder_arbitrary_ende_attn_5=1
| epoch 013 | loss 4.707 | nll_loss 3.397 | ppl 10.54 | wps 6525 | ups 2 | wpb 3586.843 | bsz 145.540 | num_updates 14313 | lr 0.000417931 | gnorm 1.114 | clip 0.000 | oom 0.000 | wall 8221 | train_wall 7647
| epoch 013 | validate on 'valid' subset | loss 4.599 | nll_loss 3.074 | ppl 8.42 | num_updates 14313 | best_loss 4.59889 | largest_arbitrary1_loss 4.599 | largest_arbitrary1_nll_loss 3.074
| epoch 013 | validate on 'valid' subset | loss 4.898 | nll_loss 3.444 | ppl 10.88 | num_updates 14313 | best_loss 4.89844 | smallest_arbitrary1_loss 4.898 | smallest_arbitrary1_nll_loss 3.444
| saved checkpoint ../checkpoints/iwslt14_super_full50000_fromscratch/checkpoint13.pt (epoch 13 @ 14313 updates) (writing took 4.255723237991333 seconds)
| epoch 014:    100 / 1101 loss=4.643, nll_loss=3.324, ppl=10.01, wps=6399, ups=1, wpb=3574.653, bsz=140.040, num_updates=14414, lr=0.000416464, gnorm=1.124, clip=0.000, oom=0.000, wall=8304, train_wall=7703, encoder_embed_dim=512, encoder_layer_num=6, encoder_ffn_embed_dim_0=1024, encoder_ffn_embed_dim_1=2048, encoder_ffn_embed_dim_2=512, encoder_ffn_embed_dim_3=1024, encoder_ffn_embed_dim_4=2048, encoder_ffn_embed_dim_5=512, encoder_self_attention_heads_0=2, encoder_self_attention_heads_1=2, encoder_self_attention_heads_2=2, encoder_self_attention_heads_3=2, encoder_self_attention_heads_4=4, encoder_self_attention_heads_5=4, decoder_embed_dim=640, decoder_layer_num=2, decoder_ffn_embed_dim_0=2048, decoder_ffn_embed_dim_1=1024, decoder_self_attention_heads_0=2, decoder_self_attention_heads_1=4, decoder_ende_attention_heads_0=4, decoder_ende_attention_heads_1=4, decoder_arbitrary_ende_attn_0=-1, decoder_arbitrary_ende_attn_1=1, decoder_arbitrary_ende_attn_2=2, decoder_arbitrary_ende_attn_3=1, decoder_arbitrary_ende_attn_4=2, decoder_arbitrary_ende_attn_5=-1
| epoch 014:    200 / 1101 loss=4.619, nll_loss=3.298, ppl=9.84, wps=6334, ups=1, wpb=3550.721, bsz=142.483, num_updates=14514, lr=0.000415027, gnorm=1.124, clip=0.000, oom=0.000, wall=8360, train_wall=7758, encoder_embed_dim=640, encoder_layer_num=6, encoder_ffn_embed_dim_0=512, encoder_ffn_embed_dim_1=512, encoder_ffn_embed_dim_2=1024, encoder_ffn_embed_dim_3=512, encoder_ffn_embed_dim_4=2048, encoder_ffn_embed_dim_5=1024, encoder_self_attention_heads_0=2, encoder_self_attention_heads_1=4, encoder_self_attention_heads_2=2, encoder_self_attention_heads_3=4, encoder_self_attention_heads_4=4, encoder_self_attention_heads_5=4, decoder_embed_dim=512, decoder_layer_num=4, decoder_ffn_embed_dim_0=1024, decoder_ffn_embed_dim_1=512, decoder_ffn_embed_dim_2=512, decoder_ffn_embed_dim_3=2048, decoder_self_attention_heads_0=4, decoder_self_attention_heads_1=2, decoder_self_attention_heads_2=4, decoder_self_attention_heads_3=4, decoder_ende_attention_heads_0=2, decoder_ende_attention_heads_1=4, decoder_ende_attention_heads_2=2, decoder_ende_attention_heads_3=4, decoder_arbitrary_ende_attn_0=1, decoder_arbitrary_ende_attn_1=2, decoder_arbitrary_ende_attn_2=1, decoder_arbitrary_ende_attn_3=2, decoder_arbitrary_ende_attn_4=2, decoder_arbitrary_ende_attn_5=-1
| epoch 014:    300 / 1101 loss=4.614, nll_loss=3.293, ppl=9.80, wps=6449, ups=2, wpb=3567.219, bsz=143.757, num_updates=14614, lr=0.000413605, gnorm=1.118, clip=0.000, oom=0.000, wall=8414, train_wall=7810, encoder_embed_dim=640, encoder_layer_num=6, encoder_ffn_embed_dim_0=2048, encoder_ffn_embed_dim_1=512, encoder_ffn_embed_dim_2=2048, encoder_ffn_embed_dim_3=1024, encoder_ffn_embed_dim_4=512, encoder_ffn_embed_dim_5=2048, encoder_self_attention_heads_0=4, encoder_self_attention_heads_1=2, encoder_self_attention_heads_2=2, encoder_self_attention_heads_3=4, encoder_self_attention_heads_4=2, encoder_self_attention_heads_5=2, decoder_embed_dim=512, decoder_layer_num=1, decoder_ffn_embed_dim_0=1024, decoder_self_attention_heads_0=2, decoder_ende_attention_heads_0=2, decoder_arbitrary_ende_attn_0=1, decoder_arbitrary_ende_attn_1=1, decoder_arbitrary_ende_attn_2=2, decoder_arbitrary_ende_attn_3=2, decoder_arbitrary_ende_attn_4=1, decoder_arbitrary_ende_attn_5=1
| epoch 014:    400 / 1101 loss=4.609, nll_loss=3.287, ppl=9.76, wps=6451, ups=2, wpb=3570.429, bsz=144.337, num_updates=14714, lr=0.000412197, gnorm=1.124, clip=0.000, oom=0.000, wall=8470, train_wall=7865, encoder_embed_dim=512, encoder_layer_num=6, encoder_ffn_embed_dim_0=1024, encoder_ffn_embed_dim_1=512, encoder_ffn_embed_dim_2=1024, encoder_ffn_embed_dim_3=1024, encoder_ffn_embed_dim_4=2048, encoder_ffn_embed_dim_5=2048, encoder_self_attention_heads_0=4, encoder_self_attention_heads_1=2, encoder_self_attention_heads_2=2, encoder_self_attention_heads_3=4, encoder_self_attention_heads_4=4, encoder_self_attention_heads_5=4, decoder_embed_dim=640, decoder_layer_num=1, decoder_ffn_embed_dim_0=2048, decoder_self_attention_heads_0=4, decoder_ende_attention_heads_0=4, decoder_arbitrary_ende_attn_0=-1, decoder_arbitrary_ende_attn_1=-1, decoder_arbitrary_ende_attn_2=2, decoder_arbitrary_ende_attn_3=2, decoder_arbitrary_ende_attn_4=-1, decoder_arbitrary_ende_attn_5=2
| epoch 014:    500 / 1101 loss=4.630, nll_loss=3.311, ppl=9.92, wps=6487, ups=2, wpb=3565.345, bsz=141.092, num_updates=14814, lr=0.000410803, gnorm=1.130, clip=0.000, oom=0.000, wall=8523, train_wall=7917, encoder_embed_dim=640, encoder_layer_num=6, encoder_ffn_embed_dim_0=1024, encoder_ffn_embed_dim_1=2048, encoder_ffn_embed_dim_2=2048, encoder_ffn_embed_dim_3=2048, encoder_ffn_embed_dim_4=1024, encoder_ffn_embed_dim_5=512, encoder_self_attention_heads_0=4, encoder_self_attention_heads_1=2, encoder_self_attention_heads_2=2, encoder_self_attention_heads_3=2, encoder_self_attention_heads_4=4, encoder_self_attention_heads_5=2, decoder_embed_dim=640, decoder_layer_num=1, decoder_ffn_embed_dim_0=1024, decoder_self_attention_heads_0=4, decoder_ende_attention_heads_0=4, decoder_arbitrary_ende_attn_0=-1, decoder_arbitrary_ende_attn_1=2, decoder_arbitrary_ende_attn_2=1, decoder_arbitrary_ende_attn_3=1, decoder_arbitrary_ende_attn_4=-1, decoder_arbitrary_ende_attn_5=1
| epoch 014:    600 / 1101 loss=4.629, nll_loss=3.309, ppl=9.91, wps=6497, ups=2, wpb=3570.674, bsz=141.602, num_updates=14914, lr=0.000409424, gnorm=1.126, clip=0.000, oom=0.000, wall=8578, train_wall=7970, encoder_embed_dim=640, encoder_layer_num=6, encoder_ffn_embed_dim_0=2048, encoder_ffn_embed_dim_1=512, encoder_ffn_embed_dim_2=2048, encoder_ffn_embed_dim_3=1024, encoder_ffn_embed_dim_4=1024, encoder_ffn_embed_dim_5=1024, encoder_self_attention_heads_0=4, encoder_self_attention_heads_1=4, encoder_self_attention_heads_2=2, encoder_self_attention_heads_3=2, encoder_self_attention_heads_4=2, encoder_self_attention_heads_5=2, decoder_embed_dim=640, decoder_layer_num=5, decoder_ffn_embed_dim_0=1024, decoder_ffn_embed_dim_1=2048, decoder_ffn_embed_dim_2=1024, decoder_ffn_embed_dim_3=2048, decoder_ffn_embed_dim_4=512, decoder_self_attention_heads_0=4, decoder_self_attention_heads_1=4, decoder_self_attention_heads_2=2, decoder_self_attention_heads_3=2, decoder_self_attention_heads_4=2, decoder_ende_attention_heads_0=4, decoder_ende_attention_heads_1=4, decoder_ende_attention_heads_2=2, decoder_ende_attention_heads_3=2, decoder_ende_attention_heads_4=2, decoder_arbitrary_ende_attn_0=-1, decoder_arbitrary_ende_attn_1=1, decoder_arbitrary_ende_attn_2=-1, decoder_arbitrary_ende_attn_3=-1, decoder_arbitrary_ende_attn_4=1, decoder_arbitrary_ende_attn_5=2
| epoch 014 | validate on 'valid' subset | loss 4.524 | nll_loss 3.014 | ppl 8.08 | num_updates 15000 | best_loss 4.52372 | largest_arbitrary1_loss 4.524 | largest_arbitrary1_nll_loss 3.014
| epoch 014 | validate on 'valid' subset | loss 4.826 | nll_loss 3.367 | ppl 10.31 | num_updates 15000 | best_loss 4.82614 | smallest_arbitrary1_loss 4.826 | smallest_arbitrary1_nll_loss 3.367
| saved checkpoint ../checkpoints/iwslt14_super_full50000_fromscratch/checkpoint_14_15000.pt (epoch 14 @ 15000 updates) (writing took 4.517702102661133 seconds)
| epoch 014:    700 / 1101 loss=4.621, nll_loss=3.301, ppl=9.85, wps=6136, ups=2, wpb=3580.722, bsz=144.797, num_updates=15014, lr=0.000408058, gnorm=1.116, clip=0.000, oom=0.000, wall=8657, train_wall=8021, encoder_embed_dim=512, encoder_layer_num=6, encoder_ffn_embed_dim_0=2048, encoder_ffn_embed_dim_1=1024, encoder_ffn_embed_dim_2=1024, encoder_ffn_embed_dim_3=1024, encoder_ffn_embed_dim_4=1024, encoder_ffn_embed_dim_5=2048, encoder_self_attention_heads_0=2, encoder_self_attention_heads_1=4, encoder_self_attention_heads_2=4, encoder_self_attention_heads_3=4, encoder_self_attention_heads_4=2, encoder_self_attention_heads_5=4, decoder_embed_dim=512, decoder_layer_num=5, decoder_ffn_embed_dim_0=2048, decoder_ffn_embed_dim_1=1024, decoder_ffn_embed_dim_2=2048, decoder_ffn_embed_dim_3=2048, decoder_ffn_embed_dim_4=1024, decoder_self_attention_heads_0=2, decoder_self_attention_heads_1=2, decoder_self_attention_heads_2=2, decoder_self_attention_heads_3=4, decoder_self_attention_heads_4=4, decoder_ende_attention_heads_0=2, decoder_ende_attention_heads_1=4, decoder_ende_attention_heads_2=2, decoder_ende_attention_heads_3=2, decoder_ende_attention_heads_4=4, decoder_arbitrary_ende_attn_0=1, decoder_arbitrary_ende_attn_1=1, decoder_arbitrary_ende_attn_2=1, decoder_arbitrary_ende_attn_3=2, decoder_arbitrary_ende_attn_4=2, decoder_arbitrary_ende_attn_5=2
| epoch 014:    800 / 1101 loss=4.617, nll_loss=3.295, ppl=9.82, wps=6182, ups=2, wpb=3586.356, bsz=144.858, num_updates=15114, lr=0.000406706, gnorm=1.113, clip=0.000, oom=0.000, wall=8712, train_wall=8076, encoder_embed_dim=640, encoder_layer_num=6, encoder_ffn_embed_dim_0=1024, encoder_ffn_embed_dim_1=2048, encoder_ffn_embed_dim_2=2048, encoder_ffn_embed_dim_3=1024, encoder_ffn_embed_dim_4=2048, encoder_ffn_embed_dim_5=512, encoder_self_attention_heads_0=4, encoder_self_attention_heads_1=4, encoder_self_attention_heads_2=2, encoder_self_attention_heads_3=4, encoder_self_attention_heads_4=4, encoder_self_attention_heads_5=4, decoder_embed_dim=640, decoder_layer_num=4, decoder_ffn_embed_dim_0=512, decoder_ffn_embed_dim_1=2048, decoder_ffn_embed_dim_2=1024, decoder_ffn_embed_dim_3=512, decoder_self_attention_heads_0=4, decoder_self_attention_heads_1=2, decoder_self_attention_heads_2=4, decoder_self_attention_heads_3=2, decoder_ende_attention_heads_0=2, decoder_ende_attention_heads_1=4, decoder_ende_attention_heads_2=4, decoder_ende_attention_heads_3=4, decoder_arbitrary_ende_attn_0=-1, decoder_arbitrary_ende_attn_1=1, decoder_arbitrary_ende_attn_2=1, decoder_arbitrary_ende_attn_3=-1, decoder_arbitrary_ende_attn_4=1, decoder_arbitrary_ende_attn_5=2
| epoch 014:    900 / 1101 loss=4.616, nll_loss=3.295, ppl=9.82, wps=6226, ups=2, wpb=3590.897, bsz=145.615, num_updates=15214, lr=0.000405367, gnorm=1.113, clip=0.000, oom=0.000, wall=8767, train_wall=8130, encoder_embed_dim=640, encoder_layer_num=6, encoder_ffn_embed_dim_0=512, encoder_ffn_embed_dim_1=512, encoder_ffn_embed_dim_2=512, encoder_ffn_embed_dim_3=1024, encoder_ffn_embed_dim_4=512, encoder_ffn_embed_dim_5=1024, encoder_self_attention_heads_0=2, encoder_self_attention_heads_1=4, encoder_self_attention_heads_2=2, encoder_self_attention_heads_3=4, encoder_self_attention_heads_4=4, encoder_self_attention_heads_5=4, decoder_embed_dim=640, decoder_layer_num=3, decoder_ffn_embed_dim_0=2048, decoder_ffn_embed_dim_1=2048, decoder_ffn_embed_dim_2=2048, decoder_self_attention_heads_0=2, decoder_self_attention_heads_1=2, decoder_self_attention_heads_2=4, decoder_ende_attention_heads_0=2, decoder_ende_attention_heads_1=2, decoder_ende_attention_heads_2=4, decoder_arbitrary_ende_attn_0=1, decoder_arbitrary_ende_attn_1=2, decoder_arbitrary_ende_attn_2=2, decoder_arbitrary_ende_attn_3=2, decoder_arbitrary_ende_attn_4=2, decoder_arbitrary_ende_attn_5=-1
| epoch 014:   1000 / 1101 loss=4.619, nll_loss=3.298, ppl=9.84, wps=6242, ups=2, wpb=3588.661, bsz=144.942, num_updates=15314, lr=0.000404041, gnorm=1.121, clip=0.000, oom=0.000, wall=8823, train_wall=8184, encoder_embed_dim=512, encoder_layer_num=6, encoder_ffn_embed_dim_0=512, encoder_ffn_embed_dim_1=1024, encoder_ffn_embed_dim_2=2048, encoder_ffn_embed_dim_3=512, encoder_ffn_embed_dim_4=512, encoder_ffn_embed_dim_5=1024, encoder_self_attention_heads_0=2, encoder_self_attention_heads_1=4, encoder_self_attention_heads_2=4, encoder_self_attention_heads_3=2, encoder_self_attention_heads_4=4, encoder_self_attention_heads_5=4, decoder_embed_dim=512, decoder_layer_num=3, decoder_ffn_embed_dim_0=512, decoder_ffn_embed_dim_1=512, decoder_ffn_embed_dim_2=2048, decoder_self_attention_heads_0=2, decoder_self_attention_heads_1=2, decoder_self_attention_heads_2=2, decoder_ende_attention_heads_0=2, decoder_ende_attention_heads_1=4, decoder_ende_attention_heads_2=2, decoder_arbitrary_ende_attn_0=-1, decoder_arbitrary_ende_attn_1=-1, decoder_arbitrary_ende_attn_2=1, decoder_arbitrary_ende_attn_3=1, decoder_arbitrary_ende_attn_4=-1, decoder_arbitrary_ende_attn_5=1
| epoch 014:   1100 / 1101 loss=4.614, nll_loss=3.292, ppl=9.80, wps=6269, ups=2, wpb=3586.843, bsz=145.540, num_updates=15414, lr=0.000402728, gnorm=1.120, clip=0.000, oom=0.000, wall=8878, train_wall=8237, encoder_embed_dim=640, encoder_layer_num=6, encoder_ffn_embed_dim_0=512, encoder_ffn_embed_dim_1=1024, encoder_ffn_embed_dim_2=2048, encoder_ffn_embed_dim_3=512, encoder_ffn_embed_dim_4=512, encoder_ffn_embed_dim_5=512, encoder_self_attention_heads_0=4, encoder_self_attention_heads_1=2, encoder_self_attention_heads_2=4, encoder_self_attention_heads_3=2, encoder_self_attention_heads_4=4, encoder_self_attention_heads_5=2, decoder_embed_dim=512, decoder_layer_num=3, decoder_ffn_embed_dim_0=512, decoder_ffn_embed_dim_1=1024, decoder_ffn_embed_dim_2=1024, decoder_self_attention_heads_0=2, decoder_self_attention_heads_1=2, decoder_self_attention_heads_2=4, decoder_ende_attention_heads_0=4, decoder_ende_attention_heads_1=4, decoder_ende_attention_heads_2=4, decoder_arbitrary_ende_attn_0=2, decoder_arbitrary_ende_attn_1=-1, decoder_arbitrary_ende_attn_2=2, decoder_arbitrary_ende_attn_3=-1, decoder_arbitrary_ende_attn_4=1, decoder_arbitrary_ende_attn_5=2
| epoch 014 | loss 4.614 | nll_loss 3.292 | ppl 9.80 | wps 6268 | ups 2 | wpb 3586.843 | bsz 145.540 | num_updates 15414 | lr 0.000402728 | gnorm 1.120 | clip 0.000 | oom 0.000 | wall 8878 | train_wall 8237
| epoch 014 | validate on 'valid' subset | loss 4.479 | nll_loss 2.968 | ppl 7.83 | num_updates 15414 | best_loss 4.47914 | largest_arbitrary1_loss 4.479 | largest_arbitrary1_nll_loss 2.968
| epoch 014 | validate on 'valid' subset | loss 4.842 | nll_loss 3.375 | ppl 10.37 | num_updates 15414 | best_loss 4.82614 | smallest_arbitrary1_loss 4.842 | smallest_arbitrary1_nll_loss 3.375
| saved checkpoint ../checkpoints/iwslt14_super_full50000_fromscratch/checkpoint14.pt (epoch 14 @ 15414 updates) (writing took 3.3991777896881104 seconds| | epoch 015:    100 / 1101 loss=4.570, nll_loss=3.240, ppl=9.45, wps=6317, ups=1, wpb=3540.327, bsz=137.980, num_updates=15515, lr=0.000401415, gnorm=1.137, clip=0.000, oom=0.000, wall=8962, train_wall=8293, encoder_embed_dim=512, encoder_layer_num=6, encoder_ffn_embed_dim_0=2048, encoder_ffn_embed_dim_1=512, encoder_ffn_embed_dim_2=512, encoder_ffn_embed_dim_3=2048, encoder_ffn_embed_dim_4=512, encoder_ffn_embed_dim_5=2048, encoder_self_attention_heads_0=2, encoder_self_attention_heads_1=4, encoder_self_attention_heads_2=2, encoder_self_attention_heads_3=4, encoder_self_attention_heads_4=4, encoder_self_attention_heads_5=2, decoder_embed_dim=640, decoder_layer_num=6, decoder_ffn_embed_dim_0=1024, decoder_ffn_embed_dim_1=512, decoder_ffn_embed_dim_2=2048, decoder_ffn_embed_dim_3=2048, decoder_ffn_embed_dim_4=2048, decoder_ffn_embed_dim_5=1024, decoder_self_attention_heads_0=4, decoder_self_attention_heads_1=4, decoder_self_attention_heads_2=4, decoder_self_attention_heads_3=4, decoder_self_attention_heads_4=2, decoder_self_attention_heads_5=2, decoder_ende_attention_heads_0=2, decoder_ende_attention_heads_1=2, decoder_ende_attention_heads_2=2, decoder_ende_attention_heads_3=4, decoder_ende_attention_heads_4=4, decoder_ende_attention_heads_5=4, decoder_arbitrary_ende_attn_0=-1, decoder_arbitrary_ende_attn_1=2, decoder_arbitrary_ende_attn_2=1, decoder_arbitrary_ende_attn_3=1, decoder_arbitrary_ende_attn_4=2, decoder_arbitrary_ende_attn_5=| | epoch 015:    200 / 1101 loss=4.543, nll_loss=3.209, ppl=9.25, wps=6315, ups=1, wpb=3537.338, bsz=141.134, num_updates=15615, lr=0.000400128, gnorm=1.124, clip=0.000, oom=0.000, wall=9018, train_wall=8348, encoder_embed_dim=512, encoder_layer_num=6, encoder_ffn_embed_dim_0=512, encoder_ffn_embed_dim_1=1024, encoder_ffn_embed_dim_2=2048, encoder_ffn_embed_dim_3=2048, encoder_ffn_embed_dim_4=512, encoder_ffn_embed_dim_5=2048, encoder_self_attention_heads_0=4, encoder_self_attention_heads_1=4, encoder_self_attention_heads_2=4, encoder_self_attention_heads_3=2, encoder_self_attention_heads_4=2, encoder_self_attention_heads_5=2, decoder_embed_dim=512, decoder_layer_num=6, decoder_ffn_embed_dim_0=2048, decoder_ffn_embed_dim_1=1024, decoder_ffn_embed_dim_2=1024, decoder_ffn_embed_dim_3=2048, decoder_ffn_embed_dim_4=1024, decoder_ffn_embed_dim_5=2048, decoder_self_attention_heads_0=4, decoder_self_attention_heads_1=4, decoder_self_attention_heads_2=2, decoder_self_attention_heads_3=2, decoder_self_attention_heads_4=4, decoder_self_attention_heads_5=2, decoder_ende_attention_heads_0=4, decoder_ende_attention_heads_1=4, decoder_ende_attention_heads_2=4, decoder_ende_attention_heads_3=2, decoder_ende_attention_heads_4=2, decoder_ende_attention_heads_5=4, decoder_arbitrary_ende_attn_0=-1, decoder_arbitrary_ende_attn_1=-1, decoder_arbitrary_ende_attn_2=2, decoder_arbitrary_ende_attn_3=2, decoder_arbitrary_ende_attn_4=1, decoder_arbitrary_ende_attn_5=| | epoch 015:    300 / 1101 loss=4.562, nll_loss=3.232, ppl=9.40, wps=6408, ups=2, wpb=3564.169, bsz=137.515, num_updates=15715, lr=0.000398853, gnorm=1.119, clip=0.000, oom=0.000, wall=9073, train_wall=8401, encoder_embed_dim=640, encoder_layer_num=6, encoder_ffn_embed_dim_0=512, encoder_ffn_embed_dim_1=512, encoder_ffn_embed_dim_2=1024, encoder_ffn_embed_dim_3=2048, encoder_ffn_embed_dim_4=2048, encoder_ffn_embed_dim_5=1024, encoder_self_attention_heads_0=2, encoder_self_attention_heads_1=2, encoder_self_attention_heads_2=2, encoder_self_attention_heads_3=4, encoder_self_attention_heads_4=4, encoder_self_attention_heads_5=2, decoder_embed_dim=512, decoder_layer_num=4, decoder_ffn_embed_dim_0=512, decoder_ffn_embed_dim_1=2048, decoder_ffn_embed_dim_2=2048, decoder_ffn_embed_dim_3=2048, decoder_self_attention_heads_0=4, decoder_self_attention_heads_1=4, decoder_self_attention_heads_2=2, decoder_self_attention_heads_3=2, decoder_ende_attention_heads_0=4, decoder_ende_attention_heads_1=2, decoder_ende_attention_heads_2=2, decoder_ende_attention_heads_3=4, decoder_arbitrary_ende_attn_0=1, decoder_arbitrary_ende_attn_1=1, decoder_arbitrary_ende_attn_2=1, decoder_arbitrary_ende_attn_3=-1, decoder_arbitrary_ende_attn_4=-1, decoder_arbitrary_ende_attn_5=-| | epoch 015:    400 / 1101 loss=4.550, nll_loss=3.218, ppl=9.31, wps=6459, ups=2, wpb=3571.072, bsz=143.960, num_updates=15815, lr=0.00039759, gnorm=1.123, clip=0.000, oom=0.000, wall=9127, train_wall=8455, encoder_embed_dim=512, encoder_layer_num=6, encoder_ffn_embed_dim_0=2048, encoder_ffn_embed_dim_1=512, encoder_ffn_embed_dim_2=2048, encoder_ffn_embed_dim_3=512, encoder_ffn_embed_dim_4=2048, encoder_ffn_embed_dim_5=1024, encoder_self_attention_heads_0=2, encoder_self_attention_heads_1=4, encoder_self_attention_heads_2=4, encoder_self_attention_heads_3=4, encoder_self_attention_heads_4=4, encoder_self_attention_heads_5=2, decoder_embed_dim=640, decoder_layer_num=6, decoder_ffn_embed_dim_0=2048, decoder_ffn_embed_dim_1=512, decoder_ffn_embed_dim_2=1024, decoder_ffn_embed_dim_3=2048, decoder_ffn_embed_dim_4=2048, decoder_ffn_embed_dim_5=2048, decoder_self_attention_heads_0=2, decoder_self_attention_heads_1=2, decoder_self_attention_heads_2=4, decoder_self_attention_heads_3=4, decoder_self_attention_heads_4=4, decoder_self_attention_heads_5=2, decoder_ende_attention_heads_0=4, decoder_ende_attention_heads_1=4, decoder_ende_attention_heads_2=4, decoder_ende_attention_heads_3=2, decoder_ende_attention_heads_4=2, decoder_ende_attention_heads_5=4, decoder_arbitrary_ende_attn_0=1, decoder_arbitrary_ende_attn_1=1, decoder_arbitrary_ende_attn_2=1, decoder_arbitrary_ende_attn_3=1, decoder_arbitrary_ende_attn_4=2, decoder_arbitrary_ende_attn_5=| | epoch 015:    500 / 1101 loss=4.548, nll_loss=3.216, ppl=9.29, wps=6468, ups=2, wpb=3578.796, bsz=144.607, num_updates=15915, lr=0.000396339, gnorm=1.122, clip=0.000, oom=0.000, wall=9183, train_wall=8509, encoder_embed_dim=640, encoder_layer_num=6, encoder_ffn_embed_dim_0=2048, encoder_ffn_embed_dim_1=1024, encoder_ffn_embed_dim_2=2048, encoder_ffn_embed_dim_3=512, encoder_ffn_embed_dim_4=2048, encoder_ffn_embed_dim_5=2048, encoder_self_attention_heads_0=4, encoder_self_attention_heads_1=2, encoder_self_attention_heads_2=2, encoder_self_attention_heads_3=4, encoder_self_attention_heads_4=4, encoder_self_attention_heads_5=2, decoder_embed_dim=512, decoder_layer_num=6, decoder_ffn_embed_dim_0=2048, decoder_ffn_embed_dim_1=512, decoder_ffn_embed_dim_2=1024, decoder_ffn_embed_dim_3=1024, decoder_ffn_embed_dim_4=2048, decoder_ffn_embed_dim_5=1024, decoder_self_attention_heads_0=4, decoder_self_attention_heads_1=2, decoder_self_attention_heads_2=4, decoder_self_attention_heads_3=4, decoder_self_attention_heads_4=2, decoder_self_attention_heads_5=2, decoder_ende_attention_heads_0=4, decoder_ende_attention_heads_1=4, decoder_ende_attention_heads_2=2, decoder_ende_attention_heads_3=2, decoder_ende_attention_heads_4=4, decoder_ende_attention_heads_5=2, decoder_arbitrary_ende_attn_0=1, decoder_arbitrary_ende_attn_1=1, decoder_arbitrary_ende_attn_2=2, decoder_arbitrary_ende_attn_3=2, decoder_arbitrary_ende_attn_4=2, decoder_arbitrary_ende_attn_5=| | epoch 015:    600 / 1101 loss=4.539, nll_loss=3.206, ppl=9.23, wps=6483, ups=2, wpb=3584.344, bsz=146.050, num_updates=16015, lr=0.0003951, gnorm=1.117, clip=0.000, oom=0.000, wall=9238, train_wall=8563, encoder_embed_dim=512, encoder_layer_num=6, encoder_ffn_embed_dim_0=1024, encoder_ffn_embed_dim_1=1024, encoder_ffn_embed_dim_2=1024, encoder_ffn_embed_dim_3=2048, encoder_ffn_embed_dim_4=512, encoder_ffn_embed_dim_5=512, encoder_self_attention_heads_0=4, encoder_self_attention_heads_1=2, encoder_self_attention_heads_2=2, encoder_self_attention_heads_3=2, encoder_self_attention_heads_4=4, encoder_self_attention_heads_5=4, decoder_embed_dim=512, decoder_layer_num=6, decoder_ffn_embed_dim_0=1024, decoder_ffn_embed_dim_1=2048, decoder_ffn_embed_dim_2=1024, decoder_ffn_embed_dim_3=1024, decoder_ffn_embed_dim_4=512, decoder_ffn_embed_dim_5=2048, decoder_self_attention_heads_0=4, decoder_self_attention_heads_1=2, decoder_self_attention_heads_2=4, decoder_self_attention_heads_3=2, decoder_self_attention_heads_4=4, decoder_self_attention_heads_5=4, decoder_ende_attention_heads_0=2, decoder_ende_attention_heads_1=4, decoder_ende_attention_heads_2=2, decoder_ende_attention_heads_3=2, decoder_ende_attention_heads_4=2, decoder_ende_attention_heads_5=4, decoder_arbitrary_ende_attn_0=2, decoder_arbitrary_ende_attn_1=-1, decoder_arbitrary_ende_attn_2=1, decoder_arbitrary_ende_attn_3=-1, decoder_arbitrary_ende_attn_4=2, decoder_arbitrary_ende_attn_5=| | epoch 015:    700 / 1101 loss=4.553, nll_loss=3.223, ppl=9.34, wps=6504, ups=2, wpb=3580.466, bsz=143.167, num_updates=16115, lr=0.000393872, gnorm=1.122, clip=0.000, oom=0.000, wall=9292, train_wall=8615, encoder_embed_dim=512, encoder_layer_num=6, encoder_ffn_embed_dim_0=1024, encoder_ffn_embed_dim_1=2048, encoder_ffn_embed_dim_2=2048, encoder_ffn_embed_dim_3=1024, encoder_ffn_embed_dim_4=2048, encoder_ffn_embed_dim_5=1024, encoder_self_attention_heads_0=2, encoder_self_attention_heads_1=4, encoder_self_attention_heads_2=2, encoder_self_attention_heads_3=2, encoder_self_attention_heads_4=2, encoder_self_attention_heads_5=4, decoder_embed_dim=640, decoder_layer_num=4, decoder_ffn_embed_dim_0=1024, decoder_ffn_embed_dim_1=2048, decoder_ffn_embed_dim_2=1024, decoder_ffn_embed_dim_3=1024, decoder_self_attention_heads_0=4, decoder_self_attention_heads_1=4, decoder_self_attention_heads_2=4, decoder_self_attention_heads_3=4, decoder_ende_attention_heads_0=2, decoder_ende_attention_heads_1=4, decoder_ende_attention_heads_2=4, decoder_ende_attention_heads_3=4, decoder_arbitrary_ende_attn_0=1, decoder_arbitrary_ende_attn_1=-1, decoder_arbitrary_ende_attn_2=1, decoder_arbitrary_ende_attn_3=-1, decoder_arbitrary_ende_attn_4=2, decoder_arbitrary_ende_attn_5=| | epoch 015:    800 / 1101 loss=4.549, nll_loss=3.218, ppl=9.30, wps=6527, ups=2, wpb=3582.116, bsz=143.541, num_updates=16215, lr=0.000392655, gnorm=1.119, clip=0.000, oom=0.000, wall=9345, train_wall=8668, encoder_embed_dim=512, encoder_layer_num=6, encoder_ffn_embed_dim_0=2048, encoder_ffn_embed_dim_1=2048, encoder_ffn_embed_dim_2=512, encoder_ffn_embed_dim_3=2048, encoder_ffn_embed_dim_4=1024, encoder_ffn_embed_dim_5=2048, encoder_self_attention_heads_0=4, encoder_self_attention_heads_1=2, encoder_self_attention_heads_2=4, encoder_self_attention_heads_3=4, encoder_self_attention_heads_4=2, encoder_self_attention_heads_5=4, decoder_embed_dim=512, decoder_layer_num=3, decoder_ffn_embed_dim_0=1024, decoder_ffn_embed_dim_1=512, decoder_ffn_embed_dim_2=2048, decoder_self_attention_heads_0=2, decoder_self_attention_heads_1=4, decoder_self_attention_heads_2=4, decoder_ende_attention_heads_0=2, decoder_ende_attention_heads_1=4, decoder_ende_attention_heads_2=4, decoder_arbitrary_ende_attn_0=1, decoder_arbitrary_ende_attn_1=-1, decoder_arbitrary_ende_attn_2=2, decoder_arbitrary_ende_attn_3=-1, decoder_arbitrary_ende_attn_4=-1, decoder_arbitrary_ende_attn_5=-| | epoch 015:    900 / 1101 loss=4.540, nll_loss=3.208, ppl=9.24, wps=6526, ups=2, wpb=3583.969, bsz=144.897, num_updates=16315, lr=0.00039145, gnorm=1.117, clip=0.000, oom=0.000, wall=9400, train_wall=8722, encoder_embed_dim=512, encoder_layer_num=6, encoder_ffn_embed_dim_0=512, encoder_ffn_embed_dim_1=1024, encoder_ffn_embed_dim_2=512, encoder_ffn_embed_dim_3=512, encoder_ffn_embed_dim_4=1024, encoder_ffn_embed_dim_5=512, encoder_self_attention_heads_0=2, encoder_self_attention_heads_1=2, encoder_self_attention_heads_2=2, encoder_self_attention_heads_3=2, encoder_self_attention_heads_4=4, encoder_self_attention_heads_5=4, decoder_embed_dim=512, decoder_layer_num=2, decoder_ffn_embed_dim_0=2048, decoder_ffn_embed_dim_1=512, decoder_self_attention_heads_0=4, decoder_self_attention_heads_1=4, decoder_ende_attention_heads_0=4, decoder_ende_attention_heads_1=4, decoder_arbitrary_ende_attn_0=1, decoder_arbitrary_ende_attn_1=-1, decoder_arbitrary_ende_attn_2=2, decoder_arbitrary_ende_attn_3=1, decoder_arbitrary_ende_attn_4=2, decoder_arbitrary_ende_attn_5=| | epoch 015:   1000 / 1101 loss=4.537, nll_loss=3.204, ppl=9.22, wps=6515, ups=2, wpb=3583.035, bsz=145.749, num_updates=16415, lr=0.000390256, gnorm=1.118, clip=0.000, oom=0.000, wall=9456, train_wall=8776, encoder_embed_dim=512, encoder_layer_num=6, encoder_ffn_embed_dim_0=1024, encoder_ffn_embed_dim_1=2048, encoder_ffn_embed_dim_2=2048, encoder_ffn_embed_dim_3=512, encoder_ffn_embed_dim_4=2048, encoder_ffn_embed_dim_5=2048, encoder_self_attention_heads_0=4, encoder_self_attention_heads_1=4, encoder_self_attention_heads_2=2, encoder_self_attention_heads_3=2, encoder_self_attention_heads_4=2, encoder_self_attention_heads_5=2, decoder_embed_dim=512, decoder_layer_num=2, decoder_ffn_embed_dim_0=2048, decoder_ffn_embed_dim_1=2048, decoder_self_attention_heads_0=4, decoder_self_attention_heads_1=2, decoder_ende_attention_heads_0=4, decoder_ende_attention_heads_1=4, decoder_arbitrary_ende_attn_0=2, decoder_arbitrary_ende_attn_1=2, decoder_arbitrary_ende_attn_2=1, decoder_arbitrary_ende_attn_3=-1, decoder_arbitrary_ende_attn_4=1, decoder_arbitrary_ende_attn_5=-| | epoch 015:   1100 / 1101 loss=4.538, nll_loss=3.206, ppl=9.23, wps=6525, ups=2, wpb=3586.843, bsz=145.540, num_updates=16515, lr=0.000389073, gnorm=1.118, clip=0.000, oom=0.000, wall=9511, train_wall=8830, encoder_embed_dim=512, encoder_layer_num=6, encoder_ffn_embed_dim_0=1024, encoder_ffn_embed_dim_1=1024, encoder_ffn_embed_dim_2=2048, encoder_ffn_embed_dim_3=2048, encoder_ffn_embed_dim_4=1024, encoder_ffn_embed_dim_5=1024, encoder_self_attention_heads_0=4, encoder_self_attention_heads_1=2, encoder_self_attention_heads_2=4, encoder_self_attention_heads_3=2, encoder_self_attention_heads_4=4, encoder_self_attention_heads_5=2, decoder_embed_dim=512, decoder_layer_num=2, decoder_ffn_embed_dim_0=512, decoder_ffn_embed_dim_1=512, decoder_self_attention_heads_0=4, decoder_self_attention_heads_1=2, decoder_ende_attention_heads_0=2, decoder_ende_attention_heads_1=2, decoder_arbitrary_ende_attn_0=2, decoder_arbitrary_ende_attn_1=-1, decoder_arbitrary_ende_attn_2=2, decoder_arbitrary_ende_attn_3=2, decoder_arbitrary_ende_attn_4=1, decoder_arbitrary_ende_attn_5=-1
| epoch 015 | loss 4.538 | nll_loss 3.206 | ppl 9.23 | wps 6523 | ups 2 | wpb 3586.843 | bsz 145.540 | num_updates 16515 | lr 0.000389073 | gnorm 1.118 | clip 0.000 | oom 0.000 | wall 9511 | train_wall 8830
| epoch 015 | validate on 'valid' subset | loss 4.428 | nll_loss 2.892 | ppl 7.42 | num_updates 16515 | best_loss 4.42847 | largest_arbitrary1_loss 4.428 | largest_arbitrary1_nll_loss 2.892
| epoch 015 | validate on 'valid' subset | loss 4.784 | nll_loss 3.308 | ppl 9.90 | num_updates 16515 | best_loss 4.78418 | smallest_arbitrary1_loss 4.784 | smallest_arbitrary1_nll_loss 3.308
| saved checkpoint ../checkpoints/iwslt14_super_full50000_fromscratch/checkpoint15.pt (epoch 15 @ 16515 updates) (writing took 4.2761006355285645 secon| ep| epoch 016:    100 / 1101 loss=4.444, nll_loss=3.099, ppl=8.57, wps=6551, ups=1, wpb=3602.733, bsz=141.386, num_updates=16616, lr=0.000387888, gnorm=1.076, clip=0.000, oom=0.000, wall=9596, train_wall=8884, encoder_embed_dim=512, encoder_layer_num=6, encoder_ffn_embed_dim_0=2048, encoder_ffn_embed_dim_1=1024, encoder_ffn_embed_dim_2=512, encoder_ffn_embed_dim_3=512, encoder_ffn_embed_dim_4=1024, encoder_ffn_embed_dim_5=512, encoder_self_attention_heads_0=4, encoder_self_attention_heads_1=4, encoder_self_attention_heads_2=2, encoder_self_attention_heads_3=4, encoder_self_attention_heads_4=2, encoder_self_attention_heads_5=2, decoder_embed_dim=512, decoder_layer_num=1, decoder_ffn_embed_dim_0=1024, decoder_self_attention_heads_0=4, decoder_ende_attention_heads_0=2, decoder_arbitrary_ende_attn_0=1, decoder_arbitrary_ende_attn_1=1, decoder_arbitrary_ende_attn_2=-1, decoder_arbitrary_ende_attn_3=1, decoder_arbitrary_ende_attn_4=2, decoder_arbitrary_ende_attn_| ep| epoch 016:    200 / 1101 loss=4.437, nll_loss=3.091, ppl=8.52, wps=6544, ups=1, wpb=3605.403, bsz=143.284, num_updates=16716, lr=0.000386726, gnorm=1.097, clip=0.000, oom=0.000, wall=9651, train_wall=8938, encoder_embed_dim=640, encoder_layer_num=6, encoder_ffn_embed_dim_0=2048, encoder_ffn_embed_dim_1=2048, encoder_ffn_embed_dim_2=1024, encoder_ffn_embed_dim_3=2048, encoder_ffn_embed_dim_4=1024, encoder_ffn_embed_dim_5=512, encoder_self_attention_heads_0=4, encoder_self_attention_heads_1=2, encoder_self_attention_heads_2=2, encoder_self_attention_heads_3=4, encoder_self_attention_heads_4=4, encoder_self_attention_heads_5=4, decoder_embed_dim=512, decoder_layer_num=2, decoder_ffn_embed_dim_0=1024, decoder_ffn_embed_dim_1=1024, decoder_self_attention_heads_0=2, decoder_self_attention_heads_1=2, decoder_ende_attention_heads_0=4, decoder_ende_attention_heads_1=2, decoder_arbitrary_ende_attn_0=1, decoder_arbitrary_ende_attn_1=2, decoder_arbitrary_ende_attn_2=2, decoder_arbitrary_ende_attn_3=2, decoder_arbitrary_ende_attn_4=-1, decoder_arbitrary_ende_attn_5| ep| epoch 016:    300 / 1101 loss=4.450, nll_loss=3.106, ppl=8.61, wps=6551, ups=2, wpb=3605.478, bsz=140.728, num_updates=16816, lr=0.000385575, gnorm=1.101, clip=0.000, oom=0.000, wall=9706, train_wall=8992, encoder_embed_dim=512, encoder_layer_num=6, encoder_ffn_embed_dim_0=512, encoder_ffn_embed_dim_1=2048, encoder_ffn_embed_dim_2=1024, encoder_ffn_embed_dim_3=2048, encoder_ffn_embed_dim_4=1024, encoder_ffn_embed_dim_5=1024, encoder_self_attention_heads_0=2, encoder_self_attention_heads_1=4, encoder_self_attention_heads_2=4, encoder_self_attention_heads_3=2, encoder_self_attention_heads_4=2, encoder_self_attention_heads_5=4, decoder_embed_dim=512, decoder_layer_num=6, decoder_ffn_embed_dim_0=512, decoder_ffn_embed_dim_1=2048, decoder_ffn_embed_dim_2=2048, decoder_ffn_embed_dim_3=512, decoder_ffn_embed_dim_4=2048, decoder_ffn_embed_dim_5=512, decoder_self_attention_heads_0=4, decoder_self_attention_heads_1=2, decoder_self_attention_heads_2=4, decoder_self_attention_heads_3=2, decoder_self_attention_heads_4=4, decoder_self_attention_heads_5=2, decoder_ende_attention_heads_0=2, decoder_ende_attention_heads_1=2, decoder_ende_attention_heads_2=4, decoder_ende_attention_heads_3=4, decoder_ende_attention_heads_4=2, decoder_ende_attention_heads_5=4, decoder_arbitrary_ende_attn_0=2, decoder_arbitrary_ende_attn_1=1, decoder_arbitrary_ende_attn_2=2, decoder_arbitrary_ende_attn_3=1, decoder_arbitrary_ende_attn_4=1, decoder_arbitrary_ende_attn_| ep| epoch 016:    400 / 1101 loss=4.451, nll_loss=3.106, ppl=8.61, wps=6543, ups=2, wpb=3598.364, bsz=142.002, num_updates=16916, lr=0.000384433, gnorm=1.108, clip=0.000, oom=0.000, wall=9761, train_wall=9046, encoder_embed_dim=512, encoder_layer_num=6, encoder_ffn_embed_dim_0=512, encoder_ffn_embed_dim_1=1024, encoder_ffn_embed_dim_2=2048, encoder_ffn_embed_dim_3=1024, encoder_ffn_embed_dim_4=1024, encoder_ffn_embed_dim_5=1024, encoder_self_attention_heads_0=2, encoder_self_attention_heads_1=2, encoder_self_attention_heads_2=4, encoder_self_attention_heads_3=4, encoder_self_attention_heads_4=4, encoder_self_attention_heads_5=2, decoder_embed_dim=640, decoder_layer_num=6, decoder_ffn_embed_dim_0=512, decoder_ffn_embed_dim_1=2048, decoder_ffn_embed_dim_2=512, decoder_ffn_embed_dim_3=2048, decoder_ffn_embed_dim_4=2048, decoder_ffn_embed_dim_5=1024, decoder_self_attention_heads_0=2, decoder_self_attention_heads_1=4, decoder_self_attention_heads_2=2, decoder_self_attention_heads_3=4, decoder_self_attention_heads_4=2, decoder_self_attention_heads_5=4, decoder_ende_attention_heads_0=2, decoder_ende_attention_heads_1=2, decoder_ende_attention_heads_2=2, decoder_ende_attention_heads_3=4, decoder_ende_attention_heads_4=4, decoder_ende_attention_heads_5=4, decoder_arbitrary_ende_attn_0=-1, decoder_arbitrary_ende_attn_1=-1, decoder_arbitrary_ende_attn_2=2, decoder_arbitrary_ende_attn_3=2, decoder_arbitrary_ende_attn_4=-1, decoder_arbitrary_ende_attn_5| ep| epoch 016:    500 / 1101 loss=4.453, nll_loss=3.109, ppl=8.63, wps=6529, ups=2, wpb=3590.212, bsz=141.571, num_updates=17016, lr=0.000383302, gnorm=1.103, clip=0.000, oom=0.000, wall=9816, train_wall=9100, encoder_embed_dim=640, encoder_layer_num=6, encoder_ffn_embed_dim_0=512, encoder_ffn_embed_dim_1=2048, encoder_ffn_embed_dim_2=1024, encoder_ffn_embed_dim_3=2048, encoder_ffn_embed_dim_4=2048, encoder_ffn_embed_dim_5=512, encoder_self_attention_heads_0=2, encoder_self_attention_heads_1=4, encoder_self_attention_heads_2=4, encoder_self_attention_heads_3=4, encoder_self_attention_heads_4=2, encoder_self_attention_heads_5=4, decoder_embed_dim=512, decoder_layer_num=4, decoder_ffn_embed_dim_0=1024, decoder_ffn_embed_dim_1=2048, decoder_ffn_embed_dim_2=2048, decoder_ffn_embed_dim_3=1024, decoder_self_attention_heads_0=2, decoder_self_attention_heads_1=4, decoder_self_attention_heads_2=2, decoder_self_attention_heads_3=2, decoder_ende_attention_heads_0=4, decoder_ende_attention_heads_1=4, decoder_ende_attention_heads_2=2, decoder_ende_attention_heads_3=4, decoder_arbitrary_ende_attn_0=2, decoder_arbitrary_ende_attn_1=1, decoder_arbitrary_ende_attn_2=-1, decoder_arbitrary_ende_attn_3=-1, decoder_arbitrary_ende_attn_4=2, decoder_arbitrary_ende_attn_5| ep| epoch 016:    600 / 1101 loss=4.460, nll_loss=3.117, ppl=8.68, wps=6551, ups=2, wpb=3597.927, bsz=141.948, num_updates=17116, lr=0.000382181, gnorm=1.103, clip=0.000, oom=0.000, wall=9870, train_wall=9153, encoder_embed_dim=512, encoder_layer_num=6, encoder_ffn_embed_dim_0=512, encoder_ffn_embed_dim_1=2048, encoder_ffn_embed_dim_2=512, encoder_ffn_embed_dim_3=512, encoder_ffn_embed_dim_4=512, encoder_ffn_embed_dim_5=2048, encoder_self_attention_heads_0=4, encoder_self_attention_heads_1=2, encoder_self_attention_heads_2=2, encoder_self_attention_heads_3=2, encoder_self_attention_heads_4=2, encoder_self_attention_heads_5=4, decoder_embed_dim=640, decoder_layer_num=5, decoder_ffn_embed_dim_0=512, decoder_ffn_embed_dim_1=2048, decoder_ffn_embed_dim_2=1024, decoder_ffn_embed_dim_3=1024, decoder_ffn_embed_dim_4=1024, decoder_self_attention_heads_0=4, decoder_self_attention_heads_1=2, decoder_self_attention_heads_2=2, decoder_self_attention_heads_3=4, decoder_self_attention_heads_4=4, decoder_ende_attention_heads_0=2, decoder_ende_attention_heads_1=4, decoder_ende_attention_heads_2=2, decoder_ende_attention_heads_3=2, decoder_ende_attention_heads_4=2, decoder_arbitrary_ende_attn_0=1, decoder_arbitrary_ende_attn_1=-1, decoder_arbitrary_ende_attn_2=1, decoder_arbitrary_ende_attn_3=1, decoder_arbitrary_ende_attn_4=2, decoder_arbitrary_ende_attn_| ep| epoch 016:    700 / 1101 loss=4.459, nll_loss=3.116, ppl=8.67, wps=6598, ups=2, wpb=3600.864, bsz=144.729, num_updates=17216, lr=0.000381069, gnorm=1.103, clip=0.000, oom=0.000, wall=9923, train_wall=9204, encoder_embed_dim=640, encoder_layer_num=6, encoder_ffn_embed_dim_0=1024, encoder_ffn_embed_dim_1=1024, encoder_ffn_embed_dim_2=512, encoder_ffn_embed_dim_3=1024, encoder_ffn_embed_dim_4=1024, encoder_ffn_embed_dim_5=512, encoder_self_attention_heads_0=4, encoder_self_attention_heads_1=4, encoder_self_attention_heads_2=2, encoder_self_attention_heads_3=2, encoder_self_attention_heads_4=4, encoder_self_attention_heads_5=2, decoder_embed_dim=640, decoder_layer_num=1, decoder_ffn_embed_dim_0=512, decoder_self_attention_heads_0=4, decoder_ende_attention_heads_0=2, decoder_arbitrary_ende_attn_0=-1, decoder_arbitrary_ende_attn_1=-1, decoder_arbitrary_ende_attn_2=-1, decoder_arbitrary_ende_attn_3=1, decoder_arbitrary_ende_attn_4=-1, decoder_arbitrary_ende_attn_| ep| epoch 016:    800 / 1101 loss=4.462, nll_loss=3.119, ppl=8.69, wps=6596, ups=2, wpb=3598.708, bsz=143.459, num_updates=17316, lr=0.000379967, gnorm=1.105, clip=0.000, oom=0.000, wall=9977, train_wall=9258, encoder_embed_dim=640, encoder_layer_num=6, encoder_ffn_embed_dim_0=1024, encoder_ffn_embed_dim_1=2048, encoder_ffn_embed_dim_2=2048, encoder_ffn_embed_dim_3=1024, encoder_ffn_embed_dim_4=512, encoder_ffn_embed_dim_5=512, encoder_self_attention_heads_0=2, encoder_self_attention_heads_1=2, encoder_self_attention_heads_2=2, encoder_self_attention_heads_3=4, encoder_self_attention_heads_4=4, encoder_self_attention_heads_5=4, decoder_embed_dim=640, decoder_layer_num=3, decoder_ffn_embed_dim_0=512, decoder_ffn_embed_dim_1=2048, decoder_ffn_embed_dim_2=1024, decoder_self_attention_heads_0=4, decoder_self_attention_heads_1=2, decoder_self_attention_heads_2=2, decoder_ende_attention_heads_0=2, decoder_ende_attention_heads_1=4, decoder_ende_attention_heads_2=2, decoder_arbitrary_ende_attn_0=-1, decoder_arbitrary_ende_attn_1=1, decoder_arbitrary_ende_attn_2=2, decoder_arbitrary_ende_attn_3=1, decoder_arbitrary_ende_attn_4=2, decoder_arbitrary_ende_attn_| ep| epoch 016:    900 / 1101 loss=4.460, nll_loss=3.118, ppl=8.68, wps=6576, ups=2, wpb=3594.578, bsz=145.331, num_updates=17416, lr=0.000378875, gnorm=1.110, clip=0.000, oom=0.000, wall=10033, train_wall=9312, encoder_embed_dim=512, encoder_layer_num=6, encoder_ffn_embed_dim_0=2048, encoder_ffn_embed_dim_1=2048, encoder_ffn_embed_dim_2=1024, encoder_ffn_embed_dim_3=512, encoder_ffn_embed_dim_4=1024, encoder_ffn_embed_dim_5=2048, encoder_self_attention_heads_0=4, encoder_self_attention_heads_1=4, encoder_self_attention_heads_2=4, encoder_self_attention_heads_3=2, encoder_self_attention_heads_4=4, encoder_self_attention_heads_5=4, decoder_embed_dim=640, decoder_layer_num=6, decoder_ffn_embed_dim_0=2048, decoder_ffn_embed_dim_1=512, decoder_ffn_embed_dim_2=512, decoder_ffn_embed_dim_3=2048, decoder_ffn_embed_dim_4=2048, decoder_ffn_embed_dim_5=1024, decoder_self_attention_heads_0=4, decoder_self_attention_heads_1=4, decoder_self_attention_heads_2=4, decoder_self_attention_heads_3=2, decoder_self_attention_heads_4=2, decoder_self_attention_heads_5=4, decoder_ende_attention_heads_0=4, decoder_ende_attention_heads_1=2, decoder_ende_attention_heads_2=4, decoder_ende_attention_heads_3=4, decoder_ende_attention_heads_4=4, decoder_ende_attention_heads_5=2, decoder_arbitrary_ende_attn_0=1, decoder_arbitrary_ende_attn_1=2, decoder_arbitrary_ende_attn_2=-1, decoder_arbitrary_ende_attn_3=-1, decoder_arbitrary_ende_attn_4=-1, decoder_arbitrary_ende_attn_| ep| epoch 016:   1000 / 1101 loss=4.462, nll_loss=3.119, ppl=8.69, wps=6556, ups=2, wpb=3593.470, bsz=146.109, num_updates=17516, lr=0.000377792, gnorm=1.113, clip=0.000, oom=0.000, wall=10089, train_wall=9367, encoder_embed_dim=640, encoder_layer_num=6, encoder_ffn_embed_dim_0=2048, encoder_ffn_embed_dim_1=2048, encoder_ffn_embed_dim_2=512, encoder_ffn_embed_dim_3=1024, encoder_ffn_embed_dim_4=2048, encoder_ffn_embed_dim_5=1024, encoder_self_attention_heads_0=4, encoder_self_attention_heads_1=4, encoder_self_attention_heads_2=2, encoder_self_attention_heads_3=4, encoder_self_attention_heads_4=4, encoder_self_attention_heads_5=2, decoder_embed_dim=640, decoder_layer_num=3, decoder_ffn_embed_dim_0=2048, decoder_ffn_embed_dim_1=2048, decoder_ffn_embed_dim_2=2048, decoder_self_attention_heads_0=2, decoder_self_attention_heads_1=4, decoder_self_attention_heads_2=2, decoder_ende_attention_heads_0=4, decoder_ende_attention_heads_1=2, decoder_ende_attention_heads_2=2, decoder_arbitrary_ende_attn_0=2, decoder_arbitrary_ende_attn_1=-1, decoder_arbitrary_ende_attn_2=2, decoder_arbitrary_ende_attn_3=-1, decoder_arbitrary_ende_attn_4=2, decoder_arbitrary_ende_attn_5| ep| epoch 016:   1100 / 1101 loss=4.468, nll_loss=3.127, ppl=8.74, wps=6588, ups=2, wpb=3586.843, bsz=145.540, num_updates=17616, lr=0.000376718, gnorm=1.113, clip=0.000, oom=0.000, wall=10140, train_wall=9417, encoder_embed_dim=640, encoder_layer_num=6, encoder_ffn_embed_dim_0=512, encoder_ffn_embed_dim_1=512, encoder_ffn_embed_dim_2=2048, encoder_ffn_embed_dim_3=1024, encoder_ffn_embed_dim_4=2048, encoder_ffn_embed_dim_5=2048, encoder_self_attention_heads_0=4, encoder_self_attention_heads_1=4, encoder_self_attention_heads_2=2, encoder_self_attention_heads_3=4, encoder_self_attention_heads_4=4, encoder_self_attention_heads_5=2, decoder_embed_dim=512, decoder_layer_num=2, decoder_ffn_embed_dim_0=2048, decoder_ffn_embed_dim_1=512, decoder_self_attention_heads_0=2, decoder_self_attention_heads_1=4, decoder_ende_attention_heads_0=2, decoder_ende_attention_heads_1=2, decoder_arbitrary_ende_attn_0=1, decoder_arbitrary_ende_attn_1=1, decoder_arbitrary_ende_attn_2=2, decoder_arbitrary_ende_attn_3=1, decoder_arbitrary_ende_attn_4=-1, decoder_arbitrary_ende_attn_5=-1
| epoch 016 | loss 4.468 | nll_loss 3.127 | ppl 8.74 | wps 6586 | ups 2 | wpb 3586.843 | bsz 145.540 | num_updates 17616 | lr 0.000376718 | gnorm 1.113 | clip 0.000 | oom 0.000 | wall 10140 | train_wall 9417
| epoch 016 | validate on 'valid' subset | loss 4.430 | nll_loss 2.882 | ppl 7.37 | num_updates 17616 | best_loss 4.43015 | largest_arbitrary1_loss 4.430 | largest_arbitrary1_nll_loss 2.882
| epoch 016 | validate on 'valid' subset | loss 4.770 | nll_loss 3.276 | ppl 9.69 | num_updates 17616 | best_loss 4.7702 | smallest_arbitrary1_loss 4.770 | smallest_arbitrary1_nll_loss 3.276
| saved checkpoint ../checkpoints/iwslt14_super_full50000_fromscratch/checkpoint16.pt (epoch 16 @ 17616 updates) (writing took 4.602442979812622 secon| ep| epoch 017:    100 / 1101 loss=4.356, nll_loss=2.999, ppl=8.00, wps=6462, ups=1, wpb=3620.495, bsz=151.287, num_updates=17717, lr=0.000375643, gnorm=1.088, clip=0.000, oom=0.000, wall=10226, train_wall=9472, encoder_embed_dim=512, encoder_layer_num=6, encoder_ffn_embed_dim_0=512, encoder_ffn_embed_dim_1=2048, encoder_ffn_embed_dim_2=2048, encoder_ffn_embed_dim_3=512, encoder_ffn_embed_dim_4=1024, encoder_ffn_embed_dim_5=2048, encoder_self_attention_heads_0=2, encoder_self_attention_heads_1=4, encoder_self_attention_heads_2=4, encoder_self_attention_heads_3=4, encoder_self_attention_heads_4=2, encoder_self_attention_heads_5=4, decoder_embed_dim=640, decoder_layer_num=5, decoder_ffn_embed_dim_0=512, decoder_ffn_embed_dim_1=1024, decoder_ffn_embed_dim_2=1024, decoder_ffn_embed_dim_3=2048, decoder_ffn_embed_dim_4=512, decoder_self_attention_heads_0=2, decoder_self_attention_heads_1=4, decoder_self_attention_heads_2=4, decoder_self_attention_heads_3=2, decoder_self_attention_heads_4=4, decoder_ende_attention_heads_0=4, decoder_ende_attention_heads_1=4, decoder_ende_attention_heads_2=4, decoder_ende_attention_heads_3=2, decoder_ende_attention_heads_4=2, decoder_arbitrary_ende_attn_0=1, decoder_arbitrary_ende_attn_1=2, decoder_arbitrary_ende_attn_2=2, decoder_arbitrary_ende_attn_3=2, decoder_arbitrary_ende_attn_4=2, decoder_arbitrary_ende_attn_| ep| epoch 017:    200 / 1101 loss=4.387, nll_loss=3.034, ppl=8.19, wps=6437, ups=1, wpb=3601.781, bsz=143.403, num_updates=17817, lr=0.000374587, gnorm=1.100, clip=0.000, oom=0.000, wall=10281, train_wall=9527, encoder_embed_dim=640, encoder_layer_num=6, encoder_ffn_embed_dim_0=1024, encoder_ffn_embed_dim_1=2048, encoder_ffn_embed_dim_2=512, encoder_ffn_embed_dim_3=1024, encoder_ffn_embed_dim_4=2048, encoder_ffn_embed_dim_5=512, encoder_self_attention_heads_0=2, encoder_self_attention_heads_1=2, encoder_self_attention_heads_2=4, encoder_self_attention_heads_3=4, encoder_self_attention_heads_4=4, encoder_self_attention_heads_5=2, decoder_embed_dim=512, decoder_layer_num=2, decoder_ffn_embed_dim_0=2048, decoder_ffn_embed_dim_1=2048, decoder_self_attention_heads_0=4, decoder_self_attention_heads_1=4, decoder_ende_attention_heads_0=4, decoder_ende_attention_heads_1=2, decoder_arbitrary_ende_attn_0=2, decoder_arbitrary_ende_attn_1=-1, decoder_arbitrary_ende_attn_2=-1, decoder_arbitrary_ende_attn_3=-1, decoder_arbitrary_ende_attn_4=-1, decoder_arbitrary_ende_attn_| ep| epoch 017:    300 / 1101 loss=4.388, nll_loss=3.035, ppl=8.20, wps=6490, ups=2, wpb=3583.558, bsz=146.605, num_updates=17917, lr=0.00037354, gnorm=1.104, clip=0.000, oom=0.000, wall=10335, train_wall=9579, encoder_embed_dim=512, encoder_layer_num=6, encoder_ffn_embed_dim_0=1024, encoder_ffn_embed_dim_1=512, encoder_ffn_embed_dim_2=1024, encoder_ffn_embed_dim_3=2048, encoder_ffn_embed_dim_4=512, encoder_ffn_embed_dim_5=1024, encoder_self_attention_heads_0=4, encoder_self_attention_heads_1=2, encoder_self_attention_heads_2=4, encoder_self_attention_heads_3=4, encoder_self_attention_heads_4=2, encoder_self_attention_heads_5=2, decoder_embed_dim=512, decoder_layer_num=3, decoder_ffn_embed_dim_0=2048, decoder_ffn_embed_dim_1=1024, decoder_ffn_embed_dim_2=512, decoder_self_attention_heads_0=2, decoder_self_attention_heads_1=2, decoder_self_attention_heads_2=4, decoder_ende_attention_heads_0=2, decoder_ende_attention_heads_1=4, decoder_ende_attention_heads_2=4, decoder_arbitrary_ende_attn_0=1, decoder_arbitrary_ende_attn_1=-1, decoder_arbitrary_ende_attn_2=2, decoder_arbitrary_ende_attn_3=2, decoder_arbitrary_ende_attn_4=2, decoder_arbitrary_ende_attn_5| ep| epoch 017:    400 / 1101 loss=4.391, nll_loss=3.039, ppl=8.22, wps=6501, ups=2, wpb=3577.342, bsz=146.214, num_updates=18017, lr=0.000372502, gnorm=1.110, clip=0.000, oom=0.000, wall=10390, train_wall=9633, encoder_embed_dim=512, encoder_layer_num=6, encoder_ffn_embed_dim_0=512, encoder_ffn_embed_dim_1=1024, encoder_ffn_embed_dim_2=512, encoder_ffn_embed_dim_3=512, encoder_ffn_embed_dim_4=512, encoder_ffn_embed_dim_5=1024, encoder_self_attention_heads_0=2, encoder_self_attention_heads_1=4, encoder_self_attention_heads_2=2, encoder_self_attention_heads_3=4, encoder_self_attention_heads_4=2, encoder_self_attention_heads_5=4, decoder_embed_dim=640, decoder_layer_num=5, decoder_ffn_embed_dim_0=1024, decoder_ffn_embed_dim_1=512, decoder_ffn_embed_dim_2=512, decoder_ffn_embed_dim_3=1024, decoder_ffn_embed_dim_4=1024, decoder_self_attention_heads_0=4, decoder_self_attention_heads_1=2, decoder_self_attention_heads_2=2, decoder_self_attention_heads_3=2, decoder_self_attention_heads_4=2, decoder_ende_attention_heads_0=2, decoder_ende_attention_heads_1=2, decoder_ende_attention_heads_2=4, decoder_ende_attention_heads_3=4, decoder_ende_attention_heads_4=4, decoder_arbitrary_ende_attn_0=1, decoder_arbitrary_ende_attn_1=-1, decoder_arbitrary_ende_attn_2=-1, decoder_arbitrary_ende_attn_3=1, decoder_arbitrary_ende_attn_4=-1, decoder_arbitrary_ende_attn_5| ep| epoch 017:    500 / 1101 loss=4.386, nll_loss=3.033, ppl=8.19, wps=6478, ups=2, wpb=3591.972, bsz=146.411, num_updates=18117, lr=0.000371473, gnorm=1.107, clip=0.000, oom=0.000, wall=10447, train_wall=9689, encoder_embed_dim=640, encoder_layer_num=6, encoder_ffn_embed_dim_0=1024, encoder_ffn_embed_dim_1=1024, encoder_ffn_embed_dim_2=1024, encoder_ffn_embed_dim_3=2048, encoder_ffn_embed_dim_4=2048, encoder_ffn_embed_dim_5=2048, encoder_self_attention_heads_0=4, encoder_self_attention_heads_1=2, encoder_self_attention_heads_2=4, encoder_self_attention_heads_3=4, encoder_self_attention_heads_4=2, encoder_self_attention_heads_5=4, decoder_embed_dim=640, decoder_layer_num=5, decoder_ffn_embed_dim_0=2048, decoder_ffn_embed_dim_1=512, decoder_ffn_embed_dim_2=2048, decoder_ffn_embed_dim_3=2048, decoder_ffn_embed_dim_4=1024, decoder_self_attention_heads_0=4, decoder_self_attention_heads_1=2, decoder_self_attention_heads_2=4, decoder_self_attention_heads_3=4, decoder_self_attention_heads_4=2, decoder_ende_attention_heads_0=4, decoder_ende_attention_heads_1=4, decoder_ende_attention_heads_2=4, decoder_ende_attention_heads_3=2, decoder_ende_attention_heads_4=2, decoder_arbitrary_ende_attn_0=2, decoder_arbitrary_ende_attn_1=1, decoder_arbitrary_ende_attn_2=2, decoder_arbitrary_ende_attn_3=-1, decoder_arbitrary_ende_attn_4=-1, decoder_arbitrary_ende_attn_| ep| epoch 017:    600 / 1101 loss=4.385, nll_loss=3.032, ppl=8.18, wps=6469, ups=2, wpb=3588.777, bsz=148.473, num_updates=18217, lr=0.000370452, gnorm=1.112, clip=0.000, oom=0.000, wall=10502, train_wall=9743, encoder_embed_dim=512, encoder_layer_num=6, encoder_ffn_embed_dim_0=2048, encoder_ffn_embed_dim_1=1024, encoder_ffn_embed_dim_2=1024, encoder_ffn_embed_dim_3=512, encoder_ffn_embed_dim_4=2048, encoder_ffn_embed_dim_5=1024, encoder_self_attention_heads_0=4, encoder_self_attention_heads_1=4, encoder_self_attention_heads_2=4, encoder_self_attention_heads_3=4, encoder_self_attention_heads_4=2, encoder_self_attention_heads_5=4, decoder_embed_dim=512, decoder_layer_num=2, decoder_ffn_embed_dim_0=512, decoder_ffn_embed_dim_1=512, decoder_self_attention_heads_0=2, decoder_self_attention_heads_1=2, decoder_ende_attention_heads_0=4, decoder_ende_attention_heads_1=2, decoder_arbitrary_ende_attn_0=-1, decoder_arbitrary_ende_attn_1=1, decoder_arbitrary_ende_attn_2=-1, decoder_arbitrary_ende_attn_3=-1, decoder_arbitrary_ende_attn_4=-1, decoder_arbitrary_ende_attn_5| ep| epoch 017:    700 / 1101 loss=4.389, nll_loss=3.036, ppl=8.20, wps=6524, ups=2, wpb=3593.381, bsz=148.862, num_updates=18317, lr=0.000369439, gnorm=1.110, clip=0.000, oom=0.000, wall=10555, train_wall=9795, encoder_embed_dim=640, encoder_layer_num=6, encoder_ffn_embed_dim_0=1024, encoder_ffn_embed_dim_1=2048, encoder_ffn_embed_dim_2=1024, encoder_ffn_embed_dim_3=2048, encoder_ffn_embed_dim_4=1024, encoder_ffn_embed_dim_5=512, encoder_self_attention_heads_0=4, encoder_self_attention_heads_1=2, encoder_self_attention_heads_2=4, encoder_self_attention_heads_3=4, encoder_self_attention_heads_4=2, encoder_self_attention_heads_5=4, decoder_embed_dim=512, decoder_layer_num=3, decoder_ffn_embed_dim_0=512, decoder_ffn_embed_dim_1=2048, decoder_ffn_embed_dim_2=512, decoder_self_attention_heads_0=2, decoder_self_attention_heads_1=2, decoder_self_attention_heads_2=4, decoder_ende_attention_heads_0=4, decoder_ende_attention_heads_1=4, decoder_ende_attention_heads_2=4, decoder_arbitrary_ende_attn_0=1, decoder_arbitrary_ende_attn_1=1, decoder_arbitrary_ende_attn_2=1, decoder_arbitrary_ende_attn_3=2, decoder_arbitrary_ende_attn_4=1, decoder_arbitrary_ende_attn_| ep| epoch 017:    800 / 1101 loss=4.392, nll_loss=3.040, ppl=8.23, wps=6533, ups=2, wpb=3584.559, bsz=148.994, num_updates=18417, lr=0.000368435, gnorm=1.114, clip=0.000, oom=0.000, wall=10608, train_wall=9847, encoder_embed_dim=512, encoder_layer_num=6, encoder_ffn_embed_dim_0=1024, encoder_ffn_embed_dim_1=512, encoder_ffn_embed_dim_2=1024, encoder_ffn_embed_dim_3=1024, encoder_ffn_embed_dim_4=2048, encoder_ffn_embed_dim_5=2048, encoder_self_attention_heads_0=4, encoder_self_attention_heads_1=2, encoder_self_attention_heads_2=2, encoder_self_attention_heads_3=4, encoder_self_attention_heads_4=2, encoder_self_attention_heads_5=2, decoder_embed_dim=640, decoder_layer_num=2, decoder_ffn_embed_dim_0=512, decoder_ffn_embed_dim_1=2048, decoder_self_attention_heads_0=2, decoder_self_attention_heads_1=2, decoder_ende_attention_heads_0=4, decoder_ende_attention_heads_1=4, decoder_arbitrary_ende_attn_0=2, decoder_arbitrary_ende_attn_1=1, decoder_arbitrary_ende_attn_2=2, decoder_arbitrary_ende_attn_3=2, decoder_arbitrary_ende_attn_4=-1, decoder_arbitrary_ende_attn_5| ep| epoch 017:    900 / 1101 loss=4.403, nll_loss=3.052, ppl=8.29, wps=6534, ups=2, wpb=3587.158, bsz=146.992, num_updates=18517, lr=0.000367439, gnorm=1.113, clip=0.000, oom=0.000, wall=10664, train_wall=9901, encoder_embed_dim=512, encoder_layer_num=6, encoder_ffn_embed_dim_0=512, encoder_ffn_embed_dim_1=512, encoder_ffn_embed_dim_2=512, encoder_ffn_embed_dim_3=1024, encoder_ffn_embed_dim_4=1024, encoder_ffn_embed_dim_5=512, encoder_self_attention_heads_0=2, encoder_self_attention_heads_1=4, encoder_self_attention_heads_2=2, encoder_self_attention_heads_3=4, encoder_self_attention_heads_4=4, encoder_self_attention_heads_5=4, decoder_embed_dim=512, decoder_layer_num=2, decoder_ffn_embed_dim_0=2048, decoder_ffn_embed_dim_1=2048, decoder_self_attention_heads_0=2, decoder_self_attention_heads_1=2, decoder_ende_attention_heads_0=4, decoder_ende_attention_heads_1=2, decoder_arbitrary_ende_attn_0=1, decoder_arbitrary_ende_attn_1=-1, decoder_arbitrary_ende_attn_2=1, decoder_arbitrary_ende_attn_3=-1, decoder_arbitrary_ende_attn_4=-1, decoder_arbitrary_ende_attn_| ep| epoch 017:   1000 / 1101 loss=4.408, nll_loss=3.058, ppl=8.33, wps=6554, ups=2, wpb=3590.041, bsz=146.948, num_updates=18617, lr=0.00036645, gnorm=1.113, clip=0.000, oom=0.000, wall=10717, train_wall=9953, encoder_embed_dim=640, encoder_layer_num=6, encoder_ffn_embed_dim_0=512, encoder_ffn_embed_dim_1=2048, encoder_ffn_embed_dim_2=512, encoder_ffn_embed_dim_3=1024, encoder_ffn_embed_dim_4=1024, encoder_ffn_embed_dim_5=512, encoder_self_attention_heads_0=4, encoder_self_attention_heads_1=4, encoder_self_attention_heads_2=2, encoder_self_attention_heads_3=2, encoder_self_attention_heads_4=2, encoder_self_attention_heads_5=2, decoder_embed_dim=640, decoder_layer_num=5, decoder_ffn_embed_dim_0=1024, decoder_ffn_embed_dim_1=2048, decoder_ffn_embed_dim_2=1024, decoder_ffn_embed_dim_3=2048, decoder_ffn_embed_dim_4=512, decoder_self_attention_heads_0=2, decoder_self_attention_heads_1=4, decoder_self_attention_heads_2=4, decoder_self_attention_heads_3=4, decoder_self_attention_heads_4=2, decoder_ende_attention_heads_0=4, decoder_ende_attention_heads_1=4, decoder_ende_attention_heads_2=4, decoder_ende_attention_heads_3=2, decoder_ende_attention_heads_4=4, decoder_arbitrary_ende_attn_0=-1, decoder_arbitrary_ende_attn_1=1, decoder_arbitrary_ende_attn_2=1, decoder_arbitrary_ende_attn_3=2, decoder_arbitrary_ende_attn_4=2, decoder_arbitrary_ende_attn_5| ep| epoch 017:   1100 / 1101 loss=4.416, nll_loss=3.068, ppl=8.39, wps=6573, ups=2, wpb=3586.843, bsz=145.540, num_updates=18717, lr=0.00036547, gnorm=1.117, clip=0.000, oom=0.000, wall=10770, train_wall=10005, encoder_embed_dim=640, encoder_layer_num=6, encoder_ffn_embed_dim_0=1024, encoder_ffn_embed_dim_1=1024, encoder_ffn_embed_dim_2=1024, encoder_ffn_embed_dim_3=2048, encoder_ffn_embed_dim_4=2048, encoder_ffn_embed_dim_5=512, encoder_self_attention_heads_0=2, encoder_self_attention_heads_1=2, encoder_self_attention_heads_2=2, encoder_self_attention_heads_3=2, encoder_self_attention_heads_4=2, encoder_self_attention_heads_5=2, decoder_embed_dim=512, decoder_layer_num=6, decoder_ffn_embed_dim_0=2048, decoder_ffn_embed_dim_1=512, decoder_ffn_embed_dim_2=512, decoder_ffn_embed_dim_3=512, decoder_ffn_embed_dim_4=2048, decoder_ffn_embed_dim_5=2048, decoder_self_attention_heads_0=2, decoder_self_attention_heads_1=4, decoder_self_attention_heads_2=4, decoder_self_attention_heads_3=4, decoder_self_attention_heads_4=4, decoder_self_attention_heads_5=2, decoder_ende_attention_heads_0=4, decoder_ende_attention_heads_1=4, decoder_ende_attention_heads_2=2, decoder_ende_attention_heads_3=4, decoder_ende_attention_heads_4=2, decoder_ende_attention_heads_5=4, decoder_arbitrary_ende_attn_0=1, decoder_arbitrary_ende_attn_1=2, decoder_arbitrary_ende_attn_2=1, decoder_arbitrary_ende_attn_3=2, decoder_arbitrary_ende_attn_4=-1, decoder_arbitrary_ende_attn_5=2
| epoch 017 | loss 4.416 | nll_loss 3.068 | ppl 8.39 | wps 6571 | ups 2 | wpb 3586.843 | bsz 145.540 | num_updates 18717 | lr 0.00036547 | gnorm 1.117 | clip 0.000 | oom 0.000 | wall 10770 | train_wall 10005
| epoch 017 | validate on 'valid' subset | loss 4.380 | nll_loss 2.834 | ppl 7.13 | num_updates 18717 | best_loss 4.38019 | largest_arbitrary1_loss 4.380 | largest_arbitrary1_nll_loss 2.834
| epoch 017 | validate on 'valid' subset | loss 4.726 | nll_loss 3.242 | ppl 9.46 | num_updates 18717 | best_loss 4.72563 | smallest_arbitrary1_loss 4.726 | smallest_arbitrary1_nll_loss 3.242
| saved checkpoint ../checkpoints/iwslt14_super_full50000_fromscratch/checkpoint17.pt (epoch 17 @ 18717 updates) (writing took 4.408036470413208 sec| epoc| epoch 018:    100 / 1101 loss=4.407, nll_loss=3.055, ppl=8.31, wps=6449, ups=1, wpb=3584.337, bsz=125.386, num_updates=18818, lr=0.000364488, gnorm=1.143, clip=0.000, oom=0.000, wall=10855, train_wall=10060, encoder_embed_dim=512, encoder_layer_num=6, encoder_ffn_embed_dim_0=1024, encoder_ffn_embed_dim_1=2048, encoder_ffn_embed_dim_2=512, encoder_ffn_embed_dim_3=2048, encoder_ffn_embed_dim_4=1024, encoder_ffn_embed_dim_5=512, encoder_self_attention_heads_0=4, encoder_self_attention_heads_1=2, encoder_self_attention_heads_2=4, encoder_self_attention_heads_3=4, encoder_self_attention_heads_4=2, encoder_self_attention_heads_5=2, decoder_embed_dim=512, decoder_layer_num=1, decoder_ffn_embed_dim_0=1024, decoder_self_attention_heads_0=2, decoder_ende_attention_heads_0=4, decoder_arbitrary_ende_attn_0=-1, decoder_arbitrary_ende_attn_1=2, decoder_arbitrary_ende_attn_2=1, decoder_arbitrary_ende_attn_3=2, decoder_arbitrary_ende_attn_4=-1, decoder_arbitrary_ende_att| epoc| epoch 018:    200 / 1101 loss=4.369, nll_loss=3.013, ppl=8.07, wps=6521, ups=1, wpb=3581.806, bsz=134.448, num_updates=18918, lr=0.000363523, gnorm=1.117, clip=0.000, oom=0.000, wall=10909, train_wall=10113, encoder_embed_dim=640, encoder_layer_num=6, encoder_ffn_embed_dim_0=2048, encoder_ffn_embed_dim_1=512, encoder_ffn_embed_dim_2=512, encoder_ffn_embed_dim_3=512, encoder_ffn_embed_dim_4=1024, encoder_ffn_embed_dim_5=1024, encoder_self_attention_heads_0=4, encoder_self_attention_heads_1=2, encoder_self_attention_heads_2=2, encoder_self_attention_heads_3=4, encoder_self_attention_heads_4=4, encoder_self_attention_heads_5=4, decoder_embed_dim=512, decoder_layer_num=4, decoder_ffn_embed_dim_0=512, decoder_ffn_embed_dim_1=1024, decoder_ffn_embed_dim_2=2048, decoder_ffn_embed_dim_3=2048, decoder_self_attention_heads_0=2, decoder_self_attention_heads_1=2, decoder_self_attention_heads_2=2, decoder_self_attention_heads_3=4, decoder_ende_attention_heads_0=2, decoder_ende_attention_heads_1=4, decoder_ende_attention_heads_2=2, decoder_ende_attention_heads_3=4, decoder_arbitrary_ende_attn_0=-1, decoder_arbitrary_ende_attn_1=2, decoder_arbitrary_ende_attn_2=1, decoder_arbitrary_ende_attn_3=2, decoder_arbitrary_ende_attn_4=1, decoder_arbitrary_ende_attn| epoc| epoch 018:    300 / 1101 loss=4.366, nll_loss=3.010, ppl=8.06, wps=6520, ups=2, wpb=3598.801, bsz=137.116, num_updates=19018, lr=0.000362566, gnorm=1.114, clip=0.000, oom=0.000, wall=10965, train_wall=10167, encoder_embed_dim=512, encoder_layer_num=6, encoder_ffn_embed_dim_0=1024, encoder_ffn_embed_dim_1=2048, encoder_ffn_embed_dim_2=1024, encoder_ffn_embed_dim_3=1024, encoder_ffn_embed_dim_4=1024, encoder_ffn_embed_dim_5=2048, encoder_self_attention_heads_0=2, encoder_self_attention_heads_1=2, encoder_self_attention_heads_2=2, encoder_self_attention_heads_3=2, encoder_self_attention_heads_4=4, encoder_self_attention_heads_5=4, decoder_embed_dim=512, decoder_layer_num=1, decoder_ffn_embed_dim_0=2048, decoder_self_attention_heads_0=4, decoder_ende_attention_heads_0=2, decoder_arbitrary_ende_attn_0=1, decoder_arbitrary_ende_attn_1=1, decoder_arbitrary_ende_attn_2=2, decoder_arbitrary_ende_attn_3=-1, decoder_arbitrary_ende_attn_4=1, decoder_arbitrary_ende_att| epoc| epoch 018:    400 / 1101 loss=4.385, nll_loss=3.032, ppl=8.18, wps=6573, ups=2, wpb=3593.519, bsz=133.666, num_updates=19118, lr=0.000361617, gnorm=1.117, clip=0.000, oom=0.000, wall=11018, train_wall=10219, encoder_embed_dim=640, encoder_layer_num=6, encoder_ffn_embed_dim_0=1024, encoder_ffn_embed_dim_1=1024, encoder_ffn_embed_dim_2=512, encoder_ffn_embed_dim_3=1024, encoder_ffn_embed_dim_4=1024, encoder_ffn_embed_dim_5=512, encoder_self_attention_heads_0=4, encoder_self_attention_heads_1=2, encoder_self_attention_heads_2=2, encoder_self_attention_heads_3=2, encoder_self_attention_heads_4=4, encoder_self_attention_heads_5=2, decoder_embed_dim=640, decoder_layer_num=5, decoder_ffn_embed_dim_0=1024, decoder_ffn_embed_dim_1=512, decoder_ffn_embed_dim_2=2048, decoder_ffn_embed_dim_3=2048, decoder_ffn_embed_dim_4=1024, decoder_self_attention_heads_0=4, decoder_self_attention_heads_1=2, decoder_self_attention_heads_2=2, decoder_self_attention_heads_3=4, decoder_self_attention_heads_4=4, decoder_ende_attention_heads_0=2, decoder_ende_attention_heads_1=2, decoder_ende_attention_heads_2=2, decoder_ende_attention_heads_3=2, decoder_ende_attention_heads_4=4, decoder_arbitrary_ende_attn_0=2, decoder_arbitrary_ende_attn_1=-1, decoder_arbitrary_ende_attn_2=-1, decoder_arbitrary_ende_attn_3=1, decoder_arbitrary_ende_attn_4=-1, decoder_arbitrary_ende_attn| epoc| epoch 018:    500 / 1101 loss=4.370, nll_loss=3.015, ppl=8.08, wps=6490, ups=2, wpb=3575.066, bsz=137.469, num_updates=19218, lr=0.000360675, gnorm=1.118, clip=0.000, oom=0.000, wall=11075, train_wall=10275, encoder_embed_dim=640, encoder_layer_num=6, encoder_ffn_embed_dim_0=512, encoder_ffn_embed_dim_1=512, encoder_ffn_embed_dim_2=512, encoder_ffn_embed_dim_3=2048, encoder_ffn_embed_dim_4=2048, encoder_ffn_embed_dim_5=2048, encoder_self_attention_heads_0=2, encoder_self_attention_heads_1=2, encoder_self_attention_heads_2=4, encoder_self_attention_heads_3=4, encoder_self_attention_heads_4=4, encoder_self_attention_heads_5=2, decoder_embed_dim=640, decoder_layer_num=2, decoder_ffn_embed_dim_0=1024, decoder_ffn_embed_dim_1=512, decoder_self_attention_heads_0=4, decoder_self_attention_heads_1=2, decoder_ende_attention_heads_0=4, decoder_ende_attention_heads_1=4, decoder_arbitrary_ende_attn_0=2, decoder_arbitrary_ende_attn_1=2, decoder_arbitrary_ende_attn_2=-1, decoder_arbitrary_ende_attn_3=2, decoder_arbitrary_ende_attn_4=1, decoder_arbitrary_ende_att| epoc| epoch 018:    600 / 1101 loss=4.357, nll_loss=3.001, ppl=8.00, wps=6466, ups=2, wpb=3574.058, bsz=141.697, num_updates=19318, lr=0.00035974, gnorm=1.116, clip=0.000, oom=0.000, wall=11131, train_wall=10330, encoder_embed_dim=512, encoder_layer_num=6, encoder_ffn_embed_dim_0=1024, encoder_ffn_embed_dim_1=1024, encoder_ffn_embed_dim_2=2048, encoder_ffn_embed_dim_3=512, encoder_ffn_embed_dim_4=2048, encoder_ffn_embed_dim_5=1024, encoder_self_attention_heads_0=2, encoder_self_attention_heads_1=2, encoder_self_attention_heads_2=2, encoder_self_attention_heads_3=2, encoder_self_attention_heads_4=4, encoder_self_attention_heads_5=4, decoder_embed_dim=640, decoder_layer_num=2, decoder_ffn_embed_dim_0=2048, decoder_ffn_embed_dim_1=512, decoder_self_attention_heads_0=2, decoder_self_attention_heads_1=2, decoder_ende_attention_heads_0=4, decoder_ende_attention_heads_1=4, decoder_arbitrary_ende_attn_0=1, decoder_arbitrary_ende_attn_1=1, decoder_arbitrary_ende_attn_2=1, decoder_arbitrary_ende_attn_3=1, decoder_arbitrary_ende_attn_4=1, decoder_arbitrary_ende_att| epoc| epoch 018:    700 / 1101 loss=4.354, nll_loss=2.997, ppl=7.98, wps=6527, ups=2, wpb=3577.919, bsz=143.452, num_updates=19418, lr=0.000358813, gnorm=1.114, clip=0.000, oom=0.000, wall=11183, train_wall=10381, encoder_embed_dim=640, encoder_layer_num=6, encoder_ffn_embed_dim_0=2048, encoder_ffn_embed_dim_1=2048, encoder_ffn_embed_dim_2=1024, encoder_ffn_embed_dim_3=512, encoder_ffn_embed_dim_4=2048, encoder_ffn_embed_dim_5=512, encoder_self_attention_heads_0=2, encoder_self_attention_heads_1=4, encoder_self_attention_heads_2=2, encoder_self_attention_heads_3=4, encoder_self_attention_heads_4=2, encoder_self_attention_heads_5=2, decoder_embed_dim=512, decoder_layer_num=2, decoder_ffn_embed_dim_0=1024, decoder_ffn_embed_dim_1=512, decoder_self_attention_heads_0=2, decoder_self_attention_heads_1=4, decoder_ende_attention_heads_0=4, decoder_ende_attention_heads_1=4, decoder_arbitrary_ende_attn_0=2, decoder_arbitrary_ende_attn_1=2, decoder_arbitrary_ende_attn_2=-1, decoder_arbitrary_ende_attn_3=2, decoder_arbitrary_ende_attn_4=2, decoder_arbitrary_ende_attn| epoc| epoch 018:    800 / 1101 loss=4.344, nll_loss=2.986, ppl=7.92, wps=6535, ups=2, wpb=3581.923, bsz=146.037, num_updates=19518, lr=0.000357892, gnorm=1.109, clip=0.000, oom=0.000, wall=11238, train_wall=10434, encoder_embed_dim=640, encoder_layer_num=6, encoder_ffn_embed_dim_0=1024, encoder_ffn_embed_dim_1=2048, encoder_ffn_embed_dim_2=2048, encoder_ffn_embed_dim_3=2048, encoder_ffn_embed_dim_4=1024, encoder_ffn_embed_dim_5=2048, encoder_self_attention_heads_0=2, encoder_self_attention_heads_1=2, encoder_self_attention_heads_2=4, encoder_self_attention_heads_3=2, encoder_self_attention_heads_4=2, encoder_self_attention_heads_5=2, decoder_embed_dim=512, decoder_layer_num=4, decoder_ffn_embed_dim_0=512, decoder_ffn_embed_dim_1=512, decoder_ffn_embed_dim_2=1024, decoder_ffn_embed_dim_3=512, decoder_self_attention_heads_0=2, decoder_self_attention_heads_1=2, decoder_self_attention_heads_2=4, decoder_self_attention_heads_3=4, decoder_ende_attention_heads_0=4, decoder_ende_attention_heads_1=2, decoder_ende_attention_heads_2=2, decoder_ende_attention_heads_3=2, decoder_arbitrary_ende_attn_0=-1, decoder_arbitrary_ende_attn_1=1, decoder_arbitrary_ende_attn_2=-1, decoder_arbitrary_ende_attn_3=1, decoder_arbitrary_ende_attn_4=1, decoder_arbitrary_ende_att| epoc| epoch 018:    900 / 1101 loss=4.353, nll_loss=2.996, ppl=7.98, wps=6562, ups=2, wpb=3589.533, bsz=145.358, num_updates=19618, lr=0.000356979, gnorm=1.111, clip=0.000, oom=0.000, wall=11292, train_wall=10487, encoder_embed_dim=512, encoder_layer_num=6, encoder_ffn_embed_dim_0=512, encoder_ffn_embed_dim_1=2048, encoder_ffn_embed_dim_2=1024, encoder_ffn_embed_dim_3=1024, encoder_ffn_embed_dim_4=2048, encoder_ffn_embed_dim_5=2048, encoder_self_attention_heads_0=4, encoder_self_attention_heads_1=2, encoder_self_attention_heads_2=2, encoder_self_attention_heads_3=4, encoder_self_attention_heads_4=4, encoder_self_attention_heads_5=4, decoder_embed_dim=512, decoder_layer_num=3, decoder_ffn_embed_dim_0=1024, decoder_ffn_embed_dim_1=512, decoder_ffn_embed_dim_2=512, decoder_self_attention_heads_0=2, decoder_self_attention_heads_1=2, decoder_self_attention_heads_2=2, decoder_ende_attention_heads_0=2, decoder_ende_attention_heads_1=2, decoder_ende_attention_heads_2=2, decoder_arbitrary_ende_attn_0=-1, decoder_arbitrary_ende_attn_1=1, decoder_arbitrary_ende_attn_2=-1, decoder_arbitrary_ende_attn_3=-1, decoder_arbitrary_ende_attn_4=2, decoder_arbitrary_ende_attn| epoc| epoch 018:   1000 / 1101 loss=4.356, nll_loss=3.000, ppl=8.00, wps=6549, ups=2, wpb=3577.584, bsz=145.989, num_updates=19718, lr=0.000356073, gnorm=1.115, clip=0.000, oom=0.000, wall=11346, train_wall=10540, encoder_embed_dim=640, encoder_layer_num=6, encoder_ffn_embed_dim_0=2048, encoder_ffn_embed_dim_1=1024, encoder_ffn_embed_dim_2=2048, encoder_ffn_embed_dim_3=512, encoder_ffn_embed_dim_4=1024, encoder_ffn_embed_dim_5=2048, encoder_self_attention_heads_0=2, encoder_self_attention_heads_1=4, encoder_self_attention_heads_2=2, encoder_self_attention_heads_3=4, encoder_self_attention_heads_4=2, encoder_self_attention_heads_5=2, decoder_embed_dim=512, decoder_layer_num=5, decoder_ffn_embed_dim_0=512, decoder_ffn_embed_dim_1=2048, decoder_ffn_embed_dim_2=512, decoder_ffn_embed_dim_3=1024, decoder_ffn_embed_dim_4=512, decoder_self_attention_heads_0=4, decoder_self_attention_heads_1=2, decoder_self_attention_heads_2=2, decoder_self_attention_heads_3=2, decoder_self_attention_heads_4=4, decoder_ende_attention_heads_0=2, decoder_ende_attention_heads_1=2, decoder_ende_attention_heads_2=4, decoder_ende_attention_heads_3=2, decoder_ende_attention_heads_4=2, decoder_arbitrary_ende_attn_0=-1, decoder_arbitrary_ende_attn_1=2, decoder_arbitrary_ende_attn_2=2, decoder_arbitrary_ende_attn_3=-1, decoder_arbitrary_ende_attn_4=1, decoder_arbitrary_ende_att| epoc| epoch 018:   1100 / 1101 loss=4.361, nll_loss=3.006, ppl=8.03, wps=6608, ups=2, wpb=3586.843, bsz=145.540, num_updates=19818, lr=0.000355173, gnorm=1.113, clip=0.000, oom=0.000, wall=11396, train_wall=10589, encoder_embed_dim=512, encoder_layer_num=6, encoder_ffn_embed_dim_0=1024, encoder_ffn_embed_dim_1=512, encoder_ffn_embed_dim_2=512, encoder_ffn_embed_dim_3=2048, encoder_ffn_embed_dim_4=1024, encoder_ffn_embed_dim_5=1024, encoder_self_attention_heads_0=2, encoder_self_attention_heads_1=4, encoder_self_attention_heads_2=2, encoder_self_attention_heads_3=4, encoder_self_attention_heads_4=2, encoder_self_attention_heads_5=2, decoder_embed_dim=640, decoder_layer_num=4, decoder_ffn_embed_dim_0=512, decoder_ffn_embed_dim_1=1024, decoder_ffn_embed_dim_2=2048, decoder_ffn_embed_dim_3=2048, decoder_self_attention_heads_0=2, decoder_self_attention_heads_1=2, decoder_self_attention_heads_2=4, decoder_self_attention_heads_3=4, decoder_ende_attention_heads_0=2, decoder_ende_attention_heads_1=4, decoder_ende_attention_heads_2=2, decoder_ende_attention_heads_3=4, decoder_arbitrary_ende_attn_0=1, decoder_arbitrary_ende_attn_1=2, decoder_arbitrary_ende_attn_2=2, decoder_arbitrary_ende_attn_3=1, decoder_arbitrary_ende_attn_4=1, decoder_arbitrary_ende_attn_5=1
| epoch 018 | loss 4.361 | nll_loss 3.006 | ppl 8.03 | wps 6607 | ups 2 | wpb 3586.843 | bsz 145.540 | num_updates 19818 | lr 0.000355173 | gnorm 1.113 | clip 0.000 | oom 0.000 | wall 11397 | train_wall 10589
| epoch 018 | validate on 'valid' subset | loss 4.311 | nll_loss 2.767 | ppl 6.81 | num_updates 19818 | best_loss 4.3106 | largest_arbitrary1_loss 4.311 | largest_arbitrary1_nll_loss 2.767
| epoch 018 | validate on 'valid' subset | loss 4.679 | nll_loss 3.181 | ppl 9.07 | num_updates 19818 | best_loss 4.67863 | smallest_arbitrary1_loss 4.679 | smallest_arbitrary1_nll_loss 3.181
| saved checkpoint ../checkpoints/iwslt14_super_full50000_fromscratch/checkpoint18.pt (epoch 18 @ 19818 updates) (writing took 4.708394527435303 sec| epoc| epoch 019:    100 / 1101 loss=4.297, nll_loss=2.932, ppl=7.63, wps=6452, ups=1, wpb=3528.614, bsz=142.812, num_updates=19919, lr=0.000354272, gnorm=1.100, clip=0.000, oom=0.000, wall=11482, train_wall=10643, encoder_embed_dim=512, encoder_layer_num=6, encoder_ffn_embed_dim_0=512, encoder_ffn_embed_dim_1=2048, encoder_ffn_embed_dim_2=512, encoder_ffn_embed_dim_3=2048, encoder_ffn_embed_dim_4=1024, encoder_ffn_embed_dim_5=512, encoder_self_attention_heads_0=4, encoder_self_attention_heads_1=2, encoder_self_attention_heads_2=2, encoder_self_attention_heads_3=4, encoder_self_attention_heads_4=2, encoder_self_attention_heads_5=2, decoder_embed_dim=640, decoder_layer_num=5, decoder_ffn_embed_dim_0=1024, decoder_ffn_embed_dim_1=2048, decoder_ffn_embed_dim_2=2048, decoder_ffn_embed_dim_3=512, decoder_ffn_embed_dim_4=512, decoder_self_attention_heads_0=2, decoder_self_attention_heads_1=4, decoder_self_attention_heads_2=4, decoder_self_attention_heads_3=2, decoder_self_attention_heads_4=4, decoder_ende_attention_heads_0=2, decoder_ende_attention_heads_1=4, decoder_ende_attention_heads_2=4, decoder_ende_attention_heads_3=2, decoder_ende_attention_heads_4=4, decoder_arbitrary_ende_attn_0=-1, decoder_arbitrary_ende_attn_1=2, decoder_arbitrary_ende_attn_2=-1, decoder_arbitrary_ende_attn_3=-1, decoder_arbitrary_ende_attn_4=2, decoder_arbitrary_ende_att| epoc| epoch 019 | validate on 'valid' subset | loss 4.331 | nll_loss 2.763 | ppl 6.79 | num_updates 20000 | best_loss 4.33129 | largest_arbitrary1_loss 4.331 | largest_arbitrary1_nll_loss 2.763
| epoch 019 | validate on 'valid' subset | loss 4.679 | nll_loss 3.191 | ppl 9.13 | num_updates 20000 | best_loss 4.67863 | smallest_arbitrary1_loss 4.679 | smallest_arbitrary1_nll_loss 3.191
| saved checkpoint ../checkpoints/iwslt14_super_full50000_fromscratch/checkpoint_19_20000.pt (epoch 19 @ 20000 updates) (writing took 3.559495687484741 seconds)
| epoch 019:    200 / 1101 loss=4.305, nll_loss=2.941, ppl=7.68, wps=5229, ups=1, wpb=3548.458, bsz=140.816, num_updates=20019, lr=0.000353386, gnorm=1.114, clip=0.000, oom=0.000, wall=11563, train_wall=10695, encoder_embed_dim=640, encoder_layer_num=6, encoder_ffn_embed_dim_0=2048, encoder_ffn_embed_dim_1=512, encoder_ffn_embed_dim_2=512, encoder_ffn_embed_dim_3=512, encoder_ffn_embed_dim_4=2048, encoder_ffn_embed_dim_5=512, encoder_self_attention_heads_0=4, encoder_self_attention_heads_1=4, encoder_self_attention_heads_2=2, encoder_self_attention_heads_3=2, encoder_self_attention_heads_4=2, encoder_self_attention_heads_5=4, decoder_embed_dim=512, decoder_layer_num=3, decoder_ffn_embed_dim_0=1024, decoder_ffn_embed_dim_1=512, decoder_ffn_embed_dim_2=2048, decoder_self_attention_heads_0=2, decoder_self_attention_heads_1=2, decoder_self_attention_heads_2=2, decoder_ende_attention_heads_0=4, decoder_ende_attention_heads_1=2, decoder_ende_attention_heads_2=2, decoder_arbitrary_ende_attn_0=2, decoder_arbitrary_ende_attn_1=-1, decoder_arbitrary_ende_attn_2=-1, decoder_arbitrary_ende_attn_3=2, decoder_arbitrary_ende_attn_4=2, decoder_arbitrary_ende_attn_| epo| epoch 019:    300 / 1101 loss=4.314, nll_loss=2.951, ppl=7.73, wps=5538, ups=1, wpb=3548.133, bsz=140.306, num_updates=20119, lr=0.000352506, gnorm=1.129, clip=0.000, oom=0.000, wall=11619, train_wall=10751, encoder_embed_dim=640, encoder_layer_num=6, encoder_ffn_embed_dim_0=1024, encoder_ffn_embed_dim_1=1024, encoder_ffn_embed_dim_2=1024, encoder_ffn_embed_dim_3=1024, encoder_ffn_embed_dim_4=512, encoder_ffn_embed_dim_5=512, encoder_self_attention_heads_0=2, encoder_self_attention_heads_1=4, encoder_self_attention_heads_2=4, encoder_self_attention_heads_3=4, encoder_self_attention_heads_4=2, encoder_self_attention_heads_5=4, decoder_embed_dim=640, decoder_layer_num=2, decoder_ffn_embed_dim_0=1024, decoder_ffn_embed_dim_1=2048, decoder_self_attention_heads_0=2, decoder_self_attention_heads_1=2, decoder_ende_attention_heads_0=4, decoder_ende_attention_heads_1=4, decoder_arbitrary_ende_attn_0=1, decoder_arbitrary_ende_attn_1=1, decoder_arbitrary_ende_attn_2=2, decoder_arbitrary_ende_attn_3=1, decoder_arbitrary_ende_attn_4=1, decoder_arbitrary_ende_attn| epo| epoch 019:    400 / 1101 loss=4.319, nll_loss=2.958, ppl=7.77, wps=5807, ups=1, wpb=3552.334, bsz=142.783, num_updates=20219, lr=0.000351633, gnorm=1.126, clip=0.000, oom=0.000, wall=11672, train_wall=10802, encoder_embed_dim=640, encoder_layer_num=6, encoder_ffn_embed_dim_0=512, encoder_ffn_embed_dim_1=512, encoder_ffn_embed_dim_2=512, encoder_ffn_embed_dim_3=2048, encoder_ffn_embed_dim_4=512, encoder_ffn_embed_dim_5=512, encoder_self_attention_heads_0=2, encoder_self_attention_heads_1=4, encoder_self_attention_heads_2=4, encoder_self_attention_heads_3=4, encoder_self_attention_heads_4=4, encoder_self_attention_heads_5=4, decoder_embed_dim=512, decoder_layer_num=6, decoder_ffn_embed_dim_0=1024, decoder_ffn_embed_dim_1=2048, decoder_ffn_embed_dim_2=2048, decoder_ffn_embed_dim_3=512, decoder_ffn_embed_dim_4=1024, decoder_ffn_embed_dim_5=2048, decoder_self_attention_heads_0=4, decoder_self_attention_heads_1=4, decoder_self_attention_heads_2=2, decoder_self_attention_heads_3=2, decoder_self_attention_heads_4=2, decoder_self_attention_heads_5=2, decoder_ende_attention_heads_0=2, decoder_ende_attention_heads_1=4, decoder_ende_attention_heads_2=2, decoder_ende_attention_heads_3=4, decoder_ende_attention_heads_4=2, decoder_ende_attention_heads_5=4, decoder_arbitrary_ende_attn_0=2, decoder_arbitrary_ende_attn_1=2, decoder_arbitrary_ende_attn_2=2, decoder_arbitrary_ende_attn_3=2, decoder_arbitrary_ende_attn_4=-1, decoder_arbitrary_ende_attn| epo| epoch 019:    500 / 1101 loss=4.327, nll_loss=2.966, ppl=7.82, wps=5960, ups=2, wpb=3564.435, bsz=142.052, num_updates=20319, lr=0.000350767, gnorm=1.120, clip=0.000, oom=0.000, wall=11726, train_wall=10855, encoder_embed_dim=512, encoder_layer_num=6, encoder_ffn_embed_dim_0=2048, encoder_ffn_embed_dim_1=512, encoder_ffn_embed_dim_2=2048, encoder_ffn_embed_dim_3=1024, encoder_ffn_embed_dim_4=1024, encoder_ffn_embed_dim_5=1024, encoder_self_attention_heads_0=2, encoder_self_attention_heads_1=4, encoder_self_attention_heads_2=4, encoder_self_attention_heads_3=2, encoder_self_attention_heads_4=4, encoder_self_attention_heads_5=4, decoder_embed_dim=640, decoder_layer_num=5, decoder_ffn_embed_dim_0=1024, decoder_ffn_embed_dim_1=512, decoder_ffn_embed_dim_2=2048, decoder_ffn_embed_dim_3=1024, decoder_ffn_embed_dim_4=2048, decoder_self_attention_heads_0=2, decoder_self_attention_heads_1=2, decoder_self_attention_heads_2=2, decoder_self_attention_heads_3=4, decoder_self_attention_heads_4=4, decoder_ende_attention_heads_0=4, decoder_ende_attention_heads_1=2, decoder_ende_attention_heads_2=2, decoder_ende_attention_heads_3=2, decoder_ende_attention_heads_4=2, decoder_arbitrary_ende_attn_0=1, decoder_arbitrary_ende_attn_1=1, decoder_arbitrary_ende_attn_2=-1, decoder_arbitrary_ende_attn_3=-1, decoder_arbitrary_ende_attn_4=1, decoder_arbitrary_ende_attn_| epo| epoch 019:    600 / 1101 loss=4.327, nll_loss=2.967, ppl=7.82, wps=6041, ups=2, wpb=3567.925, bsz=141.218, num_updates=20419, lr=0.000349907, gnorm=1.115, clip=0.000, oom=0.000, wall=11781, train_wall=10909, encoder_embed_dim=512, encoder_layer_num=6, encoder_ffn_embed_dim_0=2048, encoder_ffn_embed_dim_1=2048, encoder_ffn_embed_dim_2=2048, encoder_ffn_embed_dim_3=512, encoder_ffn_embed_dim_4=512, encoder_ffn_embed_dim_5=1024, encoder_self_attention_heads_0=4, encoder_self_attention_heads_1=4, encoder_self_attention_heads_2=2, encoder_self_attention_heads_3=4, encoder_self_attention_heads_4=2, encoder_self_attention_heads_5=2, decoder_embed_dim=640, decoder_layer_num=3, decoder_ffn_embed_dim_0=512, decoder_ffn_embed_dim_1=1024, decoder_ffn_embed_dim_2=512, decoder_self_attention_heads_0=2, decoder_self_attention_heads_1=4, decoder_self_attention_heads_2=2, decoder_ende_attention_heads_0=2, decoder_ende_attention_heads_1=2, decoder_ende_attention_heads_2=4, decoder_arbitrary_ende_attn_0=2, decoder_arbitrary_ende_attn_1=1, decoder_arbitrary_ende_attn_2=-1, decoder_arbitrary_ende_attn_3=2, decoder_arbitrary_ende_attn_4=2, decoder_arbitrary_ende_attn| epo| epoch 019:    700 / 1101 loss=4.325, nll_loss=2.964, ppl=7.80, wps=6144, ups=2, wpb=3573.114, bsz=143.544, num_updates=20519, lr=0.000349053, gnorm=1.117, clip=0.000, oom=0.000, wall=11834, train_wall=10961, encoder_embed_dim=640, encoder_layer_num=6, encoder_ffn_embed_dim_0=512, encoder_ffn_embed_dim_1=512, encoder_ffn_embed_dim_2=1024, encoder_ffn_embed_dim_3=2048, encoder_ffn_embed_dim_4=512, encoder_ffn_embed_dim_5=2048, encoder_self_attention_heads_0=4, encoder_self_attention_heads_1=2, encoder_self_attention_heads_2=2, encoder_self_attention_heads_3=4, encoder_self_attention_heads_4=2, encoder_self_attention_heads_5=4, decoder_embed_dim=640, decoder_layer_num=3, decoder_ffn_embed_dim_0=512, decoder_ffn_embed_dim_1=512, decoder_ffn_embed_dim_2=1024, decoder_self_attention_heads_0=4, decoder_self_attention_heads_1=2, decoder_self_attention_heads_2=4, decoder_ende_attention_heads_0=4, decoder_ende_attention_heads_1=2, decoder_ende_attention_heads_2=4, decoder_arbitrary_ende_attn_0=2, decoder_arbitrary_ende_attn_1=1, decoder_arbitrary_ende_attn_2=2, decoder_arbitrary_ende_attn_3=1, decoder_arbitrary_ende_attn_4=2, decoder_arbitrary_ende_attn| epo| epoch 019:    800 / 1101 loss=4.325, nll_loss=2.964, ppl=7.80, wps=6201, ups=2, wpb=3581.351, bsz=143.051, num_updates=20619, lr=0.000348206, gnorm=1.116, clip=0.000, oom=0.000, wall=11889, train_wall=11015, encoder_embed_dim=512, encoder_layer_num=6, encoder_ffn_embed_dim_0=1024, encoder_ffn_embed_dim_1=2048, encoder_ffn_embed_dim_2=1024, encoder_ffn_embed_dim_3=512, encoder_ffn_embed_dim_4=512, encoder_ffn_embed_dim_5=2048, encoder_self_attention_heads_0=2, encoder_self_attention_heads_1=2, encoder_self_attention_heads_2=2, encoder_self_attention_heads_3=4, encoder_self_attention_heads_4=2, encoder_self_attention_heads_5=4, decoder_embed_dim=512, decoder_layer_num=3, decoder_ffn_embed_dim_0=512, decoder_ffn_embed_dim_1=1024, decoder_ffn_embed_dim_2=512, decoder_self_attention_heads_0=4, decoder_self_attention_heads_1=2, decoder_self_attention_heads_2=2, decoder_ende_attention_heads_0=4, decoder_ende_attention_heads_1=4, decoder_ende_attention_heads_2=2, decoder_arbitrary_ende_attn_0=1, decoder_arbitrary_ende_attn_1=1, decoder_arbitrary_ende_attn_2=1, decoder_arbitrary_ende_attn_3=1, decoder_arbitrary_ende_attn_4=-1, decoder_arbitrary_ende_attn| epo| epoch 019:    900 / 1101 loss=4.319, nll_loss=2.958, ppl=7.77, wps=6239, ups=2, wpb=3584.786, bsz=144.249, num_updates=20719, lr=0.000347365, gnorm=1.112, clip=0.000, oom=0.000, wall=11944, train_wall=11068, encoder_embed_dim=512, encoder_layer_num=6, encoder_ffn_embed_dim_0=2048, encoder_ffn_embed_dim_1=1024, encoder_ffn_embed_dim_2=512, encoder_ffn_embed_dim_3=512, encoder_ffn_embed_dim_4=1024, encoder_ffn_embed_dim_5=2048, encoder_self_attention_heads_0=2, encoder_self_attention_heads_1=2, encoder_self_attention_heads_2=2, encoder_self_attention_heads_3=4, encoder_self_attention_heads_4=2, encoder_self_attention_heads_5=4, decoder_embed_dim=640, decoder_layer_num=4, decoder_ffn_embed_dim_0=2048, decoder_ffn_embed_dim_1=1024, decoder_ffn_embed_dim_2=2048, decoder_ffn_embed_dim_3=512, decoder_self_attention_heads_0=4, decoder_self_attention_heads_1=2, decoder_self_attention_heads_2=4, decoder_self_attention_heads_3=2, decoder_ende_attention_heads_0=2, decoder_ende_attention_heads_1=4, decoder_ende_attention_heads_2=2, decoder_ende_attention_heads_3=4, decoder_arbitrary_ende_attn_0=2, decoder_arbitrary_ende_attn_1=-1, decoder_arbitrary_ende_attn_2=1, decoder_arbitrary_ende_attn_3=1, decoder_arbitrary_ende_attn_4=2, decoder_arbitrary_ende_attn_| epo| epoch 019:   1000 / 1101 loss=4.319, nll_loss=2.958, ppl=7.77, wps=6292, ups=2, wpb=3588.346, bsz=145.399, num_updates=20819, lr=0.000346529, gnorm=1.114, clip=0.000, oom=0.000, wall=11997, train_wall=11120, encoder_embed_dim=640, encoder_layer_num=6, encoder_ffn_embed_dim_0=512, encoder_ffn_embed_dim_1=2048, encoder_ffn_embed_dim_2=2048, encoder_ffn_embed_dim_3=2048, encoder_ffn_embed_dim_4=2048, encoder_ffn_embed_dim_5=2048, encoder_self_attention_heads_0=4, encoder_self_attention_heads_1=2, encoder_self_attention_heads_2=4, encoder_self_attention_heads_3=2, encoder_self_attention_heads_4=2, encoder_self_attention_heads_5=4, decoder_embed_dim=512, decoder_layer_num=1, decoder_ffn_embed_dim_0=512, decoder_self_attention_heads_0=2, decoder_ende_attention_heads_0=4, decoder_arbitrary_ende_attn_0=-1, decoder_arbitrary_ende_attn_1=-1, decoder_arbitrary_ende_attn_2=1, decoder_arbitrary_ende_attn_3=1, decoder_arbitrary_ende_attn_4=-1, decoder_arbitrary_ende_attn| epo| epoch 019:   1100 / 1101 loss=4.315, nll_loss=2.954, ppl=7.75, wps=6316, ups=2, wpb=3586.843, bsz=145.540, num_updates=20919, lr=0.0003457, gnorm=1.113, clip=0.000, oom=0.000, wall=12052, train_wall=11174, encoder_embed_dim=512, encoder_layer_num=6, encoder_ffn_embed_dim_0=512, encoder_ffn_embed_dim_1=512, encoder_ffn_embed_dim_2=512, encoder_ffn_embed_dim_3=512, encoder_ffn_embed_dim_4=2048, encoder_ffn_embed_dim_5=512, encoder_self_attention_heads_0=2, encoder_self_attention_heads_1=4, encoder_self_attention_heads_2=4, encoder_self_attention_heads_3=2, encoder_self_attention_heads_4=2, encoder_self_attention_heads_5=4, decoder_embed_dim=640, decoder_layer_num=1, decoder_ffn_embed_dim_0=512, decoder_self_attention_heads_0=2, decoder_ende_attention_heads_0=2, decoder_arbitrary_ende_attn_0=2, decoder_arbitrary_ende_attn_1=2, decoder_arbitrary_ende_attn_2=-1, decoder_arbitrary_ende_attn_3=-1, decoder_arbitrary_ende_attn_4=1, decoder_arbitrary_ende_attn_5=-1
| epoch 019 | loss 4.315 | nll_loss 2.954 | ppl 7.75 | wps 6314 | ups 2 | wpb 3586.843 | bsz 145.540 | num_updates 20919 | lr 0.0003457 | gnorm 1.113 | clip 0.000 | oom 0.000 | wall 12052 | train_wall 11174
| epoch 019 | validate on 'valid' subset | loss 4.327 | nll_loss 2.750 | ppl 6.73 | num_updates 20919 | best_loss 4.32723 | largest_arbitrary1_loss 4.327 | largest_arbitrary1_nll_loss 2.750
| epoch 019 | validate on 'valid' subset | loss 4.664 | nll_loss 3.165 | ppl 8.97 | num_updates 20919 | best_loss 4.66363 | smallest_arbitrary1_loss 4.664 | smallest_arbitrary1_nll_loss 3.165
| saved checkpoint ../checkpoints/iwslt14_super_full50000_fromscratch/checkpoint19.pt (epoch 19 @ 20919 updates) (writing took 4.386574029922485 seco| epo| epoch 020:    100 / 1101 loss=4.257, nll_loss=2.887, ppl=7.40, wps=6430, ups=1, wpb=3558.079, bsz=131.406, num_updates=21020, lr=0.000344869, gnorm=1.118, clip=0.000, oom=0.000, wall=12137, train_wall=11229, encoder_embed_dim=640, encoder_layer_num=6, encoder_ffn_embed_dim_0=2048, encoder_ffn_embed_dim_1=512, encoder_ffn_embed_dim_2=1024, encoder_ffn_embed_dim_3=2048, encoder_ffn_embed_dim_4=512, encoder_ffn_embed_dim_5=2048, encoder_self_attention_heads_0=4, encoder_self_attention_heads_1=2, encoder_self_attention_heads_2=4, encoder_self_attention_heads_3=4, encoder_self_attention_heads_4=4, encoder_self_attention_heads_5=4, decoder_embed_dim=512, decoder_layer_num=4, decoder_ffn_embed_dim_0=1024, decoder_ffn_embed_dim_1=512, decoder_ffn_embed_dim_2=512, decoder_ffn_embed_dim_3=2048, decoder_self_attention_heads_0=4, decoder_self_attention_heads_1=4, decoder_self_attention_heads_2=2, decoder_self_attention_heads_3=4, decoder_ende_attention_heads_0=4, decoder_ende_attention_heads_1=4, decoder_ende_attention_heads_2=2, decoder_ende_attention_heads_3=2, decoder_arbitrary_ende_attn_0=-1, decoder_arbitrary_ende_attn_1=-1, decoder_arbitrary_ende_attn_2=2, decoder_arbitrary_ende_attn_3=-1, decoder_arbitrary_ende_attn_4=2, decoder_arbitrary_ende_attn_| epo| epoch 020:    200 / 1101 loss=4.243, nll_loss=2.871, ppl=7.31, wps=6397, ups=1, wpb=3574.552, bsz=138.667, num_updates=21120, lr=0.000344051, gnorm=1.107, clip=0.000, oom=0.000, wall=12194, train_wall=11284, encoder_embed_dim=512, encoder_layer_num=6, encoder_ffn_embed_dim_0=1024, encoder_ffn_embed_dim_1=2048, encoder_ffn_embed_dim_2=1024, encoder_ffn_embed_dim_3=2048, encoder_ffn_embed_dim_4=1024, encoder_ffn_embed_dim_5=2048, encoder_self_attention_heads_0=4, encoder_self_attention_heads_1=2, encoder_self_attention_heads_2=4, encoder_self_attention_heads_3=4, encoder_self_attention_heads_4=4, encoder_self_attention_heads_5=2, decoder_embed_dim=640, decoder_layer_num=6, decoder_ffn_embed_dim_0=512, decoder_ffn_embed_dim_1=512, decoder_ffn_embed_dim_2=2048, decoder_ffn_embed_dim_3=512, decoder_ffn_embed_dim_4=512, decoder_ffn_embed_dim_5=512, decoder_self_attention_heads_0=4, decoder_self_attention_heads_1=4, decoder_self_attention_heads_2=2, decoder_self_attention_heads_3=4, decoder_self_attention_heads_4=4, decoder_self_attention_heads_5=2, decoder_ende_attention_heads_0=2, decoder_ende_attention_heads_1=4, decoder_ende_attention_heads_2=4, decoder_ende_attention_heads_3=2, decoder_ende_attention_heads_4=4, decoder_ende_attention_heads_5=4, decoder_arbitrary_ende_attn_0=1, decoder_arbitrary_ende_attn_1=1, decoder_arbitrary_ende_attn_2=1, decoder_arbitrary_ende_attn_3=2, decoder_arbitrary_ende_attn_4=2, decoder_arbitrary_ende_attn| epo| epoch 020:    300 / 1101 loss=4.243, nll_loss=2.871, ppl=7.32, wps=6450, ups=2, wpb=3591.528, bsz=141.821, num_updates=21220, lr=0.00034324, gnorm=1.112, clip=0.000, oom=0.000, wall=12249, train_wall=11338, encoder_embed_dim=512, encoder_layer_num=6, encoder_ffn_embed_dim_0=512, encoder_ffn_embed_dim_1=512, encoder_ffn_embed_dim_2=512, encoder_ffn_embed_dim_3=2048, encoder_ffn_embed_dim_4=512, encoder_ffn_embed_dim_5=1024, encoder_self_attention_heads_0=2, encoder_self_attention_heads_1=2, encoder_self_attention_heads_2=2, encoder_self_attention_heads_3=4, encoder_self_attention_heads_4=2, encoder_self_attention_heads_5=2, decoder_embed_dim=512, decoder_layer_num=1, decoder_ffn_embed_dim_0=1024, decoder_self_attention_heads_0=2, decoder_ende_attention_heads_0=4, decoder_arbitrary_ende_attn_0=2, decoder_arbitrary_ende_attn_1=1, decoder_arbitrary_ende_attn_2=2, decoder_arbitrary_ende_attn_3=2, decoder_arbitrary_ende_attn_4=2, decoder_arbitrary_ende_attn| epo| epoch 020:    400 / 1101 loss=4.245, nll_loss=2.874, ppl=7.33, wps=6510, ups=2, wpb=3610.027, bsz=141.746, num_updates=21320, lr=0.000342434, gnorm=1.105, clip=0.000, oom=0.000, wall=12304, train_wall=11392, encoder_embed_dim=640, encoder_layer_num=6, encoder_ffn_embed_dim_0=2048, encoder_ffn_embed_dim_1=512, encoder_ffn_embed_dim_2=1024, encoder_ffn_embed_dim_3=512, encoder_ffn_embed_dim_4=1024, encoder_ffn_embed_dim_5=512, encoder_self_attention_heads_0=2, encoder_self_attention_heads_1=2, encoder_self_attention_heads_2=4, encoder_self_attention_heads_3=4, encoder_self_attention_heads_4=2, encoder_self_attention_heads_5=2, decoder_embed_dim=512, decoder_layer_num=3, decoder_ffn_embed_dim_0=2048, decoder_ffn_embed_dim_1=2048, decoder_ffn_embed_dim_2=2048, decoder_self_attention_heads_0=4, decoder_self_attention_heads_1=2, decoder_self_attention_heads_2=4, decoder_ende_attention_heads_0=4, decoder_ende_attention_heads_1=4, decoder_ende_attention_heads_2=4, decoder_arbitrary_ende_attn_0=2, decoder_arbitrary_ende_attn_1=1, decoder_arbitrary_ende_attn_2=-1, decoder_arbitrary_ende_attn_3=-1, decoder_arbitrary_ende_attn_4=2, decoder_arbitrary_ende_attn| epo| epoch 020:    500 / 1101 loss=4.238, nll_loss=2.865, ppl=7.29, wps=6516, ups=2, wpb=3612.331, bsz=145.086, num_updates=21420, lr=0.000341633, gnorm=1.103, clip=0.000, oom=0.000, wall=12359, train_wall=11446, encoder_embed_dim=512, encoder_layer_num=6, encoder_ffn_embed_dim_0=1024, encoder_ffn_embed_dim_1=1024, encoder_ffn_embed_dim_2=1024, encoder_ffn_embed_dim_3=1024, encoder_ffn_embed_dim_4=512, encoder_ffn_embed_dim_5=512, encoder_self_attention_heads_0=2, encoder_self_attention_heads_1=4, encoder_self_attention_heads_2=4, encoder_self_attention_heads_3=4, encoder_self_attention_heads_4=4, encoder_self_attention_heads_5=4, decoder_embed_dim=512, decoder_layer_num=6, decoder_ffn_embed_dim_0=2048, decoder_ffn_embed_dim_1=1024, decoder_ffn_embed_dim_2=2048, decoder_ffn_embed_dim_3=1024, decoder_ffn_embed_dim_4=512, decoder_ffn_embed_dim_5=512, decoder_self_attention_heads_0=2, decoder_self_attention_heads_1=2, decoder_self_attention_heads_2=2, decoder_self_attention_heads_3=4, decoder_self_attention_heads_4=4, decoder_self_attention_heads_5=4, decoder_ende_attention_heads_0=4, decoder_ende_attention_heads_1=4, decoder_ende_attention_heads_2=2, decoder_ende_attention_heads_3=2, decoder_ende_attention_heads_4=4, decoder_ende_attention_heads_5=2, decoder_arbitrary_ende_attn_0=-1, decoder_arbitrary_ende_attn_1=2, decoder_arbitrary_ende_attn_2=1, decoder_arbitrary_ende_attn_3=1, decoder_arbitrary_ende_attn_4=2, decoder_arbitrary_ende_attn| epo| epoch 020:    600 / 1101 loss=4.240, nll_loss=2.868, ppl=7.30, wps=6473, ups=2, wpb=3595.301, bsz=145.730, num_updates=21520, lr=0.000340839, gnorm=1.107, clip=0.000, oom=0.000, wall=12415, train_wall=11501, encoder_embed_dim=640, encoder_layer_num=6, encoder_ffn_embed_dim_0=2048, encoder_ffn_embed_dim_1=512, encoder_ffn_embed_dim_2=2048, encoder_ffn_embed_dim_3=512, encoder_ffn_embed_dim_4=1024, encoder_ffn_embed_dim_5=2048, encoder_self_attention_heads_0=2, encoder_self_attention_heads_1=2, encoder_self_attention_heads_2=2, encoder_self_attention_heads_3=2, encoder_self_attention_heads_4=4, encoder_self_attention_heads_5=2, decoder_embed_dim=640, decoder_layer_num=2, decoder_ffn_embed_dim_0=512, decoder_ffn_embed_dim_1=512, decoder_self_attention_heads_0=4, decoder_self_attention_heads_1=4, decoder_ende_attention_heads_0=4, decoder_ende_attention_heads_1=2, decoder_arbitrary_ende_attn_0=2, decoder_arbitrary_ende_attn_1=1, decoder_arbitrary_ende_attn_2=2, decoder_arbitrary_ende_attn_3=2, decoder_arbitrary_ende_attn_4=-1, decoder_arbitrary_ende_attn| epo| epoch 020:    700 / 1101 loss=4.254, nll_loss=2.885, ppl=7.39, wps=6503, ups=2, wpb=3589.165, bsz=145.061, num_updates=21620, lr=0.00034005, gnorm=1.113, clip=0.000, oom=0.000, wall=12468, train_wall=11553, encoder_embed_dim=512, encoder_layer_num=6, encoder_ffn_embed_dim_0=512, encoder_ffn_embed_dim_1=512, encoder_ffn_embed_dim_2=1024, encoder_ffn_embed_dim_3=1024, encoder_ffn_embed_dim_4=512, encoder_ffn_embed_dim_5=2048, encoder_self_attention_heads_0=2, encoder_self_attention_heads_1=2, encoder_self_attention_heads_2=4, encoder_self_attention_heads_3=4, encoder_self_attention_heads_4=2, encoder_self_attention_heads_5=2, decoder_embed_dim=512, decoder_layer_num=3, decoder_ffn_embed_dim_0=512, decoder_ffn_embed_dim_1=1024, decoder_ffn_embed_dim_2=512, decoder_self_attention_heads_0=2, decoder_self_attention_heads_1=2, decoder_self_attention_heads_2=4, decoder_ende_attention_heads_0=4, decoder_ende_attention_heads_1=2, decoder_ende_attention_heads_2=4, decoder_arbitrary_ende_attn_0=1, decoder_arbitrary_ende_attn_1=-1, decoder_arbitrary_ende_attn_2=-1, decoder_arbitrary_ende_attn_3=2, decoder_arbitrary_ende_attn_4=1, decoder_arbitrary_ende_attn| epo| epoch 020:    800 / 1101 loss=4.259, nll_loss=2.890, ppl=7.41, wps=6518, ups=2, wpb=3587.718, bsz=144.130, num_updates=21720, lr=0.000339266, gnorm=1.115, clip=0.000, oom=0.000, wall=12522, train_wall=11605, encoder_embed_dim=512, encoder_layer_num=6, encoder_ffn_embed_dim_0=2048, encoder_ffn_embed_dim_1=1024, encoder_ffn_embed_dim_2=1024, encoder_ffn_embed_dim_3=1024, encoder_ffn_embed_dim_4=512, encoder_ffn_embed_dim_5=512, encoder_self_attention_heads_0=2, encoder_self_attention_heads_1=4, encoder_self_attention_heads_2=2, encoder_self_attention_heads_3=2, encoder_self_attention_heads_4=4, encoder_self_attention_heads_5=4, decoder_embed_dim=640, decoder_layer_num=2, decoder_ffn_embed_dim_0=1024, decoder_ffn_embed_dim_1=512, decoder_self_attention_heads_0=4, decoder_self_attention_heads_1=4, decoder_ende_attention_heads_0=2, decoder_ende_attention_heads_1=2, decoder_arbitrary_ende_attn_0=-1, decoder_arbitrary_ende_attn_1=2, decoder_arbitrary_ende_attn_2=2, decoder_arbitrary_ende_attn_3=-1, decoder_arbitrary_ende_attn_4=-1, decoder_arbitrary_ende_attn_| epo| epoch 020:    900 / 1101 loss=4.259, nll_loss=2.890, ppl=7.41, wps=6517, ups=2, wpb=3589.152, bsz=145.030, num_updates=21820, lr=0.000338487, gnorm=1.112, clip=0.000, oom=0.000, wall=12578, train_wall=11660, encoder_embed_dim=640, encoder_layer_num=6, encoder_ffn_embed_dim_0=1024, encoder_ffn_embed_dim_1=2048, encoder_ffn_embed_dim_2=512, encoder_ffn_embed_dim_3=512, encoder_ffn_embed_dim_4=2048, encoder_ffn_embed_dim_5=1024, encoder_self_attention_heads_0=4, encoder_self_attention_heads_1=4, encoder_self_attention_heads_2=2, encoder_self_attention_heads_3=2, encoder_self_attention_heads_4=2, encoder_self_attention_heads_5=4, decoder_embed_dim=640, decoder_layer_num=4, decoder_ffn_embed_dim_0=2048, decoder_ffn_embed_dim_1=512, decoder_ffn_embed_dim_2=1024, decoder_ffn_embed_dim_3=1024, decoder_self_attention_heads_0=2, decoder_self_attention_heads_1=2, decoder_self_attention_heads_2=2, decoder_self_attention_heads_3=2, decoder_ende_attention_heads_0=2, decoder_ende_attention_heads_1=4, decoder_ende_attention_heads_2=4, decoder_ende_attention_heads_3=2, decoder_arbitrary_ende_attn_0=1, decoder_arbitrary_ende_attn_1=-1, decoder_arbitrary_ende_attn_2=1, decoder_arbitrary_ende_attn_3=-1, decoder_arbitrary_ende_attn_4=-1, decoder_arbitrary_ende_attn_| epo| epoch 020:   1000 / 1101 loss=4.261, nll_loss=2.893, ppl=7.43, wps=6513, ups=2, wpb=3584.895, bsz=145.159, num_updates=21920, lr=0.000337715, gnorm=1.111, clip=0.000, oom=0.000, wall=12632, train_wall=11713, encoder_embed_dim=640, encoder_layer_num=6, encoder_ffn_embed_dim_0=2048, encoder_ffn_embed_dim_1=512, encoder_ffn_embed_dim_2=2048, encoder_ffn_embed_dim_3=1024, encoder_ffn_embed_dim_4=512, encoder_ffn_embed_dim_5=512, encoder_self_attention_heads_0=2, encoder_self_attention_heads_1=4, encoder_self_attention_heads_2=2, encoder_self_attention_heads_3=4, encoder_self_attention_heads_4=4, encoder_self_attention_heads_5=4, decoder_embed_dim=512, decoder_layer_num=4, decoder_ffn_embed_dim_0=1024, decoder_ffn_embed_dim_1=512, decoder_ffn_embed_dim_2=1024, decoder_ffn_embed_dim_3=2048, decoder_self_attention_heads_0=2, decoder_self_attention_heads_1=2, decoder_self_attention_heads_2=4, decoder_self_attention_heads_3=4, decoder_ende_attention_heads_0=2, decoder_ende_attention_heads_1=2, decoder_ende_attention_heads_2=2, decoder_ende_attention_heads_3=2, decoder_arbitrary_ende_attn_0=2, decoder_arbitrary_ende_attn_1=2, decoder_arbitrary_ende_attn_2=-1, decoder_arbitrary_ende_attn_3=2, decoder_arbitrary_ende_attn_4=1, decoder_arbitrary_ende_attn| epo| epoch 020:   1100 / 1101 loss=4.271, nll_loss=2.904, ppl=7.49, wps=6553, ups=2, wpb=3586.843, bsz=145.540, num_updates=22020, lr=0.000336947, gnorm=1.113, clip=0.000, oom=0.000, wall=12684, train_wall=11764, encoder_embed_dim=640, encoder_layer_num=6, encoder_ffn_embed_dim_0=2048, encoder_ffn_embed_dim_1=2048, encoder_ffn_embed_dim_2=1024, encoder_ffn_embed_dim_3=2048, encoder_ffn_embed_dim_4=1024, encoder_ffn_embed_dim_5=1024, encoder_self_attention_heads_0=2, encoder_self_attention_heads_1=4, encoder_self_attention_heads_2=2, encoder_self_attention_heads_3=4, encoder_self_attention_heads_4=4, encoder_self_attention_heads_5=2, decoder_embed_dim=640, decoder_layer_num=3, decoder_ffn_embed_dim_0=2048, decoder_ffn_embed_dim_1=1024, decoder_ffn_embed_dim_2=1024, decoder_self_attention_heads_0=2, decoder_self_attention_heads_1=2, decoder_self_attention_heads_2=2, decoder_ende_attention_heads_0=4, decoder_ende_attention_heads_1=4, decoder_ende_attention_heads_2=2, decoder_arbitrary_ende_attn_0=-1, decoder_arbitrary_ende_attn_1=1, decoder_arbitrary_ende_attn_2=1, decoder_arbitrary_ende_attn_3=2, decoder_arbitrary_ende_attn_4=2, decoder_arbitrary_ende_attn_5=1
| epoch 020 | loss 4.271 | nll_loss 2.904 | ppl 7.49 | wps 6552 | ups 2 | wpb 3586.843 | bsz 145.540 | num_updates 22020 | lr 0.000336947 | gnorm 1.113 | clip 0.000 | oom 0.000 | wall 12684 | train_wall 11764
| epoch 020 | validate on 'valid' subset | loss 4.269 | nll_loss 2.718 | ppl 6.58 | num_updates 22020 | best_loss 4.26881 | largest_arbitrary1_loss 4.269 | largest_arbitrary1_nll_loss 2.718
| epoch 020 | validate on 'valid' subset | loss 4.630 | nll_loss 3.128 | ppl 8.74 | num_updates 22020 | best_loss 4.63021 | smallest_arbitrary1_loss 4.630 | smallest_arbitrary1_nll_loss 3.128
| saved checkpoint ../checkpoints/iwslt14_super_full50000_fromscratch/checkpoint20.pt (epoch 20 @ 22020 updates) (writing took 4.251845121383667 seco| epo| epoch 021:    100 / 1101 loss=4.189, nll_loss=2.810, ppl=7.01, wps=6479, ups=1, wpb=3627.436, bsz=149.307, num_updates=22121, lr=0.000336177, gnorm=1.075, clip=0.000, oom=0.000, wall=12770, train_wall=11819, encoder_embed_dim=640, encoder_layer_num=6, encoder_ffn_embed_dim_0=1024, encoder_ffn_embed_dim_1=1024, encoder_ffn_embed_dim_2=512, encoder_ffn_embed_dim_3=1024, encoder_ffn_embed_dim_4=512, encoder_ffn_embed_dim_5=1024, encoder_self_attention_heads_0=2, encoder_self_attention_heads_1=2, encoder_self_attention_heads_2=4, encoder_self_attention_heads_3=2, encoder_self_attention_heads_4=2, encoder_self_attention_heads_5=4, decoder_embed_dim=640, decoder_layer_num=5, decoder_ffn_embed_dim_0=2048, decoder_ffn_embed_dim_1=512, decoder_ffn_embed_dim_2=1024, decoder_ffn_embed_dim_3=512, decoder_ffn_embed_dim_4=512, decoder_self_attention_heads_0=4, decoder_self_attention_heads_1=2, decoder_self_attention_heads_2=2, decoder_self_attention_heads_3=4, decoder_self_attention_heads_4=4, decoder_ende_attention_heads_0=2, decoder_ende_attention_heads_1=2, decoder_ende_attention_heads_2=4, decoder_ende_attention_heads_3=4, decoder_ende_attention_heads_4=4, decoder_arbitrary_ende_attn_0=-1, decoder_arbitrary_ende_attn_1=-1, decoder_arbitrary_ende_attn_2=-1, decoder_arbitrary_ende_attn_3=-1, decoder_arbitrary_ende_attn_4=1, decoder_arbitrary_ende_attn| epo| epoch 021:    200 / 1101 loss=4.230, nll_loss=2.857, ppl=7.25, wps=6580, ups=1, wpb=3600.766, bsz=147.502, num_updates=22221, lr=0.000335419, gnorm=1.087, clip=0.000, oom=0.000, wall=12823, train_wall=11871, encoder_embed_dim=640, encoder_layer_num=6, encoder_ffn_embed_dim_0=1024, encoder_ffn_embed_dim_1=2048, encoder_ffn_embed_dim_2=2048, encoder_ffn_embed_dim_3=512, encoder_ffn_embed_dim_4=1024, encoder_ffn_embed_dim_5=512, encoder_self_attention_heads_0=4, encoder_self_attention_heads_1=4, encoder_self_attention_heads_2=2, encoder_self_attention_heads_3=4, encoder_self_attention_heads_4=4, encoder_self_attention_heads_5=2, decoder_embed_dim=512, decoder_layer_num=1, decoder_ffn_embed_dim_0=2048, decoder_self_attention_heads_0=4, decoder_ende_attention_heads_0=4, decoder_arbitrary_ende_attn_0=1, decoder_arbitrary_ende_attn_1=2, decoder_arbitrary_ende_attn_2=1, decoder_arbitrary_ende_attn_3=2, decoder_arbitrary_ende_attn_4=2, decoder_arbitrary_ende_attn_| epo| epoch 021:    300 / 1101 loss=4.217, nll_loss=2.842, ppl=7.17, wps=6489, ups=2, wpb=3578.173, bsz=147.482, num_updates=22321, lr=0.000334667, gnorm=1.099, clip=0.000, oom=0.000, wall=12879, train_wall=11926, encoder_embed_dim=640, encoder_layer_num=6, encoder_ffn_embed_dim_0=2048, encoder_ffn_embed_dim_1=1024, encoder_ffn_embed_dim_2=1024, encoder_ffn_embed_dim_3=512, encoder_ffn_embed_dim_4=1024, encoder_ffn_embed_dim_5=1024, encoder_self_attention_heads_0=4, encoder_self_attention_heads_1=2, encoder_self_attention_heads_2=2, encoder_self_attention_heads_3=2, encoder_self_attention_heads_4=4, encoder_self_attention_heads_5=4, decoder_embed_dim=640, decoder_layer_num=1, decoder_ffn_embed_dim_0=2048, decoder_self_attention_heads_0=4, decoder_ende_attention_heads_0=2, decoder_arbitrary_ende_attn_0=2, decoder_arbitrary_ende_attn_1=1, decoder_arbitrary_ende_attn_2=2, decoder_arbitrary_ende_attn_3=1, decoder_arbitrary_ende_attn_4=2, decoder_arbitrary_ende_attn| epo| epoch 021:    400 / 1101 loss=4.235, nll_loss=2.862, ppl=7.27, wps=6553, ups=2, wpb=3571.142, bsz=145.855, num_updates=22421, lr=0.00033392, gnorm=1.109, clip=0.000, oom=0.000, wall=12932, train_wall=11977, encoder_embed_dim=640, encoder_layer_num=6, encoder_ffn_embed_dim_0=1024, encoder_ffn_embed_dim_1=512, encoder_ffn_embed_dim_2=2048, encoder_ffn_embed_dim_3=512, encoder_ffn_embed_dim_4=512, encoder_ffn_embed_dim_5=512, encoder_self_attention_heads_0=4, encoder_self_attention_heads_1=4, encoder_self_attention_heads_2=2, encoder_self_attention_heads_3=4, encoder_self_attention_heads_4=4, encoder_self_attention_heads_5=4, decoder_embed_dim=640, decoder_layer_num=2, decoder_ffn_embed_dim_0=512, decoder_ffn_embed_dim_1=512, decoder_self_attention_heads_0=2, decoder_self_attention_heads_1=4, decoder_ende_attention_heads_0=2, decoder_ende_attention_heads_1=2, decoder_arbitrary_ende_attn_0=1, decoder_arbitrary_ende_attn_1=1, decoder_arbitrary_ende_attn_2=1, decoder_arbitrary_ende_attn_3=-1, decoder_arbitrary_ende_attn_4=2, decoder_arbitrary_ende_attn_| epo| epoch 021:    500 / 1101 loss=4.239, nll_loss=2.866, ppl=7.29, wps=6534, ups=2, wpb=3579.309, bsz=145.675, num_updates=22521, lr=0.000333178, gnorm=1.117, clip=0.000, oom=0.000, wall=12988, train_wall=12032, encoder_embed_dim=512, encoder_layer_num=6, encoder_ffn_embed_dim_0=512, encoder_ffn_embed_dim_1=1024, encoder_ffn_embed_dim_2=512, encoder_ffn_embed_dim_3=512, encoder_ffn_embed_dim_4=512, encoder_ffn_embed_dim_5=512, encoder_self_attention_heads_0=4, encoder_self_attention_heads_1=4, encoder_self_attention_heads_2=4, encoder_self_attention_heads_3=2, encoder_self_attention_heads_4=2, encoder_self_attention_heads_5=2, decoder_embed_dim=640, decoder_layer_num=4, decoder_ffn_embed_dim_0=512, decoder_ffn_embed_dim_1=2048, decoder_ffn_embed_dim_2=512, decoder_ffn_embed_dim_3=2048, decoder_self_attention_heads_0=4, decoder_self_attention_heads_1=2, decoder_self_attention_heads_2=4, decoder_self_attention_heads_3=2, decoder_ende_attention_heads_0=2, decoder_ende_attention_heads_1=2, decoder_ende_attention_heads_2=4, decoder_ende_attention_heads_3=4, decoder_arbitrary_ende_attn_0=-1, decoder_arbitrary_ende_attn_1=1, decoder_arbitrary_ende_attn_2=-1, decoder_arbitrary_ende_attn_3=1, decoder_arbitrary_ende_attn_4=-1, decoder_arbitrary_ende_attn| epo| epoch 021:    600 / 1101 loss=4.240, nll_loss=2.868, ppl=7.30, wps=6487, ups=2, wpb=3563.035, bsz=144.957, num_updates=22621, lr=0.000332441, gnorm=1.117, clip=0.000, oom=0.000, wall=13043, train_wall=12086, encoder_embed_dim=512, encoder_layer_num=6, encoder_ffn_embed_dim_0=2048, encoder_ffn_embed_dim_1=1024, encoder_ffn_embed_dim_2=1024, encoder_ffn_embed_dim_3=2048, encoder_ffn_embed_dim_4=512, encoder_ffn_embed_dim_5=1024, encoder_self_attention_heads_0=2, encoder_self_attention_heads_1=4, encoder_self_attention_heads_2=4, encoder_self_attention_heads_3=4, encoder_self_attention_heads_4=2, encoder_self_attention_heads_5=4, decoder_embed_dim=512, decoder_layer_num=5, decoder_ffn_embed_dim_0=512, decoder_ffn_embed_dim_1=1024, decoder_ffn_embed_dim_2=1024, decoder_ffn_embed_dim_3=512, decoder_ffn_embed_dim_4=512, decoder_self_attention_heads_0=4, decoder_self_attention_heads_1=4, decoder_self_attention_heads_2=4, decoder_self_attention_heads_3=2, decoder_self_attention_heads_4=4, decoder_ende_attention_heads_0=4, decoder_ende_attention_heads_1=2, decoder_ende_attention_heads_2=2, decoder_ende_attention_heads_3=2, decoder_ende_attention_heads_4=4, decoder_arbitrary_ende_attn_0=2, decoder_arbitrary_ende_attn_1=-1, decoder_arbitrary_ende_attn_2=-1, decoder_arbitrary_ende_attn_3=-1, decoder_arbitrary_ende_attn_4=2, decoder_arbitrary_ende_attn| epo| epoch 021:    700 / 1101 loss=4.230, nll_loss=2.857, ppl=7.24, wps=6542, ups=2, wpb=3570.091, bsz=146.144, num_updates=22721, lr=0.000331708, gnorm=1.111, clip=0.000, oom=0.000, wall=13096, train_wall=12138, encoder_embed_dim=512, encoder_layer_num=6, encoder_ffn_embed_dim_0=1024, encoder_ffn_embed_dim_1=1024, encoder_ffn_embed_dim_2=2048, encoder_ffn_embed_dim_3=1024, encoder_ffn_embed_dim_4=1024, encoder_ffn_embed_dim_5=2048, encoder_self_attention_heads_0=4, encoder_self_attention_heads_1=4, encoder_self_attention_heads_2=2, encoder_self_attention_heads_3=4, encoder_self_attention_heads_4=4, encoder_self_attention_heads_5=2, decoder_embed_dim=640, decoder_layer_num=1, decoder_ffn_embed_dim_0=1024, decoder_self_attention_heads_0=2, decoder_ende_attention_heads_0=4, decoder_arbitrary_ende_attn_0=-1, decoder_arbitrary_ende_attn_1=-1, decoder_arbitrary_ende_attn_2=2, decoder_arbitrary_ende_attn_3=2, decoder_arbitrary_ende_attn_4=2, decoder_arbitrary_ende_attn| epo| epoch 021:    800 / 1101 loss=4.227, nll_loss=2.853, ppl=7.23, wps=6553, ups=2, wpb=3573.692, bsz=146.536, num_updates=22821, lr=0.000330981, gnorm=1.109, clip=0.000, oom=0.000, wall=13150, train_wall=12191, encoder_embed_dim=512, encoder_layer_num=6, encoder_ffn_embed_dim_0=1024, encoder_ffn_embed_dim_1=1024, encoder_ffn_embed_dim_2=512, encoder_ffn_embed_dim_3=512, encoder_ffn_embed_dim_4=512, encoder_ffn_embed_dim_5=2048, encoder_self_attention_heads_0=2, encoder_self_attention_heads_1=2, encoder_self_attention_heads_2=4, encoder_self_attention_heads_3=2, encoder_self_attention_heads_4=4, encoder_self_attention_heads_5=4, decoder_embed_dim=640, decoder_layer_num=4, decoder_ffn_embed_dim_0=2048, decoder_ffn_embed_dim_1=1024, decoder_ffn_embed_dim_2=512, decoder_ffn_embed_dim_3=2048, decoder_self_attention_heads_0=2, decoder_self_attention_heads_1=4, decoder_self_attention_heads_2=2, decoder_self_attention_heads_3=4, decoder_ende_attention_heads_0=2, decoder_ende_attention_heads_1=2, decoder_ende_attention_heads_2=4, decoder_ende_attention_heads_3=4, decoder_arbitrary_ende_attn_0=-1, decoder_arbitrary_ende_attn_1=2, decoder_arbitrary_ende_attn_2=1, decoder_arbitrary_ende_attn_3=2, decoder_arbitrary_ende_attn_4=2, decoder_arbitrary_ende_attn| epo| epoch 021:    900 / 1101 loss=4.227, nll_loss=2.854, ppl=7.23, wps=6545, ups=2, wpb=3580.407, bsz=146.618, num_updates=22921, lr=0.000330258, gnorm=1.111, clip=0.000, oom=0.000, wall=13206, train_wall=12246, encoder_embed_dim=640, encoder_layer_num=6, encoder_ffn_embed_dim_0=1024, encoder_ffn_embed_dim_1=1024, encoder_ffn_embed_dim_2=512, encoder_ffn_embed_dim_3=2048, encoder_ffn_embed_dim_4=512, encoder_ffn_embed_dim_5=2048, encoder_self_attention_heads_0=2, encoder_self_attention_heads_1=4, encoder_self_attention_heads_2=2, encoder_self_attention_heads_3=2, encoder_self_attention_heads_4=2, encoder_self_attention_heads_5=2, decoder_embed_dim=512, decoder_layer_num=2, decoder_ffn_embed_dim_0=1024, decoder_ffn_embed_dim_1=1024, decoder_self_attention_heads_0=4, decoder_self_attention_heads_1=2, decoder_ende_attention_heads_0=2, decoder_ende_attention_heads_1=4, decoder_arbitrary_ende_attn_0=-1, decoder_arbitrary_ende_attn_1=2, decoder_arbitrary_ende_attn_2=1, decoder_arbitrary_ende_attn_3=2, decoder_arbitrary_ende_attn_4=2, decoder_arbitrary_ende_attn| epo| epoch 021:   1000 / 1101 loss=4.224, nll_loss=2.850, ppl=7.21, wps=6555, ups=2, wpb=3587.183, bsz=147.803, num_updates=23021, lr=0.00032954, gnorm=1.109, clip=0.000, oom=0.000, wall=13261, train_wall=12300, encoder_embed_dim=640, encoder_layer_num=6, encoder_ffn_embed_dim_0=512, encoder_ffn_embed_dim_1=512, encoder_ffn_embed_dim_2=512, encoder_ffn_embed_dim_3=1024, encoder_ffn_embed_dim_4=2048, encoder_ffn_embed_dim_5=1024, encoder_self_attention_heads_0=4, encoder_self_attention_heads_1=4, encoder_self_attention_heads_2=4, encoder_self_attention_heads_3=4, encoder_self_attention_heads_4=4, encoder_self_attention_heads_5=2, decoder_embed_dim=512, decoder_layer_num=5, decoder_ffn_embed_dim_0=512, decoder_ffn_embed_dim_1=2048, decoder_ffn_embed_dim_2=2048, decoder_ffn_embed_dim_3=2048, decoder_ffn_embed_dim_4=512, decoder_self_attention_heads_0=4, decoder_self_attention_heads_1=2, decoder_self_attention_heads_2=2, decoder_self_attention_heads_3=4, decoder_self_attention_heads_4=4, decoder_ende_attention_heads_0=2, decoder_ende_attention_heads_1=2, decoder_ende_attention_heads_2=2, decoder_ende_attention_heads_3=2, decoder_ende_attention_heads_4=2, decoder_arbitrary_ende_attn_0=2, decoder_arbitrary_ende_attn_1=-1, decoder_arbitrary_ende_attn_2=-1, decoder_arbitrary_ende_attn_3=1, decoder_arbitrary_ende_attn_4=1, decoder_arbitrary_ende_attn_| epo| epoch 021:   1100 / 1101 loss=4.234, nll_loss=2.862, ppl=7.27, wps=6569, ups=2, wpb=3586.843, bsz=145.540, num_updates=23121, lr=0.000328826, gnorm=1.110, clip=0.000, oom=0.000, wall=13314, train_wall=12352, encoder_embed_dim=640, encoder_layer_num=6, encoder_ffn_embed_dim_0=1024, encoder_ffn_embed_dim_1=512, encoder_ffn_embed_dim_2=1024, encoder_ffn_embed_dim_3=2048, encoder_ffn_embed_dim_4=1024, encoder_ffn_embed_dim_5=2048, encoder_self_attention_heads_0=4, encoder_self_attention_heads_1=4, encoder_self_attention_heads_2=2, encoder_self_attention_heads_3=2, encoder_self_attention_heads_4=4, encoder_self_attention_heads_5=4, decoder_embed_dim=640, decoder_layer_num=2, decoder_ffn_embed_dim_0=512, decoder_ffn_embed_dim_1=512, decoder_self_attention_heads_0=2, decoder_self_attention_heads_1=4, decoder_ende_attention_heads_0=4, decoder_ende_attention_heads_1=2, decoder_arbitrary_ende_attn_0=2, decoder_arbitrary_ende_attn_1=2, decoder_arbitrary_ende_attn_2=1, decoder_arbitrary_ende_attn_3=-1, decoder_arbitrary_ende_attn_4=1, decoder_arbitrary_ende_attn_5=-1
| epoch 021 | loss 4.234 | nll_loss 2.862 | ppl 7.27 | wps 6567 | ups 2 | wpb 3586.843 | bsz 145.540 | num_updates 23121 | lr 0.000328826 | gnorm 1.110 | clip 0.000 | oom 0.000 | wall 13315 | train_wall 12352
| epoch 021 | validate on 'valid' subset | loss 4.250 | nll_loss 2.686 | ppl 6.44 | num_updates 23121 | best_loss 4.25004 | largest_arbitrary1_loss 4.250 | largest_arbitrary1_nll_loss 2.686
| epoch 021 | validate on 'valid' subset | loss 4.629 | nll_loss 3.127 | ppl 8.73 | num_updates 23121 | best_loss 4.62921 | smallest_arbitrary1_loss 4.629 | smallest_arbitrary1_nll_loss 3.127
| saved checkpoint ../checkpoints/iwslt14_super_full50000_fromscratch/checkpoint21.pt (epoch 21 @ 23121 updates) (writing took 4.6149091720581055 se| epoch| epoch 022:    100 / 1101 loss=4.131, nll_loss=2.742, ppl=6.69, wps=6475, ups=1, wpb=3610.168, bsz=146.535, num_updates=23222, lr=0.000328111, gnorm=1.105, clip=0.000, oom=0.000, wall=13400, train_wall=12407, encoder_embed_dim=512, encoder_layer_num=6, encoder_ffn_embed_dim_0=512, encoder_ffn_embed_dim_1=512, encoder_ffn_embed_dim_2=2048, encoder_ffn_embed_dim_3=512, encoder_ffn_embed_dim_4=512, encoder_ffn_embed_dim_5=2048, encoder_self_attention_heads_0=4, encoder_self_attention_heads_1=2, encoder_self_attention_heads_2=4, encoder_self_attention_heads_3=4, encoder_self_attention_heads_4=2, encoder_self_attention_heads_5=4, decoder_embed_dim=640, decoder_layer_num=3, decoder_ffn_embed_dim_0=2048, decoder_ffn_embed_dim_1=512, decoder_ffn_embed_dim_2=512, decoder_self_attention_heads_0=2, decoder_self_attention_heads_1=4, decoder_self_attention_heads_2=2, decoder_ende_attention_heads_0=4, decoder_ende_attention_heads_1=2, decoder_ende_attention_heads_2=2, decoder_arbitrary_ende_attn_0=-1, decoder_arbitrary_ende_attn_1=-1, decoder_arbitrary_ende_attn_2=1, decoder_arbitrary_ende_attn_3=-1, decoder_arbitrary_ende_attn_4=1, decoder_arbitrary_ende_at| epoch| epoch 022:    200 / 1101 loss=4.138, nll_loss=2.752, ppl=6.74, wps=6484, ups=1, wpb=3594.070, bsz=146.189, num_updates=23322, lr=0.000327406, gnorm=1.101, clip=0.000, oom=0.000, wall=13455, train_wall=12461, encoder_embed_dim=512, encoder_layer_num=6, encoder_ffn_embed_dim_0=2048, encoder_ffn_embed_dim_1=512, encoder_ffn_embed_dim_2=1024, encoder_ffn_embed_dim_3=1024, encoder_ffn_embed_dim_4=512, encoder_ffn_embed_dim_5=1024, encoder_self_attention_heads_0=4, encoder_self_attention_heads_1=2, encoder_self_attention_heads_2=4, encoder_self_attention_heads_3=4, encoder_self_attention_heads_4=2, encoder_self_attention_heads_5=4, decoder_embed_dim=512, decoder_layer_num=6, decoder_ffn_embed_dim_0=2048, decoder_ffn_embed_dim_1=1024, decoder_ffn_embed_dim_2=512, decoder_ffn_embed_dim_3=2048, decoder_ffn_embed_dim_4=2048, decoder_ffn_embed_dim_5=2048, decoder_self_attention_heads_0=4, decoder_self_attention_heads_1=4, decoder_self_attention_heads_2=4, decoder_self_attention_heads_3=2, decoder_self_attention_heads_4=2, decoder_self_attention_heads_5=4, decoder_ende_attention_heads_0=2, decoder_ende_attention_heads_1=4, decoder_ende_attention_heads_2=4, decoder_ende_attention_heads_3=2, decoder_ende_attention_heads_4=2, decoder_ende_attention_heads_5=4, decoder_arbitrary_ende_attn_0=1, decoder_arbitrary_ende_attn_1=-1, decoder_arbitrary_ende_attn_2=-1, decoder_arbitrary_ende_attn_3=2, decoder_arbitrary_ende_attn_4=-1, decoder_arbitrary_ende_att| epoch| epoch 022:    300 / 1101 loss=4.150, nll_loss=2.766, ppl=6.80, wps=6475, ups=2, wpb=3586.947, bsz=147.854, num_updates=23422, lr=0.000326707, gnorm=1.102, clip=0.000, oom=0.000, wall=13510, train_wall=12515, encoder_embed_dim=512, encoder_layer_num=6, encoder_ffn_embed_dim_0=512, encoder_ffn_embed_dim_1=1024, encoder_ffn_embed_dim_2=2048, encoder_ffn_embed_dim_3=512, encoder_ffn_embed_dim_4=512, encoder_ffn_embed_dim_5=1024, encoder_self_attention_heads_0=2, encoder_self_attention_heads_1=4, encoder_self_attention_heads_2=2, encoder_self_attention_heads_3=2, encoder_self_attention_heads_4=4, encoder_self_attention_heads_5=2, decoder_embed_dim=640, decoder_layer_num=2, decoder_ffn_embed_dim_0=512, decoder_ffn_embed_dim_1=1024, decoder_self_attention_heads_0=4, decoder_self_attention_heads_1=2, decoder_ende_attention_heads_0=2, decoder_ende_attention_heads_1=4, decoder_arbitrary_ende_attn_0=-1, decoder_arbitrary_ende_attn_1=-1, decoder_arbitrary_ende_attn_2=1, decoder_arbitrary_ende_attn_3=2, decoder_arbitrary_ende_attn_4=1, decoder_arbitrary_ende_att| epoch| epoch 022:    400 / 1101 loss=4.169, nll_loss=2.788, ppl=6.91, wps=6527, ups=2, wpb=3581.895, bsz=148.170, num_updates=23522, lr=0.000326011, gnorm=1.141, clip=0.000, oom=0.000, wall=13564, train_wall=12567, encoder_embed_dim=512, encoder_layer_num=6, encoder_ffn_embed_dim_0=512, encoder_ffn_embed_dim_1=2048, encoder_ffn_embed_dim_2=2048, encoder_ffn_embed_dim_3=512, encoder_ffn_embed_dim_4=512, encoder_ffn_embed_dim_5=2048, encoder_self_attention_heads_0=2, encoder_self_attention_heads_1=4, encoder_self_attention_heads_2=2, encoder_self_attention_heads_3=2, encoder_self_attention_heads_4=4, encoder_self_attention_heads_5=4, decoder_embed_dim=640, decoder_layer_num=5, decoder_ffn_embed_dim_0=1024, decoder_ffn_embed_dim_1=1024, decoder_ffn_embed_dim_2=2048, decoder_ffn_embed_dim_3=512, decoder_ffn_embed_dim_4=2048, decoder_self_attention_heads_0=2, decoder_self_attention_heads_1=2, decoder_self_attention_heads_2=4, decoder_self_attention_heads_3=4, decoder_self_attention_heads_4=4, decoder_ende_attention_heads_0=2, decoder_ende_attention_heads_1=4, decoder_ende_attention_heads_2=4, decoder_ende_attention_heads_3=4, decoder_ende_attention_heads_4=2, decoder_arbitrary_ende_attn_0=2, decoder_arbitrary_ende_attn_1=1, decoder_arbitrary_ende_attn_2=-1, decoder_arbitrary_ende_attn_3=-1, decoder_arbitrary_ende_attn_4=2, decoder_arbitrary_ende_at| epoch| epoch 022:    500 / 1101 loss=4.169, nll_loss=2.788, ppl=6.91, wps=6570, ups=2, wpb=3590.251, bsz=149.158, num_updates=23622, lr=0.000325321, gnorm=1.125, clip=0.000, oom=0.000, wall=13618, train_wall=12620, encoder_embed_dim=512, encoder_layer_num=6, encoder_ffn_embed_dim_0=1024, encoder_ffn_embed_dim_1=1024, encoder_ffn_embed_dim_2=512, encoder_ffn_embed_dim_3=1024, encoder_ffn_embed_dim_4=512, encoder_ffn_embed_dim_5=2048, encoder_self_attention_heads_0=2, encoder_self_attention_heads_1=2, encoder_self_attention_heads_2=4, encoder_self_attention_heads_3=4, encoder_self_attention_heads_4=4, encoder_self_attention_heads_5=2, decoder_embed_dim=512, decoder_layer_num=6, decoder_ffn_embed_dim_0=2048, decoder_ffn_embed_dim_1=1024, decoder_ffn_embed_dim_2=512, decoder_ffn_embed_dim_3=2048, decoder_ffn_embed_dim_4=1024, decoder_ffn_embed_dim_5=1024, decoder_self_attention_heads_0=4, decoder_self_attention_heads_1=4, decoder_self_attention_heads_2=2, decoder_self_attention_heads_3=4, decoder_self_attention_heads_4=4, decoder_self_attention_heads_5=4, decoder_ende_attention_heads_0=4, decoder_ende_attention_heads_1=2, decoder_ende_attention_heads_2=4, decoder_ende_attention_heads_3=2, decoder_ende_attention_heads_4=4, decoder_ende_attention_heads_5=4, decoder_arbitrary_ende_attn_0=2, decoder_arbitrary_ende_attn_1=1, decoder_arbitrary_ende_attn_2=-1, decoder_arbitrary_ende_attn_3=-1, decoder_arbitrary_ende_attn_4=-1, decoder_arbitrary_ende_at| epoch| epoch 022:    600 / 1101 loss=4.191, nll_loss=2.813, ppl=7.03, wps=6534, ups=2, wpb=3583.043, bsz=145.318, num_updates=23722, lr=0.000324634, gnorm=1.132, clip=0.000, oom=0.000, wall=13673, train_wall=12674, encoder_embed_dim=640, encoder_layer_num=6, encoder_ffn_embed_dim_0=1024, encoder_ffn_embed_dim_1=2048, encoder_ffn_embed_dim_2=2048, encoder_ffn_embed_dim_3=512, encoder_ffn_embed_dim_4=2048, encoder_ffn_embed_dim_5=2048, encoder_self_attention_heads_0=2, encoder_self_attention_heads_1=4, encoder_self_attention_heads_2=2, encoder_self_attention_heads_3=2, encoder_self_attention_heads_4=4, encoder_self_attention_heads_5=2, decoder_embed_dim=512, decoder_layer_num=6, decoder_ffn_embed_dim_0=512, decoder_ffn_embed_dim_1=1024, decoder_ffn_embed_dim_2=1024, decoder_ffn_embed_dim_3=1024, decoder_ffn_embed_dim_4=512, decoder_ffn_embed_dim_5=1024, decoder_self_attention_heads_0=2, decoder_self_attention_heads_1=4, decoder_self_attention_heads_2=4, decoder_self_attention_heads_3=2, decoder_self_attention_heads_4=4, decoder_self_attention_heads_5=4, decoder_ende_attention_heads_0=2, decoder_ende_attention_heads_1=2, decoder_ende_attention_heads_2=4, decoder_ende_attention_heads_3=4, decoder_ende_attention_heads_4=2, decoder_ende_attention_heads_5=4, decoder_arbitrary_ende_attn_0=2, decoder_arbitrary_ende_attn_1=1, decoder_arbitrary_ende_attn_2=1, decoder_arbitrary_ende_attn_3=2, decoder_arbitrary_ende_attn_4=1, decoder_arbitrary_ende_att| epoch| epoch 022:    700 / 1101 loss=4.189, nll_loss=2.811, ppl=7.02, wps=6558, ups=2, wpb=3592.447, bsz=146.225, num_updates=23822, lr=0.000323952, gnorm=1.126, clip=0.000, oom=0.000, wall=13728, train_wall=12728, encoder_embed_dim=512, encoder_layer_num=6, encoder_ffn_embed_dim_0=512, encoder_ffn_embed_dim_1=512, encoder_ffn_embed_dim_2=512, encoder_ffn_embed_dim_3=512, encoder_ffn_embed_dim_4=2048, encoder_ffn_embed_dim_5=1024, encoder_self_attention_heads_0=2, encoder_self_attention_heads_1=2, encoder_self_attention_heads_2=4, encoder_self_attention_heads_3=4, encoder_self_attention_heads_4=2, encoder_self_attention_heads_5=4, decoder_embed_dim=640, decoder_layer_num=2, decoder_ffn_embed_dim_0=512, decoder_ffn_embed_dim_1=512, decoder_self_attention_heads_0=2, decoder_self_attention_heads_1=4, decoder_ende_attention_heads_0=4, decoder_ende_attention_heads_1=2, decoder_arbitrary_ende_attn_0=1, decoder_arbitrary_ende_attn_1=2, decoder_arbitrary_ende_attn_2=-1, decoder_arbitrary_ende_attn_3=2, decoder_arbitrary_ende_attn_4=2, decoder_arbitrary_ende_att| epoch| epoch 022:    800 / 1101 loss=4.187, nll_loss=2.809, ppl=7.01, wps=6563, ups=2, wpb=3590.513, bsz=147.136, num_updates=23922, lr=0.000323274, gnorm=1.122, clip=0.000, oom=0.000, wall=13782, train_wall=12780, encoder_embed_dim=512, encoder_layer_num=6, encoder_ffn_embed_dim_0=512, encoder_ffn_embed_dim_1=1024, encoder_ffn_embed_dim_2=512, encoder_ffn_embed_dim_3=1024, encoder_ffn_embed_dim_4=2048, encoder_ffn_embed_dim_5=512, encoder_self_attention_heads_0=2, encoder_self_attention_heads_1=4, encoder_self_attention_heads_2=4, encoder_self_attention_heads_3=2, encoder_self_attention_heads_4=4, encoder_self_attention_heads_5=2, decoder_embed_dim=640, decoder_layer_num=5, decoder_ffn_embed_dim_0=2048, decoder_ffn_embed_dim_1=1024, decoder_ffn_embed_dim_2=512, decoder_ffn_embed_dim_3=2048, decoder_ffn_embed_dim_4=1024, decoder_self_attention_heads_0=2, decoder_self_attention_heads_1=2, decoder_self_attention_heads_2=2, decoder_self_attention_heads_3=2, decoder_self_attention_heads_4=4, decoder_ende_attention_heads_0=2, decoder_ende_attention_heads_1=4, decoder_ende_attention_heads_2=2, decoder_ende_attention_heads_3=2, decoder_ende_attention_heads_4=2, decoder_arbitrary_ende_attn_0=-1, decoder_arbitrary_ende_attn_1=2, decoder_arbitrary_ende_attn_2=-1, decoder_arbitrary_ende_attn_3=2, decoder_arbitrary_ende_attn_4=2, decoder_arbitrary_ende_att| epoch| epoch 022:    900 / 1101 loss=4.195, nll_loss=2.818, ppl=7.05, wps=6553, ups=2, wpb=3585.882, bsz=145.668, num_updates=24022, lr=0.000322601, gnorm=1.124, clip=0.000, oom=0.000, wall=13837, train_wall=12834, encoder_embed_dim=512, encoder_layer_num=6, encoder_ffn_embed_dim_0=1024, encoder_ffn_embed_dim_1=1024, encoder_ffn_embed_dim_2=1024, encoder_ffn_embed_dim_3=512, encoder_ffn_embed_dim_4=2048, encoder_ffn_embed_dim_5=512, encoder_self_attention_heads_0=4, encoder_self_attention_heads_1=4, encoder_self_attention_heads_2=4, encoder_self_attention_heads_3=2, encoder_self_attention_heads_4=2, encoder_self_attention_heads_5=4, decoder_embed_dim=512, decoder_layer_num=3, decoder_ffn_embed_dim_0=2048, decoder_ffn_embed_dim_1=2048, decoder_ffn_embed_dim_2=2048, decoder_self_attention_heads_0=2, decoder_self_attention_heads_1=2, decoder_self_attention_heads_2=2, decoder_ende_attention_heads_0=2, decoder_ende_attention_heads_1=2, decoder_ende_attention_heads_2=4, decoder_arbitrary_ende_attn_0=2, decoder_arbitrary_ende_attn_1=1, decoder_arbitrary_ende_attn_2=1, decoder_arbitrary_ende_attn_3=2, decoder_arbitrary_ende_attn_4=1, decoder_arbitrary_ende_at| epoch| epoch 022:   1000 / 1101 loss=4.199, nll_loss=2.823, ppl=7.07, wps=6540, ups=2, wpb=3584.069, bsz=144.870, num_updates=24122, lr=0.000321931, gnorm=1.124, clip=0.000, oom=0.000, wall=13892, train_wall=12888, encoder_embed_dim=512, encoder_layer_num=6, encoder_ffn_embed_dim_0=2048, encoder_ffn_embed_dim_1=512, encoder_ffn_embed_dim_2=1024, encoder_ffn_embed_dim_3=512, encoder_ffn_embed_dim_4=2048, encoder_ffn_embed_dim_5=2048, encoder_self_attention_heads_0=2, encoder_self_attention_heads_1=2, encoder_self_attention_heads_2=2, encoder_self_attention_heads_3=2, encoder_self_attention_heads_4=4, encoder_self_attention_heads_5=4, decoder_embed_dim=512, decoder_layer_num=4, decoder_ffn_embed_dim_0=2048, decoder_ffn_embed_dim_1=2048, decoder_ffn_embed_dim_2=512, decoder_ffn_embed_dim_3=512, decoder_self_attention_heads_0=2, decoder_self_attention_heads_1=2, decoder_self_attention_heads_2=4, decoder_self_attention_heads_3=4, decoder_ende_attention_heads_0=4, decoder_ende_attention_heads_1=4, decoder_ende_attention_heads_2=4, decoder_ende_attention_heads_3=2, decoder_arbitrary_ende_attn_0=-1, decoder_arbitrary_ende_attn_1=1, decoder_arbitrary_ende_attn_2=1, decoder_arbitrary_ende_attn_3=1, decoder_arbitrary_ende_attn_4=2, decoder_arbitrary_ende_at| epoch| epoch 022:   1100 / 1101 loss=4.200, nll_loss=2.823, ppl=7.08, wps=6538, ups=2, wpb=3586.843, bsz=145.540, num_updates=24222, lr=0.000321266, gnorm=1.125, clip=0.000, oom=0.000, wall=13948, train_wall=12943, encoder_embed_dim=640, encoder_layer_num=6, encoder_ffn_embed_dim_0=1024, encoder_ffn_embed_dim_1=2048, encoder_ffn_embed_dim_2=1024, encoder_ffn_embed_dim_3=2048, encoder_ffn_embed_dim_4=2048, encoder_ffn_embed_dim_5=2048, encoder_self_attention_heads_0=2, encoder_self_attention_heads_1=4, encoder_self_attention_heads_2=4, encoder_self_attention_heads_3=4, encoder_self_attention_heads_4=4, encoder_self_attention_heads_5=2, decoder_embed_dim=640, decoder_layer_num=4, decoder_ffn_embed_dim_0=512, decoder_ffn_embed_dim_1=1024, decoder_ffn_embed_dim_2=1024, decoder_ffn_embed_dim_3=512, decoder_self_attention_heads_0=4, decoder_self_attention_heads_1=2, decoder_self_attention_heads_2=4, decoder_self_attention_heads_3=2, decoder_ende_attention_heads_0=2, decoder_ende_attention_heads_1=2, decoder_ende_attention_heads_2=2, decoder_ende_attention_heads_3=2, decoder_arbitrary_ende_attn_0=-1, decoder_arbitrary_ende_attn_1=-1, decoder_arbitrary_ende_attn_2=2, decoder_arbitrary_ende_attn_3=2, decoder_arbitrary_ende_attn_4=2, decoder_arbitrary_ende_attn_5=1
| epoch 022 | loss 4.200 | nll_loss 2.823 | ppl 7.08 | wps 6536 | ups 2 | wpb 3586.843 | bsz 145.540 | num_updates 24222 | lr 0.000321266 | gnorm 1.125 | clip 0.000 | oom 0.000 | wall 13948 | train_wall 12943
| epoch 022 | validate on 'valid' subset | loss 4.239 | nll_loss 2.675 | ppl 6.38 | num_updates 24222 | best_loss 4.23857 | largest_arbitrary1_loss 4.239 | largest_arbitrary1_nll_loss 2.675
| epoch 022 | validate on 'valid' subset | loss 4.622 | nll_loss 3.112 | ppl 8.64 | num_updates 24222 | best_loss 4.62184 | smallest_arbitrary1_loss 4.622 | smallest_arbitrary1_nll_loss 3.112
| saved checkpoint ../checkpoints/iwslt14_super_full50000_fromscratch/checkpoint22.pt (epoch 22 @ 24222 updates) (writing took 4.44971489906311 sec| epoc| epoch 023:    100 / 1101 loss=4.094, nll_loss=2.704, ppl=6.52, wps=6515, ups=1, wpb=3570.772, bsz=145.901, num_updates=24323, lr=0.000320598, gnorm=1.084, clip=0.000, oom=0.000, wall=14033, train_wall=12997, encoder_embed_dim=512, encoder_layer_num=6, encoder_ffn_embed_dim_0=1024, encoder_ffn_embed_dim_1=2048, encoder_ffn_embed_dim_2=512, encoder_ffn_embed_dim_3=512, encoder_ffn_embed_dim_4=512, encoder_ffn_embed_dim_5=512, encoder_self_attention_heads_0=2, encoder_self_attention_heads_1=4, encoder_self_attention_heads_2=2, encoder_self_attention_heads_3=4, encoder_self_attention_heads_4=2, encoder_self_attention_heads_5=2, decoder_embed_dim=640, decoder_layer_num=1, decoder_ffn_embed_dim_0=2048, decoder_self_attention_heads_0=2, decoder_ende_attention_heads_0=4, decoder_arbitrary_ende_attn_0=1, decoder_arbitrary_ende_attn_1=2, decoder_arbitrary_ende_attn_2=1, decoder_arbitrary_ende_attn_3=2, decoder_arbitrary_ende_attn_4=1, decoder_arbitrary_ende_att| epoc| epoch 023:    200 / 1101 loss=4.106, nll_loss=2.717, ppl=6.57, wps=6529, ups=1, wpb=3587.065, bsz=144.159, num_updates=24423, lr=0.000319941, gnorm=1.093, clip=0.000, oom=0.000, wall=14088, train_wall=13051, encoder_embed_dim=512, encoder_layer_num=6, encoder_ffn_embed_dim_0=2048, encoder_ffn_embed_dim_1=1024, encoder_ffn_embed_dim_2=1024, encoder_ffn_embed_dim_3=2048, encoder_ffn_embed_dim_4=1024, encoder_ffn_embed_dim_5=2048, encoder_self_attention_heads_0=4, encoder_self_attention_heads_1=4, encoder_self_attention_heads_2=2, encoder_self_attention_heads_3=2, encoder_self_attention_heads_4=2, encoder_self_attention_heads_5=4, decoder_embed_dim=640, decoder_layer_num=4, decoder_ffn_embed_dim_0=512, decoder_ffn_embed_dim_1=2048, decoder_ffn_embed_dim_2=512, decoder_ffn_embed_dim_3=1024, decoder_self_attention_heads_0=4, decoder_self_attention_heads_1=4, decoder_self_attention_heads_2=4, decoder_self_attention_heads_3=2, decoder_ende_attention_heads_0=2, decoder_ende_attention_heads_1=2, decoder_ende_attention_heads_2=2, decoder_ende_attention_heads_3=2, decoder_arbitrary_ende_attn_0=2, decoder_arbitrary_ende_attn_1=-1, decoder_arbitrary_ende_attn_2=2, decoder_arbitrary_ende_attn_3=2, decoder_arbitrary_ende_attn_4=-1, decoder_arbitrary_ende_att| epoc| epoch 023:    300 / 1101 loss=4.128, nll_loss=2.742, ppl=6.69, wps=6584, ups=2, wpb=3607.850, bsz=144.930, num_updates=24523, lr=0.000319288, gnorm=1.096, clip=0.000, oom=0.000, wall=14142, train_wall=13104, encoder_embed_dim=512, encoder_layer_num=6, encoder_ffn_embed_dim_0=512, encoder_ffn_embed_dim_1=512, encoder_ffn_embed_dim_2=1024, encoder_ffn_embed_dim_3=1024, encoder_ffn_embed_dim_4=2048, encoder_ffn_embed_dim_5=512, encoder_self_attention_heads_0=2, encoder_self_attention_heads_1=2, encoder_self_attention_heads_2=4, encoder_self_attention_heads_3=2, encoder_self_attention_heads_4=4, encoder_self_attention_heads_5=2, decoder_embed_dim=512, decoder_layer_num=5, decoder_ffn_embed_dim_0=2048, decoder_ffn_embed_dim_1=512, decoder_ffn_embed_dim_2=1024, decoder_ffn_embed_dim_3=1024, decoder_ffn_embed_dim_4=1024, decoder_self_attention_heads_0=2, decoder_self_attention_heads_1=4, decoder_self_attention_heads_2=4, decoder_self_attention_heads_3=4, decoder_self_attention_heads_4=4, decoder_ende_attention_heads_0=2, decoder_ende_attention_heads_1=4, decoder_ende_attention_heads_2=2, decoder_ende_attention_heads_3=2, decoder_ende_attention_heads_4=4, decoder_arbitrary_ende_attn_0=-1, decoder_arbitrary_ende_attn_1=1, decoder_arbitrary_ende_attn_2=1, decoder_arbitrary_ende_attn_3=2, decoder_arbitrary_ende_attn_4=-1, decoder_arbitrary_ende_attn| epoc| epoch 023:    400 / 1101 loss=4.131, nll_loss=2.746, ppl=6.71, wps=6649, ups=2, wpb=3604.850, bsz=146.733, num_updates=24623, lr=0.000318639, gnorm=1.099, clip=0.000, oom=0.000, wall=14195, train_wall=13155, encoder_embed_dim=512, encoder_layer_num=6, encoder_ffn_embed_dim_0=512, encoder_ffn_embed_dim_1=512, encoder_ffn_embed_dim_2=1024, encoder_ffn_embed_dim_3=1024, encoder_ffn_embed_dim_4=1024, encoder_ffn_embed_dim_5=512, encoder_self_attention_heads_0=4, encoder_self_attention_heads_1=2, encoder_self_attention_heads_2=2, encoder_self_attention_heads_3=2, encoder_self_attention_heads_4=4, encoder_self_attention_heads_5=2, decoder_embed_dim=640, decoder_layer_num=2, decoder_ffn_embed_dim_0=1024, decoder_ffn_embed_dim_1=1024, decoder_self_attention_heads_0=4, decoder_self_attention_heads_1=4, decoder_ende_attention_heads_0=2, decoder_ende_attention_heads_1=2, decoder_arbitrary_ende_attn_0=2, decoder_arbitrary_ende_attn_1=2, decoder_arbitrary_ende_attn_2=-1, decoder_arbitrary_ende_attn_3=-1, decoder_arbitrary_ende_attn_4=2, decoder_arbitrary_ende_att| epoc| epoch 023:    500 / 1101 loss=4.137, nll_loss=2.752, ppl=6.74, wps=6656, ups=2, wpb=3598.136, bsz=145.914, num_updates=24723, lr=0.000317994, gnorm=1.108, clip=0.000, oom=0.000, wall=14248, train_wall=13207, encoder_embed_dim=512, encoder_layer_num=6, encoder_ffn_embed_dim_0=512, encoder_ffn_embed_dim_1=2048, encoder_ffn_embed_dim_2=2048, encoder_ffn_embed_dim_3=512, encoder_ffn_embed_dim_4=2048, encoder_ffn_embed_dim_5=2048, encoder_self_attention_heads_0=4, encoder_self_attention_heads_1=4, encoder_self_attention_heads_2=2, encoder_self_attention_heads_3=4, encoder_self_attention_heads_4=2, encoder_self_attention_heads_5=2, decoder_embed_dim=512, decoder_layer_num=5, decoder_ffn_embed_dim_0=512, decoder_ffn_embed_dim_1=512, decoder_ffn_embed_dim_2=1024, decoder_ffn_embed_dim_3=2048, decoder_ffn_embed_dim_4=512, decoder_self_attention_heads_0=2, decoder_self_attention_heads_1=4, decoder_self_attention_heads_2=2, decoder_self_attention_heads_3=2, decoder_self_attention_heads_4=2, decoder_ende_attention_heads_0=4, decoder_ende_attention_heads_1=4, decoder_ende_attention_heads_2=4, decoder_ende_attention_heads_3=4, decoder_ende_attention_heads_4=4, decoder_arbitrary_ende_attn_0=2, decoder_arbitrary_ende_attn_1=1, decoder_arbitrary_ende_attn_2=1, decoder_arbitrary_ende_attn_3=1, decoder_arbitrary_ende_attn_4=2, decoder_arbitrary_ende_att| epoc| epoch 023:    600 / 1101 loss=4.157, nll_loss=2.775, ppl=6.84, wps=6636, ups=2, wpb=3596.689, bsz=142.241, num_updates=24823, lr=0.000317353, gnorm=1.114, clip=0.000, oom=0.000, wall=14303, train_wall=13261, encoder_embed_dim=512, encoder_layer_num=6, encoder_ffn_embed_dim_0=1024, encoder_ffn_embed_dim_1=1024, encoder_ffn_embed_dim_2=2048, encoder_ffn_embed_dim_3=2048, encoder_ffn_embed_dim_4=1024, encoder_ffn_embed_dim_5=1024, encoder_self_attention_heads_0=4, encoder_self_attention_heads_1=2, encoder_self_attention_heads_2=4, encoder_self_attention_heads_3=4, encoder_self_attention_heads_4=4, encoder_self_attention_heads_5=2, decoder_embed_dim=640, decoder_layer_num=5, decoder_ffn_embed_dim_0=1024, decoder_ffn_embed_dim_1=1024, decoder_ffn_embed_dim_2=1024, decoder_ffn_embed_dim_3=1024, decoder_ffn_embed_dim_4=1024, decoder_self_attention_heads_0=4, decoder_self_attention_heads_1=4, decoder_self_attention_heads_2=2, decoder_self_attention_heads_3=4, decoder_self_attention_heads_4=4, decoder_ende_attention_heads_0=4, decoder_ende_attention_heads_1=4, decoder_ende_attention_heads_2=2, decoder_ende_attention_heads_3=4, decoder_ende_attention_heads_4=2, decoder_arbitrary_ende_attn_0=2, decoder_arbitrary_ende_attn_1=1, decoder_arbitrary_ende_attn_2=-1, decoder_arbitrary_ende_attn_3=1, decoder_arbitrary_ende_attn_4=-1, decoder_arbitrary_ende_att| epoc| epoch 023:    700 / 1101 loss=4.153, nll_loss=2.771, ppl=6.83, wps=6629, ups=2, wpb=3592.056, bsz=143.782, num_updates=24923, lr=0.000316716, gnorm=1.111, clip=0.000, oom=0.000, wall=14357, train_wall=13314, encoder_embed_dim=512, encoder_layer_num=6, encoder_ffn_embed_dim_0=2048, encoder_ffn_embed_dim_1=2048, encoder_ffn_embed_dim_2=1024, encoder_ffn_embed_dim_3=1024, encoder_ffn_embed_dim_4=512, encoder_ffn_embed_dim_5=512, encoder_self_attention_heads_0=2, encoder_self_attention_heads_1=2, encoder_self_attention_heads_2=2, encoder_self_attention_heads_3=2, encoder_self_attention_heads_4=2, encoder_self_attention_heads_5=2, decoder_embed_dim=640, decoder_layer_num=6, decoder_ffn_embed_dim_0=2048, decoder_ffn_embed_dim_1=1024, decoder_ffn_embed_dim_2=1024, decoder_ffn_embed_dim_3=1024, decoder_ffn_embed_dim_4=1024, decoder_ffn_embed_dim_5=1024, decoder_self_attention_heads_0=4, decoder_self_attention_heads_1=2, decoder_self_attention_heads_2=4, decoder_self_attention_heads_3=2, decoder_self_attention_heads_4=4, decoder_self_attention_heads_5=2, decoder_ende_attention_heads_0=4, decoder_ende_attention_heads_1=4, decoder_ende_attention_heads_2=4, decoder_ende_attention_heads_3=2, decoder_ende_attention_heads_4=4, decoder_ende_attention_heads_5=4, decoder_arbitrary_ende_attn_0=-1, decoder_arbitrary_ende_attn_1=2, decoder_arbitrary_ende_attn_2=1, decoder_arbitrary_ende_attn_3=-1, decoder_arbitrary_ende_attn_4=2, decoder_arbitrary_ende_att| epoc| epoch 023 | validate on 'valid' subset | loss 4.226 | nll_loss 2.656 | ppl 6.30 | num_updates 25000 | best_loss 4.22642 | largest_arbitrary1_loss 4.226 | largest_arbitrary1_nll_loss 2.656
| epoch 023 | validate on 'valid' subset | loss 4.612 | nll_loss 3.104 | ppl 8.60 | num_updates 25000 | best_loss 4.61221 | smallest_arbitrary1_loss 4.612 | smallest_arbitrary1_nll_loss 3.104
| saved checkpoint ../checkpoints/iwslt14_super_full50000_fromscratch/checkpoint_23_25000.pt (epoch 23 @ 25000 updates) (writing took 4.0630271434783936 seconds)
| epoch 023:    800 / 1101 loss=4.155, nll_loss=2.773, ppl=6.83, wps=6254, ups=2, wpb=3590.094, bsz=143.439, num_updates=25023, lr=0.000316082, gnorm=1.109, clip=0.000, oom=0.000, wall=14437, train_wall=13366, encoder_embed_dim=640, encoder_layer_num=6, encoder_ffn_embed_dim_0=1024, encoder_ffn_embed_dim_1=1024, encoder_ffn_embed_dim_2=512, encoder_ffn_embed_dim_3=2048, encoder_ffn_embed_dim_4=2048, encoder_ffn_embed_dim_5=2048, encoder_self_attention_heads_0=4, encoder_self_attention_heads_1=4, encoder_self_attention_heads_2=2, encoder_self_attention_heads_3=4, encoder_self_attention_heads_4=2, encoder_self_attention_heads_5=2, decoder_embed_dim=640, decoder_layer_num=5, decoder_ffn_embed_dim_0=2048, decoder_ffn_embed_dim_1=2048, decoder_ffn_embed_dim_2=512, decoder_ffn_embed_dim_3=2048, decoder_ffn_embed_dim_4=2048, decoder_self_attention_heads_0=2, decoder_self_attention_heads_1=2, decoder_self_attention_heads_2=4, decoder_self_attention_heads_3=4, decoder_self_attention_heads_4=4, decoder_ende_attention_heads_0=2, decoder_ende_attention_heads_1=2, decoder_ende_attention_heads_2=4, decoder_ende_attention_heads_3=4, decoder_ende_attention_heads_4=2, decoder_arbitrary_ende_attn_0=1, decoder_arbitrary_ende_attn_1=1, decoder_arbitrary_ende_attn_2=1, decoder_arbitrary_ende_attn_3=2, decoder_arbitrary_ende_attn_4=1, decoder_arbitrary_ende_att| epoch| epoch 023:    900 / 1101 loss=4.163, nll_loss=2.782, ppl=6.88, wps=6277, ups=2, wpb=3580.499, bsz=142.765, num_updates=25123, lr=0.000315453, gnorm=1.114, clip=0.000, oom=0.000, wall=14491, train_wall=13419, encoder_embed_dim=512, encoder_layer_num=6, encoder_ffn_embed_dim_0=512, encoder_ffn_embed_dim_1=512, encoder_ffn_embed_dim_2=1024, encoder_ffn_embed_dim_3=512, encoder_ffn_embed_dim_4=512, encoder_ffn_embed_dim_5=1024, encoder_self_attention_heads_0=2, encoder_self_attention_heads_1=2, encoder_self_attention_heads_2=2, encoder_self_attention_heads_3=2, encoder_self_attention_heads_4=4, encoder_self_attention_heads_5=2, decoder_embed_dim=640, decoder_layer_num=2, decoder_ffn_embed_dim_0=512, decoder_ffn_embed_dim_1=2048, decoder_self_attention_heads_0=2, decoder_self_attention_heads_1=4, decoder_ende_attention_heads_0=4, decoder_ende_attention_heads_1=2, decoder_arbitrary_ende_attn_0=2, decoder_arbitrary_ende_attn_1=1, decoder_arbitrary_ende_attn_2=2, decoder_arbitrary_ende_attn_3=-1, decoder_arbitrary_ende_attn_4=1, decoder_arbitrary_ende_att| epoch| epoch 023:   1000 / 1101 loss=4.159, nll_loss=2.777, ppl=6.86, wps=6290, ups=2, wpb=3584.889, bsz=144.023, num_updates=25223, lr=0.000314827, gnorm=1.110, clip=0.000, oom=0.000, wall=14548, train_wall=13475, encoder_embed_dim=512, encoder_layer_num=6, encoder_ffn_embed_dim_0=1024, encoder_ffn_embed_dim_1=1024, encoder_ffn_embed_dim_2=1024, encoder_ffn_embed_dim_3=2048, encoder_ffn_embed_dim_4=512, encoder_ffn_embed_dim_5=512, encoder_self_attention_heads_0=2, encoder_self_attention_heads_1=4, encoder_self_attention_heads_2=4, encoder_self_attention_heads_3=2, encoder_self_attention_heads_4=2, encoder_self_attention_heads_5=4, decoder_embed_dim=640, decoder_layer_num=1, decoder_ffn_embed_dim_0=512, decoder_self_attention_heads_0=2, decoder_ende_attention_heads_0=2, decoder_arbitrary_ende_attn_0=-1, decoder_arbitrary_ende_attn_1=2, decoder_arbitrary_ende_attn_2=1, decoder_arbitrary_ende_attn_3=1, decoder_arbitrary_ende_attn_4=-1, decoder_arbitrary_ende_at| epoch| epoch 023:   1100 / 1101 loss=4.157, nll_loss=2.775, ppl=6.85, wps=6318, ups=2, wpb=3586.843, bsz=145.540, num_updates=25323, lr=0.000314205, gnorm=1.112, clip=0.000, oom=0.000, wall=14603, train_wall=13528, encoder_embed_dim=512, encoder_layer_num=6, encoder_ffn_embed_dim_0=1024, encoder_ffn_embed_dim_1=1024, encoder_ffn_embed_dim_2=2048, encoder_ffn_embed_dim_3=1024, encoder_ffn_embed_dim_4=512, encoder_ffn_embed_dim_5=2048, encoder_self_attention_heads_0=2, encoder_self_attention_heads_1=2, encoder_self_attention_heads_2=2, encoder_self_attention_heads_3=4, encoder_self_attention_heads_4=2, encoder_self_attention_heads_5=4, decoder_embed_dim=512, decoder_layer_num=6, decoder_ffn_embed_dim_0=512, decoder_ffn_embed_dim_1=2048, decoder_ffn_embed_dim_2=512, decoder_ffn_embed_dim_3=512, decoder_ffn_embed_dim_4=1024, decoder_ffn_embed_dim_5=2048, decoder_self_attention_heads_0=4, decoder_self_attention_heads_1=4, decoder_self_attention_heads_2=4, decoder_self_attention_heads_3=2, decoder_self_attention_heads_4=4, decoder_self_attention_heads_5=2, decoder_ende_attention_heads_0=2, decoder_ende_attention_heads_1=4, decoder_ende_attention_heads_2=4, decoder_ende_attention_heads_3=4, decoder_ende_attention_heads_4=4, decoder_ende_attention_heads_5=2, decoder_arbitrary_ende_attn_0=1, decoder_arbitrary_ende_attn_1=1, decoder_arbitrary_ende_attn_2=2, decoder_arbitrary_ende_attn_3=-1, decoder_arbitrary_ende_attn_4=-1, decoder_arbitrary_ende_attn_5=2
| epoch 023 | loss 4.157 | nll_loss 2.775 | ppl 6.85 | wps 6316 | ups 2 | wpb 3586.843 | bsz 145.540 | num_updates 25323 | lr 0.000314205 | gnorm 1.112 | clip 0.000 | oom 0.000 | wall 14603 | train_wall 13528
| epoch 023 | validate on 'valid' subset | loss 4.201 | nll_loss 2.634 | ppl 6.21 | num_updates 25323 | best_loss 4.2011 | largest_arbitrary1_loss 4.201 | largest_arbitrary1_nll_loss 2.634
| epoch 023 | validate on 'valid' subset | loss 4.610 | nll_loss 3.103 | ppl 8.59 | num_updates 25323 | best_loss 4.60964 | smallest_arbitrary1_loss 4.610 | smallest_arbitrary1_nll_loss 3.103
| saved checkpoint ../checkpoints/iwslt14_super_full50000_fromscratch/checkpoint23.pt (epoch 23 @ 25323 updates) (writing took 4.444597005844116 se| epoch| epoch 024:    100 / 1101 loss=4.057, nll_loss=2.663, ppl=6.34, wps=6534, ups=1, wpb=3582.000, bsz=150.257, num_updates=25424, lr=0.00031358, gnorm=1.080, clip=0.000, oom=0.000, wall=14686, train_wall=13582, encoder_embed_dim=640, encoder_layer_num=6, encoder_ffn_embed_dim_0=1024, encoder_ffn_embed_dim_1=512, encoder_ffn_embed_dim_2=1024, encoder_ffn_embed_dim_3=512, encoder_ffn_embed_dim_4=2048, encoder_ffn_embed_dim_5=1024, encoder_self_attention_heads_0=4, encoder_self_attention_heads_1=4, encoder_self_attention_heads_2=4, encoder_self_attention_heads_3=4, encoder_self_attention_heads_4=2, encoder_self_attention_heads_5=2, decoder_embed_dim=640, decoder_layer_num=6, decoder_ffn_embed_dim_0=1024, decoder_ffn_embed_dim_1=1024, decoder_ffn_embed_dim_2=512, decoder_ffn_embed_dim_3=1024, decoder_ffn_embed_dim_4=1024, decoder_ffn_embed_dim_5=512, decoder_self_attention_heads_0=2, decoder_self_attention_heads_1=2, decoder_self_attention_heads_2=2, decoder_self_attention_heads_3=2, decoder_self_attention_heads_4=4, decoder_self_attention_heads_5=4, decoder_ende_attention_heads_0=4, decoder_ende_attention_heads_1=2, decoder_ende_attention_heads_2=4, decoder_ende_attention_heads_3=4, decoder_ende_attention_heads_4=4, decoder_ende_attention_heads_5=4, decoder_arbitrary_ende_attn_0=2, decoder_arbitrary_ende_attn_1=2, decoder_arbitrary_ende_attn_2=-1, decoder_arbitrary_ende_attn_3=1, decoder_arbitrary_ende_attn_4=1, decoder_arbitrary_ende_att| epoch| epoch 024:    200 / 1101 loss=4.085, nll_loss=2.693, ppl=6.47, wps=6379, ups=1, wpb=3564.493, bsz=139.662, num_updates=25524, lr=0.000312965, gnorm=1.104, clip=0.000, oom=0.000, wall=14743, train_wall=13638, encoder_embed_dim=640, encoder_layer_num=6, encoder_ffn_embed_dim_0=1024, encoder_ffn_embed_dim_1=512, encoder_ffn_embed_dim_2=2048, encoder_ffn_embed_dim_3=2048, encoder_ffn_embed_dim_4=2048, encoder_ffn_embed_dim_5=2048, encoder_self_attention_heads_0=2, encoder_self_attention_heads_1=2, encoder_self_attention_heads_2=2, encoder_self_attention_heads_3=4, encoder_self_attention_heads_4=4, encoder_self_attention_heads_5=2, decoder_embed_dim=640, decoder_layer_num=5, decoder_ffn_embed_dim_0=2048, decoder_ffn_embed_dim_1=1024, decoder_ffn_embed_dim_2=1024, decoder_ffn_embed_dim_3=1024, decoder_ffn_embed_dim_4=1024, decoder_self_attention_heads_0=4, decoder_self_attention_heads_1=4, decoder_self_attention_heads_2=4, decoder_self_attention_heads_3=2, decoder_self_attention_heads_4=4, decoder_ende_attention_heads_0=2, decoder_ende_attention_heads_1=2, decoder_ende_attention_heads_2=2, decoder_ende_attention_heads_3=4, decoder_ende_attention_heads_4=2, decoder_arbitrary_ende_attn_0=2, decoder_arbitrary_ende_attn_1=2, decoder_arbitrary_ende_attn_2=-1, decoder_arbitrary_ende_attn_3=1, decoder_arbitrary_ende_attn_4=2, decoder_arbitrary_ende_at| epoch| epoch 024:    300 / 1101 loss=4.103, nll_loss=2.713, ppl=6.56, wps=6440, ups=2, wpb=3571.166, bsz=142.963, num_updates=25624, lr=0.000312354, gnorm=1.112, clip=0.000, oom=0.000, wall=14798, train_wall=13691, encoder_embed_dim=640, encoder_layer_num=6, encoder_ffn_embed_dim_0=2048, encoder_ffn_embed_dim_1=512, encoder_ffn_embed_dim_2=1024, encoder_ffn_embed_dim_3=1024, encoder_ffn_embed_dim_4=512, encoder_ffn_embed_dim_5=1024, encoder_self_attention_heads_0=2, encoder_self_attention_heads_1=2, encoder_self_attention_heads_2=2, encoder_self_attention_heads_3=2, encoder_self_attention_heads_4=4, encoder_self_attention_heads_5=4, decoder_embed_dim=640, decoder_layer_num=3, decoder_ffn_embed_dim_0=512, decoder_ffn_embed_dim_1=1024, decoder_ffn_embed_dim_2=1024, decoder_self_attention_heads_0=2, decoder_self_attention_heads_1=4, decoder_self_attention_heads_2=4, decoder_ende_attention_heads_0=2, decoder_ende_attention_heads_1=4, decoder_ende_attention_heads_2=2, decoder_arbitrary_ende_attn_0=-1, decoder_arbitrary_ende_attn_1=1, decoder_arbitrary_ende_attn_2=-1, decoder_arbitrary_ende_attn_3=-1, decoder_arbitrary_ende_attn_4=2, decoder_arbitrary_ende_at| epoch| epoch 024:    400 / 1101 loss=4.110, nll_loss=2.722, ppl=6.60, wps=6517, ups=2, wpb=3586.898, bsz=142.384, num_updates=25724, lr=0.000311746, gnorm=1.111, clip=0.000, oom=0.000, wall=14852, train_wall=13744, encoder_embed_dim=640, encoder_layer_num=6, encoder_ffn_embed_dim_0=1024, encoder_ffn_embed_dim_1=2048, encoder_ffn_embed_dim_2=512, encoder_ffn_embed_dim_3=2048, encoder_ffn_embed_dim_4=2048, encoder_ffn_embed_dim_5=2048, encoder_self_attention_heads_0=4, encoder_self_attention_heads_1=2, encoder_self_attention_heads_2=2, encoder_self_attention_heads_3=4, encoder_self_attention_heads_4=4, encoder_self_attention_heads_5=2, decoder_embed_dim=640, decoder_layer_num=4, decoder_ffn_embed_dim_0=2048, decoder_ffn_embed_dim_1=1024, decoder_ffn_embed_dim_2=512, decoder_ffn_embed_dim_3=2048, decoder_self_attention_heads_0=4, decoder_self_attention_heads_1=4, decoder_self_attention_heads_2=4, decoder_self_attention_heads_3=2, decoder_ende_attention_heads_0=4, decoder_ende_attention_heads_1=2, decoder_ende_attention_heads_2=2, decoder_ende_attention_heads_3=2, decoder_arbitrary_ende_attn_0=1, decoder_arbitrary_ende_attn_1=1, decoder_arbitrary_ende_attn_2=1, decoder_arbitrary_ende_attn_3=1, decoder_arbitrary_ende_attn_4=1, decoder_arbitrary_ende_at| epoch| epoch 024:    500 / 1101 loss=4.120, nll_loss=2.732, ppl=6.64, wps=6514, ups=2, wpb=3577.816, bsz=143.218, num_updates=25824, lr=0.000311142, gnorm=1.111, clip=0.000, oom=0.000, wall=14906, train_wall=13797, encoder_embed_dim=512, encoder_layer_num=6, encoder_ffn_embed_dim_0=512, encoder_ffn_embed_dim_1=2048, encoder_ffn_embed_dim_2=512, encoder_ffn_embed_dim_3=2048, encoder_ffn_embed_dim_4=1024, encoder_ffn_embed_dim_5=1024, encoder_self_attention_heads_0=2, encoder_self_attention_heads_1=2, encoder_self_attention_heads_2=2, encoder_self_attention_heads_3=2, encoder_self_attention_heads_4=2, encoder_self_attention_heads_5=2, decoder_embed_dim=640, decoder_layer_num=2, decoder_ffn_embed_dim_0=1024, decoder_ffn_embed_dim_1=2048, decoder_self_attention_heads_0=4, decoder_self_attention_heads_1=2, decoder_ende_attention_heads_0=2, decoder_ende_attention_heads_1=4, decoder_arbitrary_ende_attn_0=2, decoder_arbitrary_ende_attn_1=-1, decoder_arbitrary_ende_attn_2=-1, decoder_arbitrary_ende_attn_3=1, decoder_arbitrary_ende_attn_4=2, decoder_arbitrary_ende_attn_5=1
| epoch 024:    600 / 1101 loss=4.130, nll_loss=2.744, ppl=6.70, wps=6529, ups=2, wpb=3581.774, bsz=143.374, num_updates=25924, lr=0.000310541, gnorm=1.112, clip=0.000, oom=0.000, wall=14961, train_wall=13850, encoder_embed_dim=640, encoder_layer_num=6, encoder_ffn_embed_dim_0=1024, encoder_ffn_embed_dim_1=1024, encoder_ffn_embed_dim_2=512, encoder_ffn_embed_dim_3=2048, encoder_ffn_embed_dim_4=1024, encoder_ffn_embed_dim_5=2048, encoder_self_attention_heads_0=4, encoder_self_attention_heads_1=2, encoder_self_attention_heads_2=4, encoder_self_attention_heads_3=4, encoder_self_attention_heads_4=4, encoder_self_attention_heads_5=2, decoder_embed_dim=512, decoder_layer_num=1, decoder_ffn_embed_dim_0=512, decoder_self_attention_heads_0=4, decoder_ende_attention_heads_0=2, decoder_arbitrary_ende_attn_0=2, decoder_arbitrary_ende_attn_1=-1, decoder_arbitrary_ende_attn_2=2, decoder_arbitrary_ende_attn_3=2, decoder_arbitrary_ende_attn_4=2, decoder_arbitrary_ende_at| epoch| epoch 024:    700 / 1101 loss=4.127, nll_loss=2.740, ppl=6.68, wps=6559, ups=2, wpb=3584.389, bsz=144.354, num_updates=26024, lr=0.000309944, gnorm=1.107, clip=0.000, oom=0.000, wall=15014, train_wall=13902, encoder_embed_dim=512, encoder_layer_num=6, encoder_ffn_embed_dim_0=2048, encoder_ffn_embed_dim_1=512, encoder_ffn_embed_dim_2=2048, encoder_ffn_embed_dim_3=2048, encoder_ffn_embed_dim_4=512, encoder_ffn_embed_dim_5=1024, encoder_self_attention_heads_0=2, encoder_self_attention_heads_1=2, encoder_self_attention_heads_2=4, encoder_self_attention_heads_3=2, encoder_self_attention_heads_4=4, encoder_self_attention_heads_5=4, decoder_embed_dim=512, decoder_layer_num=6, decoder_ffn_embed_dim_0=512, decoder_ffn_embed_dim_1=512, decoder_ffn_embed_dim_2=1024, decoder_ffn_embed_dim_3=2048, decoder_ffn_embed_dim_4=2048, decoder_ffn_embed_dim_5=2048, decoder_self_attention_heads_0=4, decoder_self_attention_heads_1=4, decoder_self_attention_heads_2=2, decoder_self_attention_heads_3=2, decoder_self_attention_heads_4=2, decoder_self_attention_heads_5=2, decoder_ende_attention_heads_0=2, decoder_ende_attention_heads_1=4, decoder_ende_attention_heads_2=4, decoder_ende_attention_heads_3=2, decoder_ende_attention_heads_4=4, decoder_ende_attention_heads_5=2, decoder_arbitrary_ende_attn_0=1, decoder_arbitrary_ende_attn_1=-1, decoder_arbitrary_ende_attn_2=-1, decoder_arbitrary_ende_attn_3=1, decoder_arbitrary_ende_attn_4=1, decoder_arbitrary_ende_attn_5=-1
| epoch 024:    800 / 1101 loss=4.134, nll_loss=2.748, ppl=6.72, wps=6597, ups=2, wpb=3578.754, bsz=144.429, num_updates=26124, lr=0.00030935, gnorm=1.110, clip=0.000, oom=0.000, wall=15066, train_wall=13953, encoder_embed_dim=512, encoder_layer_num=6, encoder_ffn_embed_dim_0=1024, encoder_ffn_embed_dim_1=1024, encoder_ffn_embed_dim_2=2048, encoder_ffn_embed_dim_3=1024, encoder_ffn_embed_dim_4=2048, encoder_ffn_embed_dim_5=1024, encoder_self_attention_heads_0=4, encoder_self_attention_heads_1=2, encoder_self_attention_heads_2=4, encoder_self_attention_heads_3=2, encoder_self_attention_heads_4=4, encoder_self_attention_heads_5=4, decoder_embed_dim=640, decoder_layer_num=2, decoder_ffn_embed_dim_0=1024, decoder_ffn_embed_dim_1=2048, decoder_self_attention_heads_0=4, decoder_self_attention_heads_1=2, decoder_ende_attention_heads_0=4, decoder_ende_attention_heads_1=4, decoder_arbitrary_ende_attn_0=2, decoder_arbitrary_ende_attn_1=1, decoder_arbitrary_ende_attn_2=-1, decoder_arbitrary_ende_attn_3=-1, decoder_arbitrary_ende_attn_4=2, decoder_arbitrary_ende_attn_5=-1
| epoch 024:    900 / 1101 loss=4.143, nll_loss=2.759, ppl=6.77, wps=6597, ups=2, wpb=3578.839, bsz=144.425, num_updates=26224, lr=0.00030876, gnorm=1.114, clip=0.000, oom=0.000, wall=15120, train_wall=14006, encoder_embed_dim=512, encoder_layer_num=6, encoder_ffn_embed_dim_0=2048, encoder_ffn_embed_dim_1=1024, encoder_ffn_embed_dim_2=512, encoder_ffn_embed_dim_3=1024, encoder_ffn_embed_dim_4=1024, encoder_ffn_embed_dim_5=512, encoder_self_attention_heads_0=4, encoder_self_attention_heads_1=2, encoder_self_attention_heads_2=2, encoder_self_attention_heads_3=4, encoder_self_attention_heads_4=2, encoder_self_attention_heads_5=2, decoder_embed_dim=640, decoder_layer_num=5, decoder_ffn_embed_dim_0=1024, decoder_ffn_embed_dim_1=512, decoder_ffn_embed_dim_2=512, decoder_ffn_embed_dim_3=2048, decoder_ffn_embed_dim_4=512, decoder_self_attention_heads_0=2, decoder_self_attention_heads_1=2, decoder_self_attention_heads_2=2, decoder_self_attention_heads_3=4, decoder_self_attention_heads_4=2, decoder_ende_attention_heads_0=2, decoder_ende_attention_heads_1=2, decoder_ende_attention_heads_2=4, decoder_ende_attention_heads_3=2, decoder_ende_attention_heads_4=4, decoder_arbitrary_ende_attn_0=1, decoder_arbitrary_ende_attn_1=1, decoder_arbitrary_ende_attn_2=1, decoder_arbitrary_ende_attn_3=2, decoder_arbitrary_ende_attn_4=1, decoder_arbitrary_ende_att| epoch| epoch 024:   1000 / 1101 loss=4.144, nll_loss=2.760, ppl=6.77, wps=6584, ups=2, wpb=3578.781, bsz=144.910, num_updates=26324, lr=0.000308173, gnorm=1.114, clip=0.000, oom=0.000, wall=15175, train_wall=14060, encoder_embed_dim=640, encoder_layer_num=6, encoder_ffn_embed_dim_0=1024, encoder_ffn_embed_dim_1=2048, encoder_ffn_embed_dim_2=1024, encoder_ffn_embed_dim_3=2048, encoder_ffn_embed_dim_4=512, encoder_ffn_embed_dim_5=2048, encoder_self_attention_heads_0=2, encoder_self_attention_heads_1=4, encoder_self_attention_heads_2=4, encoder_self_attention_heads_3=2, encoder_self_attention_heads_4=4, encoder_self_attention_heads_5=4, decoder_embed_dim=640, decoder_layer_num=2, decoder_ffn_embed_dim_0=1024, decoder_ffn_embed_dim_1=512, decoder_self_attention_heads_0=4, decoder_self_attention_heads_1=2, decoder_ende_attention_heads_0=4, decoder_ende_attention_heads_1=4, decoder_arbitrary_ende_attn_0=-1, decoder_arbitrary_ende_attn_1=-1, decoder_arbitrary_ende_attn_2=1, decoder_arbitrary_ende_attn_3=2, decoder_arbitrary_ende_attn_4=2, decoder_arbitrary_ende_at| epoch| epoch 024:   1100 / 1101 loss=4.142, nll_loss=2.758, ppl=6.77, wps=6605, ups=2, wpb=3586.843, bsz=145.540, num_updates=26424, lr=0.000307589, gnorm=1.111, clip=0.000, oom=0.000, wall=15229, train_wall=14113, encoder_embed_dim=512, encoder_layer_num=6, encoder_ffn_embed_dim_0=1024, encoder_ffn_embed_dim_1=2048, encoder_ffn_embed_dim_2=512, encoder_ffn_embed_dim_3=2048, encoder_ffn_embed_dim_4=1024, encoder_ffn_embed_dim_5=512, encoder_self_attention_heads_0=4, encoder_self_attention_heads_1=2, encoder_self_attention_heads_2=4, encoder_self_attention_heads_3=4, encoder_self_attention_heads_4=2, encoder_self_attention_heads_5=4, decoder_embed_dim=512, decoder_layer_num=2, decoder_ffn_embed_dim_0=512, decoder_ffn_embed_dim_1=512, decoder_self_attention_heads_0=4, decoder_self_attention_heads_1=4, decoder_ende_attention_heads_0=4, decoder_ende_attention_heads_1=4, decoder_arbitrary_ende_attn_0=1, decoder_arbitrary_ende_attn_1=2, decoder_arbitrary_ende_attn_2=2, decoder_arbitrary_ende_attn_3=-1, decoder_arbitrary_ende_attn_4=2, decoder_arbitrary_ende_attn_5=2
| epoch 024 | loss 4.142 | nll_loss 2.758 | ppl 6.77 | wps 6603 | ups 2 | wpb 3586.843 | bsz 145.540 | num_updates 26424 | lr 0.000307589 | gnorm 1.111 | clip 0.000 | oom 0.000 | wall 15229 | train_wall 14113
| epoch 024 | validate on 'valid' subset | loss 4.159 | nll_loss 2.603 | ppl 6.08 | num_updates 26424 | best_loss 4.15916 | largest_arbitrary1_loss 4.159 | largest_arbitrary1_nll_loss 2.603
| epoch 024 | validate on 'valid' subset | loss 4.568 | nll_loss 3.055 | ppl 8.31 | num_updates 26424 | best_loss 4.56844 | smallest_arbitrary1_loss 4.568 | smallest_arbitrary1_nll_loss 3.055
| saved checkpoint ../checkpoints/iwslt14_super_full50000_fromscratch/checkpoint24.pt (epoch 24 @ 26424 updates) (writing took 4.474690198898315 sec| epoc| epoch 025:    100 / 1101 loss=4.078, nll_loss=2.686, ppl=6.44, wps=6380, ups=1, wpb=3579.653, bsz=136.396, num_updates=26525, lr=0.000307003, gnorm=1.091, clip=0.000, oom=0.000, wall=15315, train_wall=14168, encoder_embed_dim=640, encoder_layer_num=6, encoder_ffn_embed_dim_0=512, encoder_ffn_embed_dim_1=1024, encoder_ffn_embed_dim_2=512, encoder_ffn_embed_dim_3=1024, encoder_ffn_embed_dim_4=2048, encoder_ffn_embed_dim_5=512, encoder_self_attention_heads_0=2, encoder_self_attention_heads_1=4, encoder_self_attention_heads_2=2, encoder_self_attention_heads_3=4, encoder_self_attention_heads_4=4, encoder_self_attention_heads_5=4, decoder_embed_dim=640, decoder_layer_num=6, decoder_ffn_embed_dim_0=2048, decoder_ffn_embed_dim_1=1024, decoder_ffn_embed_dim_2=1024, decoder_ffn_embed_dim_3=2048, decoder_ffn_embed_dim_4=1024, decoder_ffn_embed_dim_5=1024, decoder_self_attention_heads_0=4, decoder_self_attention_heads_1=4, decoder_self_attention_heads_2=2, decoder_self_attention_heads_3=2, decoder_self_attention_heads_4=4, decoder_self_attention_heads_5=2, decoder_ende_attention_heads_0=4, decoder_ende_attention_heads_1=4, decoder_ende_attention_heads_2=2, decoder_ende_attention_heads_3=4, decoder_ende_attention_heads_4=4, decoder_ende_attention_heads_5=2, decoder_arbitrary_ende_attn_0=2, decoder_arbitrary_ende_attn_1=1, decoder_arbitrary_ende_attn_2=2, decoder_arbitrary_ende_attn_3=1, decoder_arbitrary_ende_attn_4=2, decoder_arbitrary_ende_att| epoc| epoch 025:    200 / 1101 loss=4.076, nll_loss=2.683, ppl=6.42, wps=6450, ups=1, wpb=3598.657, bsz=145.866, num_updates=26625, lr=0.000306426, gnorm=1.098, clip=0.000, oom=0.000, wall=15371, train_wall=14222, encoder_embed_dim=512, encoder_layer_num=6, encoder_ffn_embed_dim_0=2048, encoder_ffn_embed_dim_1=512, encoder_ffn_embed_dim_2=2048, encoder_ffn_embed_dim_3=1024, encoder_ffn_embed_dim_4=512, encoder_ffn_embed_dim_5=512, encoder_self_attention_heads_0=4, encoder_self_attention_heads_1=2, encoder_self_attention_heads_2=2, encoder_self_attention_heads_3=2, encoder_self_attention_heads_4=2, encoder_self_attention_heads_5=2, decoder_embed_dim=512, decoder_layer_num=1, decoder_ffn_embed_dim_0=2048, decoder_self_attention_heads_0=4, decoder_ende_attention_heads_0=4, decoder_arbitrary_ende_attn_0=1, decoder_arbitrary_ende_attn_1=1, decoder_arbitrary_ende_attn_2=1, decoder_arbitrary_ende_attn_3=-1, decoder_arbitrary_ende_attn_4=1, decoder_arbitrary_ende_attn| epoc| epoch 025:    300 / 1101 loss=4.071, nll_loss=2.677, ppl=6.40, wps=6519, ups=2, wpb=3604.096, bsz=149.472, num_updates=26725, lr=0.000305852, gnorm=1.093, clip=0.000, oom=0.000, wall=15425, train_wall=14275, encoder_embed_dim=640, encoder_layer_num=6, encoder_ffn_embed_dim_0=2048, encoder_ffn_embed_dim_1=2048, encoder_ffn_embed_dim_2=1024, encoder_ffn_embed_dim_3=512, encoder_ffn_embed_dim_4=2048, encoder_ffn_embed_dim_5=1024, encoder_self_attention_heads_0=4, encoder_self_attention_heads_1=4, encoder_self_attention_heads_2=2, encoder_self_attention_heads_3=4, encoder_self_attention_heads_4=4, encoder_self_attention_heads_5=2, decoder_embed_dim=640, decoder_layer_num=5, decoder_ffn_embed_dim_0=512, decoder_ffn_embed_dim_1=1024, decoder_ffn_embed_dim_2=512, decoder_ffn_embed_dim_3=512, decoder_ffn_embed_dim_4=1024, decoder_self_attention_heads_0=4, decoder_self_attention_heads_1=2, decoder_self_attention_heads_2=4, decoder_self_attention_heads_3=2, decoder_self_attention_heads_4=4, decoder_ende_attention_heads_0=2, decoder_ende_attention_heads_1=2, decoder_ende_attention_heads_2=4, decoder_ende_attention_heads_3=2, decoder_ende_attention_heads_4=4, decoder_arbitrary_ende_attn_0=-1, decoder_arbitrary_ende_attn_1=1, decoder_arbitrary_ende_attn_2=2, decoder_arbitrary_ende_attn_3=2, decoder_arbitrary_ende_attn_4=2, decoder_arbitrary_ende_attn| epoc| epoch 025:    400 / 1101 loss=4.092, nll_loss=2.701, ppl=6.50, wps=6560, ups=2, wpb=3593.820, bsz=145.913, num_updates=26825, lr=0.000305281, gnorm=1.102, clip=0.000, oom=0.000, wall=15478, train_wall=14327, encoder_embed_dim=640, encoder_layer_num=6, encoder_ffn_embed_dim_0=2048, encoder_ffn_embed_dim_1=512, encoder_ffn_embed_dim_2=1024, encoder_ffn_embed_dim_3=1024, encoder_ffn_embed_dim_4=512, encoder_ffn_embed_dim_5=2048, encoder_self_attention_heads_0=4, encoder_self_attention_heads_1=2, encoder_self_attention_heads_2=4, encoder_self_attention_heads_3=2, encoder_self_attention_heads_4=2, encoder_self_attention_heads_5=2, decoder_embed_dim=512, decoder_layer_num=6, decoder_ffn_embed_dim_0=1024, decoder_ffn_embed_dim_1=2048, decoder_ffn_embed_dim_2=512, decoder_ffn_embed_dim_3=1024, decoder_ffn_embed_dim_4=2048, decoder_ffn_embed_dim_5=512, decoder_self_attention_heads_0=2, decoder_self_attention_heads_1=4, decoder_self_attention_heads_2=2, decoder_self_attention_heads_3=2, decoder_self_attention_heads_4=2, decoder_self_attention_heads_5=4, decoder_ende_attention_heads_0=2, decoder_ende_attention_heads_1=2, decoder_ende_attention_heads_2=4, decoder_ende_attention_heads_3=2, decoder_ende_attention_heads_4=4, decoder_ende_attention_heads_5=2, decoder_arbitrary_ende_attn_0=-1, decoder_arbitrary_ende_attn_1=1, decoder_arbitrary_ende_attn_2=1, decoder_arbitrary_ende_attn_3=1, decoder_arbitrary_ende_attn_4=2, decoder_arbitrary_ende_attn| epoc| epoch 025:    500 / 1101 loss=4.097, nll_loss=2.707, ppl=6.53, wps=6544, ups=2, wpb=3594.860, bsz=143.663, num_updates=26925, lr=0.000304714, gnorm=1.105, clip=0.000, oom=0.000, wall=15534, train_wall=14382, encoder_embed_dim=512, encoder_layer_num=6, encoder_ffn_embed_dim_0=512, encoder_ffn_embed_dim_1=1024, encoder_ffn_embed_dim_2=512, encoder_ffn_embed_dim_3=512, encoder_ffn_embed_dim_4=512, encoder_ffn_embed_dim_5=2048, encoder_self_attention_heads_0=2, encoder_self_attention_heads_1=4, encoder_self_attention_heads_2=4, encoder_self_attention_heads_3=2, encoder_self_attention_heads_4=4, encoder_self_attention_heads_5=2, decoder_embed_dim=512, decoder_layer_num=2, decoder_ffn_embed_dim_0=2048, decoder_ffn_embed_dim_1=1024, decoder_self_attention_heads_0=4, decoder_self_attention_heads_1=4, decoder_ende_attention_heads_0=2, decoder_ende_attention_heads_1=2, decoder_arbitrary_ende_attn_0=2, decoder_arbitrary_ende_attn_1=2, decoder_arbitrary_ende_attn_2=-1, decoder_arbitrary_ende_attn_3=2, decoder_arbitrary_ende_attn_4=2, decoder_arbitrary_ende_att| epoc| epoch 025:    600 / 1101 loss=4.096, nll_loss=2.705, ppl=6.52, wps=6519, ups=2, wpb=3594.120, bsz=143.280, num_updates=27025, lr=0.00030415, gnorm=1.106, clip=0.000, oom=0.000, wall=15590, train_wall=14437, encoder_embed_dim=512, encoder_layer_num=6, encoder_ffn_embed_dim_0=1024, encoder_ffn_embed_dim_1=2048, encoder_ffn_embed_dim_2=2048, encoder_ffn_embed_dim_3=2048, encoder_ffn_embed_dim_4=2048, encoder_ffn_embed_dim_5=512, encoder_self_attention_heads_0=2, encoder_self_attention_heads_1=4, encoder_self_attention_heads_2=4, encoder_self_attention_heads_3=4, encoder_self_attention_heads_4=4, encoder_self_attention_heads_5=2, decoder_embed_dim=640, decoder_layer_num=2, decoder_ffn_embed_dim_0=1024, decoder_ffn_embed_dim_1=512, decoder_self_attention_heads_0=4, decoder_self_attention_heads_1=4, decoder_ende_attention_heads_0=2, decoder_ende_attention_heads_1=2, decoder_arbitrary_ende_attn_0=2, decoder_arbitrary_ende_attn_1=2, decoder_arbitrary_ende_attn_2=1, decoder_arbitrary_ende_attn_3=1, decoder_arbitrary_ende_attn_4=2, decoder_arbitrary_ende_attn| epoc| epoch 025:    700 / 1101 loss=4.102, nll_loss=2.713, ppl=6.56, wps=6553, ups=2, wpb=3598.583, bsz=142.264, num_updates=27125, lr=0.000303588, gnorm=1.109, clip=0.000, oom=0.000, wall=15644, train_wall=14489, encoder_embed_dim=512, encoder_layer_num=6, encoder_ffn_embed_dim_0=1024, encoder_ffn_embed_dim_1=1024, encoder_ffn_embed_dim_2=2048, encoder_ffn_embed_dim_3=2048, encoder_ffn_embed_dim_4=512, encoder_ffn_embed_dim_5=2048, encoder_self_attention_heads_0=4, encoder_self_attention_heads_1=2, encoder_self_attention_heads_2=4, encoder_self_attention_heads_3=4, encoder_self_attention_heads_4=4, encoder_self_attention_heads_5=2, decoder_embed_dim=512, decoder_layer_num=6, decoder_ffn_embed_dim_0=1024, decoder_ffn_embed_dim_1=512, decoder_ffn_embed_dim_2=2048, decoder_ffn_embed_dim_3=1024, decoder_ffn_embed_dim_4=1024, decoder_ffn_embed_dim_5=512, decoder_self_attention_heads_0=4, decoder_self_attention_heads_1=2, decoder_self_attention_heads_2=2, decoder_self_attention_heads_3=4, decoder_self_attention_heads_4=2, decoder_self_attention_heads_5=4, decoder_ende_attention_heads_0=4, decoder_ende_attention_heads_1=2, decoder_ende_attention_heads_2=4, decoder_ende_attention_heads_3=2, decoder_ende_attention_heads_4=4, decoder_ende_attention_heads_5=2, decoder_arbitrary_ende_attn_0=1, decoder_arbitrary_ende_attn_1=1, decoder_arbitrary_ende_attn_2=2, decoder_arbitrary_ende_attn_3=2, decoder_arbitrary_ende_attn_4=1, decoder_arbitrary_ende_attn| epoc| epoch 025:    800 / 1101 loss=4.110, nll_loss=2.722, ppl=6.60, wps=6524, ups=2, wpb=3584.639, bsz=140.993, num_updates=27225, lr=0.00030303, gnorm=1.113, clip=0.000, oom=0.000, wall=15699, train_wall=14543, encoder_embed_dim=512, encoder_layer_num=6, encoder_ffn_embed_dim_0=1024, encoder_ffn_embed_dim_1=2048, encoder_ffn_embed_dim_2=1024, encoder_ffn_embed_dim_3=1024, encoder_ffn_embed_dim_4=512, encoder_ffn_embed_dim_5=512, encoder_self_attention_heads_0=4, encoder_self_attention_heads_1=2, encoder_self_attention_heads_2=4, encoder_self_attention_heads_3=4, encoder_self_attention_heads_4=2, encoder_self_attention_heads_5=2, decoder_embed_dim=640, decoder_layer_num=4, decoder_ffn_embed_dim_0=2048, decoder_ffn_embed_dim_1=512, decoder_ffn_embed_dim_2=1024, decoder_ffn_embed_dim_3=2048, decoder_self_attention_heads_0=2, decoder_self_attention_heads_1=4, decoder_self_attention_heads_2=4, decoder_self_attention_heads_3=2, decoder_ende_attention_heads_0=4, decoder_ende_attention_heads_1=4, decoder_ende_attention_heads_2=2, decoder_ende_attention_heads_3=4, decoder_arbitrary_ende_attn_0=-1, decoder_arbitrary_ende_attn_1=2, decoder_arbitrary_ende_attn_2=2, decoder_arbitrary_ende_attn_3=2, decoder_arbitrary_ende_attn_4=1, decoder_arbitrary_ende_att| epoc| epoch 025:    900 / 1101 loss=4.106, nll_loss=2.718, ppl=6.58, wps=6520, ups=2, wpb=3591.941, bsz=142.596, num_updates=27325, lr=0.000302475, gnorm=1.110, clip=0.000, oom=0.000, wall=15755, train_wall=14598, encoder_embed_dim=512, encoder_layer_num=6, encoder_ffn_embed_dim_0=512, encoder_ffn_embed_dim_1=512, encoder_ffn_embed_dim_2=1024, encoder_ffn_embed_dim_3=2048, encoder_ffn_embed_dim_4=2048, encoder_ffn_embed_dim_5=2048, encoder_self_attention_heads_0=2, encoder_self_attention_heads_1=2, encoder_self_attention_heads_2=2, encoder_self_attention_heads_3=4, encoder_self_attention_heads_4=2, encoder_self_attention_heads_5=2, decoder_embed_dim=640, decoder_layer_num=3, decoder_ffn_embed_dim_0=2048, decoder_ffn_embed_dim_1=2048, decoder_ffn_embed_dim_2=2048, decoder_self_attention_heads_0=2, decoder_self_attention_heads_1=2, decoder_self_attention_heads_2=4, decoder_ende_attention_heads_0=2, decoder_ende_attention_heads_1=2, decoder_ende_attention_heads_2=2, decoder_arbitrary_ende_attn_0=2, decoder_arbitrary_ende_attn_1=-1, decoder_arbitrary_ende_attn_2=2, decoder_arbitrary_ende_attn_3=-1, decoder_arbitrary_ende_attn_4=-1, decoder_arbitrary_ende_attn| epoc| epoch 025:   1000 / 1101 loss=4.103, nll_loss=2.714, ppl=6.56, wps=6507, ups=2, wpb=3589.121, bsz=144.862, num_updates=27425, lr=0.000301923, gnorm=1.112, clip=0.000, oom=0.000, wall=15811, train_wall=14653, encoder_embed_dim=512, encoder_layer_num=6, encoder_ffn_embed_dim_0=1024, encoder_ffn_embed_dim_1=2048, encoder_ffn_embed_dim_2=512, encoder_ffn_embed_dim_3=1024, encoder_ffn_embed_dim_4=512, encoder_ffn_embed_dim_5=512, encoder_self_attention_heads_0=2, encoder_self_attention_heads_1=2, encoder_self_attention_heads_2=4, encoder_self_attention_heads_3=2, encoder_self_attention_heads_4=2, encoder_self_attention_heads_5=2, decoder_embed_dim=640, decoder_layer_num=4, decoder_ffn_embed_dim_0=512, decoder_ffn_embed_dim_1=512, decoder_ffn_embed_dim_2=2048, decoder_ffn_embed_dim_3=2048, decoder_self_attention_heads_0=2, decoder_self_attention_heads_1=4, decoder_self_attention_heads_2=4, decoder_self_attention_heads_3=2, decoder_ende_attention_heads_0=2, decoder_ende_attention_heads_1=4, decoder_ende_attention_heads_2=4, decoder_ende_attention_heads_3=4, decoder_arbitrary_ende_attn_0=2, decoder_arbitrary_ende_attn_1=2, decoder_arbitrary_ende_attn_2=-1, decoder_arbitrary_ende_attn_3=-1, decoder_arbitrary_ende_attn_4=2, decoder_arbitrary_ende_attn_5=2
| epoch 025:   1100 / 1101 loss=4.105, nll_loss=2.716, ppl=6.57, wps=6522, ups=2, wpb=3586.843, bsz=145.540, num_updates=27525, lr=0.000301374, gnorm=1.114, clip=0.000, oom=0.000, wall=15864, train_wall=14705, encoder_embed_dim=512, encoder_layer_num=6, encoder_ffn_embed_dim_0=1024, encoder_ffn_embed_dim_1=1024, encoder_ffn_embed_dim_2=512, encoder_ffn_embed_dim_3=1024, encoder_ffn_embed_dim_4=512, encoder_ffn_embed_dim_5=512, encoder_self_attention_heads_0=4, encoder_self_attention_heads_1=4, encoder_self_attention_heads_2=4, encoder_self_attention_heads_3=4, encoder_self_attention_heads_4=4, encoder_self_attention_heads_5=2, decoder_embed_dim=512, decoder_layer_num=4, decoder_ffn_embed_dim_0=2048, decoder_ffn_embed_dim_1=2048, decoder_ffn_embed_dim_2=512, decoder_ffn_embed_dim_3=2048, decoder_self_attention_heads_0=4, decoder_self_attention_heads_1=4, decoder_self_attention_heads_2=2, decoder_self_attention_heads_3=2, decoder_ende_attention_heads_0=2, decoder_ende_attention_heads_1=4, decoder_ende_attention_heads_2=4, decoder_ende_attention_heads_3=4, decoder_arbitrary_ende_attn_0=-1, decoder_arbitrary_ende_attn_1=-1, decoder_arbitrary_ende_attn_2=2, decoder_arbitrary_ende_attn_3=1, decoder_arbitrary_ende_attn_4=-1, decoder_arbitrary_ende_attn_5=1
| epoch 025 | loss 4.105 | nll_loss 2.716 | ppl 6.57 | wps 6520 | ups 2 | wpb 3586.843 | bsz 145.540 | num_updates 27525 | lr 0.000301374 | gnorm 1.114 | clip 0.000 | oom 0.000 | wall 15864 | train_wall 14705
| epoch 025 | validate on 'valid' subset | loss 4.184 | nll_loss 2.626 | ppl 6.17 | num_updates 27525 | best_loss 4.18416 | largest_arbitrary1_loss 4.184 | largest_arbitrary1_nll_loss 2.626
| epoch 025 | validate on 'valid' subset | loss 4.588 | nll_loss 3.076 | ppl 8.44 | num_updates 27525 | best_loss 4.56844 | smallest_arbitrary1_loss 4.588 | smallest_arbitrary1_nll_loss 3.076
| saved checkpoint ../checkpoints/iwslt14_super_full50000_fromscratch/checkpoint25.pt (epoch 25 @ 27525 updates) (writing took 3.439465284347534 seco| epo| epoch 026:    100 / 1101 loss=4.015, nll_loss=2.613, ppl=6.12, wps=6576, ups=1, wpb=3636.762, bsz=144.158, num_updates=27626, lr=0.000300823, gnorm=1.079, clip=0.000, oom=0.000, wall=15948, train_wall=14760, encoder_embed_dim=640, encoder_layer_num=6, encoder_ffn_embed_dim_0=1024, encoder_ffn_embed_dim_1=512, encoder_ffn_embed_dim_2=2048, encoder_ffn_embed_dim_3=1024, encoder_ffn_embed_dim_4=512, encoder_ffn_embed_dim_5=512, encoder_self_attention_heads_0=4, encoder_self_attention_heads_1=2, encoder_self_attention_heads_2=2, encoder_self_attention_heads_3=2, encoder_self_attention_heads_4=4, encoder_self_attention_heads_5=2, decoder_embed_dim=640, decoder_layer_num=5, decoder_ffn_embed_dim_0=1024, decoder_ffn_embed_dim_1=2048, decoder_ffn_embed_dim_2=1024, decoder_ffn_embed_dim_3=1024, decoder_ffn_embed_dim_4=1024, decoder_self_attention_heads_0=4, decoder_self_attention_heads_1=2, decoder_self_attention_heads_2=2, decoder_self_attention_heads_3=4, decoder_self_attention_heads_4=2, decoder_ende_attention_heads_0=4, decoder_ende_attention_heads_1=2, decoder_ende_attention_heads_2=2, decoder_ende_attention_heads_3=2, decoder_ende_attention_heads_4=4, decoder_arbitrary_ende_attn_0=2, decoder_arbitrary_ende_attn_1=1, decoder_arbitrary_ende_attn_2=2, decoder_arbitrary_ende_attn_3=2, decoder_arbitrary_ende_attn_4=-1, decoder_arbitrary_ende_attn_5=2
| epoch 026:    200 / 1101 loss=4.036, nll_loss=2.638, ppl=6.22, wps=6595, ups=1, wpb=3610.060, bsz=154.706, num_updates=27726, lr=0.00030028, gnorm=1.099, clip=0.000, oom=0.000, wall=16002, train_wall=14813, encoder_embed_dim=640, encoder_layer_num=6, encoder_ffn_embed_dim_0=1024, encoder_ffn_embed_dim_1=512, encoder_ffn_embed_dim_2=2048, encoder_ffn_embed_dim_3=2048, encoder_ffn_embed_dim_4=2048, encoder_ffn_embed_dim_5=2048, encoder_self_attention_heads_0=2, encoder_self_attention_heads_1=2, encoder_self_attention_heads_2=4, encoder_self_attention_heads_3=2, encoder_self_attention_heads_4=4, encoder_self_attention_heads_5=4, decoder_embed_dim=512, decoder_layer_num=4, decoder_ffn_embed_dim_0=1024, decoder_ffn_embed_dim_1=2048, decoder_ffn_embed_dim_2=512, decoder_ffn_embed_dim_3=1024, decoder_self_attention_heads_0=2, decoder_self_attention_heads_1=4, decoder_self_attention_heads_2=4, decoder_self_attention_heads_3=4, decoder_ende_attention_heads_0=4, decoder_ende_attention_heads_1=4, decoder_ende_attention_heads_2=2, decoder_ende_attention_heads_3=4, decoder_arbitrary_ende_attn_0=2, decoder_arbitrary_ende_attn_1=2, decoder_arbitrary_ende_attn_2=1, decoder_arbitrary_ende_attn_3=1, decoder_arbitrary_ende_attn_4=-1, decoder_arbitrary_ende_attn_5=1
| epoch 026:    300 / 1101 loss=4.054, nll_loss=2.658, ppl=6.31, wps=6590, ups=2, wpb=3611.103, bsz=149.449, num_updates=27826, lr=0.00029974, gnorm=1.106, clip=0.000, oom=0.000, wall=16057, train_wall=14867, encoder_embed_dim=512, encoder_layer_num=6, encoder_ffn_embed_dim_0=512, encoder_ffn_embed_dim_1=1024, encoder_ffn_embed_dim_2=512, encoder_ffn_embed_dim_3=512, encoder_ffn_embed_dim_4=1024, encoder_ffn_embed_dim_5=512, encoder_self_attention_heads_0=2, encoder_self_attention_heads_1=2, encoder_self_attention_heads_2=2, encoder_self_attention_heads_3=4, encoder_self_attention_heads_4=2, encoder_self_attention_heads_5=4, decoder_embed_dim=512, decoder_layer_num=5, decoder_ffn_embed_dim_0=2048, decoder_ffn_embed_dim_1=512, decoder_ffn_embed_dim_2=1024, decoder_ffn_embed_dim_3=2048, decoder_ffn_embed_dim_4=1024, decoder_self_attention_heads_0=2, decoder_self_attention_heads_1=2, decoder_self_attention_heads_2=4, decoder_self_attention_heads_3=2, decoder_self_attention_heads_4=4, decoder_ende_attention_heads_0=2, decoder_ende_attention_heads_1=2, decoder_ende_attention_heads_2=2, decoder_ende_attention_heads_3=2, decoder_ende_attention_heads_4=4, decoder_arbitrary_ende_attn_0=2, decoder_arbitrary_ende_attn_1=-1, decoder_arbitrary_ende_attn_2=-1, decoder_arbitrary_ende_attn_3=-1, decoder_arbitrary_ende_attn_4=2, decoder_arbitrary_ende_attn_5=2
| epoch 026:    400 / 1101 loss=4.057, nll_loss=2.661, ppl=6.32, wps=6626, ups=2, wpb=3609.930, bsz=145.716, num_updates=27926, lr=0.000299203, gnorm=1.105, clip=0.000, oom=0.000, wall=16111, train_wall=14919, encoder_embed_dim=640, encoder_layer_num=6, encoder_ffn_embed_dim_0=2048, encoder_ffn_embed_dim_1=1024, encoder_ffn_embed_dim_2=2048, encoder_ffn_embed_dim_3=512, encoder_ffn_embed_dim_4=512, encoder_ffn_embed_dim_5=512, encoder_self_attention_heads_0=2, encoder_self_attention_heads_1=4, encoder_self_attention_heads_2=2, encoder_self_attention_heads_3=2, encoder_self_attention_heads_4=2, encoder_self_attention_heads_5=4, decoder_embed_dim=640, decoder_layer_num=6, decoder_ffn_embed_dim_0=1024, decoder_ffn_embed_dim_1=512, decoder_ffn_embed_dim_2=2048, decoder_ffn_embed_dim_3=512, decoder_ffn_embed_dim_4=2048, decoder_ffn_embed_dim_5=1024, decoder_self_attention_heads_0=2, decoder_self_attention_heads_1=2, decoder_self_attention_heads_2=4, decoder_self_attention_heads_3=4, decoder_self_attention_heads_4=2, decoder_self_attention_heads_5=2, decoder_ende_attention_heads_0=2, decoder_ende_attention_heads_1=2, decoder_ende_attention_heads_2=2, decoder_ende_attention_heads_3=4, decoder_ende_attention_heads_4=4, decoder_ende_attention_heads_5=4, decoder_arbitrary_ende_attn_0=-1, decoder_arbitrary_ende_attn_1=2, decoder_arbitrary_ende_attn_2=2, decoder_arbitrary_ende_attn_3=-1, decoder_arbitrary_ende_attn_4=1, decoder_arbitrary_ende_attn_5=1
| epoch 026:    500 / 1101 loss=4.078, nll_loss=2.685, ppl=6.43, wps=6633, ups=2, wpb=3598.074, bsz=143.824, num_updates=28026, lr=0.000298669, gnorm=1.116, clip=0.000, oom=0.000, wall=16164, train_wall=14971, encoder_embed_dim=640, encoder_layer_num=6, encoder_ffn_embed_dim_0=512, encoder_ffn_embed_dim_1=1024, encoder_ffn_embed_dim_2=1024, encoder_ffn_embed_dim_3=512, encoder_ffn_embed_dim_4=1024, encoder_ffn_embed_dim_5=2048, encoder_self_attention_heads_0=4, encoder_self_attention_heads_1=4, encoder_self_attention_heads_2=2, encoder_self_attention_heads_3=4, encoder_self_attention_heads_4=2, encoder_self_attention_heads_5=4, decoder_embed_dim=640, decoder_layer_num=3, decoder_ffn_embed_dim_0=1024, decoder_ffn_embed_dim_1=512, decoder_ffn_embed_dim_2=512, decoder_self_attention_heads_0=2, decoder_self_attention_heads_1=2, decoder_self_attention_heads_2=4, decoder_ende_attention_heads_0=2, decoder_ende_attention_heads_1=2, decoder_ende_attention_heads_2=4, decoder_arbitrary_ende_attn_0=1, decoder_arbitrary_ende_attn_1=1, decoder_arbitrary_ende_attn_2=1, decoder_arbitrary_ende_attn_3=-1, decoder_arbitrary_ende_attn_4=2, decoder_arbitrary_ende_attn_5=2
| epoch 026:    600 / 1101 loss=4.079, nll_loss=2.686, ppl=6.44, wps=6595, ups=2, wpb=3597.354, bsz=144.240, num_updates=28126, lr=0.000298137, gnorm=1.119, clip=0.000, oom=0.000, wall=16220, train_wall=15026, encoder_embed_dim=512, encoder_layer_num=6, encoder_ffn_embed_dim_0=1024, encoder_ffn_embed_dim_1=1024, encoder_ffn_embed_dim_2=2048, encoder_ffn_embed_dim_3=512, encoder_ffn_embed_dim_4=2048, encoder_ffn_embed_dim_5=2048, encoder_self_attention_heads_0=4, encoder_self_attention_heads_1=4, encoder_self_attention_heads_2=2, encoder_self_attention_heads_3=2, encoder_self_attention_heads_4=2, encoder_self_attention_heads_5=4, decoder_embed_dim=640, decoder_layer_num=2, decoder_ffn_embed_dim_0=512, decoder_ffn_embed_dim_1=2048, decoder_self_attention_heads_0=4, decoder_self_attention_heads_1=2, decoder_ende_attention_heads_0=4, decoder_ende_attention_heads_1=2, decoder_arbitrary_ende_attn_0=2, decoder_arbitrary_ende_attn_1=1, decoder_arbitrary_ende_attn_2=1, decoder_arbitrary_ende_attn_3=1, decoder_arbitrary_ende_attn_4=-1, decoder_arbitrary_ende_attn| epo| epoch 026:    700 / 1101 loss=4.081, nll_loss=2.688, ppl=6.44, wps=6572, ups=2, wpb=3589.966, bsz=142.802, num_updates=28226, lr=0.000297609, gnorm=1.117, clip=0.000, oom=0.000, wall=16275, train_wall=15080, encoder_embed_dim=512, encoder_layer_num=6, encoder_ffn_embed_dim_0=512, encoder_ffn_embed_dim_1=1024, encoder_ffn_embed_dim_2=1024, encoder_ffn_embed_dim_3=512, encoder_ffn_embed_dim_4=2048, encoder_ffn_embed_dim_5=1024, encoder_self_attention_heads_0=4, encoder_self_attention_heads_1=2, encoder_self_attention_heads_2=2, encoder_self_attention_heads_3=2, encoder_self_attention_heads_4=2, encoder_self_attention_heads_5=2, decoder_embed_dim=640, decoder_layer_num=6, decoder_ffn_embed_dim_0=1024, decoder_ffn_embed_dim_1=1024, decoder_ffn_embed_dim_2=1024, decoder_ffn_embed_dim_3=1024, decoder_ffn_embed_dim_4=1024, decoder_ffn_embed_dim_5=2048, decoder_self_attention_heads_0=4, decoder_self_attention_heads_1=4, decoder_self_attention_heads_2=2, decoder_self_attention_heads_3=2, decoder_self_attention_heads_4=2, decoder_self_attention_heads_5=4, decoder_ende_attention_heads_0=2, decoder_ende_attention_heads_1=4, decoder_ende_attention_heads_2=2, decoder_ende_attention_heads_3=2, decoder_ende_attention_heads_4=4, decoder_ende_attention_heads_5=4, decoder_arbitrary_ende_attn_0=2, decoder_arbitrary_ende_attn_1=2, decoder_arbitrary_ende_attn_2=-1, decoder_arbitrary_ende_attn_3=1, decoder_arbitrary_ende_attn_4=-1, decoder_arbitrary_ende_attn_5=2
| epoch 026:    800 / 1101 loss=4.082, nll_loss=2.689, ppl=6.45, wps=6582, ups=2, wpb=3587.689, bsz=143.401, num_updates=28326, lr=0.000297083, gnorm=1.118, clip=0.000, oom=0.000, wall=16329, train_wall=15132, encoder_embed_dim=640, encoder_layer_num=6, encoder_ffn_embed_dim_0=512, encoder_ffn_embed_dim_1=1024, encoder_ffn_embed_dim_2=512, encoder_ffn_embed_dim_3=512, encoder_ffn_embed_dim_4=2048, encoder_ffn_embed_dim_5=1024, encoder_self_attention_heads_0=2, encoder_self_attention_heads_1=2, encoder_self_attention_heads_2=2, encoder_self_attention_heads_3=2, encoder_self_attention_heads_4=2, encoder_self_attention_heads_5=2, decoder_embed_dim=512, decoder_layer_num=1, decoder_ffn_embed_dim_0=1024, decoder_self_attention_heads_0=2, decoder_ende_attention_heads_0=4, decoder_arbitrary_ende_attn_0=2, decoder_arbitrary_ende_attn_1=2, decoder_arbitrary_ende_attn_2=1, decoder_arbitrary_ende_attn_3=1, decoder_arbitrary_ende_attn_4=2, decoder_arbitrary_ende_attn_5=2
| epoch 026:    900 / 1101 loss=4.078, nll_loss=2.685, ppl=6.43, wps=6588, ups=2, wpb=3583.265, bsz=146.752, num_updates=28426, lr=0.00029656, gnorm=1.115, clip=0.000, oom=0.000, wall=16382, train_wall=15184, encoder_embed_dim=512, encoder_layer_num=6, encoder_ffn_embed_dim_0=512, encoder_ffn_embed_dim_1=1024, encoder_ffn_embed_dim_2=1024, encoder_ffn_embed_dim_3=1024, encoder_ffn_embed_dim_4=1024, encoder_ffn_embed_dim_5=512, encoder_self_attention_heads_0=4, encoder_self_attention_heads_1=2, encoder_self_attention_heads_2=2, encoder_self_attention_heads_3=4, encoder_self_attention_heads_4=4, encoder_self_attention_heads_5=4, decoder_embed_dim=640, decoder_layer_num=4, decoder_ffn_embed_dim_0=512, decoder_ffn_embed_dim_1=1024, decoder_ffn_embed_dim_2=512, decoder_ffn_embed_dim_3=2048, decoder_self_attention_heads_0=2, decoder_self_attention_heads_1=2, decoder_self_attention_heads_2=2, decoder_self_attention_heads_3=4, decoder_ende_attention_heads_0=2, decoder_ende_attention_heads_1=4, decoder_ende_attention_heads_2=2, decoder_ende_attention_heads_3=4, decoder_arbitrary_ende_attn_0=2, decoder_arbitrary_ende_attn_1=-1, decoder_arbitrary_ende_attn_2=1, decoder_arbitrary_ende_attn_3=2, decoder_arbitrary_ende_attn_4=2, decoder_arbitrary_ende_attn_5=-1
| epoch 026:   1000 / 1101 loss=4.079, nll_loss=2.686, ppl=6.43, wps=6586, ups=2, wpb=3589.004, bsz=147.341, num_updates=28526, lr=0.000296039, gnorm=1.111, clip=0.000, oom=0.000, wall=16438, train_wall=15239, encoder_embed_dim=640, encoder_layer_num=6, encoder_ffn_embed_dim_0=1024, encoder_ffn_embed_dim_1=2048, encoder_ffn_embed_dim_2=2048, encoder_ffn_embed_dim_3=512, encoder_ffn_embed_dim_4=1024, encoder_ffn_embed_dim_5=2048, encoder_self_attention_heads_0=4, encoder_self_attention_heads_1=2, encoder_self_attention_heads_2=2, encoder_self_attention_heads_3=2, encoder_self_attention_heads_4=4, encoder_self_attention_heads_5=2, decoder_embed_dim=640, decoder_layer_num=5, decoder_ffn_embed_dim_0=2048, decoder_ffn_embed_dim_1=512, decoder_ffn_embed_dim_2=512, decoder_ffn_embed_dim_3=1024, decoder_ffn_embed_dim_4=1024, decoder_self_attention_heads_0=4, decoder_self_attention_heads_1=2, decoder_self_attention_heads_2=4, decoder_self_attention_heads_3=2, decoder_self_attention_heads_4=2, decoder_ende_attention_heads_0=4, decoder_ende_attention_heads_1=2, decoder_ende_attention_heads_2=2, decoder_ende_attention_heads_3=4, decoder_ende_attention_heads_4=4, decoder_arbitrary_ende_attn_0=-1, decoder_arbitrary_ende_attn_1=2, decoder_arbitrary_ende_attn_2=-1, decoder_arbitrary_ende_attn_3=2, decoder_arbitrary_ende_attn_4=1, decoder_arbitrary_ende_attn_5=1
| epoch 026:   1100 / 1101 loss=4.088, nll_loss=2.697, ppl=6.49, wps=6591, ups=2, wpb=3586.843, bsz=145.540, num_updates=28626, lr=0.000295522, gnorm=1.117, clip=0.000, oom=0.000, wall=16491, train_wall=15291, encoder_embed_dim=640, encoder_layer_num=6, encoder_ffn_embed_dim_0=1024, encoder_ffn_embed_dim_1=1024, encoder_ffn_embed_dim_2=512, encoder_ffn_embed_dim_3=512, encoder_ffn_embed_dim_4=512, encoder_ffn_embed_dim_5=2048, encoder_self_attention_heads_0=2, encoder_self_attention_heads_1=2, encoder_self_attention_heads_2=2, encoder_self_attention_heads_3=2, encoder_self_attention_heads_4=4, encoder_self_attention_heads_5=2, decoder_embed_dim=512, decoder_layer_num=5, decoder_ffn_embed_dim_0=512, decoder_ffn_embed_dim_1=512, decoder_ffn_embed_dim_2=2048, decoder_ffn_embed_dim_3=2048, decoder_ffn_embed_dim_4=512, decoder_self_attention_heads_0=4, decoder_self_attention_heads_1=4, decoder_self_attention_heads_2=4, decoder_self_attention_heads_3=2, decoder_self_attention_heads_4=2, decoder_ende_attention_heads_0=4, decoder_ende_attention_heads_1=2, decoder_ende_attention_heads_2=2, decoder_ende_attention_heads_3=2, decoder_ende_attention_heads_4=2, decoder_arbitrary_ende_attn_0=-1, decoder_arbitrary_ende_attn_1=1, decoder_arbitrary_ende_attn_2=-1, decoder_arbitrary_ende_attn_3=2, decoder_arbitrary_ende_attn_4=2, decoder_arbitrary_ende_attn_5=-1
| epoch 026 | loss 4.088 | nll_loss 2.697 | ppl 6.49 | wps 6590 | ups 2 | wpb 3586.843 | bsz 145.540 | num_updates 28626 | lr 0.000295522 | gnorm 1.117 | clip 0.000 | oom 0.000 | wall 16492 | train_wall 15291
| epoch 026 | validate on 'valid' subset | loss 4.156 | nll_loss 2.580 | ppl 5.98 | num_updates 28626 | best_loss 4.15581 | largest_arbitrary1_loss 4.156 | largest_arbitrary1_nll_loss 2.580
| epoch 026 | validate on 'valid' subset | loss 4.563 | nll_loss 3.045 | ppl 8.26 | num_updates 28626 | best_loss 4.56332 | smallest_arbitrary1_loss 4.563 | smallest_arbitrary1_nll_loss 3.045
| saved checkpoint ../checkpoints/iwslt14_super_full50000_fromscratch/checkpoint26.pt (epoch 26 @ 28626 updates) (writing took 4.757474184036255 seconds)
| epoch 027:    100 / 1101 loss=3.998, nll_loss=2.594, ppl=6.04, wps=6808, ups=1, wpb=3617.931, bsz=156.198, num_updates=28727, lr=0.000295002, gnorm=1.068, clip=0.000, oom=0.000, wall=16574, train_wall=15344, encoder_embed_dim=512, encoder_layer_num=6, encoder_ffn_embed_dim_0=2048, encoder_ffn_embed_dim_1=2048, encoder_ffn_embed_dim_2=512, encoder_ffn_embed_dim_3=512, encoder_ffn_embed_dim_4=512, encoder_ffn_embed_dim_5=2048, encoder_self_attention_heads_0=2, encoder_self_attention_heads_1=4, encoder_self_attention_heads_2=2, encoder_self_attention_heads_3=2, encoder_self_attention_heads_4=2, encoder_self_attention_heads_5=4, decoder_embed_dim=640, decoder_layer_num=1, decoder_ffn_embed_dim_0=1024, decoder_self_attention_heads_0=2, decoder_ende_attention_heads_0=2, decoder_arbitrary_ende_attn_0=-1, decoder_arbitrary_ende_attn_1=2, decoder_arbitrary_ende_attn_2=1, decoder_arbitrary_ende_attn_3=1, decoder_arbitrary_ende_attn_4=-1, decoder_arbitrary_ende_attn_5=2
| epoch 027:    200 / 1101 loss=4.016, nll_loss=2.614, ppl=6.12, wps=6633, ups=1, wpb=3591.801, bsz=151.323, num_updates=28827, lr=0.00029449, gnorm=1.092, clip=0.000, oom=0.000, wall=16629, train_wall=15398, encoder_embed_dim=640, encoder_layer_num=6, encoder_ffn_embed_dim_0=2048, encoder_ffn_embed_dim_1=1024, encoder_ffn_embed_dim_2=2048, encoder_ffn_embed_dim_3=2048, encoder_ffn_embed_dim_4=2048, encoder_ffn_embed_dim_5=2048, encoder_self_attention_heads_0=4, encoder_self_attention_heads_1=2, encoder_self_attention_heads_2=4, encoder_self_attention_heads_3=2, encoder_self_attention_heads_4=4, encoder_self_attention_heads_5=2, decoder_embed_dim=512, decoder_layer_num=3, decoder_ffn_embed_dim_0=2048, decoder_ffn_embed_dim_1=512, decoder_ffn_embed_dim_2=1024, decoder_self_attention_heads_0=2, decoder_self_attention_heads_1=2, decoder_self_attention_heads_2=4, decoder_ende_attention_heads_0=4, decoder_ende_attention_heads_1=2, decoder_ende_attention_heads_2=2, decoder_arbitrary_ende_attn_0=1, decoder_arbitrary_ende_attn_1=1, decoder_arbitrary_ende_attn_2=1, decoder_arbitrary_ende_attn_3=-1, decoder_arbitrary_ende_attn_4=1, decoder_arbitrary_ende_attn_5=-1
| epoch 027:    300 / 1101 loss=4.042, nll_loss=2.644, ppl=6.25, wps=6618, ups=2, wpb=3592.332, bsz=147.691, num_updates=28927, lr=0.00029398, gnorm=1.100, clip=0.000, oom=0.000, wall=16684, train_wall=15451, encoder_embed_dim=512, encoder_layer_num=6, encoder_ffn_embed_dim_0=2048, encoder_ffn_embed_dim_1=1024, encoder_ffn_embed_dim_2=1024, encoder_ffn_embed_dim_3=2048, encoder_ffn_embed_dim_4=512, encoder_ffn_embed_dim_5=512, encoder_self_attention_heads_0=4, encoder_self_attention_heads_1=4, encoder_self_attention_heads_2=2, encoder_self_attention_heads_3=4, encoder_self_attention_heads_4=2, encoder_self_attention_heads_5=4, decoder_embed_dim=512, decoder_layer_num=4, decoder_ffn_embed_dim_0=512, decoder_ffn_embed_dim_1=512, decoder_ffn_embed_dim_2=2048, decoder_ffn_embed_dim_3=1024, decoder_self_attention_heads_0=4, decoder_self_attention_heads_1=4, decoder_self_attention_heads_2=4, decoder_self_attention_heads_3=4, decoder_ende_attention_heads_0=4, decoder_ende_attention_heads_1=2, decoder_ende_attention_heads_2=2, decoder_ende_attention_heads_3=2, decoder_arbitrary_ende_attn_0=1, decoder_arbitrary_ende_attn_1=2, decoder_arbitrary_ende_attn_2=1, decoder_arbitrary_ende_attn_3=-1, decoder_arbitrary_ende_attn_4=2, decoder_arbitrary_ende_attn_5=-1
| epoch 027:    400 / 1101 loss=4.056, nll_loss=2.660, ppl=6.32, wps=6654, ups=2, wpb=3585.027, bsz=147.050, num_updates=29027, lr=0.000293474, gnorm=1.114, clip=0.000, oom=0.000, wall=16736, train_wall=15502, encoder_embed_dim=512, encoder_layer_num=6, encoder_ffn_embed_dim_0=1024, encoder_ffn_embed_dim_1=2048, encoder_ffn_embed_dim_2=1024, encoder_ffn_embed_dim_3=512, encoder_ffn_embed_dim_4=1024, encoder_ffn_embed_dim_5=512, encoder_self_attention_heads_0=2, encoder_self_attention_heads_1=2, encoder_self_attention_heads_2=2, encoder_self_attention_heads_3=2, encoder_self_attention_heads_4=4, encoder_self_attention_heads_5=4, decoder_embed_dim=512, decoder_layer_num=6, decoder_ffn_embed_dim_0=1024, decoder_ffn_embed_dim_1=512, decoder_ffn_embed_dim_2=1024, decoder_ffn_embed_dim_3=512, decoder_ffn_embed_dim_4=2048, decoder_ffn_embed_dim_5=2048, decoder_self_attention_heads_0=4, decoder_self_attention_heads_1=4, decoder_self_attention_heads_2=2, decoder_self_attention_heads_3=2, decoder_self_attention_heads_4=4, decoder_self_attention_heads_5=4, decoder_ende_attention_heads_0=4, decoder_ende_attention_heads_1=4, decoder_ende_attention_heads_2=4, decoder_ende_attention_heads_3=4, decoder_ende_attention_heads_4=2, decoder_ende_attention_heads_5=2, decoder_arbitrary_ende_attn_0=-1, decoder_arbitrary_ende_attn_1=1, decoder_arbitrary_ende_attn_2=-1, decoder_arbitrary_ende_attn_3=-1, decoder_arbitrary_ende_attn_4=1, decoder_arbitrary_ende_attn_5=-1
| epoch 027:    500 / 1101 loss=4.048, nll_loss=2.652, ppl=6.28, wps=6608, ups=2, wpb=3592.148, bsz=148.517, num_updates=29127, lr=0.000292969, gnorm=1.109, clip=0.000, oom=0.000, wall=16793, train_wall=15557, encoder_embed_dim=640, encoder_layer_num=6, encoder_ffn_embed_dim_0=1024, encoder_ffn_embed_dim_1=2048, encoder_ffn_embed_dim_2=1024, encoder_ffn_embed_dim_3=512, encoder_ffn_embed_dim_4=1024, encoder_ffn_embed_dim_5=512, encoder_self_attention_heads_0=2, encoder_self_attention_heads_1=2, encoder_self_attention_heads_2=4, encoder_self_attention_heads_3=4, encoder_self_attention_heads_4=4, encoder_self_attention_heads_5=4, decoder_embed_dim=640, decoder_layer_num=3, decoder_ffn_embed_dim_0=2048, decoder_ffn_embed_dim_1=2048, decoder_ffn_embed_dim_2=1024, decoder_self_attention_heads_0=2, decoder_self_attention_heads_1=4, decoder_self_attention_heads_2=4, decoder_ende_attention_heads_0=2, decoder_ende_attention_heads_1=4, decoder_ende_attention_heads_2=2, decoder_arbitrary_ende_attn_0=1, decoder_arbitrary_ende_attn_1=-1, decoder_arbitrary_ende_attn_2=2, decoder_arbitrary_ende_attn_3=-1, decoder_arbitrary_ende_attn_4=1, decoder_arbitrary_ende_attn_5=-1
| epoch 027:    600 / 1101 loss=4.041, nll_loss=2.643, ppl=6.25, wps=6588, ups=2, wpb=3598.255, bsz=149.496, num_updates=29227, lr=0.000292468, gnorm=1.102, clip=0.000, oom=0.000, wall=16849, train_wall=15612, encoder_embed_dim=512, encoder_layer_num=6, encoder_ffn_embed_dim_0=512, encoder_ffn_embed_dim_1=2048, encoder_ffn_embed_dim_2=512, encoder_ffn_embed_dim_3=512, encoder_ffn_embed_dim_4=512, encoder_ffn_embed_dim_5=1024, encoder_self_attention_heads_0=4, encoder_self_attention_heads_1=4, encoder_self_attention_heads_2=4, encoder_self_attention_heads_3=2, encoder_self_attention_heads_4=2, encoder_self_attention_heads_5=2, decoder_embed_dim=512, decoder_layer_num=6, decoder_ffn_embed_dim_0=2048, decoder_ffn_embed_dim_1=1024, decoder_ffn_embed_dim_2=512, decoder_ffn_embed_dim_3=2048, decoder_ffn_embed_dim_4=1024, decoder_ffn_embed_dim_5=1024, decoder_self_attention_heads_0=4, decoder_self_attention_heads_1=2, decoder_self_attention_heads_2=4, decoder_self_attention_heads_3=4, decoder_self_attention_heads_4=4, decoder_self_attention_heads_5=2, decoder_ende_attention_heads_0=4, decoder_ende_attention_heads_1=4, decoder_ende_attention_heads_2=4, decoder_ende_attention_heads_3=4, decoder_ende_attention_heads_4=2, decoder_ende_attention_heads_5=2, decoder_arbitrary_ende_attn_0=1, decoder_arbitrary_ende_attn_1=1, decoder_arbitrary_ende_attn_2=1, decoder_arbitrary_ende_attn_3=-1, decoder_arbitrary_ende_attn_4=1, decoder_arbitrary_ende_attn_5=-1
| epoch 027:    700 / 1101 loss=4.052, nll_loss=2.655, ppl=6.30, wps=6650, ups=2, wpb=3599.351, bsz=146.852, num_updates=29327, lr=0.000291969, gnorm=1.108, clip=0.000, oom=0.000, wall=16900, train_wall=15662, encoder_embed_dim=640, encoder_layer_num=6, encoder_ffn_embed_dim_0=512, encoder_ffn_embed_dim_1=512, encoder_ffn_embed_dim_2=2048, encoder_ffn_embed_dim_3=512, encoder_ffn_embed_dim_4=2048, encoder_ffn_embed_dim_5=1024, encoder_self_attention_heads_0=2, encoder_self_attention_heads_1=2, encoder_self_attention_heads_2=4, encoder_self_attention_heads_3=2, encoder_self_attention_heads_4=4, encoder_self_attention_heads_5=4, decoder_embed_dim=512, decoder_layer_num=5, decoder_ffn_embed_dim_0=512, decoder_ffn_embed_dim_1=2048, decoder_ffn_embed_dim_2=1024, decoder_ffn_embed_dim_3=512, decoder_ffn_embed_dim_4=2048, decoder_self_attention_heads_0=2, decoder_self_attention_heads_1=2, decoder_self_attention_heads_2=4, decoder_self_attention_heads_3=4, decoder_self_attention_heads_4=2, decoder_ende_attention_heads_0=2, decoder_ende_attention_heads_1=2, decoder_ende_attention_heads_2=4, decoder_ende_attention_heads_3=2, decoder_ende_attention_heads_4=4, decoder_arbitrary_ende_attn_0=2, decoder_arbitrary_ende_attn_1=1, decoder_arbitrary_ende_attn_2=-1, decoder_arbitrary_ende_attn_3=-1, decoder_arbitrary_ende_attn_4=-1, decoder_arbitrary_ende_attn_5=2
| epoch 027:    800 / 1101 loss=4.054, nll_loss=2.657, ppl=6.31, wps=6671, ups=2, wpb=3595.581, bsz=146.975, num_updates=29427, lr=0.000291472, gnorm=1.109, clip=0.000, oom=0.000, wall=16952, train_wall=15713, encoder_embed_dim=640, encoder_layer_num=6, encoder_ffn_embed_dim_0=2048, encoder_ffn_embed_dim_1=1024, encoder_ffn_embed_dim_2=512, encoder_ffn_embed_dim_3=1024, encoder_ffn_embed_dim_4=2048, encoder_ffn_embed_dim_5=1024, encoder_self_attention_heads_0=4, encoder_self_attention_heads_1=4, encoder_self_attention_heads_2=2, encoder_self_attention_heads_3=2, encoder_self_attention_heads_4=2, encoder_self_attention_heads_5=2, decoder_embed_dim=640, decoder_layer_num=4, decoder_ffn_embed_dim_0=2048, decoder_ffn_embed_dim_1=2048, decoder_ffn_embed_dim_2=512, decoder_ffn_embed_dim_3=1024, decoder_self_attention_heads_0=2, decoder_self_attention_heads_1=4, decoder_self_attention_heads_2=2, decoder_self_attention_heads_3=2, decoder_ende_attention_heads_0=2, decoder_ende_attention_heads_1=4, decoder_ende_attention_heads_2=2, decoder_ende_attention_heads_3=4, decoder_arbitrary_ende_attn_0=-1, decoder_arbitrary_ende_attn_1=1, decoder_arbitrary_ende_attn_2=2, decoder_arbitrary_ende_attn_3=1, decoder_arbitrary_ende_attn_4=1, decoder_arbitrary_ende_attn_5=2
| epoch 027:    900 / 1101 loss=4.061, nll_loss=2.665, ppl=6.34, wps=6657, ups=2, wpb=3592.891, bsz=145.881, num_updates=29527, lr=0.000290978, gnorm=1.114, clip=0.000, oom=0.000, wall=17007, train_wall=15767, encoder_embed_dim=640, encoder_layer_num=6, encoder_ffn_embed_dim_0=1024, encoder_ffn_embed_dim_1=512, encoder_ffn_embed_dim_2=1024, encoder_ffn_embed_dim_3=1024, encoder_ffn_embed_dim_4=512, encoder_ffn_embed_dim_5=512, encoder_self_attention_heads_0=4, encoder_self_attention_heads_1=2, encoder_self_attention_heads_2=4, encoder_self_attention_heads_3=4, encoder_self_attention_heads_4=4, encoder_self_attention_heads_5=2, decoder_embed_dim=512, decoder_layer_num=6, decoder_ffn_embed_dim_0=2048, decoder_ffn_embed_dim_1=2048, decoder_ffn_embed_dim_2=2048, decoder_ffn_embed_dim_3=2048, decoder_ffn_embed_dim_4=512, decoder_ffn_embed_dim_5=1024, decoder_self_attention_heads_0=2, decoder_self_attention_heads_1=4, decoder_self_attention_heads_2=4, decoder_self_attention_heads_3=2, decoder_self_attention_heads_4=4, decoder_self_attention_heads_5=2, decoder_ende_attention_heads_0=4, decoder_ende_attention_heads_1=2, decoder_ende_attention_heads_2=4, decoder_ende_attention_heads_3=4, decoder_ende_attention_heads_4=4, decoder_ende_attention_heads_5=4, decoder_arbitrary_ende_attn_0=1, decoder_arbitrary_ende_attn_1=1, decoder_arbitrary_ende_attn_2=2, decoder_arbitrary_ende_attn_3=1, decoder_arbitrary_ende_attn_4=-1, decoder_arbitrary_ende_attn_5=2
| epoch 027:   1000 / 1101 loss=4.063, nll_loss=2.668, ppl=6.35, wps=6662, ups=2, wpb=3586.381, bsz=146.093, num_updates=29627, lr=0.000290487, gnorm=1.117, clip=0.000, oom=0.000, wall=17059, train_wall=15818, encoder_embed_dim=512, encoder_layer_num=6, encoder_ffn_embed_dim_0=512, encoder_ffn_embed_dim_1=2048, encoder_ffn_embed_dim_2=512, encoder_ffn_embed_dim_3=512, encoder_ffn_embed_dim_4=512, encoder_ffn_embed_dim_5=2048, encoder_self_attention_heads_0=2, encoder_self_attention_heads_1=4, encoder_self_attention_heads_2=2, encoder_self_attention_heads_3=2, encoder_self_attention_heads_4=2, encoder_self_attention_heads_5=2, decoder_embed_dim=640, decoder_layer_num=4, decoder_ffn_embed_dim_0=1024, decoder_ffn_embed_dim_1=1024, decoder_ffn_embed_dim_2=1024, decoder_ffn_embed_dim_3=2048, decoder_self_attention_heads_0=4, decoder_self_attention_heads_1=2, decoder_self_attention_heads_2=2, decoder_self_attention_heads_3=2, decoder_ende_attention_heads_0=2, decoder_ende_attention_heads_1=2, decoder_ende_attention_heads_2=4, decoder_ende_attention_heads_3=2, decoder_arbitrary_ende_attn_0=1, decoder_arbitrary_ende_attn_1=2, decoder_arbitrary_ende_attn_2=-1, decoder_arbitrary_ende_attn_3=1, decoder_arbitrary_ende_attn_4=1, decoder_arbitrary_ende_attn_5=1
| epoch 027:   1100 / 1101 loss=4.070, nll_loss=2.676, ppl=6.39, wps=6704, ups=2, wpb=3586.843, bsz=145.540, num_updates=29727, lr=0.000289998, gnorm=1.117, clip=0.000, oom=0.000, wall=17109, train_wall=15867, encoder_embed_dim=512, encoder_layer_num=6, encoder_ffn_embed_dim_0=2048, encoder_ffn_embed_dim_1=512, encoder_ffn_embed_dim_2=2048, encoder_ffn_embed_dim_3=512, encoder_ffn_embed_dim_4=2048, encoder_ffn_embed_dim_5=2048, encoder_self_attention_heads_0=4, encoder_self_attention_heads_1=2, encoder_self_attention_heads_2=4, encoder_self_attention_heads_3=2, encoder_self_attention_heads_4=4, encoder_self_attention_heads_5=2, decoder_embed_dim=512, decoder_layer_num=4, decoder_ffn_embed_dim_0=2048, decoder_ffn_embed_dim_1=1024, decoder_ffn_embed_dim_2=1024, decoder_ffn_embed_dim_3=2048, decoder_self_attention_heads_0=2, decoder_self_attention_heads_1=4, decoder_self_attention_heads_2=4, decoder_self_attention_heads_3=2, decoder_ende_attention_heads_0=4, decoder_ende_attention_heads_1=2, decoder_ende_attention_heads_2=2, decoder_ende_attention_heads_3=2, decoder_arbitrary_ende_attn_0=2, decoder_arbitrary_ende_attn_1=2, decoder_arbitrary_ende_attn_2=1, decoder_arbitrary_ende_attn_3=2, decoder_arbitrary_ende_attn_4=2, decoder_arbitrary_ende_attn_5=-1
| epoch 027 | loss 4.070 | nll_loss 2.676 | ppl 6.39 | wps 6703 | ups 2 | wpb 3586.843 | bsz 145.540 | num_updates 29727 | lr 0.000289998 | gnorm 1.117 | clip 0.000 | oom 0.000 | wall 17109 | train_wall 15867
| epoch 027 | validate on 'valid' subset | loss 4.136 | nll_loss 2.565 | ppl 5.92 | num_updates 29727 | best_loss 4.13572 | largest_arbitrary1_loss 4.136 | largest_arbitrary1_nll_loss 2.565
| epoch 027 | validate on 'valid' subset | loss 4.547 | nll_loss 3.023 | ppl 8.13 | num_updates 29727 | best_loss 4.54678 | smallest_arbitrary1_loss 4.547 | smallest_arbitrary1_nll_loss 3.023
| saved checkpoint ../checkpoints/iwslt14_super_full50000_fromscratch/checkpoint27.pt (epoch 27 @ 29727 updates) (writing took 4.33322286605835 second| e| epoch 028:    100 / 1101 loss=4.002, nll_loss=2.596, ppl=6.05, wps=6714, ups=1, wpb=3629.307, bsz=143.129, num_updates=29828, lr=0.000289506, gnorm=1.084, clip=0.000, oom=0.000, wall=17192, train_wall=15920, encoder_embed_dim=640, encoder_layer_num=6, encoder_ffn_embed_dim_0=512, encoder_ffn_embed_dim_1=2048, encoder_ffn_embed_dim_2=512, encoder_ffn_embed_dim_3=512, encoder_ffn_embed_dim_4=512, encoder_ffn_embed_dim_5=1024, encoder_self_attention_heads_0=2, encoder_self_attention_heads_1=2, encoder_self_attention_heads_2=4, encoder_self_attention_heads_3=2, encoder_self_attention_heads_4=2, encoder_self_attention_heads_5=4, decoder_embed_dim=512, decoder_layer_num=4, decoder_ffn_embed_dim_0=1024, decoder_ffn_embed_dim_1=512, decoder_ffn_embed_dim_2=2048, decoder_ffn_embed_dim_3=512, decoder_self_attention_heads_0=2, decoder_self_attention_heads_1=4, decoder_self_attention_heads_2=2, decoder_self_attention_heads_3=4, decoder_ende_attention_heads_0=4, decoder_ende_attention_heads_1=2, decoder_ende_attention_heads_2=4, decoder_ende_attention_heads_3=4, decoder_arbitrary_ende_attn_0=-1, decoder_arbitrary_ende_attn_1=1, decoder_arbitrary_ende_attn_2=1, decoder_arbitrary_ende_attn_3=-1, decoder_arbitrary_ende_attn_4=2, decoder_arbitrary_ende_attn_5=| e| epoch 028:    200 / 1101 loss=4.000, nll_loss=2.595, ppl=6.04, wps=6586, ups=1, wpb=3613.791, bsz=145.831, num_updates=29928, lr=0.000289022, gnorm=1.091, clip=0.000, oom=0.000, wall=17248, train_wall=15975, encoder_embed_dim=640, encoder_layer_num=6, encoder_ffn_embed_dim_0=2048, encoder_ffn_embed_dim_1=512, encoder_ffn_embed_dim_2=2048, encoder_ffn_embed_dim_3=512, encoder_ffn_embed_dim_4=512, encoder_ffn_embed_dim_5=2048, encoder_self_attention_heads_0=2, encoder_self_attention_heads_1=4, encoder_self_attention_heads_2=4, encoder_self_attention_heads_3=4, encoder_self_attention_heads_4=2, encoder_self_attention_heads_5=4, decoder_embed_dim=640, decoder_layer_num=4, decoder_ffn_embed_dim_0=512, decoder_ffn_embed_dim_1=512, decoder_ffn_embed_dim_2=512, decoder_ffn_embed_dim_3=512, decoder_self_attention_heads_0=4, decoder_self_attention_heads_1=2, decoder_self_attention_heads_2=4, decoder_self_attention_heads_3=2, decoder_ende_attention_heads_0=2, decoder_ende_attention_heads_1=2, decoder_ende_attention_heads_2=2, decoder_ende_attention_heads_3=4, decoder_arbitrary_ende_attn_0=-1, decoder_arbitrary_ende_attn_1=2, decoder_arbitrary_ende_attn_2=-1, decoder_arbitrary_ende_attn_3=2, decoder_arbitrary_ende_attn_4=-1, decoder_arbitrary_ende_attn_5=| e| epoch 028 | validate on 'valid' subset | loss 4.153 | nll_loss 2.576 | ppl 5.96 | num_updates 30000 | best_loss 4.15312 | largest_arbitrary1_loss 4.153 | largest_arbitrary1_nll_loss 2.576
| epoch 028 | validate on 'valid' subset | loss 4.534 | nll_loss 3.019 | ppl 8.11 | num_updates 30000 | best_loss 4.53374 | smallest_arbitrary1_loss 4.534 | smallest_arbitrary1_nll_loss 3.019
| saved checkpoint ../checkpoints/iwslt14_super_full50000_fromscratch/checkpoint_28_30000.pt (epoch 28 @ 30000 updates) (writing took 4.296231985092163 seconds)
| epoch 028:    300 / 1101 loss=4.001, nll_loss=2.597, ppl=6.05, wps=5627, ups=1, wpb=3601.163, bsz=146.658, num_updates=30028, lr=0.000288541, gnorm=1.098, clip=0.000, oom=0.000, wall=17330, train_wall=16027, encoder_embed_dim=512, encoder_layer_num=6, encoder_ffn_embed_dim_0=2048, encoder_ffn_embed_dim_1=1024, encoder_ffn_embed_dim_2=512, encoder_ffn_embed_dim_3=512, encoder_ffn_embed_dim_4=2048, encoder_ffn_embed_dim_5=1024, encoder_self_attention_heads_0=4, encoder_self_attention_heads_1=2, encoder_self_attention_heads_2=2, encoder_self_attention_heads_3=4, encoder_self_attention_heads_4=2, encoder_self_attention_heads_5=2, decoder_embed_dim=640, decoder_layer_num=6, decoder_ffn_embed_dim_0=2048, decoder_ffn_embed_dim_1=1024, decoder_ffn_embed_dim_2=1024, decoder_ffn_embed_dim_3=2048, decoder_ffn_embed_dim_4=512, decoder_ffn_embed_dim_5=1024, decoder_self_attention_heads_0=2, decoder_self_attention_heads_1=2, decoder_self_attention_heads_2=2, decoder_self_attention_heads_3=2, decoder_self_attention_heads_4=2, decoder_self_attention_heads_5=4, decoder_ende_attention_heads_0=2, decoder_ende_attention_heads_1=2, decoder_ende_attention_heads_2=2, decoder_ende_attention_heads_3=4, decoder_ende_attention_heads_4=2, decoder_ende_attention_heads_5=4, decoder_arbitrary_ende_attn_0=2, decoder_arbitrary_ende_attn_1=-1, decoder_arbitrary_ende_attn_2=-1, decoder_arbitrary_ende_attn_3=2, decoder_arbitrary_ende_attn_4=1, decoder_arbitrary_ende_attn_5=1
| epoch 028:    400 / 1101 loss=4.021, nll_loss=2.621, ppl=6.15, wps=5844, ups=1, wpb=3574.805, bsz=142.761, num_updates=30128, lr=0.000288061, gnorm=1.115, clip=0.000, oom=0.000, wall=17383, train_wall=16079, encoder_embed_dim=640, encoder_layer_num=6, encoder_ffn_embed_dim_0=512, encoder_ffn_embed_dim_1=512, encoder_ffn_embed_dim_2=1024, encoder_ffn_embed_dim_3=512, encoder_ffn_embed_dim_4=1024, encoder_ffn_embed_dim_5=1024, encoder_self_attention_heads_0=2, encoder_self_attention_heads_1=4, encoder_self_attention_heads_2=2, encoder_self_attention_heads_3=2, encoder_self_attention_heads_4=4, encoder_self_attention_heads_5=2, decoder_embed_dim=512, decoder_layer_num=6, decoder_ffn_embed_dim_0=1024, decoder_ffn_embed_dim_1=2048, decoder_ffn_embed_dim_2=512, decoder_ffn_embed_dim_3=2048, decoder_ffn_embed_dim_4=2048, decoder_ffn_embed_dim_5=1024, decoder_self_attention_heads_0=2, decoder_self_attention_heads_1=4, decoder_self_attention_heads_2=2, decoder_self_attention_heads_3=2, decoder_self_attention_heads_4=2, decoder_self_attention_heads_5=4, decoder_ende_attention_heads_0=4, decoder_ende_attention_heads_1=2, decoder_ende_attention_heads_2=2, decoder_ende_attention_heads_3=4, decoder_ende_attention_heads_4=4, decoder_ende_attention_heads_5=2, decoder_arbitrary_ende_attn_0=-1, decoder_arbitrary_ende_attn_1=1, decoder_arbitrary_ende_attn_2=-1, decoder_arbitrary_ende_attn_3=2, decoder_arbitrary_ende_attn_4=1, decoder_arbitrary_ende_attn_5=1
| epoch 028:    500 / 1101 loss=4.030, nll_loss=2.631, ppl=6.19, wps=5989, ups=2, wpb=3577.100, bsz=141.363, num_updates=30228, lr=0.000287584, gnorm=1.115, clip=0.000, oom=0.000, wall=17437, train_wall=16132, encoder_embed_dim=512, encoder_layer_num=6, encoder_ffn_embed_dim_0=2048, encoder_ffn_embed_dim_1=1024, encoder_ffn_embed_dim_2=1024, encoder_ffn_embed_dim_3=2048, encoder_ffn_embed_dim_4=512, encoder_ffn_embed_dim_5=2048, encoder_self_attention_heads_0=4, encoder_self_attention_heads_1=4, encoder_self_attention_heads_2=2, encoder_self_attention_heads_3=4, encoder_self_attention_heads_4=4, encoder_self_attention_heads_5=4, decoder_embed_dim=640, decoder_layer_num=5, decoder_ffn_embed_dim_0=512, decoder_ffn_embed_dim_1=1024, decoder_ffn_embed_dim_2=2048, decoder_ffn_embed_dim_3=512, decoder_ffn_embed_dim_4=2048, decoder_self_attention_heads_0=4, decoder_self_attention_heads_1=2, decoder_self_attention_heads_2=2, decoder_self_attention_heads_3=2, decoder_self_attention_heads_4=4, decoder_ende_attention_heads_0=2, decoder_ende_attention_heads_1=2, decoder_ende_attention_heads_2=4, decoder_ende_attention_heads_3=4, decoder_ende_attention_heads_4=2, decoder_arbitrary_ende_attn_0=-1, decoder_arbitrary_ende_attn_1=2, decoder_arbitrary_ende_attn_2=2, decoder_arbitrary_ende_attn_3=2, decoder_arbitrary_ende_attn_4=2, decoder_arbitrary_ende_attn_5=-1
| epoch 028:    600 / 1101 loss=4.035, nll_loss=2.636, ppl=6.22, wps=6087, ups=2, wpb=3583.757, bsz=142.428, num_updates=30328, lr=0.00028711, gnorm=1.111, clip=0.000, oom=0.000, wall=17491, train_wall=16185, encoder_embed_dim=640, encoder_layer_num=6, encoder_ffn_embed_dim_0=2048, encoder_ffn_embed_dim_1=1024, encoder_ffn_embed_dim_2=2048, encoder_ffn_embed_dim_3=2048, encoder_ffn_embed_dim_4=2048, encoder_ffn_embed_dim_5=2048, encoder_self_attention_heads_0=4, encoder_self_attention_heads_1=2, encoder_self_attention_heads_2=2, encoder_self_attention_heads_3=4, encoder_self_attention_heads_4=2, encoder_self_attention_heads_5=4, decoder_embed_dim=512, decoder_layer_num=1, decoder_ffn_embed_dim_0=512, decoder_self_attention_heads_0=2, decoder_ende_attention_heads_0=2, decoder_arbitrary_ende_attn_0=2, decoder_arbitrary_ende_attn_1=2, decoder_arbitrary_ende_attn_2=-1, decoder_arbitrary_ende_attn_3=-1, decoder_arbitrary_ende_attn_4=2, decoder_arbitrary_ende_attn_5=1
| epoch 028:    700 / 1101 loss=4.039, nll_loss=2.641, ppl=6.24, wps=6179, ups=2, wpb=3582.728, bsz=144.021, num_updates=30428, lr=0.000286638, gnorm=1.113, clip=0.000, oom=0.000, wall=17544, train_wall=16237, encoder_embed_dim=640, encoder_layer_num=6, encoder_ffn_embed_dim_0=2048, encoder_ffn_embed_dim_1=2048, encoder_ffn_embed_dim_2=512, encoder_ffn_embed_dim_3=512, encoder_ffn_embed_dim_4=2048, encoder_ffn_embed_dim_5=2048, encoder_self_attention_heads_0=2, encoder_self_attention_heads_1=2, encoder_self_attention_heads_2=2, encoder_self_attention_heads_3=2, encoder_self_attention_heads_4=4, encoder_self_attention_heads_5=4, decoder_embed_dim=512, decoder_layer_num=5, decoder_ffn_embed_dim_0=512, decoder_ffn_embed_dim_1=512, decoder_ffn_embed_dim_2=512, decoder_ffn_embed_dim_3=512, decoder_ffn_embed_dim_4=2048, decoder_self_attention_heads_0=2, decoder_self_attention_heads_1=4, decoder_self_attention_heads_2=4, decoder_self_attention_heads_3=2, decoder_self_attention_heads_4=4, decoder_ende_attention_heads_0=2, decoder_ende_attention_heads_1=2, decoder_ende_attention_heads_2=2, decoder_ende_attention_heads_3=2, decoder_ende_attention_heads_4=2, decoder_arbitrary_ende_attn_0=1, decoder_arbitrary_ende_attn_1=-1, decoder_arbitrary_ende_attn_2=-1, decoder_arbitrary_ende_attn_3=1, decoder_arbitrary_ende_attn_4=-1, decoder_arbitrary_ende_attn_5=2
| epoch 028:    800 / 1101 loss=4.044, nll_loss=2.646, ppl=6.26, wps=6237, ups=2, wpb=3584.757, bsz=143.210, num_updates=30528, lr=0.000286168, gnorm=1.113, clip=0.000, oom=0.000, wall=17598, train_wall=16290, encoder_embed_dim=640, encoder_layer_num=6, encoder_ffn_embed_dim_0=1024, encoder_ffn_embed_dim_1=1024, encoder_ffn_embed_dim_2=512, encoder_ffn_embed_dim_3=1024, encoder_ffn_embed_dim_4=512, encoder_ffn_embed_dim_5=2048, encoder_self_attention_heads_0=4, encoder_self_attention_heads_1=2, encoder_self_attention_heads_2=2, encoder_self_attention_heads_3=2, encoder_self_attention_heads_4=4, encoder_self_attention_heads_5=4, decoder_embed_dim=640, decoder_layer_num=1, decoder_ffn_embed_dim_0=1024, decoder_self_attention_heads_0=4, decoder_ende_attention_heads_0=4, decoder_arbitrary_ende_attn_0=2, decoder_arbitrary_ende_attn_1=-1, decoder_arbitrary_ende_attn_2=-1, decoder_arbitrary_ende_attn_3=2, decoder_arbitrary_ende_attn_4=2, decoder_arbitrary_ende_attn_5=-1
| epoch 028:    900 / 1101 loss=4.039, nll_loss=2.641, ppl=6.24, wps=6256, ups=2, wpb=3586.769, bsz=143.368, num_updates=30628, lr=0.0002857, gnorm=1.110, clip=0.000, oom=0.000, wall=17654, train_wall=16344, encoder_embed_dim=512, encoder_layer_num=6, encoder_ffn_embed_dim_0=512, encoder_ffn_embed_dim_1=512, encoder_ffn_embed_dim_2=512, encoder_ffn_embed_dim_3=2048, encoder_ffn_embed_dim_4=512, encoder_ffn_embed_dim_5=1024, encoder_self_attention_heads_0=4, encoder_self_attention_heads_1=2, encoder_self_attention_heads_2=2, encoder_self_attention_heads_3=4, encoder_self_attention_heads_4=4, encoder_self_attention_heads_5=4, decoder_embed_dim=512, decoder_layer_num=4, decoder_ffn_embed_dim_0=1024, decoder_ffn_embed_dim_1=2048, decoder_ffn_embed_dim_2=2048, decoder_ffn_embed_dim_3=1024, decoder_self_attention_heads_0=2, decoder_self_attention_heads_1=2, decoder_self_attention_heads_2=2, decoder_self_attention_heads_3=2, decoder_ende_attention_heads_0=2, decoder_ende_attention_heads_1=4, decoder_ende_attention_heads_2=4, decoder_ende_attention_heads_3=2, decoder_arbitrary_ende_attn_0=-1, decoder_arbitrary_ende_attn_1=1, decoder_arbitrary_ende_attn_2=2, decoder_arbitrary_ende_attn_3=-1, decoder_arbitrary_ende_attn_4=2, decoder_arbitrary_ende_attn_5=2
| epoch 028:   1000 / 1101 loss=4.040, nll_loss=2.642, ppl=6.24, wps=6328, ups=2, wpb=3587.802, bsz=144.566, num_updates=30728, lr=0.000285235, gnorm=1.107, clip=0.000, oom=0.000, wall=17705, train_wall=16394, encoder_embed_dim=512, encoder_layer_num=6, encoder_ffn_embed_dim_0=512, encoder_ffn_embed_dim_1=2048, encoder_ffn_embed_dim_2=512, encoder_ffn_embed_dim_3=512, encoder_ffn_embed_dim_4=1024, encoder_ffn_embed_dim_5=1024, encoder_self_attention_heads_0=4, encoder_self_attention_heads_1=2, encoder_self_attention_heads_2=2, encoder_self_attention_heads_3=4, encoder_self_attention_heads_4=4, encoder_self_attention_heads_5=2, decoder_embed_dim=512, decoder_layer_num=2, decoder_ffn_embed_dim_0=2048, decoder_ffn_embed_dim_1=2048, decoder_self_attention_heads_0=4, decoder_self_attention_heads_1=4, decoder_ende_attention_heads_0=2, decoder_ende_attention_heads_1=2, decoder_arbitrary_ende_attn_0=1, decoder_arbitrary_ende_attn_1=1, decoder_arbitrary_ende_attn_2=2, decoder_arbitrary_ende_attn_3=1, decoder_arbitrary_ende_attn_4=1, decoder_arbitrary_ende_attn_5=2
| epoch 028:   1100 / 1101 loss=4.044, nll_loss=2.647, ppl=6.26, wps=6377, ups=2, wpb=3586.843, bsz=145.540, num_updates=30828, lr=0.000284772, gnorm=1.110, clip=0.000, oom=0.000, wall=17757, train_wall=16445, encoder_embed_dim=512, encoder_layer_num=6, encoder_ffn_embed_dim_0=2048, encoder_ffn_embed_dim_1=512, encoder_ffn_embed_dim_2=1024, encoder_ffn_embed_dim_3=1024, encoder_ffn_embed_dim_4=512, encoder_ffn_embed_dim_5=512, encoder_self_attention_heads_0=2, encoder_self_attention_heads_1=4, encoder_self_attention_heads_2=2, encoder_self_attention_heads_3=2, encoder_self_attention_heads_4=4, encoder_self_attention_heads_5=4, decoder_embed_dim=640, decoder_layer_num=6, decoder_ffn_embed_dim_0=512, decoder_ffn_embed_dim_1=512, decoder_ffn_embed_dim_2=512, decoder_ffn_embed_dim_3=2048, decoder_ffn_embed_dim_4=1024, decoder_ffn_embed_dim_5=512, decoder_self_attention_heads_0=2, decoder_self_attention_heads_1=4, decoder_self_attention_heads_2=2, decoder_self_attention_heads_3=4, decoder_self_attention_heads_4=4, decoder_self_attention_heads_5=2, decoder_ende_attention_heads_0=2, decoder_ende_attention_heads_1=2, decoder_ende_attention_heads_2=4, decoder_ende_attention_heads_3=4, decoder_ende_attention_heads_4=4, decoder_ende_attention_heads_5=4, decoder_arbitrary_ende_attn_0=1, decoder_arbitrary_ende_attn_1=-1, decoder_arbitrary_ende_attn_2=2, decoder_arbitrary_ende_attn_3=2, decoder_arbitrary_ende_attn_4=1, decoder_arbitrary_ende_attn_5=2
| epoch 028 | loss 4.044 | nll_loss 2.647 | ppl 6.26 | wps 6375 | ups 2 | wpb 3586.843 | bsz 145.540 | num_updates 30828 | lr 0.000284772 | gnorm 1.110 | clip 0.000 | oom 0.000 | wall 17757 | train_wall 16445
| epoch 028 | validate on 'valid' subset | loss 4.128 | nll_loss 2.582 | ppl 5.99 | num_updates 30828 | best_loss 4.12821 | largest_arbitrary1_loss 4.128 | largest_arbitrary1_nll_loss 2.582
| epoch 028 | validate on 'valid' subset | loss 4.553 | nll_loss 3.026 | ppl 8.15 | num_updates 30828 | best_loss 4.53374 | smallest_arbitrary1_loss 4.553 | smallest_arbitrary1_nll_loss 3.026
| saved checkpoint ../checkpoints/iwslt14_super_full50000_fromscratch/checkpoint28.pt (epoch 28 @ 30828 updates) (writing took 3.4603512287139893 secon| ep| epoch 029:    100 / 1101 loss=3.957, nll_loss=2.547, ppl=5.85, wps=6416, ups=1, wpb=3608.218, bsz=148.911, num_updates=30929, lr=0.000284307, gnorm=1.116, clip=0.000, oom=0.000, wall=17842, train_wall=16500, encoder_embed_dim=512, encoder_layer_num=6, encoder_ffn_embed_dim_0=1024, encoder_ffn_embed_dim_1=1024, encoder_ffn_embed_dim_2=512, encoder_ffn_embed_dim_3=1024, encoder_ffn_embed_dim_4=2048, encoder_ffn_embed_dim_5=2048, encoder_self_attention_heads_0=4, encoder_self_attention_heads_1=2, encoder_self_attention_heads_2=2, encoder_self_attention_heads_3=4, encoder_self_attention_heads_4=4, encoder_self_attention_heads_5=4, decoder_embed_dim=512, decoder_layer_num=2, decoder_ffn_embed_dim_0=2048, decoder_ffn_embed_dim_1=1024, decoder_self_attention_heads_0=2, decoder_self_attention_heads_1=2, decoder_ende_attention_heads_0=2, decoder_ende_attention_heads_1=2, decoder_arbitrary_ende_attn_0=-1, decoder_arbitrary_ende_attn_1=2, decoder_arbitrary_ende_attn_2=2, decoder_arbitrary_ende_attn_3=2, decoder_arbitrary_ende_attn_4=-1, decoder_arbitrary_ende_attn_5| ep| epoch 029:    200 / 1101 loss=3.978, nll_loss=2.572, ppl=5.95, wps=6392, ups=1, wpb=3581.204, bsz=140.617, num_updates=31029, lr=0.000283848, gnorm=1.116, clip=0.000, oom=0.000, wall=17898, train_wall=16555, encoder_embed_dim=640, encoder_layer_num=6, encoder_ffn_embed_dim_0=1024, encoder_ffn_embed_dim_1=2048, encoder_ffn_embed_dim_2=2048, encoder_ffn_embed_dim_3=2048, encoder_ffn_embed_dim_4=512, encoder_ffn_embed_dim_5=1024, encoder_self_attention_heads_0=2, encoder_self_attention_heads_1=2, encoder_self_attention_heads_2=4, encoder_self_attention_heads_3=4, encoder_self_attention_heads_4=2, encoder_self_attention_heads_5=2, decoder_embed_dim=512, decoder_layer_num=2, decoder_ffn_embed_dim_0=1024, decoder_ffn_embed_dim_1=512, decoder_self_attention_heads_0=4, decoder_self_attention_heads_1=2, decoder_ende_attention_heads_0=4, decoder_ende_attention_heads_1=4, decoder_arbitrary_ende_attn_0=1, decoder_arbitrary_ende_attn_1=2, decoder_arbitrary_ende_attn_2=1, decoder_arbitrary_ende_attn_3=-1, decoder_arbitrary_ende_attn_4=-1, decoder_arbitrary_ende_attn_5=2
| epoch 029:    300 / 1101 loss=3.981, nll_loss=2.574, ppl=5.96, wps=6434, ups=2, wpb=3577.917, bsz=143.468, num_updates=31129, lr=0.000283392, gnorm=1.119, clip=0.000, oom=0.000, wall=17953, train_wall=16609, encoder_embed_dim=512, encoder_layer_num=6, encoder_ffn_embed_dim_0=2048, encoder_ffn_embed_dim_1=2048, encoder_ffn_embed_dim_2=1024, encoder_ffn_embed_dim_3=1024, encoder_ffn_embed_dim_4=2048, encoder_ffn_embed_dim_5=512, encoder_self_attention_heads_0=4, encoder_self_attention_heads_1=4, encoder_self_attention_heads_2=2, encoder_self_attention_heads_3=2, encoder_self_attention_heads_4=4, encoder_self_attention_heads_5=4, decoder_embed_dim=640, decoder_layer_num=4, decoder_ffn_embed_dim_0=512, decoder_ffn_embed_dim_1=1024, decoder_ffn_embed_dim_2=1024, decoder_ffn_embed_dim_3=1024, decoder_self_attention_heads_0=2, decoder_self_attention_heads_1=4, decoder_self_attention_heads_2=2, decoder_self_attention_heads_3=2, decoder_ende_attention_heads_0=4, decoder_ende_attention_heads_1=4, decoder_ende_attention_heads_2=2, decoder_ende_attention_heads_3=4, decoder_arbitrary_ende_attn_0=2, decoder_arbitrary_ende_attn_1=-1, decoder_arbitrary_ende_attn_2=1, decoder_arbitrary_ende_attn_3=2, decoder_arbitrary_ende_attn_4=1, decoder_arbitrary_ende_attn_5=1
| epoch 029:    400 / 1101 loss=3.994, nll_loss=2.589, ppl=6.02, wps=6522, ups=2, wpb=3579.262, bsz=143.342, num_updates=31229, lr=0.000282938, gnorm=1.122, clip=0.000, oom=0.000, wall=18006, train_wall=16660, encoder_embed_dim=512, encoder_layer_num=6, encoder_ffn_embed_dim_0=2048, encoder_ffn_embed_dim_1=512, encoder_ffn_embed_dim_2=512, encoder_ffn_embed_dim_3=2048, encoder_ffn_embed_dim_4=512, encoder_ffn_embed_dim_5=1024, encoder_self_attention_heads_0=4, encoder_self_attention_heads_1=4, encoder_self_attention_heads_2=4, encoder_self_attention_heads_3=4, encoder_self_attention_heads_4=4, encoder_self_attention_heads_5=2, decoder_embed_dim=512, decoder_layer_num=2, decoder_ffn_embed_dim_0=1024, decoder_ffn_embed_dim_1=2048, decoder_self_attention_heads_0=4, decoder_self_attention_heads_1=2, decoder_ende_attention_heads_0=4, decoder_ende_attention_heads_1=4, decoder_arbitrary_ende_attn_0=-1, decoder_arbitrary_ende_attn_1=2, decoder_arbitrary_ende_attn_2=-1, decoder_arbitrary_ende_attn_3=-1, decoder_arbitrary_ende_attn_4=1, decoder_arbitrary_ende_attn_5=1
| epoch 029:    500 / 1101 loss=3.989, nll_loss=2.584, ppl=6.00, wps=6492, ups=2, wpb=3575.196, bsz=145.741, num_updates=31329, lr=0.000282486, gnorm=1.117, clip=0.000, oom=0.000, wall=18061, train_wall=16715, encoder_embed_dim=640, encoder_layer_num=6, encoder_ffn_embed_dim_0=2048, encoder_ffn_embed_dim_1=1024, encoder_ffn_embed_dim_2=2048, encoder_ffn_embed_dim_3=512, encoder_ffn_embed_dim_4=2048, encoder_ffn_embed_dim_5=1024, encoder_self_attention_heads_0=4, encoder_self_attention_heads_1=4, encoder_self_attention_heads_2=2, encoder_self_attention_heads_3=4, encoder_self_attention_heads_4=4, encoder_self_attention_heads_5=2, decoder_embed_dim=640, decoder_layer_num=3, decoder_ffn_embed_dim_0=1024, decoder_ffn_embed_dim_1=2048, decoder_ffn_embed_dim_2=512, decoder_self_attention_heads_0=4, decoder_self_attention_heads_1=4, decoder_self_attention_heads_2=4, decoder_ende_attention_heads_0=2, decoder_ende_attention_heads_1=2, decoder_ende_attention_heads_2=4, decoder_arbitrary_ende_attn_0=2, decoder_arbitrary_ende_attn_1=2, decoder_arbitrary_ende_attn_2=1, decoder_arbitrary_ende_attn_3=-1, decoder_arbitrary_ende_attn_4=-1, decoder_arbitrary_ende_attn_5=1
| epoch 029:    600 / 1101 loss=3.986, nll_loss=2.580, ppl=5.98, wps=6519, ups=2, wpb=3586.506, bsz=148.020, num_updates=31429, lr=0.000282036, gnorm=1.108, clip=0.000, oom=0.000, wall=18116, train_wall=16768, encoder_embed_dim=512, encoder_layer_num=6, encoder_ffn_embed_dim_0=512, encoder_ffn_embed_dim_1=2048, encoder_ffn_embed_dim_2=2048, encoder_ffn_embed_dim_3=512, encoder_ffn_embed_dim_4=512, encoder_ffn_embed_dim_5=2048, encoder_self_attention_heads_0=2, encoder_self_attention_heads_1=4, encoder_self_attention_heads_2=2, encoder_self_attention_heads_3=2, encoder_self_attention_heads_4=2, encoder_self_attention_heads_5=4, decoder_embed_dim=640, decoder_layer_num=2, decoder_ffn_embed_dim_0=2048, decoder_ffn_embed_dim_1=1024, decoder_self_attention_heads_0=4, decoder_self_attention_heads_1=4, decoder_ende_attention_heads_0=2, decoder_ende_attention_heads_1=2, decoder_arbitrary_ende_attn_0=-1, decoder_arbitrary_ende_attn_1=-1, decoder_arbitrary_ende_attn_2=2, decoder_arbitrary_ende_attn_3=2, decoder_arbitrary_ende_attn_4=2, decoder_arbitrary_ende_attn_5=1
| epoch 029:    700 / 1101 loss=3.995, nll_loss=2.591, ppl=6.03, wps=6579, ups=2, wpb=3595.974, bsz=146.830, num_updates=31529, lr=0.000281588, gnorm=1.108, clip=0.000, oom=0.000, wall=18169, train_wall=16820, encoder_embed_dim=512, encoder_layer_num=6, encoder_ffn_embed_dim_0=512, encoder_ffn_embed_dim_1=512, encoder_ffn_embed_dim_2=1024, encoder_ffn_embed_dim_3=1024, encoder_ffn_embed_dim_4=2048, encoder_ffn_embed_dim_5=1024, encoder_self_attention_heads_0=2, encoder_self_attention_heads_1=4, encoder_self_attention_heads_2=2, encoder_self_attention_heads_3=2, encoder_self_attention_heads_4=2, encoder_self_attention_heads_5=4, decoder_embed_dim=640, decoder_layer_num=4, decoder_ffn_embed_dim_0=512, decoder_ffn_embed_dim_1=512, decoder_ffn_embed_dim_2=512, decoder_ffn_embed_dim_3=1024, decoder_self_attention_heads_0=2, decoder_self_attention_heads_1=4, decoder_self_attention_heads_2=2, decoder_self_attention_heads_3=4, decoder_ende_attention_heads_0=2, decoder_ende_attention_heads_1=2, decoder_ende_attention_heads_2=2, decoder_ende_attention_heads_3=4, decoder_arbitrary_ende_attn_0=-1, decoder_arbitrary_ende_attn_1=2, decoder_arbitrary_ende_attn_2=1, decoder_arbitrary_ende_attn_3=-1, decoder_arbitrary_ende_attn_4=-1, decoder_arbitrary_ende_attn_5=-1
| epoch 029:    800 / 1101 loss=4.009, nll_loss=2.606, ppl=6.09, wps=6595, ups=2, wpb=3589.272, bsz=145.077, num_updates=31629, lr=0.000281143, gnorm=1.114, clip=0.000, oom=0.000, wall=18221, train_wall=16871, encoder_embed_dim=640, encoder_layer_num=6, encoder_ffn_embed_dim_0=2048, encoder_ffn_embed_dim_1=1024, encoder_ffn_embed_dim_2=2048, encoder_ffn_embed_dim_3=1024, encoder_ffn_embed_dim_4=1024, encoder_ffn_embed_dim_5=1024, encoder_self_attention_heads_0=4, encoder_self_attention_heads_1=2, encoder_self_attention_heads_2=2, encoder_self_attention_heads_3=4, encoder_self_attention_heads_4=2, encoder_self_attention_heads_5=4, decoder_embed_dim=512, decoder_layer_num=4, decoder_ffn_embed_dim_0=2048, decoder_ffn_embed_dim_1=2048, decoder_ffn_embed_dim_2=512, decoder_ffn_embed_dim_3=512, decoder_self_attention_heads_0=2, decoder_self_attention_heads_1=2, decoder_self_attention_heads_2=2, decoder_self_attention_heads_3=2, decoder_ende_attention_heads_0=2, decoder_ende_attention_heads_1=2, decoder_ende_attention_heads_2=4, decoder_ende_attention_heads_3=4, decoder_arbitrary_ende_attn_0=1, decoder_arbitrary_ende_attn_1=1, decoder_arbitrary_ende_attn_2=1, decoder_arbitrary_ende_attn_3=1, decoder_arbitrary_ende_attn_4=2, decoder_arbitrary_ende_attn_5=2
| epoch 029:    900 / 1101 loss=4.013, nll_loss=2.611, ppl=6.11, wps=6579, ups=2, wpb=3588.814, bsz=145.295, num_updates=31729, lr=0.0002807, gnorm=1.115, clip=0.000, oom=0.000, wall=18277, train_wall=16926, encoder_embed_dim=640, encoder_layer_num=6, encoder_ffn_embed_dim_0=512, encoder_ffn_embed_dim_1=2048, encoder_ffn_embed_dim_2=1024, encoder_ffn_embed_dim_3=1024, encoder_ffn_embed_dim_4=512, encoder_ffn_embed_dim_5=2048, encoder_self_attention_heads_0=4, encoder_self_attention_heads_1=2, encoder_self_attention_heads_2=2, encoder_self_attention_heads_3=4, encoder_self_attention_heads_4=2, encoder_self_attention_heads_5=2, decoder_embed_dim=512, decoder_layer_num=4, decoder_ffn_embed_dim_0=2048, decoder_ffn_embed_dim_1=1024, decoder_ffn_embed_dim_2=512, decoder_ffn_embed_dim_3=512, decoder_self_attention_heads_0=4, decoder_self_attention_heads_1=4, decoder_self_attention_heads_2=4, decoder_self_attention_heads_3=2, decoder_ende_attention_heads_0=2, decoder_ende_attention_heads_1=2, decoder_ende_attention_heads_2=2, decoder_ende_attention_heads_3=4, decoder_arbitrary_ende_attn_0=2, decoder_arbitrary_ende_attn_1=2, decoder_arbitrary_ende_attn_2=1, decoder_arbitrary_ende_attn_3=2, decoder_arbitrary_ende_attn_4=1, decoder_arbitrary_ende_attn_5=2
| epoch 029:   1000 / 1101 loss=4.011, nll_loss=2.610, ppl=6.10, wps=6582, ups=2, wpb=3592.994, bsz=146.804, num_updates=31829, lr=0.000280258, gnorm=1.115, clip=0.000, oom=0.000, wall=18332, train_wall=16980, encoder_embed_dim=512, encoder_layer_num=6, encoder_ffn_embed_dim_0=2048, encoder_ffn_embed_dim_1=1024, encoder_ffn_embed_dim_2=1024, encoder_ffn_embed_dim_3=2048, encoder_ffn_embed_dim_4=1024, encoder_ffn_embed_dim_5=2048, encoder_self_attention_heads_0=4, encoder_self_attention_heads_1=2, encoder_self_attention_heads_2=4, encoder_self_attention_heads_3=4, encoder_self_attention_heads_4=4, encoder_self_attention_heads_5=4, decoder_embed_dim=512, decoder_layer_num=6, decoder_ffn_embed_dim_0=2048, decoder_ffn_embed_dim_1=2048, decoder_ffn_embed_dim_2=512, decoder_ffn_embed_dim_3=512, decoder_ffn_embed_dim_4=1024, decoder_ffn_embed_dim_5=512, decoder_self_attention_heads_0=4, decoder_self_attention_heads_1=2, decoder_self_attention_heads_2=2, decoder_self_attention_heads_3=2, decoder_self_attention_heads_4=4, decoder_self_attention_heads_5=2, decoder_ende_attention_heads_0=4, decoder_ende_attention_heads_1=2, decoder_ende_attention_heads_2=4, decoder_ende_attention_heads_3=2, decoder_ende_attention_heads_4=2, decoder_ende_attention_heads_5=4, decoder_arbitrary_ende_attn_0=-1, decoder_arbitrary_ende_attn_1=2, decoder_arbitrary_ende_attn_2=-1, decoder_arbitrary_ende_attn_3=1, decoder_arbitrary_ende_attn_4=2, decoder_arbitrary_ende_attn_5=-1
| epoch 029:   1100 / 1101 loss=4.016, nll_loss=2.615, ppl=6.13, wps=6581, ups=2, wpb=3586.843, bsz=145.540, num_updates=31929, lr=0.000279819, gnorm=1.118, clip=0.000, oom=0.000, wall=18386, train_wall=17032, encoder_embed_dim=640, encoder_layer_num=6, encoder_ffn_embed_dim_0=1024, encoder_ffn_embed_dim_1=512, encoder_ffn_embed_dim_2=2048, encoder_ffn_embed_dim_3=512, encoder_ffn_embed_dim_4=2048, encoder_ffn_embed_dim_5=512, encoder_self_attention_heads_0=4, encoder_self_attention_heads_1=4, encoder_self_attention_heads_2=2, encoder_self_attention_heads_3=4, encoder_self_attention_heads_4=2, encoder_self_attention_heads_5=4, decoder_embed_dim=512, decoder_layer_num=2, decoder_ffn_embed_dim_0=2048, decoder_ffn_embed_dim_1=512, decoder_self_attention_heads_0=2, decoder_self_attention_heads_1=4, decoder_ende_attention_heads_0=4, decoder_ende_attention_heads_1=2, decoder_arbitrary_ende_attn_0=2, decoder_arbitrary_ende_attn_1=-1, decoder_arbitrary_ende_attn_2=2, decoder_arbitrary_ende_attn_3=1, decoder_arbitrary_ende_attn_4=1, decoder_arbitrary_ende_attn_5=1
| epoch 029 | loss 4.016 | nll_loss 2.615 | ppl 6.13 | wps 6579 | ups 2 | wpb 3586.843 | bsz 145.540 | num_updates 31929 | lr 0.000279819 | gnorm 1.118 | clip 0.000 | oom 0.000 | wall 18386 | train_wall 17032
| epoch 029 | validate on 'valid' subset | loss 4.144 | nll_loss 2.566 | ppl 5.92 | num_updates 31929 | best_loss 4.14433 | largest_arbitrary1_loss 4.144 | largest_arbitrary1_nll_loss 2.566
| epoch 029 | validate on 'valid' subset | loss 4.535 | nll_loss 3.016 | ppl 8.09 | num_updates 31929 | best_loss 4.53374 | smallest_arbitrary1_loss 4.535 | smallest_arbitrary1_nll_loss 3.016
| saved checkpoint ../checkpoints/iwslt14_super_full50000_fromscratch/checkpoint29.pt (epoch 29 @ 31929 updates) (writing took 3.8680262565612793 seconds)
| epoch 030:    100 / 1101 loss=3.974, nll_loss=2.568, ppl=5.93, wps=6546, ups=1, wpb=3645.416, bsz=142.099, num_updates=32030, lr=0.000279378, gnorm=1.088, clip=0.000, oom=0.000, wall=18471, train_wall=17087, encoder_embed_dim=640, encoder_layer_num=6, encoder_ffn_embed_dim_0=512, encoder_ffn_embed_dim_1=2048, encoder_ffn_embed_dim_2=2048, encoder_ffn_embed_dim_3=512, encoder_ffn_embed_dim_4=512, encoder_ffn_embed_dim_5=512, encoder_self_attention_heads_0=4, encoder_self_attention_heads_1=4, encoder_self_attention_heads_2=4, encoder_self_attention_heads_3=4, encoder_self_attention_heads_4=2, encoder_self_attention_heads_5=4, decoder_embed_dim=640, decoder_layer_num=6, decoder_ffn_embed_dim_0=512, decoder_ffn_embed_dim_1=512, decoder_ffn_embed_dim_2=1024, decoder_ffn_embed_dim_3=1024, decoder_ffn_embed_dim_4=512, decoder_ffn_embed_dim_5=1024, decoder_self_attention_heads_0=4, decoder_self_attention_heads_1=2, decoder_self_attention_heads_2=4, decoder_self_attention_heads_3=2, decoder_self_attention_heads_4=2, decoder_self_attention_heads_5=4, decoder_ende_attention_heads_0=4, decoder_ende_attention_heads_1=2, decoder_ende_attention_heads_2=4, decoder_ende_attention_heads_3=2, decoder_ende_attention_heads_4=2, decoder_ende_attention_heads_5=4, decoder_arbitrary_ende_attn_0=2, decoder_arbitrary_ende_attn_1=1, decoder_arbitrary_ende_attn_2=2, decoder_arbitrary_ende_attn_3=2, decoder_arbitrary_ende_attn_4=-1, decoder_arbitrary_ende_attn_5=1
| epoch 030:    200 / 1101 loss=4.002, nll_loss=2.599, ppl=6.06, wps=6477, ups=1, wpb=3608.587, bsz=131.781, num_updates=32130, lr=0.000278942, gnorm=1.122, clip=0.000, oom=0.000, wall=18527, train_wall=17142, encoder_embed_dim=512, encoder_layer_num=6, encoder_ffn_embed_dim_0=1024, encoder_ffn_embed_dim_1=1024, encoder_ffn_embed_dim_2=2048, encoder_ffn_embed_dim_3=512, encoder_ffn_embed_dim_4=512, encoder_ffn_embed_dim_5=512, encoder_self_attention_heads_0=4, encoder_self_attention_heads_1=2, encoder_self_attention_heads_2=4, encoder_self_attention_heads_3=4, encoder_self_attention_heads_4=2, encoder_self_attention_heads_5=2, decoder_embed_dim=512, decoder_layer_num=4, decoder_ffn_embed_dim_0=1024, decoder_ffn_embed_dim_1=1024, decoder_ffn_embed_dim_2=1024, decoder_ffn_embed_dim_3=2048, decoder_self_attention_heads_0=2, decoder_self_attention_heads_1=4, decoder_self_attention_heads_2=4, decoder_self_attention_heads_3=4, decoder_ende_attention_heads_0=4, decoder_ende_attention_heads_1=2, decoder_ende_attention_heads_2=4, decoder_ende_attention_heads_3=4, decoder_arbitrary_ende_attn_0=1, decoder_arbitrary_ende_attn_1=2, decoder_arbitrary_ende_attn_2=1, decoder_arbitrary_ende_attn_3=2, decoder_arbitrary_ende_attn_4=-1, decoder_arbitrary_ende_attn_5=2
| epoch 030:    300 / 1101 loss=3.953, nll_loss=2.544, ppl=5.83, wps=6479, ups=2, wpb=3619.003, bsz=148.917, num_updates=32230, lr=0.000278509, gnorm=1.099, clip=0.000, oom=0.000, wall=18583, train_wall=17197, encoder_embed_dim=512, encoder_layer_num=6, encoder_ffn_embed_dim_0=1024, encoder_ffn_embed_dim_1=512, encoder_ffn_embed_dim_2=1024, encoder_ffn_embed_dim_3=2048, encoder_ffn_embed_dim_4=1024, encoder_ffn_embed_dim_5=512, encoder_self_attention_heads_0=4, encoder_self_attention_heads_1=4, encoder_self_attention_heads_2=4, encoder_self_attention_heads_3=4, encoder_self_attention_heads_4=4, encoder_self_attention_heads_5=4, decoder_embed_dim=512, decoder_layer_num=2, decoder_ffn_embed_dim_0=2048, decoder_ffn_embed_dim_1=512, decoder_self_attention_heads_0=4, decoder_self_attention_heads_1=2, decoder_ende_attention_heads_0=2, decoder_ende_attention_heads_1=2, decoder_arbitrary_ende_attn_0=-1, decoder_arbitrary_ende_attn_1=-1, decoder_arbitrary_ende_attn_2=2, decoder_arbitrary_ende_attn_3=2, decoder_arbitrary_ende_attn_4=-1, decoder_arbitrary_ende_attn_5=2
| epoch 030:    400 / 1101 loss=3.967, nll_loss=2.560, ppl=5.90, wps=6528, ups=2, wpb=3598.060, bsz=148.249, num_updates=32330, lr=0.000278078, gnorm=1.104, clip=0.000, oom=0.000, wall=18636, train_wall=17248, encoder_embed_dim=640, encoder_layer_num=6, encoder_ffn_embed_dim_0=2048, encoder_ffn_embed_dim_1=1024, encoder_ffn_embed_dim_2=2048, encoder_ffn_embed_dim_3=512, encoder_ffn_embed_dim_4=1024, encoder_ffn_embed_dim_5=512, encoder_self_attention_heads_0=2, encoder_self_attention_heads_1=4, encoder_self_attention_heads_2=2, encoder_self_attention_heads_3=2, encoder_self_attention_heads_4=4, encoder_self_attention_heads_5=4, decoder_embed_dim=640, decoder_layer_num=3, decoder_ffn_embed_dim_0=512, decoder_ffn_embed_dim_1=1024, decoder_ffn_embed_dim_2=2048, decoder_self_attention_heads_0=4, decoder_self_attention_heads_1=2, decoder_self_attention_heads_2=4, decoder_ende_attention_heads_0=4, decoder_ende_attention_heads_1=2, decoder_ende_attention_heads_2=2, decoder_arbitrary_ende_attn_0=2, decoder_arbitrary_ende_attn_1=1, decoder_arbitrary_ende_attn_2=-1, decoder_arbitrary_ende_attn_3=-1, decoder_arbitrary_ende_attn_4=-1, decoder_arbitrary_ende_attn_5=1
| epoch 030:    500 / 1101 loss=3.974, nll_loss=2.568, ppl=5.93, wps=6496, ups=2, wpb=3584.479, bsz=146.954, num_updates=32430, lr=0.000277649, gnorm=1.110, clip=0.000, oom=0.000, wall=18691, train_wall=17302, encoder_embed_dim=640, encoder_layer_num=6, encoder_ffn_embed_dim_0=1024, encoder_ffn_embed_dim_1=1024, encoder_ffn_embed_dim_2=2048, encoder_ffn_embed_dim_3=2048, encoder_ffn_embed_dim_4=1024, encoder_ffn_embed_dim_5=512, encoder_self_attention_heads_0=4, encoder_self_attention_heads_1=4, encoder_self_attention_heads_2=4, encoder_self_attention_heads_3=4, encoder_self_attention_heads_4=4, encoder_self_attention_heads_5=4, decoder_embed_dim=640, decoder_layer_num=1, decoder_ffn_embed_dim_0=512, decoder_self_attention_heads_0=4, decoder_ende_attention_heads_0=2, decoder_arbitrary_ende_attn_0=1, decoder_arbitrary_ende_attn_1=1, decoder_arbitrary_ende_attn_2=2, decoder_arbitrary_ende_attn_3=1, decoder_arbitrary_ende_attn_4=2, decoder_arbitrary_ende_attn_5=-1
| epoch 030:    600 / 1101 loss=3.971, nll_loss=2.565, ppl=5.92, wps=6459, ups=2, wpb=3582.431, bsz=147.180, num_updates=32530, lr=0.000277222, gnorm=1.109, clip=0.000, oom=0.000, wall=18748, train_wall=17358, encoder_embed_dim=640, encoder_layer_num=6, encoder_ffn_embed_dim_0=512, encoder_ffn_embed_dim_1=512, encoder_ffn_embed_dim_2=512, encoder_ffn_embed_dim_3=2048, encoder_ffn_embed_dim_4=1024, encoder_ffn_embed_dim_5=512, encoder_self_attention_heads_0=2, encoder_self_attention_heads_1=2, encoder_self_attention_heads_2=2, encoder_self_attention_heads_3=2, encoder_self_attention_heads_4=4, encoder_self_attention_heads_5=4, decoder_embed_dim=512, decoder_layer_num=3, decoder_ffn_embed_dim_0=512, decoder_ffn_embed_dim_1=1024, decoder_ffn_embed_dim_2=512, decoder_self_attention_heads_0=2, decoder_self_attention_heads_1=4, decoder_self_attention_heads_2=2, decoder_ende_attention_heads_0=4, decoder_ende_attention_heads_1=4, decoder_ende_attention_heads_2=4, decoder_arbitrary_ende_attn_0=1, decoder_arbitrary_ende_attn_1=1, decoder_arbitrary_ende_attn_2=-1, decoder_arbitrary_ende_attn_3=1, decoder_arbitrary_ende_attn_4=1, decoder_arbitrary_ende_attn_5=2
| epoch 030:    700 / 1101 loss=3.985, nll_loss=2.580, ppl=5.98, wps=6469, ups=2, wpb=3579.776, bsz=144.683, num_updates=32630, lr=0.000276797, gnorm=1.118, clip=0.000, oom=0.000, wall=18803, train_wall=17411, encoder_embed_dim=640, encoder_layer_num=6, encoder_ffn_embed_dim_0=1024, encoder_ffn_embed_dim_1=512, encoder_ffn_embed_dim_2=2048, encoder_ffn_embed_dim_3=1024, encoder_ffn_embed_dim_4=512, encoder_ffn_embed_dim_5=2048, encoder_self_attention_heads_0=4, encoder_self_attention_heads_1=4, encoder_self_attention_heads_2=2, encoder_self_attention_heads_3=2, encoder_self_attention_heads_4=4, encoder_self_attention_heads_5=4, decoder_embed_dim=512, decoder_layer_num=2, decoder_ffn_embed_dim_0=1024, decoder_ffn_embed_dim_1=1024, decoder_self_attention_heads_0=4, decoder_self_attention_heads_1=4, decoder_ende_attention_heads_0=2, decoder_ende_attention_heads_1=4, decoder_arbitrary_ende_attn_0=-1, decoder_arbitrary_ende_attn_1=2, decoder_arbitrary_ende_attn_2=2, decoder_arbitrary_ende_attn_3=-1, decoder_arbitrary_ende_attn_4=2, decoder_arbitrary_ende_attn_5=-1
| epoch 030:    800 / 1101 loss=3.986, nll_loss=2.581, ppl=5.98, wps=6513, ups=2, wpb=3587.705, bsz=145.846, num_updates=32730, lr=0.000276374, gnorm=1.117, clip=0.000, oom=0.000, wall=18856, train_wall=17464, encoder_embed_dim=640, encoder_layer_num=6, encoder_ffn_embed_dim_0=1024, encoder_ffn_embed_dim_1=1024, encoder_ffn_embed_dim_2=512, encoder_ffn_embed_dim_3=512, encoder_ffn_embed_dim_4=512, encoder_ffn_embed_dim_5=1024, encoder_self_attention_heads_0=2, encoder_self_attention_heads_1=2, encoder_self_attention_heads_2=4, encoder_self_attention_heads_3=2, encoder_self_attention_heads_4=2, encoder_self_attention_heads_5=4, decoder_embed_dim=640, decoder_layer_num=5, decoder_ffn_embed_dim_0=512, decoder_ffn_embed_dim_1=1024, decoder_ffn_embed_dim_2=2048, decoder_ffn_embed_dim_3=1024, decoder_ffn_embed_dim_4=512, decoder_self_attention_heads_0=4, decoder_self_attention_heads_1=4, decoder_self_attention_heads_2=2, decoder_self_attention_heads_3=4, decoder_self_attention_heads_4=4, decoder_ende_attention_heads_0=2, decoder_ende_attention_heads_1=2, decoder_ende_attention_heads_2=2, decoder_ende_attention_heads_3=2, decoder_ende_attention_heads_4=2, decoder_arbitrary_ende_attn_0=1, decoder_arbitrary_ende_attn_1=2, decoder_arbitrary_ende_attn_2=-1, decoder_arbitrary_ende_attn_3=1, decoder_arbitrary_ende_attn_4=1, decoder_arbitrary_ende_attn_5=-1
| epoch 030:    900 / 1101 loss=3.990, nll_loss=2.586, ppl=6.01, wps=6508, ups=2, wpb=3586.262, bsz=145.499, num_updates=32830, lr=0.000275953, gnorm=1.116, clip=0.000, oom=0.000, wall=18911, train_wall=17518, encoder_embed_dim=512, encoder_layer_num=6, encoder_ffn_embed_dim_0=512, encoder_ffn_embed_dim_1=512, encoder_ffn_embed_dim_2=2048, encoder_ffn_embed_dim_3=2048, encoder_ffn_embed_dim_4=2048, encoder_ffn_embed_dim_5=2048, encoder_self_attention_heads_0=2, encoder_self_attention_heads_1=4, encoder_self_attention_heads_2=2, encoder_self_attention_heads_3=4, encoder_self_attention_heads_4=4, encoder_self_attention_heads_5=4, decoder_embed_dim=512, decoder_layer_num=1, decoder_ffn_embed_dim_0=512, decoder_self_attention_heads_0=4, decoder_ende_attention_heads_0=2, decoder_arbitrary_ende_attn_0=-1, decoder_arbitrary_ende_attn_1=1, decoder_arbitrary_ende_attn_2=-1, decoder_arbitrary_ende_attn_3=1, decoder_arbitrary_ende_attn_4=-1, decoder_arbitrary_ende_attn_5=2
| epoch 030:   1000 / 1101 loss=3.994, nll_loss=2.590, ppl=6.02, wps=6547, ups=2, wpb=3597.353, bsz=145.749, num_updates=32930, lr=0.000275533, gnorm=1.113, clip=0.000, oom=0.000, wall=18965, train_wall=17570, encoder_embed_dim=512, encoder_layer_num=6, encoder_ffn_embed_dim_0=2048, encoder_ffn_embed_dim_1=1024, encoder_ffn_embed_dim_2=512, encoder_ffn_embed_dim_3=2048, encoder_ffn_embed_dim_4=1024, encoder_ffn_embed_dim_5=512, encoder_self_attention_heads_0=4, encoder_self_attention_heads_1=4, encoder_self_attention_heads_2=2, encoder_self_attention_heads_3=4, encoder_self_attention_heads_4=4, encoder_self_attention_heads_5=2, decoder_embed_dim=640, decoder_layer_num=5, decoder_ffn_embed_dim_0=512, decoder_ffn_embed_dim_1=1024, decoder_ffn_embed_dim_2=2048, decoder_ffn_embed_dim_3=1024, decoder_ffn_embed_dim_4=512, decoder_self_attention_heads_0=2, decoder_self_attention_heads_1=2, decoder_self_attention_heads_2=2, decoder_self_attention_heads_3=4, decoder_self_attention_heads_4=4, decoder_ende_attention_heads_0=4, decoder_ende_attention_heads_1=4, decoder_ende_attention_heads_2=4, decoder_ende_attention_heads_3=4, decoder_ende_attention_heads_4=2, decoder_arbitrary_ende_attn_0=1, decoder_arbitrary_ende_attn_1=1, decoder_arbitrary_ende_attn_2=1, decoder_arbitrary_ende_attn_3=2, decoder_arbitrary_ende_attn_4=-1, decoder_arbitrary_ende_attn_5=1
| epoch 030:   1100 / 1101 loss=4.001, nll_loss=2.598, ppl=6.06, wps=6546, ups=2, wpb=3586.843, bsz=145.540, num_updates=33030, lr=0.000275116, gnorm=1.121, clip=0.000, oom=0.000, wall=19018, train_wall=17622, encoder_embed_dim=640, encoder_layer_num=6, encoder_ffn_embed_dim_0=512, encoder_ffn_embed_dim_1=1024, encoder_ffn_embed_dim_2=1024, encoder_ffn_embed_dim_3=1024, encoder_ffn_embed_dim_4=1024, encoder_ffn_embed_dim_5=1024, encoder_self_attention_heads_0=4, encoder_self_attention_heads_1=2, encoder_self_attention_heads_2=4, encoder_self_attention_heads_3=4, encoder_self_attention_heads_4=4, encoder_self_attention_heads_5=2, decoder_embed_dim=512, decoder_layer_num=6, decoder_ffn_embed_dim_0=512, decoder_ffn_embed_dim_1=2048, decoder_ffn_embed_dim_2=1024, decoder_ffn_embed_dim_3=1024, decoder_ffn_embed_dim_4=512, decoder_ffn_embed_dim_5=2048, decoder_self_attention_heads_0=2, decoder_self_attention_heads_1=2, decoder_self_attention_heads_2=2, decoder_self_attention_heads_3=2, decoder_self_attention_heads_4=2, decoder_self_attention_heads_5=4, decoder_ende_attention_heads_0=4, decoder_ende_attention_heads_1=4, decoder_ende_attention_heads_2=2, decoder_ende_attention_heads_3=2, decoder_ende_attention_heads_4=4, decoder_ende_attention_heads_5=2, decoder_arbitrary_ende_attn_0=2, decoder_arbitrary_ende_attn_1=-1, decoder_arbitrary_ende_attn_2=1, decoder_arbitrary_ende_attn_3=2, decoder_arbitrary_ende_attn_4=1, decoder_arbitrary_ende_attn_5=1
| epoch 030 | loss 4.001 | nll_loss 2.598 | ppl 6.06 | wps 6544 | ups 2 | wpb 3586.843 | bsz 145.540 | num_updates 33030 | lr 0.000275116 | gnorm 1.121 | clip 0.000 | oom 0.000 | wall 19018 | train_wall 17622
| epoch 030 | validate on 'valid' subset | loss 4.138 | nll_loss 2.555 | ppl 5.88 | num_updates 33030 | best_loss 4.13782 | largest_arbitrary1_loss 4.138 | largest_arbitrary1_nll_loss 2.555
| epoch 030 | validate on 'valid' subset | loss 4.533 | nll_loss 3.005 | ppl 8.03 | num_updates 33030 | best_loss 4.53263 | smallest_arbitrary1_loss 4.533 | smallest_arbitrary1_nll_loss 3.005
| saved checkpoint ../checkpoints/iwslt14_super_full50000_fromscratch/checkpoint30.pt (epoch 30 @ 33030 updates) (writing took 4.350966453552246 seconds)
| epoch 031:    100 / 1101 loss=3.924, nll_loss=2.509, ppl=5.69, wps=6386, ups=1, wpb=3561.871, bsz=151.129, num_updates=33131, lr=0.000274696, gnorm=1.096, clip=0.000, oom=0.000, wall=19104, train_wall=17677, encoder_embed_dim=512, encoder_layer_num=6, encoder_ffn_embed_dim_0=2048, encoder_ffn_embed_dim_1=1024, encoder_ffn_embed_dim_2=512, encoder_ffn_embed_dim_3=2048, encoder_ffn_embed_dim_4=512, encoder_ffn_embed_dim_5=1024, encoder_self_attention_heads_0=2, encoder_self_attention_heads_1=4, encoder_self_attention_heads_2=2, encoder_self_attention_heads_3=2, encoder_self_attention_heads_4=2, encoder_self_attention_heads_5=4, decoder_embed_dim=640, decoder_layer_num=4, decoder_ffn_embed_dim_0=1024, decoder_ffn_embed_dim_1=2048, decoder_ffn_embed_dim_2=512, decoder_ffn_embed_dim_3=2048, decoder_self_attention_heads_0=2, decoder_self_attention_heads_1=2, decoder_self_attention_heads_2=4, decoder_self_attention_heads_3=2, decoder_ende_attention_heads_0=4, decoder_ende_attention_heads_1=4, decoder_ende_attention_heads_2=2, decoder_ende_attention_heads_3=4, decoder_arbitrary_ende_attn_0=2, decoder_arbitrary_ende_attn_1=1, decoder_arbitrary_ende_attn_2=1, decoder_arbitrary_ende_attn_3=1, decoder_arbitrary_ende_attn_4=1, decoder_arbitrary_ende_attn_5=2
| epoch 031:    200 / 1101 loss=3.921, nll_loss=2.506, ppl=5.68, wps=6435, ups=1, wpb=3582.851, bsz=155.463, num_updates=33231, lr=0.000274283, gnorm=1.089, clip=0.000, oom=0.000, wall=19159, train_wall=17732, encoder_embed_dim=640, encoder_layer_num=6, encoder_ffn_embed_dim_0=512, encoder_ffn_embed_dim_1=2048, encoder_ffn_embed_dim_2=512, encoder_ffn_embed_dim_3=512, encoder_ffn_embed_dim_4=512, encoder_ffn_embed_dim_5=2048, encoder_self_attention_heads_0=4, encoder_self_attention_heads_1=4, encoder_self_attention_heads_2=2, encoder_self_attention_heads_3=2, encoder_self_attention_heads_4=4, encoder_self_attention_heads_5=2, decoder_embed_dim=640, decoder_layer_num=4, decoder_ffn_embed_dim_0=2048, decoder_ffn_embed_dim_1=2048, decoder_ffn_embed_dim_2=2048, decoder_ffn_embed_dim_3=1024, decoder_self_attention_heads_0=4, decoder_self_attention_heads_1=2, decoder_self_attention_heads_2=2, decoder_self_attention_heads_3=4, decoder_ende_attention_heads_0=4, decoder_ende_attention_heads_1=2, decoder_ende_attention_heads_2=2, decoder_ende_attention_heads_3=2, decoder_arbitrary_ende_attn_0=1, decoder_arbitrary_ende_attn_1=1, decoder_arbitrary_ende_attn_2=2, decoder_arbitrary_ende_attn_3=-1, decoder_arbitrary_ende_attn_4=2, decoder_arbitrary_ende_attn_5=-1
| epoch 031:    300 / 1101 loss=3.937, nll_loss=2.524, ppl=5.75, wps=6459, ups=2, wpb=3587.169, bsz=150.641, num_updates=33331, lr=0.000273871, gnorm=1.104, clip=0.000, oom=0.000, wall=19214, train_wall=17786, encoder_embed_dim=512, encoder_layer_num=6, encoder_ffn_embed_dim_0=512, encoder_ffn_embed_dim_1=512, encoder_ffn_embed_dim_2=1024, encoder_ffn_embed_dim_3=1024, encoder_ffn_embed_dim_4=512, encoder_ffn_embed_dim_5=1024, encoder_self_attention_heads_0=4, encoder_self_attention_heads_1=2, encoder_self_attention_heads_2=2, encoder_self_attention_heads_3=4, encoder_self_attention_heads_4=4, encoder_self_attention_heads_5=4, decoder_embed_dim=512, decoder_layer_num=6, decoder_ffn_embed_dim_0=1024, decoder_ffn_embed_dim_1=2048, decoder_ffn_embed_dim_2=2048, decoder_ffn_embed_dim_3=1024, decoder_ffn_embed_dim_4=512, decoder_ffn_embed_dim_5=512, decoder_self_attention_heads_0=4, decoder_self_attention_heads_1=2, decoder_self_attention_heads_2=2, decoder_self_attention_heads_3=2, decoder_self_attention_heads_4=2, decoder_self_attention_heads_5=4, decoder_ende_attention_heads_0=2, decoder_ende_attention_heads_1=2, decoder_ende_attention_heads_2=4, decoder_ende_attention_heads_3=4, decoder_ende_attention_heads_4=2, decoder_ende_attention_heads_5=4, decoder_arbitrary_ende_attn_0=-1, decoder_arbitrary_ende_attn_1=1, decoder_arbitrary_ende_attn_2=-1, decoder_arbitrary_ende_attn_3=2, decoder_arbitrary_ende_attn_4=1, decoder_arbitrary_ende_attn_5=1
| epoch 031:    400 / 1101 loss=3.945, nll_loss=2.534, ppl=5.79, wps=6540, ups=2, wpb=3586.479, bsz=146.132, num_updates=33431, lr=0.000273461, gnorm=1.107, clip=0.000, oom=0.000, wall=19267, train_wall=17837, encoder_embed_dim=640, encoder_layer_num=6, encoder_ffn_embed_dim_0=1024, encoder_ffn_embed_dim_1=2048, encoder_ffn_embed_dim_2=512, encoder_ffn_embed_dim_3=2048, encoder_ffn_embed_dim_4=2048, encoder_ffn_embed_dim_5=512, encoder_self_attention_heads_0=4, encoder_self_attention_heads_1=4, encoder_self_attention_heads_2=4, encoder_self_attention_heads_3=4, encoder_self_attention_heads_4=4, encoder_self_attention_heads_5=4, decoder_embed_dim=512, decoder_layer_num=5, decoder_ffn_embed_dim_0=2048, decoder_ffn_embed_dim_1=1024, decoder_ffn_embed_dim_2=2048, decoder_ffn_embed_dim_3=2048, decoder_ffn_embed_dim_4=2048, decoder_self_attention_heads_0=4, decoder_self_attention_heads_1=4, decoder_self_attention_heads_2=2, decoder_self_attention_heads_3=2, decoder_self_attention_heads_4=4, decoder_ende_attention_heads_0=4, decoder_ende_attention_heads_1=4, decoder_ende_attention_heads_2=2, decoder_ende_attention_heads_3=2, decoder_ende_attention_heads_4=4, decoder_arbitrary_ende_attn_0=2, decoder_arbitrary_ende_attn_1=1, decoder_arbitrary_ende_attn_2=2, decoder_arbitrary_ende_attn_3=2, decoder_arbitrary_ende_attn_4=2, decoder_arbitrary_ende_attn_5=2
| epoch 031:    500 / 1101 loss=3.961, nll_loss=2.551, ppl=5.86, wps=6509, ups=2, wpb=3578.567, bsz=141.507, num_updates=33531, lr=0.000273053, gnorm=1.113, clip=0.000, oom=0.000, wall=19323, train_wall=17891, encoder_embed_dim=512, encoder_layer_num=6, encoder_ffn_embed_dim_0=1024, encoder_ffn_embed_dim_1=1024, encoder_ffn_embed_dim_2=2048, encoder_ffn_embed_dim_3=2048, encoder_ffn_embed_dim_4=512, encoder_ffn_embed_dim_5=1024, encoder_self_attention_heads_0=4, encoder_self_attention_heads_1=2, encoder_self_attention_heads_2=2, encoder_self_attention_heads_3=2, encoder_self_attention_heads_4=4, encoder_self_attention_heads_5=2, decoder_embed_dim=512, decoder_layer_num=1, decoder_ffn_embed_dim_0=1024, decoder_self_attention_heads_0=4, decoder_ende_attention_heads_0=4, decoder_arbitrary_ende_attn_0=2, decoder_arbitrary_ende_attn_1=2, decoder_arbitrary_ende_attn_2=2, decoder_arbitrary_ende_attn_3=2, decoder_arbitrary_ende_attn_4=2, decoder_arbitrary_ende_attn_5=-1
| epoch 031:    600 / 1101 loss=3.962, nll_loss=2.553, ppl=5.87, wps=6508, ups=2, wpb=3573.862, bsz=143.945, num_updates=33631, lr=0.000272647, gnorm=1.115, clip=0.000, oom=0.000, wall=19377, train_wall=17945, encoder_embed_dim=512, encoder_layer_num=6, encoder_ffn_embed_dim_0=2048, encoder_ffn_embed_dim_1=1024, encoder_ffn_embed_dim_2=2048, encoder_ffn_embed_dim_3=1024, encoder_ffn_embed_dim_4=512, encoder_ffn_embed_dim_5=1024, encoder_self_attention_heads_0=4, encoder_self_attention_heads_1=2, encoder_self_attention_heads_2=2, encoder_self_attention_heads_3=4, encoder_self_attention_heads_4=2, encoder_self_attention_heads_5=2, decoder_embed_dim=640, decoder_layer_num=3, decoder_ffn_embed_dim_0=1024, decoder_ffn_embed_dim_1=512, decoder_ffn_embed_dim_2=2048, decoder_self_attention_heads_0=2, decoder_self_attention_heads_1=4, decoder_self_attention_heads_2=2, decoder_ende_attention_heads_0=2, decoder_ende_attention_heads_1=2, decoder_ende_attention_heads_2=2, decoder_arbitrary_ende_attn_0=1, decoder_arbitrary_ende_attn_1=2, decoder_arbitrary_ende_attn_2=2, decoder_arbitrary_ende_attn_3=-1, decoder_arbitrary_ende_attn_4=1, decoder_arbitrary_ende_attn_5=1
| epoch 031:    700 / 1101 loss=3.961, nll_loss=2.553, ppl=5.87, wps=6533, ups=2, wpb=3578.270, bsz=144.877, num_updates=33731, lr=0.000272242, gnorm=1.113, clip=0.000, oom=0.000, wall=19431, train_wall=17998, encoder_embed_dim=512, encoder_layer_num=6, encoder_ffn_embed_dim_0=1024, encoder_ffn_embed_dim_1=1024, encoder_ffn_embed_dim_2=512, encoder_ffn_embed_dim_3=512, encoder_ffn_embed_dim_4=2048, encoder_ffn_embed_dim_5=1024, encoder_self_attention_heads_0=2, encoder_self_attention_heads_1=4, encoder_self_attention_heads_2=2, encoder_self_attention_heads_3=2, encoder_self_attention_heads_4=2, encoder_self_attention_heads_5=2, decoder_embed_dim=640, decoder_layer_num=6, decoder_ffn_embed_dim_0=512, decoder_ffn_embed_dim_1=2048, decoder_ffn_embed_dim_2=1024, decoder_ffn_embed_dim_3=1024, decoder_ffn_embed_dim_4=1024, decoder_ffn_embed_dim_5=1024, decoder_self_attention_heads_0=4, decoder_self_attention_heads_1=4, decoder_self_attention_heads_2=4, decoder_self_attention_heads_3=4, decoder_self_attention_heads_4=4, decoder_self_attention_heads_5=2, decoder_ende_attention_heads_0=4, decoder_ende_attention_heads_1=4, decoder_ende_attention_heads_2=4, decoder_ende_attention_heads_3=4, decoder_ende_attention_heads_4=4, decoder_ende_attention_heads_5=2, decoder_arbitrary_ende_attn_0=-1, decoder_arbitrary_ende_attn_1=-1, decoder_arbitrary_ende_attn_2=-1, decoder_arbitrary_ende_attn_3=2, decoder_arbitrary_ende_attn_4=1, decoder_arbitrary_ende_attn_5=1
| epoch 031:    800 / 1101 loss=3.967, nll_loss=2.559, ppl=5.89, wps=6568, ups=2, wpb=3580.597, bsz=145.137, num_updates=33831, lr=0.00027184, gnorm=1.117, clip=0.000, oom=0.000, wall=19484, train_wall=18049, encoder_embed_dim=512, encoder_layer_num=6, encoder_ffn_embed_dim_0=512, encoder_ffn_embed_dim_1=512, encoder_ffn_embed_dim_2=2048, encoder_ffn_embed_dim_3=512, encoder_ffn_embed_dim_4=1024, encoder_ffn_embed_dim_5=2048, encoder_self_attention_heads_0=2, encoder_self_attention_heads_1=4, encoder_self_attention_heads_2=4, encoder_self_attention_heads_3=4, encoder_self_attention_heads_4=2, encoder_self_attention_heads_5=4, decoder_embed_dim=640, decoder_layer_num=2, decoder_ffn_embed_dim_0=512, decoder_ffn_embed_dim_1=1024, decoder_self_attention_heads_0=4, decoder_self_attention_heads_1=4, decoder_ende_attention_heads_0=4, decoder_ende_attention_heads_1=2, decoder_arbitrary_ende_attn_0=-1, decoder_arbitrary_ende_attn_1=2, decoder_arbitrary_ende_attn_2=1, decoder_arbitrary_ende_attn_3=1, decoder_arbitrary_ende_attn_4=1, decoder_arbitrary_ende_attn_5=-1
| epoch 031:    900 / 1101 loss=3.976, nll_loss=2.569, ppl=5.94, wps=6557, ups=2, wpb=3582.646, bsz=144.123, num_updates=33931, lr=0.000271439, gnorm=1.120, clip=0.000, oom=0.000, wall=19539, train_wall=18103, encoder_embed_dim=640, encoder_layer_num=6, encoder_ffn_embed_dim_0=1024, encoder_ffn_embed_dim_1=512, encoder_ffn_embed_dim_2=1024, encoder_ffn_embed_dim_3=512, encoder_ffn_embed_dim_4=1024, encoder_ffn_embed_dim_5=512, encoder_self_attention_heads_0=4, encoder_self_attention_heads_1=4, encoder_self_attention_heads_2=4, encoder_self_attention_heads_3=4, encoder_self_attention_heads_4=2, encoder_self_attention_heads_5=4, decoder_embed_dim=512, decoder_layer_num=2, decoder_ffn_embed_dim_0=1024, decoder_ffn_embed_dim_1=1024, decoder_self_attention_heads_0=4, decoder_self_attention_heads_1=4, decoder_ende_attention_heads_0=2, decoder_ende_attention_heads_1=4, decoder_arbitrary_ende_attn_0=2, decoder_arbitrary_ende_attn_1=-1, decoder_arbitrary_ende_attn_2=2, decoder_arbitrary_ende_attn_3=-1, decoder_arbitrary_ende_attn_4=-1, decoder_arbitrary_ende_attn_5=-1
| epoch 031:   1000 / 1101 loss=3.975, nll_loss=2.569, ppl=5.93, wps=6542, ups=2, wpb=3580.289, bsz=144.750, num_updates=34031, lr=0.00027104, gnorm=1.118, clip=0.000, oom=0.000, wall=19595, train_wall=18158, encoder_embed_dim=512, encoder_layer_num=6, encoder_ffn_embed_dim_0=2048, encoder_ffn_embed_dim_1=2048, encoder_ffn_embed_dim_2=1024, encoder_ffn_embed_dim_3=2048, encoder_ffn_embed_dim_4=2048, encoder_ffn_embed_dim_5=512, encoder_self_attention_heads_0=4, encoder_self_attention_heads_1=2, encoder_self_attention_heads_2=2, encoder_self_attention_heads_3=4, encoder_self_attention_heads_4=2, encoder_self_attention_heads_5=4, decoder_embed_dim=512, decoder_layer_num=3, decoder_ffn_embed_dim_0=1024, decoder_ffn_embed_dim_1=1024, decoder_ffn_embed_dim_2=512, decoder_self_attention_heads_0=2, decoder_self_attention_heads_1=4, decoder_self_attention_heads_2=2, decoder_ende_attention_heads_0=4, decoder_ende_attention_heads_1=4, decoder_ende_attention_heads_2=4, decoder_arbitrary_ende_attn_0=-1, decoder_arbitrary_ende_attn_1=2, decoder_arbitrary_ende_attn_2=2, decoder_arbitrary_ende_attn_3=2, decoder_arbitrary_ende_attn_4=1, decoder_arbitrary_ende_attn_5=2
| epoch 031:   1100 / 1101 loss=3.975, nll_loss=2.569, ppl=5.93, wps=6553, ups=2, wpb=3586.843, bsz=145.540, num_updates=34131, lr=0.000270642, gnorm=1.117, clip=0.000, oom=0.000, wall=19650, train_wall=18211, encoder_embed_dim=640, encoder_layer_num=6, encoder_ffn_embed_dim_0=2048, encoder_ffn_embed_dim_1=1024, encoder_ffn_embed_dim_2=2048, encoder_ffn_embed_dim_3=512, encoder_ffn_embed_dim_4=512, encoder_ffn_embed_dim_5=1024, encoder_self_attention_heads_0=2, encoder_self_attention_heads_1=2, encoder_self_attention_heads_2=2, encoder_self_attention_heads_3=2, encoder_self_attention_heads_4=4, encoder_self_attention_heads_5=2, decoder_embed_dim=512, decoder_layer_num=6, decoder_ffn_embed_dim_0=512, decoder_ffn_embed_dim_1=1024, decoder_ffn_embed_dim_2=2048, decoder_ffn_embed_dim_3=2048, decoder_ffn_embed_dim_4=2048, decoder_ffn_embed_dim_5=512, decoder_self_attention_heads_0=2, decoder_self_attention_heads_1=4, decoder_self_attention_heads_2=4, decoder_self_attention_heads_3=2, decoder_self_attention_heads_4=4, decoder_self_attention_heads_5=4, decoder_ende_attention_heads_0=4, decoder_ende_attention_heads_1=2, decoder_ende_attention_heads_2=4, decoder_ende_attention_heads_3=4, decoder_ende_attention_heads_4=4, decoder_ende_attention_heads_5=2, decoder_arbitrary_ende_attn_0=-1, decoder_arbitrary_ende_attn_1=2, decoder_arbitrary_ende_attn_2=-1, decoder_arbitrary_ende_attn_3=-1, decoder_arbitrary_ende_attn_4=2, decoder_arbitrary_ende_attn_5=1
| epoch 031 | loss 3.975 | nll_loss 2.569 | ppl 5.93 | wps 6550 | ups 2 | wpb 3586.843 | bsz 145.540 | num_updates 34131 | lr 0.000270642 | gnorm 1.117 | clip 0.000 | oom 0.000 | wall 19650 | train_wall 18211
| epoch 031 | validate on 'valid' subset | loss 4.101 | nll_loss 2.520 | ppl 5.74 | num_updates 34131 | best_loss 4.10129 | largest_arbitrary1_loss 4.101 | largest_arbitrary1_nll_loss 2.520
| epoch 031 | validate on 'valid' subset | loss 4.506 | nll_loss 2.977 | ppl 7.87 | num_updates 34131 | best_loss 4.5056 | smallest_arbitrary1_loss 4.506 | smallest_arbitrary1_nll_loss 2.977
| saved checkpoint ../checkpoints/iwslt14_super_full50000_fromscratch/checkpoint31.pt (epoch 31 @ 34131 updates) (writing took 5.279042959213257 seconds)
| epoch 032:    100 / 1101 loss=3.946, nll_loss=2.535, ppl=5.79, wps=6654, ups=1, wpb=3630.069, bsz=141.465, num_updates=34232, lr=0.000270243, gnorm=1.069, clip=0.000, oom=0.000, wall=19735, train_wall=18265, encoder_embed_dim=512, encoder_layer_num=6, encoder_ffn_embed_dim_0=1024, encoder_ffn_embed_dim_1=1024, encoder_ffn_embed_dim_2=2048, encoder_ffn_embed_dim_3=1024, encoder_ffn_embed_dim_4=512, encoder_ffn_embed_dim_5=512, encoder_self_attention_heads_0=4, encoder_self_attention_heads_1=4, encoder_self_attention_heads_2=4, encoder_self_attention_heads_3=2, encoder_self_attention_heads_4=4, encoder_self_attention_heads_5=4, decoder_embed_dim=640, decoder_layer_num=3, decoder_ffn_embed_dim_0=2048, decoder_ffn_embed_dim_1=1024, decoder_ffn_embed_dim_2=2048, decoder_self_attention_heads_0=4, decoder_self_attention_heads_1=2, decoder_self_attention_heads_2=4, decoder_ende_attention_heads_0=4, decoder_ende_attention_heads_1=4, decoder_ende_attention_heads_2=4, decoder_arbitrary_ende_attn_0=-1, decoder_arbitrary_ende_attn_1=1, decoder_arbitrary_ende_attn_2=2, decoder_arbitrary_ende_attn_3=-1, decoder_arbitrary_ende_attn_4=2, decoder_arbitrary_ende_attn_5=-1
| epoch 032:    200 / 1101 loss=3.943, nll_loss=2.533, ppl=5.79, wps=6597, ups=1, wpb=3602.567, bsz=135.761, num_updates=34332, lr=0.000269849, gnorm=1.098, clip=0.000, oom=0.000, wall=19789, train_wall=18319, encoder_embed_dim=640, encoder_layer_num=6, encoder_ffn_embed_dim_0=512, encoder_ffn_embed_dim_1=1024, encoder_ffn_embed_dim_2=512, encoder_ffn_embed_dim_3=1024, encoder_ffn_embed_dim_4=1024, encoder_ffn_embed_dim_5=512, encoder_self_attention_heads_0=4, encoder_self_attention_heads_1=4, encoder_self_attention_heads_2=2, encoder_self_attention_heads_3=2, encoder_self_attention_heads_4=4, encoder_self_attention_heads_5=2, decoder_embed_dim=512, decoder_layer_num=2, decoder_ffn_embed_dim_0=2048, decoder_ffn_embed_dim_1=1024, decoder_self_attention_heads_0=2, decoder_self_attention_heads_1=2, decoder_ende_attention_heads_0=4, decoder_ende_attention_heads_1=2, decoder_arbitrary_ende_attn_0=2, decoder_arbitrary_ende_attn_1=-1, decoder_arbitrary_ende_attn_2=1, decoder_arbitrary_ende_attn_3=2, decoder_arbitrary_ende_attn_4=-1, decoder_arbitrary_ende_attn_5=-1
| epoch 032:    300 / 1101 loss=3.939, nll_loss=2.528, ppl=5.77, wps=6619, ups=2, wpb=3613.575, bsz=140.146, num_updates=34432, lr=0.000269457, gnorm=1.089, clip=0.000, oom=0.000, wall=19844, train_wall=18372, encoder_embed_dim=512, encoder_layer_num=6, encoder_ffn_embed_dim_0=2048, encoder_ffn_embed_dim_1=512, encoder_ffn_embed_dim_2=1024, encoder_ffn_embed_dim_3=1024, encoder_ffn_embed_dim_4=2048, encoder_ffn_embed_dim_5=512, encoder_self_attention_heads_0=4, encoder_self_attention_heads_1=2, encoder_self_attention_heads_2=2, encoder_self_attention_heads_3=2, encoder_self_attention_heads_4=2, encoder_self_attention_heads_5=2, decoder_embed_dim=512, decoder_layer_num=5, decoder_ffn_embed_dim_0=1024, decoder_ffn_embed_dim_1=2048, decoder_ffn_embed_dim_2=2048, decoder_ffn_embed_dim_3=512, decoder_ffn_embed_dim_4=512, decoder_self_attention_heads_0=2, decoder_self_attention_heads_1=4, decoder_self_attention_heads_2=2, decoder_self_attention_heads_3=2, decoder_self_attention_heads_4=2, decoder_ende_attention_heads_0=2, decoder_ende_attention_heads_1=4, decoder_ende_attention_heads_2=4, decoder_ende_attention_heads_3=4, decoder_ende_attention_heads_4=4, decoder_arbitrary_ende_attn_0=-1, decoder_arbitrary_ende_attn_1=2, decoder_arbitrary_ende_attn_2=1, decoder_arbitrary_ende_attn_3=1, decoder_arbitrary_ende_attn_4=2, decoder_arbitrary_ende_attn_5=2
| epoch 032:    400 / 1101 loss=3.938, nll_loss=2.527, ppl=5.76, wps=6708, ups=2, wpb=3608.491, bsz=144.539, num_updates=34532, lr=0.000269066, gnorm=1.094, clip=0.000, oom=0.000, wall=19895, train_wall=18422, encoder_embed_dim=512, encoder_layer_num=6, encoder_ffn_embed_dim_0=2048, encoder_ffn_embed_dim_1=1024, encoder_ffn_embed_dim_2=512, encoder_ffn_embed_dim_3=512, encoder_ffn_embed_dim_4=1024, encoder_ffn_embed_dim_5=2048, encoder_self_attention_heads_0=4, encoder_self_attention_heads_1=2, encoder_self_attention_heads_2=4, encoder_self_attention_heads_3=2, encoder_self_attention_heads_4=2, encoder_self_attention_heads_5=2, decoder_embed_dim=512, decoder_layer_num=3, decoder_ffn_embed_dim_0=1024, decoder_ffn_embed_dim_1=2048, decoder_ffn_embed_dim_2=2048, decoder_self_attention_heads_0=4, decoder_self_attention_heads_1=2, decoder_self_attention_heads_2=2, decoder_ende_attention_heads_0=2, decoder_ende_attention_heads_1=2, decoder_ende_attention_heads_2=4, decoder_arbitrary_ende_attn_0=1, decoder_arbitrary_ende_attn_1=-1, decoder_arbitrary_ende_attn_2=1, decoder_arbitrary_ende_attn_3=-1, decoder_arbitrary_ende_attn_4=2, decoder_arbitrary_ende_attn_5=1
| epoch 032:    500 / 1101 loss=3.941, nll_loss=2.530, ppl=5.78, wps=6688, ups=2, wpb=3604.118, bsz=145.022, num_updates=34632, lr=0.000268677, gnorm=1.105, clip=0.000, oom=0.000, wall=19950, train_wall=18475, encoder_embed_dim=640, encoder_layer_num=6, encoder_ffn_embed_dim_0=512, encoder_ffn_embed_dim_1=512, encoder_ffn_embed_dim_2=1024, encoder_ffn_embed_dim_3=1024, encoder_ffn_embed_dim_4=1024, encoder_ffn_embed_dim_5=512, encoder_self_attention_heads_0=4, encoder_self_attention_heads_1=2, encoder_self_attention_heads_2=4, encoder_self_attention_heads_3=2, encoder_self_attention_heads_4=2, encoder_self_attention_heads_5=2, decoder_embed_dim=640, decoder_layer_num=2, decoder_ffn_embed_dim_0=512, decoder_ffn_embed_dim_1=1024, decoder_self_attention_heads_0=2, decoder_self_attention_heads_1=2, decoder_ende_attention_heads_0=2, decoder_ende_attention_heads_1=2, decoder_arbitrary_ende_attn_0=1, decoder_arbitrary_ende_attn_1=-1, decoder_arbitrary_ende_attn_2=2, decoder_arbitrary_ende_attn_3=2, decoder_arbitrary_ende_attn_4=2, decoder_arbitrary_ende_attn_5=2
| epoch 032:    600 / 1101 loss=3.952, nll_loss=2.541, ppl=5.82, wps=6641, ups=2, wpb=3593.110, bsz=140.499, num_updates=34732, lr=0.00026829, gnorm=1.115, clip=0.000, oom=0.000, wall=20005, train_wall=18529, encoder_embed_dim=512, encoder_layer_num=6, encoder_ffn_embed_dim_0=2048, encoder_ffn_embed_dim_1=512, encoder_ffn_embed_dim_2=512, encoder_ffn_embed_dim_3=512, encoder_ffn_embed_dim_4=1024, encoder_ffn_embed_dim_5=2048, encoder_self_attention_heads_0=2, encoder_self_attention_heads_1=2, encoder_self_attention_heads_2=2, encoder_self_attention_heads_3=2, encoder_self_attention_heads_4=4, encoder_self_attention_heads_5=2, decoder_embed_dim=640, decoder_layer_num=4, decoder_ffn_embed_dim_0=1024, decoder_ffn_embed_dim_1=512, decoder_ffn_embed_dim_2=2048, decoder_ffn_embed_dim_3=512, decoder_self_attention_heads_0=2, decoder_self_attention_heads_1=4, decoder_self_attention_heads_2=4, decoder_self_attention_heads_3=2, decoder_ende_attention_heads_0=2, decoder_ende_attention_heads_1=4, decoder_ende_attention_heads_2=2, decoder_ende_attention_heads_3=4, decoder_arbitrary_ende_attn_0=-1, decoder_arbitrary_ende_attn_1=2, decoder_arbitrary_ende_attn_2=1, decoder_arbitrary_ende_attn_3=1, decoder_arbitrary_ende_attn_4=1, decoder_arbitrary_ende_attn_5=-1
| epoch 032:    700 / 1101 loss=3.949, nll_loss=2.539, ppl=5.81, wps=6635, ups=2, wpb=3585.294, bsz=142.665, num_updates=34832, lr=0.000267905, gnorm=1.118, clip=0.000, oom=0.000, wall=20058, train_wall=18582, encoder_embed_dim=512, encoder_layer_num=6, encoder_ffn_embed_dim_0=2048, encoder_ffn_embed_dim_1=2048, encoder_ffn_embed_dim_2=2048, encoder_ffn_embed_dim_3=2048, encoder_ffn_embed_dim_4=2048, encoder_ffn_embed_dim_5=2048, encoder_self_attention_heads_0=2, encoder_self_attention_heads_1=2, encoder_self_attention_heads_2=2, encoder_self_attention_heads_3=2, encoder_self_attention_heads_4=4, encoder_self_attention_heads_5=2, decoder_embed_dim=640, decoder_layer_num=4, decoder_ffn_embed_dim_0=1024, decoder_ffn_embed_dim_1=512, decoder_ffn_embed_dim_2=512, decoder_ffn_embed_dim_3=1024, decoder_self_attention_heads_0=4, decoder_self_attention_heads_1=2, decoder_self_attention_heads_2=4, decoder_self_attention_heads_3=4, decoder_ende_attention_heads_0=2, decoder_ende_attention_heads_1=4, decoder_ende_attention_heads_2=2, decoder_ende_attention_heads_3=4, decoder_arbitrary_ende_attn_0=2, decoder_arbitrary_ende_attn_1=-1, decoder_arbitrary_ende_attn_2=-1, decoder_arbitrary_ende_attn_3=-1, decoder_arbitrary_ende_attn_4=2, decoder_arbitrary_ende_attn_5=-1
| epoch 032:    800 / 1101 loss=3.954, nll_loss=2.544, ppl=5.83, wps=6614, ups=2, wpb=3576.984, bsz=141.064, num_updates=34932, lr=0.000267521, gnorm=1.122, clip=0.000, oom=0.000, wall=20113, train_wall=18635, encoder_embed_dim=512, encoder_layer_num=6, encoder_ffn_embed_dim_0=1024, encoder_ffn_embed_dim_1=512, encoder_ffn_embed_dim_2=1024, encoder_ffn_embed_dim_3=2048, encoder_ffn_embed_dim_4=1024, encoder_ffn_embed_dim_5=1024, encoder_self_attention_heads_0=2, encoder_self_attention_heads_1=2, encoder_self_attention_heads_2=4, encoder_self_attention_heads_3=4, encoder_self_attention_heads_4=4, encoder_self_attention_heads_5=2, decoder_embed_dim=512, decoder_layer_num=3, decoder_ffn_embed_dim_0=1024, decoder_ffn_embed_dim_1=1024, decoder_ffn_embed_dim_2=1024, decoder_self_attention_heads_0=4, decoder_self_attention_heads_1=2, decoder_self_attention_heads_2=2, decoder_ende_attention_heads_0=4, decoder_ende_attention_heads_1=4, decoder_ende_attention_heads_2=4, decoder_arbitrary_ende_attn_0=-1, decoder_arbitrary_ende_attn_1=2, decoder_arbitrary_ende_attn_2=-1, decoder_arbitrary_ende_attn_3=2, decoder_arbitrary_ende_attn_4=2, decoder_arbitrary_ende_attn_5=1
| epoch 032 | validate on 'valid' subset | loss 4.077 | nll_loss 2.518 | ppl 5.73 | num_updates 35000 | best_loss 4.07676 | largest_arbitrary1_loss 4.077 | largest_arbitrary1_nll_loss 2.518
| epoch 032 | validate on 'valid' subset | loss 4.505 | nll_loss 2.971 | ppl 7.84 | num_updates 35000 | best_loss 4.50459 | smallest_arbitrary1_loss 4.505 | smallest_arbitrary1_nll_loss 2.971
| saved checkpoint ../checkpoints/iwslt14_super_full50000_fromscratch/checkpoint_32_35000.pt (epoch 32 @ 35000 updates) (writing took 4.769219160079956 seconds)
| epoch 032:    900 / 1101 loss=3.961, nll_loss=2.552, ppl=5.87, wps=6250, ups=2, wpb=3576.514, bsz=141.939, num_updates=35032, lr=0.000267139, gnorm=1.124, clip=0.000, oom=0.000, wall=20195, train_wall=18687, encoder_embed_dim=640, encoder_layer_num=6, encoder_ffn_embed_dim_0=512, encoder_ffn_embed_dim_1=1024, encoder_ffn_embed_dim_2=512, encoder_ffn_embed_dim_3=512, encoder_ffn_embed_dim_4=2048, encoder_ffn_embed_dim_5=1024, encoder_self_attention_heads_0=2, encoder_self_attention_heads_1=2, encoder_self_attention_heads_2=4, encoder_self_attention_heads_3=2, encoder_self_attention_heads_4=4, encoder_self_attention_heads_5=2, decoder_embed_dim=640, decoder_layer_num=1, decoder_ffn_embed_dim_0=2048, decoder_self_attention_heads_0=2, decoder_ende_attention_heads_0=4, decoder_arbitrary_ende_attn_0=2, decoder_arbitrary_ende_attn_1=1, decoder_arbitrary_ende_attn_2=2, decoder_arbitrary_ende_attn_3=1, decoder_arbitrary_ende_attn_4=2, decoder_arbitrary_ende_attn_5=1
| epoch 032:   1000 / 1101 loss=3.962, nll_loss=2.554, ppl=5.87, wps=6280, ups=2, wpb=3578.768, bsz=143.671, num_updates=35132, lr=0.000266759, gnorm=1.121, clip=0.000, oom=0.000, wall=20250, train_wall=18741, encoder_embed_dim=512, encoder_layer_num=6, encoder_ffn_embed_dim_0=512, encoder_ffn_embed_dim_1=2048, encoder_ffn_embed_dim_2=1024, encoder_ffn_embed_dim_3=2048, encoder_ffn_embed_dim_4=512, encoder_ffn_embed_dim_5=1024, encoder_self_attention_heads_0=2, encoder_self_attention_heads_1=4, encoder_self_attention_heads_2=2, encoder_self_attention_heads_3=2, encoder_self_attention_heads_4=2, encoder_self_attention_heads_5=4, decoder_embed_dim=640, decoder_layer_num=1, decoder_ffn_embed_dim_0=2048, decoder_self_attention_heads_0=4, decoder_ende_attention_heads_0=2, decoder_arbitrary_ende_attn_0=2, decoder_arbitrary_ende_attn_1=1, decoder_arbitrary_ende_attn_2=1, decoder_arbitrary_ende_attn_3=-1, decoder_arbitrary_ende_attn_4=-1, decoder_arbitrary_ende_attn_5=2
| epoch 032:   1100 / 1101 loss=3.961, nll_loss=2.553, ppl=5.87, wps=6322, ups=2, wpb=3586.843, bsz=145.540, num_updates=35232, lr=0.00026638, gnorm=1.117, clip=0.000, oom=0.000, wall=20304, train_wall=18794, encoder_embed_dim=512, encoder_layer_num=6, encoder_ffn_embed_dim_0=1024, encoder_ffn_embed_dim_1=512, encoder_ffn_embed_dim_2=2048, encoder_ffn_embed_dim_3=2048, encoder_ffn_embed_dim_4=512, encoder_ffn_embed_dim_5=1024, encoder_self_attention_heads_0=4, encoder_self_attention_heads_1=4, encoder_self_attention_heads_2=4, encoder_self_attention_heads_3=4, encoder_self_attention_heads_4=4, encoder_self_attention_heads_5=2, decoder_embed_dim=640, decoder_layer_num=6, decoder_ffn_embed_dim_0=2048, decoder_ffn_embed_dim_1=1024, decoder_ffn_embed_dim_2=2048, decoder_ffn_embed_dim_3=2048, decoder_ffn_embed_dim_4=512, decoder_ffn_embed_dim_5=1024, decoder_self_attention_heads_0=2, decoder_self_attention_heads_1=4, decoder_self_attention_heads_2=2, decoder_self_attention_heads_3=4, decoder_self_attention_heads_4=4, decoder_self_attention_heads_5=2, decoder_ende_attention_heads_0=4, decoder_ende_attention_heads_1=2, decoder_ende_attention_heads_2=4, decoder_ende_attention_heads_3=2, decoder_ende_attention_heads_4=4, decoder_ende_attention_heads_5=4, decoder_arbitrary_ende_attn_0=-1, decoder_arbitrary_ende_attn_1=-1, decoder_arbitrary_ende_attn_2=1, decoder_arbitrary_ende_attn_3=1, decoder_arbitrary_ende_attn_4=1, decoder_arbitrary_ende_attn_5=-1
| epoch 032 | loss 3.961 | nll_loss 2.553 | ppl 5.87 | wps 6320 | ups 2 | wpb 3586.843 | bsz 145.540 | num_updates 35232 | lr 0.00026638 | gnorm 1.117 | clip 0.000 | oom 0.000 | wall 20304 | train_wall 18794
| epoch 032 | validate on 'valid' subset | loss 4.091 | nll_loss 2.520 | ppl 5.74 | num_updates 35232 | best_loss 4.09105 | largest_arbitrary1_loss 4.091 | largest_arbitrary1_nll_loss 2.520
| epoch 032 | validate on 'valid' subset | loss 4.506 | nll_loss 2.979 | ppl 7.88 | num_updates 35232 | best_loss 4.50459 | smallest_arbitrary1_loss 4.506 | smallest_arbitrary1_nll_loss 2.979
| saved checkpoint ../checkpoints/iwslt14_super_full50000_fromscratch/checkpoint32.pt (epoch 32 @ 35232 updates) (writing took 3.462862968444824 seconds)
| epoch 033:    100 / 1101 loss=3.876, nll_loss=2.457, ppl=5.49, wps=6598, ups=1, wpb=3616.802, bsz=146.455, num_updates=35333, lr=0.000265999, gnorm=1.090, clip=0.000, oom=0.000, wall=20387, train_wall=18848, encoder_embed_dim=512, encoder_layer_num=6, encoder_ffn_embed_dim_0=1024, encoder_ffn_embed_dim_1=512, encoder_ffn_embed_dim_2=2048, encoder_ffn_embed_dim_3=1024, encoder_ffn_embed_dim_4=512, encoder_ffn_embed_dim_5=2048, encoder_self_attention_heads_0=2, encoder_self_attention_heads_1=2, encoder_self_attention_heads_2=4, encoder_self_attention_heads_3=2, encoder_self_attention_heads_4=2, encoder_self_attention_heads_5=2, decoder_embed_dim=640, decoder_layer_num=4, decoder_ffn_embed_dim_0=2048, decoder_ffn_embed_dim_1=1024, decoder_ffn_embed_dim_2=1024, decoder_ffn_embed_dim_3=1024, decoder_self_attention_heads_0=2, decoder_self_attention_heads_1=2, decoder_self_attention_heads_2=4, decoder_self_attention_heads_3=4, decoder_ende_attention_heads_0=2, decoder_ende_attention_heads_1=4, decoder_ende_attention_heads_2=4, decoder_ende_attention_heads_3=2, decoder_arbitrary_ende_attn_0=-1, decoder_arbitrary_ende_attn_1=2, decoder_arbitrary_ende_attn_2=2, decoder_arbitrary_ende_attn_3=-1, decoder_arbitrary_ende_attn_4=-1, decoder_arbitrary_ende_attn_5=2
| epoch 033:    200 / 1101 loss=3.933, nll_loss=2.520, ppl=5.74, wps=6574, ups=1, wpb=3588.398, bsz=143.881, num_updates=35433, lr=0.000265623, gnorm=1.122, clip=0.000, oom=0.000, wall=20442, train_wall=18901, encoder_embed_dim=512, encoder_layer_num=6, encoder_ffn_embed_dim_0=2048, encoder_ffn_embed_dim_1=1024, encoder_ffn_embed_dim_2=512, encoder_ffn_embed_dim_3=2048, encoder_ffn_embed_dim_4=512, encoder_ffn_embed_dim_5=1024, encoder_self_attention_heads_0=4, encoder_self_attention_heads_1=2, encoder_self_attention_heads_2=4, encoder_self_attention_heads_3=2, encoder_self_attention_heads_4=2, encoder_self_attention_heads_5=4, decoder_embed_dim=512, decoder_layer_num=6, decoder_ffn_embed_dim_0=1024, decoder_ffn_embed_dim_1=512, decoder_ffn_embed_dim_2=512, decoder_ffn_embed_dim_3=2048, decoder_ffn_embed_dim_4=2048, decoder_ffn_embed_dim_5=2048, decoder_self_attention_heads_0=4, decoder_self_attention_heads_1=2, decoder_self_attention_heads_2=4, decoder_self_attention_heads_3=2, decoder_self_attention_heads_4=2, decoder_self_attention_heads_5=4, decoder_ende_attention_heads_0=2, decoder_ende_attention_heads_1=2, decoder_ende_attention_heads_2=2, decoder_ende_attention_heads_3=2, decoder_ende_attention_heads_4=4, decoder_ende_attention_heads_5=2, decoder_arbitrary_ende_attn_0=2, decoder_arbitrary_ende_attn_1=-1, decoder_arbitrary_ende_attn_2=1, decoder_arbitrary_ende_attn_3=-1, decoder_arbitrary_ende_attn_4=-1, decoder_arbitrary_ende_attn_5=-1
| epoch 033:    300 / 1101 loss=3.950, nll_loss=2.540, ppl=5.82, wps=6532, ups=2, wpb=3576.847, bsz=137.488, num_updates=35533, lr=0.000265249, gnorm=1.117, clip=0.000, oom=0.000, wall=20497, train_wall=18955, encoder_embed_dim=640, encoder_layer_num=6, encoder_ffn_embed_dim_0=512, encoder_ffn_embed_dim_1=2048, encoder_ffn_embed_dim_2=512, encoder_ffn_embed_dim_3=1024, encoder_ffn_embed_dim_4=2048, encoder_ffn_embed_dim_5=512, encoder_self_attention_heads_0=2, encoder_self_attention_heads_1=4, encoder_self_attention_heads_2=4, encoder_self_attention_heads_3=2, encoder_self_attention_heads_4=2, encoder_self_attention_heads_5=2, decoder_embed_dim=512, decoder_layer_num=3, decoder_ffn_embed_dim_0=2048, decoder_ffn_embed_dim_1=512, decoder_ffn_embed_dim_2=2048, decoder_self_attention_heads_0=2, decoder_self_attention_heads_1=2, decoder_self_attention_heads_2=4, decoder_ende_attention_heads_0=2, decoder_ende_attention_heads_1=2, decoder_ende_attention_heads_2=2, decoder_arbitrary_ende_attn_0=1, decoder_arbitrary_ende_attn_1=-1, decoder_arbitrary_ende_attn_2=-1, decoder_arbitrary_ende_attn_3=1, decoder_arbitrary_ende_attn_4=-1, decoder_arbitrary_ende_attn_5=1
| epoch 033:    400 / 1101 loss=3.941, nll_loss=2.530, ppl=5.77, wps=6626, ups=2, wpb=3593.524, bsz=142.085, num_updates=35633, lr=0.000264877, gnorm=1.113, clip=0.000, oom=0.000, wall=20549, train_wall=19007, encoder_embed_dim=640, encoder_layer_num=6, encoder_ffn_embed_dim_0=1024, encoder_ffn_embed_dim_1=1024, encoder_ffn_embed_dim_2=1024, encoder_ffn_embed_dim_3=512, encoder_ffn_embed_dim_4=512, encoder_ffn_embed_dim_5=512, encoder_self_attention_heads_0=4, encoder_self_attention_heads_1=4, encoder_self_attention_heads_2=2, encoder_self_attention_heads_3=2, encoder_self_attention_heads_4=4, encoder_self_attention_heads_5=2, decoder_embed_dim=640, decoder_layer_num=2, decoder_ffn_embed_dim_0=2048, decoder_ffn_embed_dim_1=2048, decoder_self_attention_heads_0=2, decoder_self_attention_heads_1=2, decoder_ende_attention_heads_0=4, decoder_ende_attention_heads_1=4, decoder_arbitrary_ende_attn_0=1, decoder_arbitrary_ende_attn_1=2, decoder_arbitrary_ende_attn_2=2, decoder_arbitrary_ende_attn_3=1, decoder_arbitrary_ende_attn_4=1, decoder_arbitrary_ende_attn_5=-1
| epoch 033:    500 / 1101 loss=3.945, nll_loss=2.534, ppl=5.79, wps=6653, ups=2, wpb=3600.244, bsz=141.493, num_updates=35733, lr=0.000264506, gnorm=1.117, clip=0.000, oom=0.000, wall=20603, train_wall=19059, encoder_embed_dim=640, encoder_layer_num=6, encoder_ffn_embed_dim_0=2048, encoder_ffn_embed_dim_1=2048, encoder_ffn_embed_dim_2=2048, encoder_ffn_embed_dim_3=2048, encoder_ffn_embed_dim_4=1024, encoder_ffn_embed_dim_5=1024, encoder_self_attention_heads_0=4, encoder_self_attention_heads_1=4, encoder_self_attention_heads_2=2, encoder_self_attention_heads_3=4, encoder_self_attention_heads_4=4, encoder_self_attention_heads_5=4, decoder_embed_dim=640, decoder_layer_num=4, decoder_ffn_embed_dim_0=1024, decoder_ffn_embed_dim_1=512, decoder_ffn_embed_dim_2=512, decoder_ffn_embed_dim_3=512, decoder_self_attention_heads_0=2, decoder_self_attention_heads_1=2, decoder_self_attention_heads_2=4, decoder_self_attention_heads_3=2, decoder_ende_attention_heads_0=4, decoder_ende_attention_heads_1=4, decoder_ende_attention_heads_2=4, decoder_ende_attention_heads_3=2, decoder_arbitrary_ende_attn_0=-1, decoder_arbitrary_ende_attn_1=-1, decoder_arbitrary_ende_attn_2=2, decoder_arbitrary_ende_attn_3=1, decoder_arbitrary_ende_attn_4=1, decoder_arbitrary_ende_attn_5=-1
| epoch 033:    600 / 1101 loss=3.948, nll_loss=2.538, ppl=5.81, wps=6640, ups=2, wpb=3585.559, bsz=143.173, num_updates=35833, lr=0.000264137, gnorm=1.122, clip=0.000, oom=0.000, wall=20656, train_wall=19112, encoder_embed_dim=640, encoder_layer_num=6, encoder_ffn_embed_dim_0=1024, encoder_ffn_embed_dim_1=1024, encoder_ffn_embed_dim_2=2048, encoder_ffn_embed_dim_3=2048, encoder_ffn_embed_dim_4=512, encoder_ffn_embed_dim_5=1024, encoder_self_attention_heads_0=2, encoder_self_attention_heads_1=2, encoder_self_attention_heads_2=2, encoder_self_attention_heads_3=4, encoder_self_attention_heads_4=4, encoder_self_attention_heads_5=2, decoder_embed_dim=512, decoder_layer_num=3, decoder_ffn_embed_dim_0=2048, decoder_ffn_embed_dim_1=1024, decoder_ffn_embed_dim_2=2048, decoder_self_attention_heads_0=2, decoder_self_attention_heads_1=4, decoder_self_attention_heads_2=2, decoder_ende_attention_heads_0=4, decoder_ende_attention_heads_1=2, decoder_ende_attention_heads_2=2, decoder_arbitrary_ende_attn_0=1, decoder_arbitrary_ende_attn_1=-1, decoder_arbitrary_ende_attn_2=2, decoder_arbitrary_ende_attn_3=-1, decoder_arbitrary_ende_attn_4=2, decoder_arbitrary_ende_attn_5=1
| epoch 033:    700 / 1101 loss=3.945, nll_loss=2.534, ppl=5.79, wps=6654, ups=2, wpb=3587.782, bsz=143.919, num_updates=35933, lr=0.000263769, gnorm=1.119, clip=0.000, oom=0.000, wall=20710, train_wall=19164, encoder_embed_dim=512, encoder_layer_num=6, encoder_ffn_embed_dim_0=2048, encoder_ffn_embed_dim_1=1024, encoder_ffn_embed_dim_2=512, encoder_ffn_embed_dim_3=512, encoder_ffn_embed_dim_4=1024, encoder_ffn_embed_dim_5=2048, encoder_self_attention_heads_0=4, encoder_self_attention_heads_1=4, encoder_self_attention_heads_2=4, encoder_self_attention_heads_3=2, encoder_self_attention_heads_4=2, encoder_self_attention_heads_5=4, decoder_embed_dim=640, decoder_layer_num=3, decoder_ffn_embed_dim_0=2048, decoder_ffn_embed_dim_1=1024, decoder_ffn_embed_dim_2=1024, decoder_self_attention_heads_0=4, decoder_self_attention_heads_1=4, decoder_self_attention_heads_2=4, decoder_ende_attention_heads_0=4, decoder_ende_attention_heads_1=2, decoder_ende_attention_heads_2=2, decoder_arbitrary_ende_attn_0=1, decoder_arbitrary_ende_attn_1=1, decoder_arbitrary_ende_attn_2=1, decoder_arbitrary_ende_attn_3=1, decoder_arbitrary_ende_attn_4=2, decoder_arbitrary_ende_attn_5=1
| epoch 033:    800 / 1101 loss=3.949, nll_loss=2.539, ppl=5.81, wps=6706, ups=2, wpb=3594.533, bsz=144.868, num_updates=36033, lr=0.000263402, gnorm=1.120, clip=0.000, oom=0.000, wall=20761, train_wall=19214, encoder_embed_dim=512, encoder_layer_num=6, encoder_ffn_embed_dim_0=512, encoder_ffn_embed_dim_1=1024, encoder_ffn_embed_dim_2=512, encoder_ffn_embed_dim_3=1024, encoder_ffn_embed_dim_4=1024, encoder_ffn_embed_dim_5=2048, encoder_self_attention_heads_0=4, encoder_self_attention_heads_1=2, encoder_self_attention_heads_2=2, encoder_self_attention_heads_3=4, encoder_self_attention_heads_4=4, encoder_self_attention_heads_5=2, decoder_embed_dim=512, decoder_layer_num=2, decoder_ffn_embed_dim_0=512, decoder_ffn_embed_dim_1=2048, decoder_self_attention_heads_0=2, decoder_self_attention_heads_1=4, decoder_ende_attention_heads_0=2, decoder_ende_attention_heads_1=2, decoder_arbitrary_ende_attn_0=2, decoder_arbitrary_ende_attn_1=-1, decoder_arbitrary_ende_attn_2=1, decoder_arbitrary_ende_attn_3=1, decoder_arbitrary_ende_attn_4=-1, decoder_arbitrary_ende_attn_5=1
| epoch 033:    900 / 1101 loss=3.953, nll_loss=2.543, ppl=5.83, wps=6671, ups=2, wpb=3582.495, bsz=144.194, num_updates=36133, lr=0.000263038, gnorm=1.123, clip=0.000, oom=0.000, wall=20816, train_wall=19267, encoder_embed_dim=512, encoder_layer_num=6, encoder_ffn_embed_dim_0=2048, encoder_ffn_embed_dim_1=512, encoder_ffn_embed_dim_2=512, encoder_ffn_embed_dim_3=2048, encoder_ffn_embed_dim_4=1024, encoder_ffn_embed_dim_5=512, encoder_self_attention_heads_0=2, encoder_self_attention_heads_1=2, encoder_self_attention_heads_2=2, encoder_self_attention_heads_3=4, encoder_self_attention_heads_4=4, encoder_self_attention_heads_5=4, decoder_embed_dim=512, decoder_layer_num=3, decoder_ffn_embed_dim_0=1024, decoder_ffn_embed_dim_1=1024, decoder_ffn_embed_dim_2=1024, decoder_self_attention_heads_0=2, decoder_self_attention_heads_1=4, decoder_self_attention_heads_2=2, decoder_ende_attention_heads_0=2, decoder_ende_attention_heads_1=4, decoder_ende_attention_heads_2=2, decoder_arbitrary_ende_attn_0=1, decoder_arbitrary_ende_attn_1=2, decoder_arbitrary_ende_attn_2=2, decoder_arbitrary_ende_attn_3=2, decoder_arbitrary_ende_attn_4=1, decoder_arbitrary_ende_attn_5=-1
| epoch 033:   1000 / 1101 loss=3.957, nll_loss=2.548, ppl=5.85, wps=6663, ups=2, wpb=3581.319, bsz=143.719, num_updates=36233, lr=0.000262674, gnorm=1.124, clip=0.000, oom=0.000, wall=20870, train_wall=19320, encoder_embed_dim=512, encoder_layer_num=6, encoder_ffn_embed_dim_0=512, encoder_ffn_embed_dim_1=2048, encoder_ffn_embed_dim_2=2048, encoder_ffn_embed_dim_3=1024, encoder_ffn_embed_dim_4=512, encoder_ffn_embed_dim_5=1024, encoder_self_attention_heads_0=2, encoder_self_attention_heads_1=2, encoder_self_attention_heads_2=2, encoder_self_attention_heads_3=2, encoder_self_attention_heads_4=4, encoder_self_attention_heads_5=2, decoder_embed_dim=512, decoder_layer_num=6, decoder_ffn_embed_dim_0=1024, decoder_ffn_embed_dim_1=512, decoder_ffn_embed_dim_2=512, decoder_ffn_embed_dim_3=1024, decoder_ffn_embed_dim_4=2048, decoder_ffn_embed_dim_5=1024, decoder_self_attention_heads_0=2, decoder_self_attention_heads_1=2, decoder_self_attention_heads_2=2, decoder_self_attention_heads_3=2, decoder_self_attention_heads_4=2, decoder_self_attention_heads_5=2, decoder_ende_attention_heads_0=4, decoder_ende_attention_heads_1=4, decoder_ende_attention_heads_2=4, decoder_ende_attention_heads_3=4, decoder_ende_attention_heads_4=4, decoder_ende_attention_heads_5=2, decoder_arbitrary_ende_attn_0=-1, decoder_arbitrary_ende_attn_1=1, decoder_arbitrary_ende_attn_2=2, decoder_arbitrary_ende_attn_3=-1, decoder_arbitrary_ende_attn_4=1, decoder_arbitrary_ende_attn_5=-1
| epoch 033:   1100 / 1101 loss=3.951, nll_loss=2.541, ppl=5.82, wps=6664, ups=2, wpb=3586.843, bsz=145.540, num_updates=36333, lr=0.000262313, gnorm=1.121, clip=0.000, oom=0.000, wall=20925, train_wall=19373, encoder_embed_dim=640, encoder_layer_num=6, encoder_ffn_embed_dim_0=1024, encoder_ffn_embed_dim_1=2048, encoder_ffn_embed_dim_2=512, encoder_ffn_embed_dim_3=512, encoder_ffn_embed_dim_4=1024, encoder_ffn_embed_dim_5=2048, encoder_self_attention_heads_0=4, encoder_self_attention_heads_1=4, encoder_self_attention_heads_2=2, encoder_self_attention_heads_3=4, encoder_self_attention_heads_4=2, encoder_self_attention_heads_5=2, decoder_embed_dim=512, decoder_layer_num=5, decoder_ffn_embed_dim_0=1024, decoder_ffn_embed_dim_1=1024, decoder_ffn_embed_dim_2=1024, decoder_ffn_embed_dim_3=1024, decoder_ffn_embed_dim_4=512, decoder_self_attention_heads_0=2, decoder_self_attention_heads_1=4, decoder_self_attention_heads_2=2, decoder_self_attention_heads_3=4, decoder_self_attention_heads_4=2, decoder_ende_attention_heads_0=2, decoder_ende_attention_heads_1=2, decoder_ende_attention_heads_2=2, decoder_ende_attention_heads_3=2, decoder_ende_attention_heads_4=4, decoder_arbitrary_ende_attn_0=-1, decoder_arbitrary_ende_attn_1=2, decoder_arbitrary_ende_attn_2=2, decoder_arbitrary_ende_attn_3=1, decoder_arbitrary_ende_attn_4=-1, decoder_arbitrary_ende_attn_5=1
| epoch 033 | loss 3.951 | nll_loss 2.541 | ppl 5.82 | wps 6662 | ups 2 | wpb 3586.843 | bsz 145.540 | num_updates 36333 | lr 0.000262313 | gnorm 1.121 | clip 0.000 | oom 0.000 | wall 20925 | train_wall 19373
| epoch 033 | validate on 'valid' subset | loss 4.078 | nll_loss 2.503 | ppl 5.67 | num_updates 36333 | best_loss 4.07758 | largest_arbitrary1_loss 4.078 | largest_arbitrary1_nll_loss 2.503
| epoch 033 | validate on 'valid' subset | loss 4.482 | nll_loss 2.955 | ppl 7.75 | num_updates 36333 | best_loss 4.48247 | smallest_arbitrary1_loss 4.482 | smallest_arbitrary1_nll_loss 2.955
| saved checkpoint ../checkpoints/iwslt14_super_full50000_fromscratch/checkpoint33.pt (epoch 33 @ 36333 updates) (writing took 4.605776309967041 seconds)
| epoch 034:    100 / 1101 loss=3.848, nll_loss=2.426, ppl=5.38, wps=6617, ups=1, wpb=3643.752, bsz=165.465, num_updates=36434, lr=0.000261949, gnorm=1.057, clip=0.000, oom=0.000, wall=21010, train_wall=19428, encoder_embed_dim=640, encoder_layer_num=6, encoder_ffn_embed_dim_0=512, encoder_ffn_embed_dim_1=1024, encoder_ffn_embed_dim_2=512, encoder_ffn_embed_dim_3=1024, encoder_ffn_embed_dim_4=2048, encoder_ffn_embed_dim_5=1024, encoder_self_attention_heads_0=2, encoder_self_attention_heads_1=2, encoder_self_attention_heads_2=4, encoder_self_attention_heads_3=2, encoder_self_attention_heads_4=2, encoder_self_attention_heads_5=4, decoder_embed_dim=640, decoder_layer_num=6, decoder_ffn_embed_dim_0=2048, decoder_ffn_embed_dim_1=2048, decoder_ffn_embed_dim_2=512, decoder_ffn_embed_dim_3=2048, decoder_ffn_embed_dim_4=2048, decoder_ffn_embed_dim_5=2048, decoder_self_attention_heads_0=4, decoder_self_attention_heads_1=4, decoder_self_attention_heads_2=4, decoder_self_attention_heads_3=4, decoder_self_attention_heads_4=2, decoder_self_attention_heads_5=2, decoder_ende_attention_heads_0=2, decoder_ende_attention_heads_1=2, decoder_ende_attention_heads_2=2, decoder_ende_attention_heads_3=2, decoder_ende_attention_heads_4=4, decoder_ende_attention_heads_5=4, decoder_arbitrary_ende_attn_0=1, decoder_arbitrary_ende_attn_1=1, decoder_arbitrary_ende_attn_2=2, decoder_arbitrary_ende_attn_3=-1, decoder_arbitrary_ende_attn_4=2, decoder_arbitrary_ende_attn_5=1
| epoch 034:    200 / 1101 loss=3.862, nll_loss=2.440, ppl=5.43, wps=6565, ups=1, wpb=3632.353, bsz=159.841, num_updates=36534, lr=0.00026159, gnorm=1.077, clip=0.000, oom=0.000, wall=21065, train_wall=19482, encoder_embed_dim=640, encoder_layer_num=6, encoder_ffn_embed_dim_0=512, encoder_ffn_embed_dim_1=2048, encoder_ffn_embed_dim_2=512, encoder_ffn_embed_dim_3=2048, encoder_ffn_embed_dim_4=512, encoder_ffn_embed_dim_5=1024, encoder_self_attention_heads_0=2, encoder_self_attention_heads_1=2, encoder_self_attention_heads_2=2, encoder_self_attention_heads_3=4, encoder_self_attention_heads_4=2, encoder_self_attention_heads_5=4, decoder_embed_dim=512, decoder_layer_num=6, decoder_ffn_embed_dim_0=1024, decoder_ffn_embed_dim_1=2048, decoder_ffn_embed_dim_2=2048, decoder_ffn_embed_dim_3=512, decoder_ffn_embed_dim_4=2048, decoder_ffn_embed_dim_5=512, decoder_self_attention_heads_0=4, decoder_self_attention_heads_1=2, decoder_self_attention_heads_2=2, decoder_self_attention_heads_3=2, decoder_self_attention_heads_4=2, decoder_self_attention_heads_5=4, decoder_ende_attention_heads_0=4, decoder_ende_attention_heads_1=4, decoder_ende_attention_heads_2=4, decoder_ende_attention_heads_3=4, decoder_ende_attention_heads_4=4, decoder_ende_attention_heads_5=4, decoder_arbitrary_ende_attn_0=-1, decoder_arbitrary_ende_attn_1=1, decoder_arbitrary_ende_attn_2=-1, decoder_arbitrary_ende_attn_3=2, decoder_arbitrary_ende_attn_4=-1, decoder_arbitrary_ende_attn_5=-1
| epoch 034:    300 / 1101 loss=3.895, nll_loss=2.477, ppl=5.57, wps=6582, ups=2, wpb=3614.940, bsz=155.850, num_updates=36634, lr=0.000261233, gnorm=1.092, clip=0.000, oom=0.000, wall=21120, train_wall=19535, encoder_embed_dim=512, encoder_layer_num=6, encoder_ffn_embed_dim_0=1024, encoder_ffn_embed_dim_1=2048, encoder_ffn_embed_dim_2=2048, encoder_ffn_embed_dim_3=512, encoder_ffn_embed_dim_4=512, encoder_ffn_embed_dim_5=2048, encoder_self_attention_heads_0=2, encoder_self_attention_heads_1=2, encoder_self_attention_heads_2=4, encoder_self_attention_heads_3=4, encoder_self_attention_heads_4=4, encoder_self_attention_heads_5=4, decoder_embed_dim=640, decoder_layer_num=3, decoder_ffn_embed_dim_0=2048, decoder_ffn_embed_dim_1=1024, decoder_ffn_embed_dim_2=512, decoder_self_attention_heads_0=4, decoder_self_attention_heads_1=2, decoder_self_attention_heads_2=4, decoder_ende_attention_heads_0=2, decoder_ende_attention_heads_1=4, decoder_ende_attention_heads_2=4, decoder_arbitrary_ende_attn_0=2, decoder_arbitrary_ende_attn_1=1, decoder_arbitrary_ende_attn_2=-1, decoder_arbitrary_ende_attn_3=-1, decoder_arbitrary_ende_attn_4=-1, decoder_arbitrary_ende_attn_5=2
| epoch 034:    400 / 1101 loss=3.912, nll_loss=2.497, ppl=5.64, wps=6617, ups=2, wpb=3611.726, bsz=148.087, num_updates=36734, lr=0.000260877, gnorm=1.098, clip=0.000, oom=0.000, wall=21173, train_wall=19588, encoder_embed_dim=640, encoder_layer_num=6, encoder_ffn_embed_dim_0=2048, encoder_ffn_embed_dim_1=1024, encoder_ffn_embed_dim_2=1024, encoder_ffn_embed_dim_3=1024, encoder_ffn_embed_dim_4=1024, encoder_ffn_embed_dim_5=2048, encoder_self_attention_heads_0=2, encoder_self_attention_heads_1=2, encoder_self_attention_heads_2=2, encoder_self_attention_heads_3=4, encoder_self_attention_heads_4=4, encoder_self_attention_heads_5=4, decoder_embed_dim=512, decoder_layer_num=2, decoder_ffn_embed_dim_0=1024, decoder_ffn_embed_dim_1=512, decoder_self_attention_heads_0=4, decoder_self_attention_heads_1=2, decoder_ende_attention_heads_0=4, decoder_ende_attention_heads_1=4, decoder_arbitrary_ende_attn_0=2, decoder_arbitrary_ende_attn_1=1, decoder_arbitrary_ende_attn_2=-1, decoder_arbitrary_ende_attn_3=-1, decoder_arbitrary_ende_attn_4=1, decoder_arbitrary_ende_attn_5=2
| epoch 034:    500 / 1101 loss=3.925, nll_loss=2.512, ppl=5.70, wps=6599, ups=2, wpb=3601.705, bsz=142.832, num_updates=36834, lr=0.000260523, gnorm=1.109, clip=0.000, oom=0.000, wall=21228, train_wall=19641, encoder_embed_dim=640, encoder_layer_num=6, encoder_ffn_embed_dim_0=1024, encoder_ffn_embed_dim_1=512, encoder_ffn_embed_dim_2=1024, encoder_ffn_embed_dim_3=1024, encoder_ffn_embed_dim_4=512, encoder_ffn_embed_dim_5=2048, encoder_self_attention_heads_0=2, encoder_self_attention_heads_1=2, encoder_self_attention_heads_2=4, encoder_self_attention_heads_3=2, encoder_self_attention_heads_4=2, encoder_self_attention_heads_5=2, decoder_embed_dim=640, decoder_layer_num=5, decoder_ffn_embed_dim_0=512, decoder_ffn_embed_dim_1=1024, decoder_ffn_embed_dim_2=512, decoder_ffn_embed_dim_3=2048, decoder_ffn_embed_dim_4=2048, decoder_self_attention_heads_0=4, decoder_self_attention_heads_1=4, decoder_self_attention_heads_2=2, decoder_self_attention_heads_3=2, decoder_self_attention_heads_4=4, decoder_ende_attention_heads_0=4, decoder_ende_attention_heads_1=4, decoder_ende_attention_heads_2=2, decoder_ende_attention_heads_3=4, decoder_ende_attention_heads_4=4, decoder_arbitrary_ende_attn_0=-1, decoder_arbitrary_ende_attn_1=2, decoder_arbitrary_ende_attn_2=1, decoder_arbitrary_ende_attn_3=2, decoder_arbitrary_ende_attn_4=2, decoder_arbitrary_ende_attn_5=1
| epoch 034:    600 / 1101 loss=3.915, nll_loss=2.500, ppl=5.66, wps=6570, ups=2, wpb=3600.651, bsz=147.286, num_updates=36934, lr=0.00026017, gnorm=1.105, clip=0.000, oom=0.000, wall=21284, train_wall=19696, encoder_embed_dim=640, encoder_layer_num=6, encoder_ffn_embed_dim_0=1024, encoder_ffn_embed_dim_1=2048, encoder_ffn_embed_dim_2=1024, encoder_ffn_embed_dim_3=1024, encoder_ffn_embed_dim_4=512, encoder_ffn_embed_dim_5=2048, encoder_self_attention_heads_0=4, encoder_self_attention_heads_1=4, encoder_self_attention_heads_2=2, encoder_self_attention_heads_3=2, encoder_self_attention_heads_4=4, encoder_self_attention_heads_5=4, decoder_embed_dim=512, decoder_layer_num=6, decoder_ffn_embed_dim_0=1024, decoder_ffn_embed_dim_1=2048, decoder_ffn_embed_dim_2=1024, decoder_ffn_embed_dim_3=512, decoder_ffn_embed_dim_4=1024, decoder_ffn_embed_dim_5=2048, decoder_self_attention_heads_0=2, decoder_self_attention_heads_1=2, decoder_self_attention_heads_2=4, decoder_self_attention_heads_3=4, decoder_self_attention_heads_4=2, decoder_self_attention_heads_5=4, decoder_ende_attention_heads_0=2, decoder_ende_attention_heads_1=2, decoder_ende_attention_heads_2=2, decoder_ende_attention_heads_3=2, decoder_ende_attention_heads_4=2, decoder_ende_attention_heads_5=2, decoder_arbitrary_ende_attn_0=-1, decoder_arbitrary_ende_attn_1=1, decoder_arbitrary_ende_attn_2=1, decoder_arbitrary_ende_attn_3=2, decoder_arbitrary_ende_attn_4=2, decoder_arbitrary_ende_attn_5=1
| epoch 034:    700 / 1101 loss=3.912, nll_loss=2.497, ppl=5.64, wps=6608, ups=2, wpb=3600.896, bsz=148.312, num_updates=37034, lr=0.000259818, gnorm=1.104, clip=0.000, oom=0.000, wall=21336, train_wall=19747, encoder_embed_dim=640, encoder_layer_num=6, encoder_ffn_embed_dim_0=1024, encoder_ffn_embed_dim_1=1024, encoder_ffn_embed_dim_2=512, encoder_ffn_embed_dim_3=2048, encoder_ffn_embed_dim_4=1024, encoder_ffn_embed_dim_5=512, encoder_self_attention_heads_0=4, encoder_self_attention_heads_1=4, encoder_self_attention_heads_2=2, encoder_self_attention_heads_3=2, encoder_self_attention_heads_4=2, encoder_self_attention_heads_5=2, decoder_embed_dim=640, decoder_layer_num=6, decoder_ffn_embed_dim_0=1024, decoder_ffn_embed_dim_1=1024, decoder_ffn_embed_dim_2=1024, decoder_ffn_embed_dim_3=2048, decoder_ffn_embed_dim_4=512, decoder_ffn_embed_dim_5=512, decoder_self_attention_heads_0=2, decoder_self_attention_heads_1=4, decoder_self_attention_heads_2=2, decoder_self_attention_heads_3=2, decoder_self_attention_heads_4=2, decoder_self_attention_heads_5=2, decoder_ende_attention_heads_0=4, decoder_ende_attention_heads_1=4, decoder_ende_attention_heads_2=2, decoder_ende_attention_heads_3=2, decoder_ende_attention_heads_4=4, decoder_ende_attention_heads_5=4, decoder_arbitrary_ende_attn_0=-1, decoder_arbitrary_ende_attn_1=-1, decoder_arbitrary_ende_attn_2=-1, decoder_arbitrary_ende_attn_3=-1, decoder_arbitrary_ende_attn_4=-1, decoder_arbitrary_ende_attn_5=2
| epoch 034:    800 / 1101 loss=3.909, nll_loss=2.494, ppl=5.63, wps=6595, ups=2, wpb=3592.305, bsz=148.723, num_updates=37134, lr=0.000259468, gnorm=1.105, clip=0.000, oom=0.000, wall=21391, train_wall=19800, encoder_embed_dim=512, encoder_layer_num=6, encoder_ffn_embed_dim_0=2048, encoder_ffn_embed_dim_1=2048, encoder_ffn_embed_dim_2=1024, encoder_ffn_embed_dim_3=1024, encoder_ffn_embed_dim_4=1024, encoder_ffn_embed_dim_5=1024, encoder_self_attention_heads_0=2, encoder_self_attention_heads_1=4, encoder_self_attention_heads_2=2, encoder_self_attention_heads_3=2, encoder_self_attention_heads_4=4, encoder_self_attention_heads_5=4, decoder_embed_dim=640, decoder_layer_num=1, decoder_ffn_embed_dim_0=512, decoder_self_attention_heads_0=2, decoder_ende_attention_heads_0=4, decoder_arbitrary_ende_attn_0=-1, decoder_arbitrary_ende_attn_1=1, decoder_arbitrary_ende_attn_2=1, decoder_arbitrary_ende_attn_3=-1, decoder_arbitrary_ende_attn_4=-1, decoder_arbitrary_ende_attn_5=-1
| epoch 034:    900 / 1101 loss=3.913, nll_loss=2.498, ppl=5.65, wps=6574, ups=2, wpb=3583.850, bsz=148.003, num_updates=37234, lr=0.00025912, gnorm=1.113, clip=0.000, oom=0.000, wall=21445, train_wall=19854, encoder_embed_dim=640, encoder_layer_num=6, encoder_ffn_embed_dim_0=512, encoder_ffn_embed_dim_1=2048, encoder_ffn_embed_dim_2=1024, encoder_ffn_embed_dim_3=1024, encoder_ffn_embed_dim_4=1024, encoder_ffn_embed_dim_5=2048, encoder_self_attention_heads_0=2, encoder_self_attention_heads_1=4, encoder_self_attention_heads_2=2, encoder_self_attention_heads_3=4, encoder_self_attention_heads_4=2, encoder_self_attention_heads_5=4, decoder_embed_dim=640, decoder_layer_num=3, decoder_ffn_embed_dim_0=512, decoder_ffn_embed_dim_1=2048, decoder_ffn_embed_dim_2=2048, decoder_self_attention_heads_0=4, decoder_self_attention_heads_1=4, decoder_self_attention_heads_2=2, decoder_ende_attention_heads_0=2, decoder_ende_attention_heads_1=4, decoder_ende_attention_heads_2=4, decoder_arbitrary_ende_attn_0=-1, decoder_arbitrary_ende_attn_1=2, decoder_arbitrary_ende_attn_2=-1, decoder_arbitrary_ende_attn_3=2, decoder_arbitrary_ende_attn_4=2, decoder_arbitrary_ende_attn_5=-1
| epoch 034:   1000 / 1101 loss=3.917, nll_loss=2.503, ppl=5.67, wps=6565, ups=2, wpb=3584.707, bsz=146.812, num_updates=37334, lr=0.000258772, gnorm=1.113, clip=0.000, oom=0.000, wall=21501, train_wall=19908, encoder_embed_dim=512, encoder_layer_num=6, encoder_ffn_embed_dim_0=1024, encoder_ffn_embed_dim_1=2048, encoder_ffn_embed_dim_2=2048, encoder_ffn_embed_dim_3=512, encoder_ffn_embed_dim_4=2048, encoder_ffn_embed_dim_5=1024, encoder_self_attention_heads_0=2, encoder_self_attention_heads_1=2, encoder_self_attention_heads_2=2, encoder_self_attention_heads_3=2, encoder_self_attention_heads_4=2, encoder_self_attention_heads_5=4, decoder_embed_dim=512, decoder_layer_num=2, decoder_ffn_embed_dim_0=512, decoder_ffn_embed_dim_1=1024, decoder_self_attention_heads_0=4, decoder_self_attention_heads_1=2, decoder_ende_attention_heads_0=2, decoder_ende_attention_heads_1=4, decoder_arbitrary_ende_attn_0=-1, decoder_arbitrary_ende_attn_1=2, decoder_arbitrary_ende_attn_2=-1, decoder_arbitrary_ende_attn_3=1, decoder_arbitrary_ende_attn_4=-1, decoder_arbitrary_ende_attn_5=2
| epoch 034:   1100 / 1101 loss=3.928, nll_loss=2.515, ppl=5.71, wps=6606, ups=2, wpb=3586.843, bsz=145.540, num_updates=37434, lr=0.000258426, gnorm=1.115, clip=0.000, oom=0.000, wall=21552, train_wall=19958, encoder_embed_dim=512, encoder_layer_num=6, encoder_ffn_embed_dim_0=1024, encoder_ffn_embed_dim_1=512, encoder_ffn_embed_dim_2=1024, encoder_ffn_embed_dim_3=1024, encoder_ffn_embed_dim_4=1024, encoder_ffn_embed_dim_5=512, encoder_self_attention_heads_0=4, encoder_self_attention_heads_1=4, encoder_self_attention_heads_2=4, encoder_self_attention_heads_3=2, encoder_self_attention_heads_4=2, encoder_self_attention_heads_5=4, decoder_embed_dim=640, decoder_layer_num=4, decoder_ffn_embed_dim_0=2048, decoder_ffn_embed_dim_1=512, decoder_ffn_embed_dim_2=512, decoder_ffn_embed_dim_3=1024, decoder_self_attention_heads_0=4, decoder_self_attention_heads_1=4, decoder_self_attention_heads_2=2, decoder_self_attention_heads_3=4, decoder_ende_attention_heads_0=4, decoder_ende_attention_heads_1=4, decoder_ende_attention_heads_2=4, decoder_ende_attention_heads_3=2, decoder_arbitrary_ende_attn_0=1, decoder_arbitrary_ende_attn_1=2, decoder_arbitrary_ende_attn_2=2, decoder_arbitrary_ende_attn_3=-1, decoder_arbitrary_ende_attn_4=2, decoder_arbitrary_ende_attn_5=2
| epoch 034 | loss 3.928 | nll_loss 2.515 | ppl 5.71 | wps 6604 | ups 2 | wpb 3586.843 | bsz 145.540 | num_updates 37434 | lr 0.000258426 | gnorm 1.115 | clip 0.000 | oom 0.000 | wall 21552 | train_wall 19958
| epoch 034 | validate on 'valid' subset | loss 4.064 | nll_loss 2.497 | ppl 5.64 | num_updates 37434 | best_loss 4.06439 | largest_arbitrary1_loss 4.064 | largest_arbitrary1_nll_loss 2.497
| epoch 034 | validate on 'valid' subset | loss 4.491 | nll_loss 2.956 | ppl 7.76 | num_updates 37434 | best_loss 4.48247 | smallest_arbitrary1_loss 4.491 | smallest_arbitrary1_nll_loss 2.956
| saved checkpoint ../checkpoints/iwslt14_super_full50000_fromscratch/checkpoint34.pt (epoch 34 @ 37434 updates) (writing took 3.2648777961730957 seconds)
| epoch 035:    100 / 1101 loss=3.859, nll_loss=2.437, ppl=5.42, wps=6680, ups=1, wpb=3615.574, bsz=150.178, num_updates=37535, lr=0.000258078, gnorm=1.095, clip=0.000, oom=0.000, wall=21635, train_wall=20012, encoder_embed_dim=512, encoder_layer_num=6, encoder_ffn_embed_dim_0=512, encoder_ffn_embed_dim_1=512, encoder_ffn_embed_dim_2=2048, encoder_ffn_embed_dim_3=2048, encoder_ffn_embed_dim_4=512, encoder_ffn_embed_dim_5=512, encoder_self_attention_heads_0=2, encoder_self_attention_heads_1=4, encoder_self_attention_heads_2=4, encoder_self_attention_heads_3=4, encoder_self_attention_heads_4=4, encoder_self_attention_heads_5=4, decoder_embed_dim=512, decoder_layer_num=2, decoder_ffn_embed_dim_0=1024, decoder_ffn_embed_dim_1=1024, decoder_self_attention_heads_0=4, decoder_self_attention_heads_1=4, decoder_ende_attention_heads_0=4, decoder_ende_attention_heads_1=4, decoder_arbitrary_ende_attn_0=1, decoder_arbitrary_ende_attn_1=2, decoder_arbitrary_ende_attn_2=2, decoder_arbitrary_ende_attn_3=-1, decoder_arbitrary_ende_attn_4=2, decoder_arbitrary_ende_attn_5=1
| epoch 035:    200 / 1101 loss=3.869, nll_loss=2.449, ppl=5.46, wps=6540, ups=1, wpb=3625.507, bsz=147.303, num_updates=37635, lr=0.000257735, gnorm=1.101, clip=0.000, oom=0.000, wall=21692, train_wall=20067, encoder_embed_dim=640, encoder_layer_num=6, encoder_ffn_embed_dim_0=1024, encoder_ffn_embed_dim_1=1024, encoder_ffn_embed_dim_2=1024, encoder_ffn_embed_dim_3=1024, encoder_ffn_embed_dim_4=1024, encoder_ffn_embed_dim_5=2048, encoder_self_attention_heads_0=2, encoder_self_attention_heads_1=4, encoder_self_attention_heads_2=2, encoder_self_attention_heads_3=4, encoder_self_attention_heads_4=4, encoder_self_attention_heads_5=4, decoder_embed_dim=640, decoder_layer_num=5, decoder_ffn_embed_dim_0=1024, decoder_ffn_embed_dim_1=2048, decoder_ffn_embed_dim_2=2048, decoder_ffn_embed_dim_3=1024, decoder_ffn_embed_dim_4=512, decoder_self_attention_heads_0=4, decoder_self_attention_heads_1=4, decoder_self_attention_heads_2=2, decoder_self_attention_heads_3=2, decoder_self_attention_heads_4=2, decoder_ende_attention_heads_0=4, decoder_ende_attention_heads_1=2, decoder_ende_attention_heads_2=2, decoder_ende_attention_heads_3=4, decoder_ende_attention_heads_4=4, decoder_arbitrary_ende_attn_0=2, decoder_arbitrary_ende_attn_1=1, decoder_arbitrary_ende_attn_2=1, decoder_arbitrary_ende_attn_3=1, decoder_arbitrary_ende_attn_4=2, decoder_arbitrary_ende_attn_5=-1
| epoch 035:    300 / 1101 loss=3.879, nll_loss=2.459, ppl=5.50, wps=6511, ups=2, wpb=3598.781, bsz=145.462, num_updates=37735, lr=0.000257394, gnorm=1.115, clip=0.000, oom=0.000, wall=21747, train_wall=20121, encoder_embed_dim=640, encoder_layer_num=6, encoder_ffn_embed_dim_0=1024, encoder_ffn_embed_dim_1=1024, encoder_ffn_embed_dim_2=1024, encoder_ffn_embed_dim_3=512, encoder_ffn_embed_dim_4=512, encoder_ffn_embed_dim_5=1024, encoder_self_attention_heads_0=2, encoder_self_attention_heads_1=2, encoder_self_attention_heads_2=2, encoder_self_attention_heads_3=4, encoder_self_attention_heads_4=4, encoder_self_attention_heads_5=2, decoder_embed_dim=640, decoder_layer_num=6, decoder_ffn_embed_dim_0=2048, decoder_ffn_embed_dim_1=1024, decoder_ffn_embed_dim_2=2048, decoder_ffn_embed_dim_3=512, decoder_ffn_embed_dim_4=1024, decoder_ffn_embed_dim_5=512, decoder_self_attention_heads_0=2, decoder_self_attention_heads_1=4, decoder_self_attention_heads_2=4, decoder_self_attention_heads_3=4, decoder_self_attention_heads_4=2, decoder_self_attention_heads_5=4, decoder_ende_attention_heads_0=2, decoder_ende_attention_heads_1=2, decoder_ende_attention_heads_2=4, decoder_ende_attention_heads_3=2, decoder_ende_attention_heads_4=4, decoder_ende_attention_heads_5=2, decoder_arbitrary_ende_attn_0=2, decoder_arbitrary_ende_attn_1=2, decoder_arbitrary_ende_attn_2=-1, decoder_arbitrary_ende_attn_3=-1, decoder_arbitrary_ende_attn_4=1, decoder_arbitrary_ende_attn_5=1
| epoch 035:    400 / 1101 loss=3.894, nll_loss=2.477, ppl=5.57, wps=6623, ups=2, wpb=3607.845, bsz=144.419, num_updates=37835, lr=0.000257053, gnorm=1.111, clip=0.000, oom=0.000, wall=21799, train_wall=20172, encoder_embed_dim=640, encoder_layer_num=6, encoder_ffn_embed_dim_0=512, encoder_ffn_embed_dim_1=1024, encoder_ffn_embed_dim_2=512, encoder_ffn_embed_dim_3=2048, encoder_ffn_embed_dim_4=1024, encoder_ffn_embed_dim_5=1024, encoder_self_attention_heads_0=2, encoder_self_attention_heads_1=4, encoder_self_attention_heads_2=4, encoder_self_attention_heads_3=2, encoder_self_attention_heads_4=2, encoder_self_attention_heads_5=2, decoder_embed_dim=640, decoder_layer_num=1, decoder_ffn_embed_dim_0=2048, decoder_self_attention_heads_0=2, decoder_ende_attention_heads_0=4, decoder_arbitrary_ende_attn_0=-1, decoder_arbitrary_ende_attn_1=1, decoder_arbitrary_ende_attn_2=1, decoder_arbitrary_ende_attn_3=2, decoder_arbitrary_ende_attn_4=2, decoder_arbitrary_ende_attn_5=-1
| epoch 035:    500 / 1101 loss=3.902, nll_loss=2.485, ppl=5.60, wps=6559, ups=2, wpb=3595.192, bsz=142.850, num_updates=37935, lr=0.000256714, gnorm=1.122, clip=0.000, oom=0.000, wall=21855, train_wall=20227, encoder_embed_dim=640, encoder_layer_num=6, encoder_ffn_embed_dim_0=512, encoder_ffn_embed_dim_1=1024, encoder_ffn_embed_dim_2=512, encoder_ffn_embed_dim_3=1024, encoder_ffn_embed_dim_4=2048, encoder_ffn_embed_dim_5=512, encoder_self_attention_heads_0=2, encoder_self_attention_heads_1=4, encoder_self_attention_heads_2=4, encoder_self_attention_heads_3=4, encoder_self_attention_heads_4=4, encoder_self_attention_heads_5=4, decoder_embed_dim=512, decoder_layer_num=2, decoder_ffn_embed_dim_0=2048, decoder_ffn_embed_dim_1=512, decoder_self_attention_heads_0=2, decoder_self_attention_heads_1=2, decoder_ende_attention_heads_0=4, decoder_ende_attention_heads_1=4, decoder_arbitrary_ende_attn_0=2, decoder_arbitrary_ende_attn_1=1, decoder_arbitrary_ende_attn_2=-1, decoder_arbitrary_ende_attn_3=2, decoder_arbitrary_ende_attn_4=2, decoder_arbitrary_ende_attn_5=1
| epoch 035:    600 / 1101 loss=3.914, nll_loss=2.499, ppl=5.65, wps=6560, ups=2, wpb=3590.809, bsz=143.068, num_updates=38035, lr=0.000256377, gnorm=1.124, clip=0.000, oom=0.000, wall=21909, train_wall=20280, encoder_embed_dim=512, encoder_layer_num=6, encoder_ffn_embed_dim_0=1024, encoder_ffn_embed_dim_1=1024, encoder_ffn_embed_dim_2=512, encoder_ffn_embed_dim_3=1024, encoder_ffn_embed_dim_4=512, encoder_ffn_embed_dim_5=1024, encoder_self_attention_heads_0=4, encoder_self_attention_heads_1=2, encoder_self_attention_heads_2=4, encoder_self_attention_heads_3=2, encoder_self_attention_heads_4=2, encoder_self_attention_heads_5=2, decoder_embed_dim=512, decoder_layer_num=6, decoder_ffn_embed_dim_0=2048, decoder_ffn_embed_dim_1=512, decoder_ffn_embed_dim_2=512, decoder_ffn_embed_dim_3=512, decoder_ffn_embed_dim_4=1024, decoder_ffn_embed_dim_5=1024, decoder_self_attention_heads_0=4, decoder_self_attention_heads_1=4, decoder_self_attention_heads_2=2, decoder_self_attention_heads_3=2, decoder_self_attention_heads_4=2, decoder_self_attention_heads_5=2, decoder_ende_attention_heads_0=4, decoder_ende_attention_heads_1=4, decoder_ende_attention_heads_2=2, decoder_ende_attention_heads_3=4, decoder_ende_attention_heads_4=4, decoder_ende_attention_heads_5=4, decoder_arbitrary_ende_attn_0=2, decoder_arbitrary_ende_attn_1=1, decoder_arbitrary_ende_attn_2=2, decoder_arbitrary_ende_attn_3=-1, decoder_arbitrary_ende_attn_4=1, decoder_arbitrary_ende_attn_5=1
| epoch 035:    700 / 1101 loss=3.912, nll_loss=2.497, ppl=5.64, wps=6597, ups=2, wpb=3586.456, bsz=145.792, num_updates=38135, lr=0.00025604, gnorm=1.127, clip=0.000, oom=0.000, wall=21961, train_wall=20331, encoder_embed_dim=640, encoder_layer_num=6, encoder_ffn_embed_dim_0=2048, encoder_ffn_embed_dim_1=1024, encoder_ffn_embed_dim_2=512, encoder_ffn_embed_dim_3=512, encoder_ffn_embed_dim_4=1024, encoder_ffn_embed_dim_5=1024, encoder_self_attention_heads_0=2, encoder_self_attention_heads_1=2, encoder_self_attention_heads_2=4, encoder_self_attention_heads_3=2, encoder_self_attention_heads_4=2, encoder_self_attention_heads_5=2, decoder_embed_dim=640, decoder_layer_num=1, decoder_ffn_embed_dim_0=1024, decoder_self_attention_heads_0=2, decoder_ende_attention_heads_0=4, decoder_arbitrary_ende_attn_0=2, decoder_arbitrary_ende_attn_1=1, decoder_arbitrary_ende_attn_2=-1, decoder_arbitrary_ende_attn_3=2, decoder_arbitrary_ende_attn_4=2, decoder_arbitrary_ende_attn_5=-1
| epoch 035:    800 / 1101 loss=3.905, nll_loss=2.489, ppl=5.61, wps=6609, ups=2, wpb=3590.170, bsz=147.176, num_updates=38235, lr=0.000255705, gnorm=1.120, clip=0.000, oom=0.000, wall=22015, train_wall=20383, encoder_embed_dim=640, encoder_layer_num=6, encoder_ffn_embed_dim_0=2048, encoder_ffn_embed_dim_1=1024, encoder_ffn_embed_dim_2=512, encoder_ffn_embed_dim_3=512, encoder_ffn_embed_dim_4=2048, encoder_ffn_embed_dim_5=2048, encoder_self_attention_heads_0=4, encoder_self_attention_heads_1=2, encoder_self_attention_heads_2=4, encoder_self_attention_heads_3=2, encoder_self_attention_heads_4=2, encoder_self_attention_heads_5=4, decoder_embed_dim=640, decoder_layer_num=3, decoder_ffn_embed_dim_0=1024, decoder_ffn_embed_dim_1=2048, decoder_ffn_embed_dim_2=512, decoder_self_attention_heads_0=2, decoder_self_attention_heads_1=2, decoder_self_attention_heads_2=2, decoder_ende_attention_heads_0=2, decoder_ende_attention_heads_1=2, decoder_ende_attention_heads_2=4, decoder_arbitrary_ende_attn_0=2, decoder_arbitrary_ende_attn_1=-1, decoder_arbitrary_ende_attn_2=-1, decoder_arbitrary_ende_attn_3=-1, decoder_arbitrary_ende_attn_4=-1, decoder_arbitrary_ende_attn_5=-1
| epoch 035:    900 / 1101 loss=3.914, nll_loss=2.499, ppl=5.65, wps=6589, ups=2, wpb=3592.019, bsz=145.456, num_updates=38335, lr=0.000255371, gnorm=1.122, clip=0.000, oom=0.000, wall=22071, train_wall=20438, encoder_embed_dim=512, encoder_layer_num=6, encoder_ffn_embed_dim_0=512, encoder_ffn_embed_dim_1=2048, encoder_ffn_embed_dim_2=1024, encoder_ffn_embed_dim_3=1024, encoder_ffn_embed_dim_4=2048, encoder_ffn_embed_dim_5=2048, encoder_self_attention_heads_0=4, encoder_self_attention_heads_1=4, encoder_self_attention_heads_2=2, encoder_self_attention_heads_3=4, encoder_self_attention_heads_4=4, encoder_self_attention_heads_5=4, decoder_embed_dim=640, decoder_layer_num=5, decoder_ffn_embed_dim_0=1024, decoder_ffn_embed_dim_1=2048, decoder_ffn_embed_dim_2=512, decoder_ffn_embed_dim_3=1024, decoder_ffn_embed_dim_4=2048, decoder_self_attention_heads_0=4, decoder_self_attention_heads_1=4, decoder_self_attention_heads_2=2, decoder_self_attention_heads_3=4, decoder_self_attention_heads_4=2, decoder_ende_attention_heads_0=4, decoder_ende_attention_heads_1=4, decoder_ende_attention_heads_2=2, decoder_ende_attention_heads_3=2, decoder_ende_attention_heads_4=4, decoder_arbitrary_ende_attn_0=-1, decoder_arbitrary_ende_attn_1=1, decoder_arbitrary_ende_attn_2=-1, decoder_arbitrary_ende_attn_3=1, decoder_arbitrary_ende_attn_4=-1, decoder_arbitrary_ende_attn_5=-1
| epoch 035:   1000 / 1101 loss=3.916, nll_loss=2.502, ppl=5.66, wps=6569, ups=2, wpb=3586.768, bsz=145.646, num_updates=38435, lr=0.000255039, gnorm=1.125, clip=0.000, oom=0.000, wall=22127, train_wall=20493, encoder_embed_dim=640, encoder_layer_num=6, encoder_ffn_embed_dim_0=512, encoder_ffn_embed_dim_1=512, encoder_ffn_embed_dim_2=2048, encoder_ffn_embed_dim_3=512, encoder_ffn_embed_dim_4=512, encoder_ffn_embed_dim_5=2048, encoder_self_attention_heads_0=4, encoder_self_attention_heads_1=2, encoder_self_attention_heads_2=2, encoder_self_attention_heads_3=4, encoder_self_attention_heads_4=4, encoder_self_attention_heads_5=4, decoder_embed_dim=640, decoder_layer_num=1, decoder_ffn_embed_dim_0=512, decoder_self_attention_heads_0=2, decoder_ende_attention_heads_0=4, decoder_arbitrary_ende_attn_0=2, decoder_arbitrary_ende_attn_1=2, decoder_arbitrary_ende_attn_2=2, decoder_arbitrary_ende_attn_3=1, decoder_arbitrary_ende_attn_4=-1, decoder_arbitrary_ende_attn_5=1
| epoch 035:   1100 / 1101 loss=3.922, nll_loss=2.508, ppl=5.69, wps=6597, ups=2, wpb=3586.843, bsz=145.540, num_updates=38535, lr=0.000254708, gnorm=1.125, clip=0.000, oom=0.000, wall=22179, train_wall=20543, encoder_embed_dim=512, encoder_layer_num=6, encoder_ffn_embed_dim_0=2048, encoder_ffn_embed_dim_1=512, encoder_ffn_embed_dim_2=1024, encoder_ffn_embed_dim_3=512, encoder_ffn_embed_dim_4=1024, encoder_ffn_embed_dim_5=512, encoder_self_attention_heads_0=2, encoder_self_attention_heads_1=2, encoder_self_attention_heads_2=2, encoder_self_attention_heads_3=4, encoder_self_attention_heads_4=4, encoder_self_attention_heads_5=4, decoder_embed_dim=512, decoder_layer_num=6, decoder_ffn_embed_dim_0=1024, decoder_ffn_embed_dim_1=512, decoder_ffn_embed_dim_2=2048, decoder_ffn_embed_dim_3=512, decoder_ffn_embed_dim_4=2048, decoder_ffn_embed_dim_5=512, decoder_self_attention_heads_0=2, decoder_self_attention_heads_1=2, decoder_self_attention_heads_2=4, decoder_self_attention_heads_3=2, decoder_self_attention_heads_4=2, decoder_self_attention_heads_5=4, decoder_ende_attention_heads_0=4, decoder_ende_attention_heads_1=4, decoder_ende_attention_heads_2=2, decoder_ende_attention_heads_3=4, decoder_ende_attention_heads_4=4, decoder_ende_attention_heads_5=4, decoder_arbitrary_ende_attn_0=1, decoder_arbitrary_ende_attn_1=2, decoder_arbitrary_ende_attn_2=2, decoder_arbitrary_ende_attn_3=-1, decoder_arbitrary_ende_attn_4=2, decoder_arbitrary_ende_attn_5=2
| epoch 035 | loss 3.922 | nll_loss 2.508 | ppl 5.69 | wps 6595 | ups 2 | wpb 3586.843 | bsz 145.540 | num_updates 38535 | lr 0.000254708 | gnorm 1.125 | clip 0.000 | oom 0.000 | wall 22179 | train_wall 20543
| epoch 035 | validate on 'valid' subset | loss 4.053 | nll_loss 2.483 | ppl 5.59 | num_updates 38535 | best_loss 4.05315 | largest_arbitrary1_loss 4.053 | largest_arbitrary1_nll_loss 2.483
| epoch 035 | validate on 'valid' subset | loss 4.471 | nll_loss 2.939 | ppl 7.67 | num_updates 38535 | best_loss 4.47121 | smallest_arbitrary1_loss 4.471 | smallest_arbitrary1_nll_loss 2.939
| saved checkpoint ../checkpoints/iwslt14_super_full50000_fromscratch/checkpoint35.pt (epoch 35 @ 38535 updates) (writing took 4.393754243850708 seconds)
| epoch 036:    100 / 1101 loss=3.874, nll_loss=2.455, ppl=5.48, wps=6469, ups=1, wpb=3560.683, bsz=144.079, num_updates=38636, lr=0.000254375, gnorm=1.122, clip=0.000, oom=0.000, wall=22263, train_wall=20598, encoder_embed_dim=640, encoder_layer_num=6, encoder_ffn_embed_dim_0=1024, encoder_ffn_embed_dim_1=2048, encoder_ffn_embed_dim_2=2048, encoder_ffn_embed_dim_3=1024, encoder_ffn_embed_dim_4=512, encoder_ffn_embed_dim_5=512, encoder_self_attention_heads_0=2, encoder_self_attention_heads_1=4, encoder_self_attention_heads_2=4, encoder_self_attention_heads_3=2, encoder_self_attention_heads_4=2, encoder_self_attention_heads_5=2, decoder_embed_dim=640, decoder_layer_num=3, decoder_ffn_embed_dim_0=1024, decoder_ffn_embed_dim_1=512, decoder_ffn_embed_dim_2=2048, decoder_self_attention_heads_0=4, decoder_self_attention_heads_1=4, decoder_self_attention_heads_2=2, decoder_ende_attention_heads_0=4, decoder_ende_attention_heads_1=4, decoder_ende_attention_heads_2=2, decoder_arbitrary_ende_attn_0=2, decoder_arbitrary_ende_attn_1=1, decoder_arbitrary_ende_attn_2=-1, decoder_arbitrary_ende_attn_3=1, decoder_arbitrary_ende_attn_4=2, decoder_arbitrary_ende_attn_5=1
| epoch 036:    200 / 1101 loss=3.872, nll_loss=2.452, ppl=5.47, wps=6470, ups=1, wpb=3577.726, bsz=149.095, num_updates=38736, lr=0.000254046, gnorm=1.120, clip=0.000, oom=0.000, wall=22319, train_wall=20652, encoder_embed_dim=512, encoder_layer_num=6, encoder_ffn_embed_dim_0=512, encoder_ffn_embed_dim_1=1024, encoder_ffn_embed_dim_2=512, encoder_ffn_embed_dim_3=512, encoder_ffn_embed_dim_4=1024, encoder_ffn_embed_dim_5=512, encoder_self_attention_heads_0=2, encoder_self_attention_heads_1=4, encoder_self_attention_heads_2=4, encoder_self_attention_heads_3=2, encoder_self_attention_heads_4=4, encoder_self_attention_heads_5=4, decoder_embed_dim=512, decoder_layer_num=6, decoder_ffn_embed_dim_0=512, decoder_ffn_embed_dim_1=1024, decoder_ffn_embed_dim_2=512, decoder_ffn_embed_dim_3=2048, decoder_ffn_embed_dim_4=1024, decoder_ffn_embed_dim_5=2048, decoder_self_attention_heads_0=4, decoder_self_attention_heads_1=2, decoder_self_attention_heads_2=2, decoder_self_attention_heads_3=4, decoder_self_attention_heads_4=4, decoder_self_attention_heads_5=2, decoder_ende_attention_heads_0=4, decoder_ende_attention_heads_1=2, decoder_ende_attention_heads_2=2, decoder_ende_attention_heads_3=2, decoder_ende_attention_heads_4=2, decoder_ende_attention_heads_5=2, decoder_arbitrary_ende_attn_0=-1, decoder_arbitrary_ende_attn_1=-1, decoder_arbitrary_ende_attn_2=2, decoder_arbitrary_ende_attn_3=1, decoder_arbitrary_ende_attn_4=1, decoder_arbitrary_ende_attn_5=1
| epoch 036:    300 / 1101 loss=3.863, nll_loss=2.442, ppl=5.43, wps=6483, ups=2, wpb=3571.890, bsz=152.372, num_updates=38836, lr=0.000253719, gnorm=1.116, clip=0.000, oom=0.000, wall=22374, train_wall=20706, encoder_embed_dim=640, encoder_layer_num=6, encoder_ffn_embed_dim_0=2048, encoder_ffn_embed_dim_1=512, encoder_ffn_embed_dim_2=512, encoder_ffn_embed_dim_3=1024, encoder_ffn_embed_dim_4=1024, encoder_ffn_embed_dim_5=512, encoder_self_attention_heads_0=2, encoder_self_attention_heads_1=4, encoder_self_attention_heads_2=2, encoder_self_attention_heads_3=2, encoder_self_attention_heads_4=2, encoder_self_attention_heads_5=2, decoder_embed_dim=512, decoder_layer_num=2, decoder_ffn_embed_dim_0=512, decoder_ffn_embed_dim_1=512, decoder_self_attention_heads_0=2, decoder_self_attention_heads_1=4, decoder_ende_attention_heads_0=4, decoder_ende_attention_heads_1=4, decoder_arbitrary_ende_attn_0=1, decoder_arbitrary_ende_attn_1=1, decoder_arbitrary_ende_attn_2=-1, decoder_arbitrary_ende_attn_3=1, decoder_arbitrary_ende_attn_4=1, decoder_arbitrary_ende_attn_5=1
| epoch 036:    400 / 1101 loss=3.866, nll_loss=2.445, ppl=5.44, wps=6548, ups=2, wpb=3559.397, bsz=149.526, num_updates=38936, lr=0.000253393, gnorm=1.121, clip=0.000, oom=0.000, wall=22426, train_wall=20757, encoder_embed_dim=512, encoder_layer_num=6, encoder_ffn_embed_dim_0=512, encoder_ffn_embed_dim_1=1024, encoder_ffn_embed_dim_2=1024, encoder_ffn_embed_dim_3=512, encoder_ffn_embed_dim_4=512, encoder_ffn_embed_dim_5=512, encoder_self_attention_heads_0=2, encoder_self_attention_heads_1=2, encoder_self_attention_heads_2=4, encoder_self_attention_heads_3=2, encoder_self_attention_heads_4=4, encoder_self_attention_heads_5=4, decoder_embed_dim=640, decoder_layer_num=3, decoder_ffn_embed_dim_0=1024, decoder_ffn_embed_dim_1=2048, decoder_ffn_embed_dim_2=2048, decoder_self_attention_heads_0=2, decoder_self_attention_heads_1=2, decoder_self_attention_heads_2=4, decoder_ende_attention_heads_0=4, decoder_ende_attention_heads_1=2, decoder_ende_attention_heads_2=2, decoder_arbitrary_ende_attn_0=1, decoder_arbitrary_ende_attn_1=-1, decoder_arbitrary_ende_attn_2=1, decoder_arbitrary_ende_attn_3=-1, decoder_arbitrary_ende_attn_4=-1, decoder_arbitrary_ende_attn_5=2
| epoch 036:    500 / 1101 loss=3.874, nll_loss=2.454, ppl=5.48, wps=6531, ups=2, wpb=3569.621, bsz=147.178, num_updates=39036, lr=0.000253068, gnorm=1.121, clip=0.000, oom=0.000, wall=22482, train_wall=20811, encoder_embed_dim=640, encoder_layer_num=6, encoder_ffn_embed_dim_0=512, encoder_ffn_embed_dim_1=512, encoder_ffn_embed_dim_2=512, encoder_ffn_embed_dim_3=1024, encoder_ffn_embed_dim_4=512, encoder_ffn_embed_dim_5=1024, encoder_self_attention_heads_0=2, encoder_self_attention_heads_1=2, encoder_self_attention_heads_2=4, encoder_self_attention_heads_3=4, encoder_self_attention_heads_4=2, encoder_self_attention_heads_5=2, decoder_embed_dim=640, decoder_layer_num=6, decoder_ffn_embed_dim_0=2048, decoder_ffn_embed_dim_1=1024, decoder_ffn_embed_dim_2=2048, decoder_ffn_embed_dim_3=512, decoder_ffn_embed_dim_4=2048, decoder_ffn_embed_dim_5=2048, decoder_self_attention_heads_0=4, decoder_self_attention_heads_1=4, decoder_self_attention_heads_2=2, decoder_self_attention_heads_3=4, decoder_self_attention_heads_4=2, decoder_self_attention_heads_5=4, decoder_ende_attention_heads_0=2, decoder_ende_attention_heads_1=4, decoder_ende_attention_heads_2=2, decoder_ende_attention_heads_3=2, decoder_ende_attention_heads_4=4, decoder_ende_attention_heads_5=2, decoder_arbitrary_ende_attn_0=2, decoder_arbitrary_ende_attn_1=2, decoder_arbitrary_ende_attn_2=1, decoder_arbitrary_ende_attn_3=-1, decoder_arbitrary_ende_attn_4=2, decoder_arbitrary_ende_attn_5=1
| epoch 036:    600 / 1101 loss=3.873, nll_loss=2.452, ppl=5.47, wps=6535, ups=2, wpb=3569.090, bsz=147.579, num_updates=39136, lr=0.000252745, gnorm=1.121, clip=0.000, oom=0.000, wall=22536, train_wall=20865, encoder_embed_dim=512, encoder_layer_num=6, encoder_ffn_embed_dim_0=1024, encoder_ffn_embed_dim_1=512, encoder_ffn_embed_dim_2=512, encoder_ffn_embed_dim_3=2048, encoder_ffn_embed_dim_4=512, encoder_ffn_embed_dim_5=512, encoder_self_attention_heads_0=2, encoder_self_attention_heads_1=4, encoder_self_attention_heads_2=4, encoder_self_attention_heads_3=2, encoder_self_attention_heads_4=2, encoder_self_attention_heads_5=4, decoder_embed_dim=640, decoder_layer_num=5, decoder_ffn_embed_dim_0=2048, decoder_ffn_embed_dim_1=512, decoder_ffn_embed_dim_2=512, decoder_ffn_embed_dim_3=512, decoder_ffn_embed_dim_4=512, decoder_self_attention_heads_0=4, decoder_self_attention_heads_1=2, decoder_self_attention_heads_2=4, decoder_self_attention_heads_3=2, decoder_self_attention_heads_4=2, decoder_ende_attention_heads_0=4, decoder_ende_attention_heads_1=4, decoder_ende_attention_heads_2=2, decoder_ende_attention_heads_3=4, decoder_ende_attention_heads_4=2, decoder_arbitrary_ende_attn_0=2, decoder_arbitrary_ende_attn_1=2, decoder_arbitrary_ende_attn_2=-1, decoder_arbitrary_ende_attn_3=-1, decoder_arbitrary_ende_attn_4=1, decoder_arbitrary_ende_attn_5=1
| epoch 036:    700 / 1101 loss=3.882, nll_loss=2.463, ppl=5.51, wps=6566, ups=2, wpb=3570.437, bsz=146.680, num_updates=39236, lr=0.000252422, gnorm=1.122, clip=0.000, oom=0.000, wall=22589, train_wall=20916, encoder_embed_dim=512, encoder_layer_num=6, encoder_ffn_embed_dim_0=512, encoder_ffn_embed_dim_1=2048, encoder_ffn_embed_dim_2=2048, encoder_ffn_embed_dim_3=1024, encoder_ffn_embed_dim_4=512, encoder_ffn_embed_dim_5=2048, encoder_self_attention_heads_0=2, encoder_self_attention_heads_1=2, encoder_self_attention_heads_2=4, encoder_self_attention_heads_3=2, encoder_self_attention_heads_4=4, encoder_self_attention_heads_5=2, decoder_embed_dim=512, decoder_layer_num=6, decoder_ffn_embed_dim_0=1024, decoder_ffn_embed_dim_1=2048, decoder_ffn_embed_dim_2=1024, decoder_ffn_embed_dim_3=2048, decoder_ffn_embed_dim_4=2048, decoder_ffn_embed_dim_5=512, decoder_self_attention_heads_0=2, decoder_self_attention_heads_1=2, decoder_self_attention_heads_2=4, decoder_self_attention_heads_3=4, decoder_self_attention_heads_4=4, decoder_self_attention_heads_5=2, decoder_ende_attention_heads_0=4, decoder_ende_attention_heads_1=2, decoder_ende_attention_heads_2=2, decoder_ende_attention_heads_3=4, decoder_ende_attention_heads_4=2, decoder_ende_attention_heads_5=2, decoder_arbitrary_ende_attn_0=1, decoder_arbitrary_ende_attn_1=-1, decoder_arbitrary_ende_attn_2=-1, decoder_arbitrary_ende_attn_3=1, decoder_arbitrary_ende_attn_4=-1, decoder_arbitrary_ende_attn_5=2
| epoch 036:    800 / 1101 loss=3.887, nll_loss=2.469, ppl=5.54, wps=6632, ups=2, wpb=3579.233, bsz=145.617, num_updates=39336, lr=0.000252101, gnorm=1.120, clip=0.000, oom=0.000, wall=22640, train_wall=20966, encoder_embed_dim=640, encoder_layer_num=6, encoder_ffn_embed_dim_0=512, encoder_ffn_embed_dim_1=1024, encoder_ffn_embed_dim_2=2048, encoder_ffn_embed_dim_3=2048, encoder_ffn_embed_dim_4=512, encoder_ffn_embed_dim_5=1024, encoder_self_attention_heads_0=2, encoder_self_attention_heads_1=2, encoder_self_attention_heads_2=2, encoder_self_attention_heads_3=2, encoder_self_attention_heads_4=2, encoder_self_attention_heads_5=2, decoder_embed_dim=640, decoder_layer_num=5, decoder_ffn_embed_dim_0=2048, decoder_ffn_embed_dim_1=1024, decoder_ffn_embed_dim_2=2048, decoder_ffn_embed_dim_3=512, decoder_ffn_embed_dim_4=1024, decoder_self_attention_heads_0=2, decoder_self_attention_heads_1=4, decoder_self_attention_heads_2=4, decoder_self_attention_heads_3=2, decoder_self_attention_heads_4=4, decoder_ende_attention_heads_0=2, decoder_ende_attention_heads_1=4, decoder_ende_attention_heads_2=2, decoder_ende_attention_heads_3=2, decoder_ende_attention_heads_4=2, decoder_arbitrary_ende_attn_0=1, decoder_arbitrary_ende_attn_1=1, decoder_arbitrary_ende_attn_2=1, decoder_arbitrary_ende_attn_3=1, decoder_arbitrary_ende_attn_4=1, decoder_arbitrary_ende_attn_5=1
| epoch 036:    900 / 1101 loss=3.888, nll_loss=2.470, ppl=5.54, wps=6623, ups=2, wpb=3584.592, bsz=145.730, num_updates=39436, lr=0.000251781, gnorm=1.120, clip=0.000, oom=0.000, wall=22695, train_wall=21020, encoder_embed_dim=640, encoder_layer_num=6, encoder_ffn_embed_dim_0=2048, encoder_ffn_embed_dim_1=1024, encoder_ffn_embed_dim_2=2048, encoder_ffn_embed_dim_3=512, encoder_ffn_embed_dim_4=512, encoder_ffn_embed_dim_5=2048, encoder_self_attention_heads_0=2, encoder_self_attention_heads_1=4, encoder_self_attention_heads_2=4, encoder_self_attention_heads_3=2, encoder_self_attention_heads_4=4, encoder_self_attention_heads_5=2, decoder_embed_dim=640, decoder_layer_num=5, decoder_ffn_embed_dim_0=1024, decoder_ffn_embed_dim_1=2048, decoder_ffn_embed_dim_2=512, decoder_ffn_embed_dim_3=1024, decoder_ffn_embed_dim_4=1024, decoder_self_attention_heads_0=4, decoder_self_attention_heads_1=4, decoder_self_attention_heads_2=2, decoder_self_attention_heads_3=2, decoder_self_attention_heads_4=4, decoder_ende_attention_heads_0=2, decoder_ende_attention_heads_1=4, decoder_ende_attention_heads_2=2, decoder_ende_attention_heads_3=4, decoder_ende_attention_heads_4=2, decoder_arbitrary_ende_attn_0=-1, decoder_arbitrary_ende_attn_1=-1, decoder_arbitrary_ende_attn_2=-1, decoder_arbitrary_ende_attn_3=-1, decoder_arbitrary_ende_attn_4=2, decoder_arbitrary_ende_attn_5=1
| epoch 036:   1000 / 1101 loss=3.891, nll_loss=2.473, ppl=5.55, wps=6633, ups=2, wpb=3585.373, bsz=146.261, num_updates=39536, lr=0.000251463, gnorm=1.122, clip=0.000, oom=0.000, wall=22749, train_wall=21073, encoder_embed_dim=512, encoder_layer_num=6, encoder_ffn_embed_dim_0=2048, encoder_ffn_embed_dim_1=512, encoder_ffn_embed_dim_2=512, encoder_ffn_embed_dim_3=512, encoder_ffn_embed_dim_4=1024, encoder_ffn_embed_dim_5=2048, encoder_self_attention_heads_0=2, encoder_self_attention_heads_1=4, encoder_self_attention_heads_2=2, encoder_self_attention_heads_3=4, encoder_self_attention_heads_4=2, encoder_self_attention_heads_5=4, decoder_embed_dim=640, decoder_layer_num=5, decoder_ffn_embed_dim_0=1024, decoder_ffn_embed_dim_1=512, decoder_ffn_embed_dim_2=512, decoder_ffn_embed_dim_3=512, decoder_ffn_embed_dim_4=2048, decoder_self_attention_heads_0=4, decoder_self_attention_heads_1=2, decoder_self_attention_heads_2=4, decoder_self_attention_heads_3=2, decoder_self_attention_heads_4=2, decoder_ende_attention_heads_0=2, decoder_ende_attention_heads_1=2, decoder_ende_attention_heads_2=2, decoder_ende_attention_heads_3=4, decoder_ende_attention_heads_4=4, decoder_arbitrary_ende_attn_0=-1, decoder_arbitrary_ende_attn_1=2, decoder_arbitrary_ende_attn_2=-1, decoder_arbitrary_ende_attn_3=2, decoder_arbitrary_ende_attn_4=2, decoder_arbitrary_ende_attn_5=1
| epoch 036:   1100 / 1101 loss=3.895, nll_loss=2.478, ppl=5.57, wps=6663, ups=2, wpb=3586.843, bsz=145.540, num_updates=39636, lr=0.000251145, gnorm=1.122, clip=0.000, oom=0.000, wall=22800, train_wall=21123, encoder_embed_dim=640, encoder_layer_num=6, encoder_ffn_embed_dim_0=512, encoder_ffn_embed_dim_1=2048, encoder_ffn_embed_dim_2=512, encoder_ffn_embed_dim_3=1024, encoder_ffn_embed_dim_4=1024, encoder_ffn_embed_dim_5=512, encoder_self_attention_heads_0=4, encoder_self_attention_heads_1=2, encoder_self_attention_heads_2=4, encoder_self_attention_heads_3=2, encoder_self_attention_heads_4=4, encoder_self_attention_heads_5=4, decoder_embed_dim=512, decoder_layer_num=2, decoder_ffn_embed_dim_0=512, decoder_ffn_embed_dim_1=2048, decoder_self_attention_heads_0=4, decoder_self_attention_heads_1=2, decoder_ende_attention_heads_0=4, decoder_ende_attention_heads_1=4, decoder_arbitrary_ende_attn_0=1, decoder_arbitrary_ende_attn_1=-1, decoder_arbitrary_ende_attn_2=2, decoder_arbitrary_ende_attn_3=1, decoder_arbitrary_ende_attn_4=-1, decoder_arbitrary_ende_attn_5=2
| epoch 036 | loss 3.895 | nll_loss 2.478 | ppl 5.57 | wps 6660 | ups 2 | wpb 3586.843 | bsz 145.540 | num_updates 39636 | lr 0.000251145 | gnorm 1.122 | clip 0.000 | oom 0.000 | wall 22801 | train_wall 21123
| epoch 036 | validate on 'valid' subset | loss 4.065 | nll_loss 2.492 | ppl 5.63 | num_updates 39636 | best_loss 4.06454 | largest_arbitrary1_loss 4.065 | largest_arbitrary1_nll_loss 2.492
| epoch 036 | validate on 'valid' subset | loss 4.476 | nll_loss 2.938 | ppl 7.66 | num_updates 39636 | best_loss 4.47121 | smallest_arbitrary1_loss 4.476 | smallest_arbitrary1_nll_loss 2.938
| saved checkpoint ../checkpoints/iwslt14_super_full50000_fromscratch/checkpoint36.pt (epoch 36 @ 39636 updates) (writing took 3.37072491645813 seconds)|| epoch 037:    100 / 1101 loss=3.843, nll_loss=2.420, ppl=5.35, wps=6446, ups=1, wpb=3515.495, bsz=146.772, num_updates=39737, lr=0.000250826, gnorm=1.135, clip=0.000, oom=0.000, wall=22883, train_wall=21177, encoder_embed_dim=640, encoder_layer_num=6, encoder_ffn_embed_dim_0=1024, encoder_ffn_embed_dim_1=512, encoder_ffn_embed_dim_2=2048, encoder_ffn_embed_dim_3=2048, encoder_ffn_embed_dim_4=2048, encoder_ffn_embed_dim_5=2048, encoder_self_attention_heads_0=4, encoder_self_attention_heads_1=4, encoder_self_attention_heads_2=4, encoder_self_attention_heads_3=4, encoder_self_attention_heads_4=4, encoder_self_attention_heads_5=2, decoder_embed_dim=640, decoder_layer_num=2, decoder_ffn_embed_dim_0=1024, decoder_ffn_embed_dim_1=512, decoder_self_attention_heads_0=2, decoder_self_attention_heads_1=4, decoder_ende_attention_heads_0=2, decoder_ende_attention_heads_1=2, decoder_arbitrary_ende_attn_0=1, decoder_arbitrary_ende_attn_1=-1, decoder_arbitrary_ende_attn_2=1, decoder_arbitrary_ende_attn_3=1, decoder_arbitrary_ende_attn_4=2, decoder_arbitrary_ende_attn_5=-1
| epoch 037:    200 / 1101 loss=3.834, nll_loss=2.409, ppl=5.31, wps=6559, ups=1, wpb=3588.144, bsz=152.955, num_updates=39837, lr=0.000250511, gnorm=1.107, clip=0.000, oom=0.000, wall=22938, train_wall=21231, encoder_embed_dim=640, encoder_layer_num=6, encoder_ffn_embed_dim_0=2048, encoder_ffn_embed_dim_1=2048, encoder_ffn_embed_dim_2=1024, encoder_ffn_embed_dim_3=1024, encoder_ffn_embed_dim_4=512, encoder_ffn_embed_dim_5=512, encoder_self_attention_heads_0=2, encoder_self_attention_heads_1=2, encoder_self_attention_heads_2=2, encoder_self_attention_heads_3=4, encoder_self_attention_heads_4=4, encoder_self_attention_heads_5=2, decoder_embed_dim=640, decoder_layer_num=2, decoder_ffn_embed_dim_0=1024, decoder_ffn_embed_dim_1=1024, decoder_self_attention_heads_0=2, decoder_self_attention_heads_1=4, decoder_ende_attention_heads_0=4, decoder_ende_attention_heads_1=4, decoder_arbitrary_ende_attn_0=1, decoder_arbitrary_ende_attn_1=2, decoder_arbitrary_ende_attn_2=1, decoder_arbitrary_ende_attn_3=1, decoder_arbitrary_ende_attn_4=-1, decoder_arbitrary_ende_attn_5=-1
| epoch 037:    300 / 1101 loss=3.851, nll_loss=2.429, ppl=5.39, wps=6492, ups=2, wpb=3575.535, bsz=149.953, num_updates=39937, lr=0.000250197, gnorm=1.125, clip=0.000, oom=0.000, wall=22994, train_wall=21285, encoder_embed_dim=640, encoder_layer_num=6, encoder_ffn_embed_dim_0=512, encoder_ffn_embed_dim_1=1024, encoder_ffn_embed_dim_2=512, encoder_ffn_embed_dim_3=2048, encoder_ffn_embed_dim_4=2048, encoder_ffn_embed_dim_5=2048, encoder_self_attention_heads_0=4, encoder_self_attention_heads_1=2, encoder_self_attention_heads_2=2, encoder_self_attention_heads_3=4, encoder_self_attention_heads_4=4, encoder_self_attention_heads_5=4, decoder_embed_dim=640, decoder_layer_num=2, decoder_ffn_embed_dim_0=512, decoder_ffn_embed_dim_1=1024, decoder_self_attention_heads_0=4, decoder_self_attention_heads_1=2, decoder_ende_attention_heads_0=2, decoder_ende_attention_heads_1=2, decoder_arbitrary_ende_attn_0=2, decoder_arbitrary_ende_attn_1=2, decoder_arbitrary_ende_attn_2=1, decoder_arbitrary_ende_attn_3=1, decoder_arbitrary_ende_attn_4=-1, decoder_arbitrary_ende_attn_5=1
| epoch 037 | validate on 'valid' subset | loss 4.053 | nll_loss 2.471 | ppl 5.54 | num_updates 40000 | best_loss 4.0525 | largest_arbitrary1_loss 4.053 | largest_arbitrary1_nll_loss 2.471
| epoch 037 | validate on 'valid' subset | loss 4.467 | nll_loss 2.939 | ppl 7.67 | num_updates 40000 | best_loss 4.46682 | smallest_arbitrary1_loss 4.467 | smallest_arbitrary1_nll_loss 2.939
| saved checkpoint ../checkpoints/iwslt14_super_full50000_fromscratch/checkpoint_37_40000.pt (epoch 37 @ 40000 updates) (writing took 4.873381614685059 seconds)
| epoch 037:    400 / 1101 loss=3.859, nll_loss=2.437, ppl=5.42, wps=5836, ups=1, wpb=3580.554, bsz=149.606, num_updates=40037, lr=0.000249884, gnorm=1.117, clip=0.000, oom=0.000, wall=23074, train_wall=21337, encoder_embed_dim=640, encoder_layer_num=6, encoder_ffn_embed_dim_0=512, encoder_ffn_embed_dim_1=1024, encoder_ffn_embed_dim_2=1024, encoder_ffn_embed_dim_3=512, encoder_ffn_embed_dim_4=2048, encoder_ffn_embed_dim_5=512, encoder_self_attention_heads_0=2, encoder_self_attention_heads_1=4, encoder_self_attention_heads_2=4, encoder_self_attention_heads_3=2, encoder_self_attention_heads_4=4, encoder_self_attention_heads_5=4, decoder_embed_dim=512, decoder_layer_num=1, decoder_ffn_embed_dim_0=1024, decoder_self_attention_heads_0=2, decoder_ende_attention_heads_0=2, decoder_arbitrary_ende_attn_0=1, decoder_arbitrary_ende_attn_1=-1, decoder_arbitrary_ende_attn_2=1, decoder_arbitrary_ende_attn_3=2, decoder_arbitrary_ende_attn_4=1, decoder_arbitrary_ende_attn_5=1
| epoch 037:    500 / 1101 loss=3.860, nll_loss=2.438, ppl=5.42, wps=5949, ups=2, wpb=3583.521, bsz=147.896, num_updates=40137, lr=0.000249573, gnorm=1.115, clip=0.000, oom=0.000, wall=23130, train_wall=21391, encoder_embed_dim=640, encoder_layer_num=6, encoder_ffn_embed_dim_0=512, encoder_ffn_embed_dim_1=1024, encoder_ffn_embed_dim_2=2048, encoder_ffn_embed_dim_3=512, encoder_ffn_embed_dim_4=512, encoder_ffn_embed_dim_5=512, encoder_self_attention_heads_0=4, encoder_self_attention_heads_1=4, encoder_self_attention_heads_2=2, encoder_self_attention_heads_3=2, encoder_self_attention_heads_4=2, encoder_self_attention_heads_5=4, decoder_embed_dim=640, decoder_layer_num=6, decoder_ffn_embed_dim_0=512, decoder_ffn_embed_dim_1=2048, decoder_ffn_embed_dim_2=1024, decoder_ffn_embed_dim_3=1024, decoder_ffn_embed_dim_4=2048, decoder_ffn_embed_dim_5=1024, decoder_self_attention_heads_0=4, decoder_self_attention_heads_1=4, decoder_self_attention_heads_2=4, decoder_self_attention_heads_3=2, decoder_self_attention_heads_4=4, decoder_self_attention_heads_5=2, decoder_ende_attention_heads_0=4, decoder_ende_attention_heads_1=2, decoder_ende_attention_heads_2=4, decoder_ende_attention_heads_3=4, decoder_ende_attention_heads_4=2, decoder_ende_attention_heads_5=4, decoder_arbitrary_ende_attn_0=1, decoder_arbitrary_ende_attn_1=1, decoder_arbitrary_ende_attn_2=2, decoder_arbitrary_ende_attn_3=2, decoder_arbitrary_ende_attn_4=2, decoder_arbitrary_ende_attn_5=-1
| epoch 037:    600 / 1101 loss=3.861, nll_loss=2.439, ppl=5.42, wps=6039, ups=2, wpb=3593.458, bsz=147.368, num_updates=40237, lr=0.000249263, gnorm=1.112, clip=0.000, oom=0.000, wall=23186, train_wall=21446, encoder_embed_dim=640, encoder_layer_num=6, encoder_ffn_embed_dim_0=1024, encoder_ffn_embed_dim_1=2048, encoder_ffn_embed_dim_2=1024, encoder_ffn_embed_dim_3=1024, encoder_ffn_embed_dim_4=2048, encoder_ffn_embed_dim_5=2048, encoder_self_attention_heads_0=4, encoder_self_attention_heads_1=2, encoder_self_attention_heads_2=2, encoder_self_attention_heads_3=4, encoder_self_attention_heads_4=2, encoder_self_attention_heads_5=4, decoder_embed_dim=512, decoder_layer_num=3, decoder_ffn_embed_dim_0=1024, decoder_ffn_embed_dim_1=512, decoder_ffn_embed_dim_2=2048, decoder_self_attention_heads_0=4, decoder_self_attention_heads_1=4, decoder_self_attention_heads_2=4, decoder_ende_attention_heads_0=4, decoder_ende_attention_heads_1=2, decoder_ende_attention_heads_2=4, decoder_arbitrary_ende_attn_0=1, decoder_arbitrary_ende_attn_1=-1, decoder_arbitrary_ende_attn_2=1, decoder_arbitrary_ende_attn_3=2, decoder_arbitrary_ende_attn_4=-1, decoder_arbitrary_ende_attn_5=2
| epoch 037:    700 / 1101 loss=3.873, nll_loss=2.452, ppl=5.47, wps=6120, ups=2, wpb=3583.830, bsz=146.031, num_updates=40337, lr=0.000248953, gnorm=1.120, clip=0.000, oom=0.000, wall=23239, train_wall=21498, encoder_embed_dim=640, encoder_layer_num=6, encoder_ffn_embed_dim_0=512, encoder_ffn_embed_dim_1=1024, encoder_ffn_embed_dim_2=2048, encoder_ffn_embed_dim_3=1024, encoder_ffn_embed_dim_4=2048, encoder_ffn_embed_dim_5=1024, encoder_self_attention_heads_0=4, encoder_self_attention_heads_1=2, encoder_self_attention_heads_2=4, encoder_self_attention_heads_3=4, encoder_self_attention_heads_4=2, encoder_self_attention_heads_5=4, decoder_embed_dim=512, decoder_layer_num=6, decoder_ffn_embed_dim_0=2048, decoder_ffn_embed_dim_1=1024, decoder_ffn_embed_dim_2=512, decoder_ffn_embed_dim_3=1024, decoder_ffn_embed_dim_4=1024, decoder_ffn_embed_dim_5=512, decoder_self_attention_heads_0=4, decoder_self_attention_heads_1=4, decoder_self_attention_heads_2=2, decoder_self_attention_heads_3=2, decoder_self_attention_heads_4=4, decoder_self_attention_heads_5=2, decoder_ende_attention_heads_0=4, decoder_ende_attention_heads_1=4, decoder_ende_attention_heads_2=2, decoder_ende_attention_heads_3=2, decoder_ende_attention_heads_4=2, decoder_ende_attention_heads_5=4, decoder_arbitrary_ende_attn_0=2, decoder_arbitrary_ende_attn_1=-1, decoder_arbitrary_ende_attn_2=-1, decoder_arbitrary_ende_attn_3=-1, decoder_arbitrary_ende_attn_4=2, decoder_arbitrary_ende_attn_5=-1
| epoch 037:    800 / 1101 loss=3.871, nll_loss=2.450, ppl=5.47, wps=6179, ups=2, wpb=3574.991, bsz=147.176, num_updates=40437, lr=0.000248645, gnorm=1.121, clip=0.000, oom=0.000, wall=23292, train_wall=21549, encoder_embed_dim=640, encoder_layer_num=6, encoder_ffn_embed_dim_0=2048, encoder_ffn_embed_dim_1=512, encoder_ffn_embed_dim_2=1024, encoder_ffn_embed_dim_3=2048, encoder_ffn_embed_dim_4=512, encoder_ffn_embed_dim_5=1024, encoder_self_attention_heads_0=2, encoder_self_attention_heads_1=2, encoder_self_attention_heads_2=4, encoder_self_attention_heads_3=2, encoder_self_attention_heads_4=4, encoder_self_attention_heads_5=2, decoder_embed_dim=640, decoder_layer_num=1, decoder_ffn_embed_dim_0=1024, decoder_self_attention_heads_0=2, decoder_ende_attention_heads_0=4, decoder_arbitrary_ende_attn_0=1, decoder_arbitrary_ende_attn_1=-1, decoder_arbitrary_ende_attn_2=-1, decoder_arbitrary_ende_attn_3=2, decoder_arbitrary_ende_attn_4=1, decoder_arbitrary_ende_attn_5=-1
| epoch 037:    900 / 1101 loss=3.875, nll_loss=2.456, ppl=5.49, wps=6214, ups=2, wpb=3577.339, bsz=145.908, num_updates=40537, lr=0.000248339, gnorm=1.121, clip=0.000, oom=0.000, wall=23347, train_wall=21603, encoder_embed_dim=512, encoder_layer_num=6, encoder_ffn_embed_dim_0=1024, encoder_ffn_embed_dim_1=512, encoder_ffn_embed_dim_2=2048, encoder_ffn_embed_dim_3=2048, encoder_ffn_embed_dim_4=512, encoder_ffn_embed_dim_5=2048, encoder_self_attention_heads_0=2, encoder_self_attention_heads_1=2, encoder_self_attention_heads_2=2, encoder_self_attention_heads_3=4, encoder_self_attention_heads_4=4, encoder_self_attention_heads_5=4, decoder_embed_dim=512, decoder_layer_num=3, decoder_ffn_embed_dim_0=2048, decoder_ffn_embed_dim_1=2048, decoder_ffn_embed_dim_2=1024, decoder_self_attention_heads_0=2, decoder_self_attention_heads_1=4, decoder_self_attention_heads_2=4, decoder_ende_attention_heads_0=2, decoder_ende_attention_heads_1=4, decoder_ende_attention_heads_2=4, decoder_arbitrary_ende_attn_0=1, decoder_arbitrary_ende_attn_1=2, decoder_arbitrary_ende_attn_2=-1, decoder_arbitrary_ende_attn_3=-1, decoder_arbitrary_ende_attn_4=2, decoder_arbitrary_ende_attn_5=-1
| epoch 037:   1000 / 1101 loss=3.880, nll_loss=2.461, ppl=5.51, wps=6247, ups=2, wpb=3581.692, bsz=145.214, num_updates=40637, lr=0.000248033, gnorm=1.120, clip=0.000, oom=0.000, wall=23402, train_wall=21657, encoder_embed_dim=640, encoder_layer_num=6, encoder_ffn_embed_dim_0=512, encoder_ffn_embed_dim_1=512, encoder_ffn_embed_dim_2=2048, encoder_ffn_embed_dim_3=512, encoder_ffn_embed_dim_4=2048, encoder_ffn_embed_dim_5=512, encoder_self_attention_heads_0=2, encoder_self_attention_heads_1=4, encoder_self_attention_heads_2=2, encoder_self_attention_heads_3=4, encoder_self_attention_heads_4=2, encoder_self_attention_heads_5=4, decoder_embed_dim=640, decoder_layer_num=5, decoder_ffn_embed_dim_0=2048, decoder_ffn_embed_dim_1=1024, decoder_ffn_embed_dim_2=1024, decoder_ffn_embed_dim_3=1024, decoder_ffn_embed_dim_4=1024, decoder_self_attention_heads_0=4, decoder_self_attention_heads_1=2, decoder_self_attention_heads_2=4, decoder_self_attention_heads_3=2, decoder_self_attention_heads_4=4, decoder_ende_attention_heads_0=4, decoder_ende_attention_heads_1=4, decoder_ende_attention_heads_2=4, decoder_ende_attention_heads_3=2, decoder_ende_attention_heads_4=4, decoder_arbitrary_ende_attn_0=2, decoder_arbitrary_ende_attn_1=-1, decoder_arbitrary_ende_attn_2=2, decoder_arbitrary_ende_attn_3=1, decoder_arbitrary_ende_attn_4=2, decoder_arbitrary_ende_attn_5=2
| epoch 037:   1100 / 1101 loss=3.882, nll_loss=2.464, ppl=5.52, wps=6286, ups=2, wpb=3586.843, bsz=145.540, num_updates=40737, lr=0.000247728, gnorm=1.119, clip=0.000, oom=0.000, wall=23457, train_wall=21711, encoder_embed_dim=640, encoder_layer_num=6, encoder_ffn_embed_dim_0=512, encoder_ffn_embed_dim_1=1024, encoder_ffn_embed_dim_2=2048, encoder_ffn_embed_dim_3=1024, encoder_ffn_embed_dim_4=1024, encoder_ffn_embed_dim_5=1024, encoder_self_attention_heads_0=2, encoder_self_attention_heads_1=2, encoder_self_attention_heads_2=2, encoder_self_attention_heads_3=2, encoder_self_attention_heads_4=4, encoder_self_attention_heads_5=4, decoder_embed_dim=512, decoder_layer_num=1, decoder_ffn_embed_dim_0=512, decoder_self_attention_heads_0=4, decoder_ende_attention_heads_0=2, decoder_arbitrary_ende_attn_0=1, decoder_arbitrary_ende_attn_1=1, decoder_arbitrary_ende_attn_2=-1, decoder_arbitrary_ende_attn_3=-1, decoder_arbitrary_ende_attn_4=2, decoder_arbitrary_ende_attn_5=2
| epoch 037 | loss 3.882 | nll_loss 2.464 | ppl 5.52 | wps 6284 | ups 2 | wpb 3586.843 | bsz 145.540 | num_updates 40737 | lr 0.000247728 | gnorm 1.119 | clip 0.000 | oom 0.000 | wall 23457 | train_wall 21711
| epoch 037 | validate on 'valid' subset | loss 4.038 | nll_loss 2.465 | ppl 5.52 | num_updates 40737 | best_loss 4.03755 | largest_arbitrary1_loss 4.038 | largest_arbitrary1_nll_loss 2.465
| epoch 037 | validate on 'valid' subset | loss 4.458 | nll_loss 2.934 | ppl 7.64 | num_updates 40737 | best_loss 4.45778 | smallest_arbitrary1_loss 4.458 | smallest_arbitrary1_nll_loss 2.934
| saved checkpoint ../checkpoints/iwslt14_super_full50000_fromscratch/checkpoint37.pt (epoch 37 @ 40737 updates) (writing took 4.413272857666016 seconds)
| epoch 038:    100 / 1101 loss=3.822, nll_loss=2.394, ppl=5.26, wps=6605, ups=1, wpb=3610.238, bsz=161.980, num_updates=40838, lr=0.000247422, gnorm=1.083, clip=0.000, oom=0.000, wall=23541, train_wall=21765, encoder_embed_dim=640, encoder_layer_num=6, encoder_ffn_embed_dim_0=1024, encoder_ffn_embed_dim_1=512, encoder_ffn_embed_dim_2=512, encoder_ffn_embed_dim_3=512, encoder_ffn_embed_dim_4=1024, encoder_ffn_embed_dim_5=512, encoder_self_attention_heads_0=2, encoder_self_attention_heads_1=2, encoder_self_attention_heads_2=2, encoder_self_attention_heads_3=2, encoder_self_attention_heads_4=4, encoder_self_attention_heads_5=4, decoder_embed_dim=640, decoder_layer_num=1, decoder_ffn_embed_dim_0=1024, decoder_self_attention_heads_0=2, decoder_ende_attention_heads_0=4, decoder_arbitrary_ende_attn_0=1, decoder_arbitrary_ende_attn_1=1, decoder_arbitrary_ende_attn_2=2, decoder_arbitrary_ende_attn_3=1, decoder_arbitrary_ende_attn_4=1, decoder_arbitrary_ende_attn_5=1
| epoch 038:    200 / 1101 loss=3.819, nll_loss=2.392, ppl=5.25, wps=6599, ups=1, wpb=3599.652, bsz=159.164, num_updates=40938, lr=0.000247119, gnorm=1.087, clip=0.000, oom=0.000, wall=23595, train_wall=21818, encoder_embed_dim=512, encoder_layer_num=6, encoder_ffn_embed_dim_0=512, encoder_ffn_embed_dim_1=1024, encoder_ffn_embed_dim_2=2048, encoder_ffn_embed_dim_3=1024, encoder_ffn_embed_dim_4=2048, encoder_ffn_embed_dim_5=512, encoder_self_attention_heads_0=2, encoder_self_attention_heads_1=4, encoder_self_attention_heads_2=4, encoder_self_attention_heads_3=4, encoder_self_attention_heads_4=4, encoder_self_attention_heads_5=4, decoder_embed_dim=512, decoder_layer_num=4, decoder_ffn_embed_dim_0=2048, decoder_ffn_embed_dim_1=2048, decoder_ffn_embed_dim_2=512, decoder_ffn_embed_dim_3=512, decoder_self_attention_heads_0=4, decoder_self_attention_heads_1=2, decoder_self_attention_heads_2=2, decoder_self_attention_heads_3=4, decoder_ende_attention_heads_0=4, decoder_ende_attention_heads_1=2, decoder_ende_attention_heads_2=4, decoder_ende_attention_heads_3=2, decoder_arbitrary_ende_attn_0=1, decoder_arbitrary_ende_attn_1=1, decoder_arbitrary_ende_attn_2=-1, decoder_arbitrary_ende_attn_3=1, decoder_arbitrary_ende_attn_4=-1, decoder_arbitrary_ende_attn_5=1
| epoch 038:    300 / 1101 loss=3.832, nll_loss=2.405, ppl=5.30, wps=6539, ups=2, wpb=3607.326, bsz=149.741, num_updates=41038, lr=0.000246818, gnorm=1.098, clip=0.000, oom=0.000, wall=23652, train_wall=21873, encoder_embed_dim=512, encoder_layer_num=6, encoder_ffn_embed_dim_0=2048, encoder_ffn_embed_dim_1=2048, encoder_ffn_embed_dim_2=512, encoder_ffn_embed_dim_3=1024, encoder_ffn_embed_dim_4=2048, encoder_ffn_embed_dim_5=1024, encoder_self_attention_heads_0=2, encoder_self_attention_heads_1=2, encoder_self_attention_heads_2=4, encoder_self_attention_heads_3=4, encoder_self_attention_heads_4=2, encoder_self_attention_heads_5=4, decoder_embed_dim=640, decoder_layer_num=5, decoder_ffn_embed_dim_0=2048, decoder_ffn_embed_dim_1=1024, decoder_ffn_embed_dim_2=1024, decoder_ffn_embed_dim_3=512, decoder_ffn_embed_dim_4=512, decoder_self_attention_heads_0=4, decoder_self_attention_heads_1=4, decoder_self_attention_heads_2=2, decoder_self_attention_heads_3=2, decoder_self_attention_heads_4=4, decoder_ende_attention_heads_0=4, decoder_ende_attention_heads_1=2, decoder_ende_attention_heads_2=4, decoder_ende_attention_heads_3=4, decoder_ende_attention_heads_4=4, decoder_arbitrary_ende_attn_0=1, decoder_arbitrary_ende_attn_1=1, decoder_arbitrary_ende_attn_2=1, decoder_arbitrary_ende_attn_3=2, decoder_arbitrary_ende_attn_4=-1, decoder_arbitrary_ende_attn_5=-1
| epoch 038:    400 / 1101 loss=3.836, nll_loss=2.410, ppl=5.32, wps=6597, ups=2, wpb=3617.219, bsz=149.446, num_updates=41138, lr=0.000246518, gnorm=1.099, clip=0.000, oom=0.000, wall=23706, train_wall=21926, encoder_embed_dim=512, encoder_layer_num=6, encoder_ffn_embed_dim_0=2048, encoder_ffn_embed_dim_1=2048, encoder_ffn_embed_dim_2=2048, encoder_ffn_embed_dim_3=1024, encoder_ffn_embed_dim_4=2048, encoder_ffn_embed_dim_5=1024, encoder_self_attention_heads_0=2, encoder_self_attention_heads_1=4, encoder_self_attention_heads_2=4, encoder_self_attention_heads_3=4, encoder_self_attention_heads_4=2, encoder_self_attention_heads_5=2, decoder_embed_dim=512, decoder_layer_num=6, decoder_ffn_embed_dim_0=512, decoder_ffn_embed_dim_1=512, decoder_ffn_embed_dim_2=512, decoder_ffn_embed_dim_3=512, decoder_ffn_embed_dim_4=2048, decoder_ffn_embed_dim_5=2048, decoder_self_attention_heads_0=2, decoder_self_attention_heads_1=4, decoder_self_attention_heads_2=2, decoder_self_attention_heads_3=4, decoder_self_attention_heads_4=2, decoder_self_attention_heads_5=4, decoder_ende_attention_heads_0=4, decoder_ende_attention_heads_1=4, decoder_ende_attention_heads_2=4, decoder_ende_attention_heads_3=4, decoder_ende_attention_heads_4=4, decoder_ende_attention_heads_5=4, decoder_arbitrary_ende_attn_0=1, decoder_arbitrary_ende_attn_1=2, decoder_arbitrary_ende_attn_2=1, decoder_arbitrary_ende_attn_3=-1, decoder_arbitrary_ende_attn_4=-1, decoder_arbitrary_ende_attn_5=1
| epoch 038:    500 / 1101 loss=3.851, nll_loss=2.427, ppl=5.38, wps=6579, ups=2, wpb=3601.838, bsz=145.964, num_updates=41238, lr=0.000246219, gnorm=1.110, clip=0.000, oom=0.000, wall=23760, train_wall=21979, encoder_embed_dim=640, encoder_layer_num=6, encoder_ffn_embed_dim_0=1024, encoder_ffn_embed_dim_1=1024, encoder_ffn_embed_dim_2=2048, encoder_ffn_embed_dim_3=512, encoder_ffn_embed_dim_4=512, encoder_ffn_embed_dim_5=1024, encoder_self_attention_heads_0=4, encoder_self_attention_heads_1=4, encoder_self_attention_heads_2=2, encoder_self_attention_heads_3=4, encoder_self_attention_heads_4=4, encoder_self_attention_heads_5=2, decoder_embed_dim=640, decoder_layer_num=4, decoder_ffn_embed_dim_0=1024, decoder_ffn_embed_dim_1=512, decoder_ffn_embed_dim_2=2048, decoder_ffn_embed_dim_3=2048, decoder_self_attention_heads_0=4, decoder_self_attention_heads_1=2, decoder_self_attention_heads_2=4, decoder_self_attention_heads_3=4, decoder_ende_attention_heads_0=4, decoder_ende_attention_heads_1=2, decoder_ende_attention_heads_2=2, decoder_ende_attention_heads_3=2, decoder_arbitrary_ende_attn_0=2, decoder_arbitrary_ende_attn_1=-1, decoder_arbitrary_ende_attn_2=2, decoder_arbitrary_ende_attn_3=-1, decoder_arbitrary_ende_attn_4=-1, decoder_arbitrary_ende_attn_5=1
| epoch 038:    600 / 1101 loss=3.851, nll_loss=2.427, ppl=5.38, wps=6582, ups=2, wpb=3590.899, bsz=147.714, num_updates=41338, lr=0.000245921, gnorm=1.114, clip=0.000, oom=0.000, wall=23814, train_wall=22031, encoder_embed_dim=640, encoder_layer_num=6, encoder_ffn_embed_dim_0=2048, encoder_ffn_embed_dim_1=512, encoder_ffn_embed_dim_2=1024, encoder_ffn_embed_dim_3=1024, encoder_ffn_embed_dim_4=512, encoder_ffn_embed_dim_5=512, encoder_self_attention_heads_0=2, encoder_self_attention_heads_1=4, encoder_self_attention_heads_2=2, encoder_self_attention_heads_3=4, encoder_self_attention_heads_4=4, encoder_self_attention_heads_5=4, decoder_embed_dim=640, decoder_layer_num=2, decoder_ffn_embed_dim_0=1024, decoder_ffn_embed_dim_1=512, decoder_self_attention_heads_0=4, decoder_self_attention_heads_1=4, decoder_ende_attention_heads_0=2, decoder_ende_attention_heads_1=2, decoder_arbitrary_ende_attn_0=1, decoder_arbitrary_ende_attn_1=2, decoder_arbitrary_ende_attn_2=-1, decoder_arbitrary_ende_attn_3=-1, decoder_arbitrary_ende_attn_4=1, decoder_arbitrary_ende_attn_5=2
| epoch 038:    700 / 1101 loss=3.859, nll_loss=2.437, ppl=5.41, wps=6624, ups=2, wpb=3591.063, bsz=145.484, num_updates=41438, lr=0.000245624, gnorm=1.116, clip=0.000, oom=0.000, wall=23866, train_wall=22082, encoder_embed_dim=640, encoder_layer_num=6, encoder_ffn_embed_dim_0=512, encoder_ffn_embed_dim_1=1024, encoder_ffn_embed_dim_2=1024, encoder_ffn_embed_dim_3=1024, encoder_ffn_embed_dim_4=512, encoder_ffn_embed_dim_5=512, encoder_self_attention_heads_0=2, encoder_self_attention_heads_1=4, encoder_self_attention_heads_2=4, encoder_self_attention_heads_3=4, encoder_self_attention_heads_4=2, encoder_self_attention_heads_5=4, decoder_embed_dim=512, decoder_layer_num=2, decoder_ffn_embed_dim_0=512, decoder_ffn_embed_dim_1=512, decoder_self_attention_heads_0=2, decoder_self_attention_heads_1=4, decoder_ende_attention_heads_0=4, decoder_ende_attention_heads_1=4, decoder_arbitrary_ende_attn_0=-1, decoder_arbitrary_ende_attn_1=2, decoder_arbitrary_ende_attn_2=-1, decoder_arbitrary_ende_attn_3=-1, decoder_arbitrary_ende_attn_4=2, decoder_arbitrary_ende_attn_5=2
| epoch 038:    800 / 1101 loss=3.859, nll_loss=2.437, ppl=5.41, wps=6657, ups=2, wpb=3597.517, bsz=147.326, num_updates=41538, lr=0.000245328, gnorm=1.111, clip=0.000, oom=0.000, wall=23919, train_wall=22134, encoder_embed_dim=640, encoder_layer_num=6, encoder_ffn_embed_dim_0=512, encoder_ffn_embed_dim_1=1024, encoder_ffn_embed_dim_2=512, encoder_ffn_embed_dim_3=1024, encoder_ffn_embed_dim_4=512, encoder_ffn_embed_dim_5=2048, encoder_self_attention_heads_0=4, encoder_self_attention_heads_1=4, encoder_self_attention_heads_2=4, encoder_self_attention_heads_3=2, encoder_self_attention_heads_4=4, encoder_self_attention_heads_5=2, decoder_embed_dim=640, decoder_layer_num=1, decoder_ffn_embed_dim_0=2048, decoder_self_attention_heads_0=4, decoder_ende_attention_heads_0=2, decoder_arbitrary_ende_attn_0=-1, decoder_arbitrary_ende_attn_1=-1, decoder_arbitrary_ende_attn_2=2, decoder_arbitrary_ende_attn_3=2, decoder_arbitrary_ende_attn_4=2, decoder_arbitrary_ende_attn_5=2
| epoch 038:    900 / 1101 loss=3.868, nll_loss=2.447, ppl=5.45, wps=6649, ups=2, wpb=3592.976, bsz=145.678, num_updates=41638, lr=0.000245033, gnorm=1.113, clip=0.000, oom=0.000, wall=23972, train_wall=22187, encoder_embed_dim=512, encoder_layer_num=6, encoder_ffn_embed_dim_0=1024, encoder_ffn_embed_dim_1=512, encoder_ffn_embed_dim_2=1024, encoder_ffn_embed_dim_3=2048, encoder_ffn_embed_dim_4=2048, encoder_ffn_embed_dim_5=512, encoder_self_attention_heads_0=4, encoder_self_attention_heads_1=4, encoder_self_attention_heads_2=4, encoder_self_attention_heads_3=2, encoder_self_attention_heads_4=2, encoder_self_attention_heads_5=4, decoder_embed_dim=640, decoder_layer_num=6, decoder_ffn_embed_dim_0=1024, decoder_ffn_embed_dim_1=2048, decoder_ffn_embed_dim_2=1024, decoder_ffn_embed_dim_3=2048, decoder_ffn_embed_dim_4=2048, decoder_ffn_embed_dim_5=2048, decoder_self_attention_heads_0=2, decoder_self_attention_heads_1=2, decoder_self_attention_heads_2=2, decoder_self_attention_heads_3=2, decoder_self_attention_heads_4=4, decoder_self_attention_heads_5=4, decoder_ende_attention_heads_0=4, decoder_ende_attention_heads_1=2, decoder_ende_attention_heads_2=4, decoder_ende_attention_heads_3=4, decoder_ende_attention_heads_4=2, decoder_ende_attention_heads_5=2, decoder_arbitrary_ende_attn_0=1, decoder_arbitrary_ende_attn_1=-1, decoder_arbitrary_ende_attn_2=-1, decoder_arbitrary_ende_attn_3=1, decoder_arbitrary_ende_attn_4=2, decoder_arbitrary_ende_attn_5=2
| epoch 038:   1000 / 1101 loss=3.874, nll_loss=2.454, ppl=5.48, wps=6630, ups=2, wpb=3589.980, bsz=145.661, num_updates=41738, lr=0.00024474, gnorm=1.117, clip=0.000, oom=0.000, wall=24028, train_wall=22241, encoder_embed_dim=640, encoder_layer_num=6, encoder_ffn_embed_dim_0=1024, encoder_ffn_embed_dim_1=512, encoder_ffn_embed_dim_2=2048, encoder_ffn_embed_dim_3=2048, encoder_ffn_embed_dim_4=512, encoder_ffn_embed_dim_5=1024, encoder_self_attention_heads_0=2, encoder_self_attention_heads_1=2, encoder_self_attention_heads_2=2, encoder_self_attention_heads_3=4, encoder_self_attention_heads_4=2, encoder_self_attention_heads_5=2, decoder_embed_dim=640, decoder_layer_num=3, decoder_ffn_embed_dim_0=1024, decoder_ffn_embed_dim_1=2048, decoder_ffn_embed_dim_2=1024, decoder_self_attention_heads_0=2, decoder_self_attention_heads_1=2, decoder_self_attention_heads_2=2, decoder_ende_attention_heads_0=2, decoder_ende_attention_heads_1=4, decoder_ende_attention_heads_2=4, decoder_arbitrary_ende_attn_0=2, decoder_arbitrary_ende_attn_1=2, decoder_arbitrary_ende_attn_2=1, decoder_arbitrary_ende_attn_3=2, decoder_arbitrary_ende_attn_4=2, decoder_arbitrary_ende_attn_5=1
| epoch 038:   1100 / 1101 loss=3.878, nll_loss=2.459, ppl=5.50, wps=6641, ups=2, wpb=3586.843, bsz=145.540, num_updates=41838, lr=0.000244447, gnorm=1.121, clip=0.000, oom=0.000, wall=24080, train_wall=22292, encoder_embed_dim=640, encoder_layer_num=6, encoder_ffn_embed_dim_0=2048, encoder_ffn_embed_dim_1=2048, encoder_ffn_embed_dim_2=1024, encoder_ffn_embed_dim_3=1024, encoder_ffn_embed_dim_4=1024, encoder_ffn_embed_dim_5=1024, encoder_self_attention_heads_0=4, encoder_self_attention_heads_1=4, encoder_self_attention_heads_2=2, encoder_self_attention_heads_3=2, encoder_self_attention_heads_4=4, encoder_self_attention_heads_5=2, decoder_embed_dim=640, decoder_layer_num=5, decoder_ffn_embed_dim_0=512, decoder_ffn_embed_dim_1=2048, decoder_ffn_embed_dim_2=512, decoder_ffn_embed_dim_3=512, decoder_ffn_embed_dim_4=1024, decoder_self_attention_heads_0=2, decoder_self_attention_heads_1=2, decoder_self_attention_heads_2=4, decoder_self_attention_heads_3=2, decoder_self_attention_heads_4=2, decoder_ende_attention_heads_0=2, decoder_ende_attention_heads_1=2, decoder_ende_attention_heads_2=2, decoder_ende_attention_heads_3=4, decoder_ende_attention_heads_4=2, decoder_arbitrary_ende_attn_0=1, decoder_arbitrary_ende_attn_1=2, decoder_arbitrary_ende_attn_2=2, decoder_arbitrary_ende_attn_3=1, decoder_arbitrary_ende_attn_4=2, decoder_arbitrary_ende_attn_5=1
| epoch 038 | loss 3.878 | nll_loss 2.459 | ppl 5.50 | wps 6639 | ups 2 | wpb 3586.843 | bsz 145.540 | num_updates 41838 | lr 0.000244447 | gnorm 1.121 | clip 0.000 | oom 0.000 | wall 24080 | train_wall 22292
| epoch 038 | validate on 'valid' subset | loss 4.044 | nll_loss 2.466 | ppl 5.52 | num_updates 41838 | best_loss 4.04356 | largest_arbitrary1_loss 4.044 | largest_arbitrary1_nll_loss 2.466
| epoch 038 | validate on 'valid' subset | loss 4.462 | nll_loss 2.920 | ppl 7.57 | num_updates 41838 | best_loss 4.45778 | smallest_arbitrary1_loss 4.462 | smallest_arbitrary1_nll_loss 2.920
| saved checkpoint ../checkpoints/iwslt14_super_full50000_fromscratch/checkpoint38.pt (epoch 38 @ 41838 updates) (writing took 3.363785743713379 seconds)
| epoch 039:    100 / 1101 loss=3.813, nll_loss=2.385, ppl=5.22, wps=6593, ups=1, wpb=3568.663, bsz=155.960, num_updates=41939, lr=0.000244152, gnorm=1.115, clip=0.000, oom=0.000, wall=24163, train_wall=22346, encoder_embed_dim=512, encoder_layer_num=6, encoder_ffn_embed_dim_0=2048, encoder_ffn_embed_dim_1=1024, encoder_ffn_embed_dim_2=1024, encoder_ffn_embed_dim_3=512, encoder_ffn_embed_dim_4=512, encoder_ffn_embed_dim_5=2048, encoder_self_attention_heads_0=4, encoder_self_attention_heads_1=2, encoder_self_attention_heads_2=2, encoder_self_attention_heads_3=2, encoder_self_attention_heads_4=4, encoder_self_attention_heads_5=4, decoder_embed_dim=640, decoder_layer_num=5, decoder_ffn_embed_dim_0=1024, decoder_ffn_embed_dim_1=512, decoder_ffn_embed_dim_2=2048, decoder_ffn_embed_dim_3=1024, decoder_ffn_embed_dim_4=2048, decoder_self_attention_heads_0=4, decoder_self_attention_heads_1=2, decoder_self_attention_heads_2=4, decoder_self_attention_heads_3=4, decoder_self_attention_heads_4=4, decoder_ende_attention_heads_0=4, decoder_ende_attention_heads_1=2, decoder_ende_attention_heads_2=4, decoder_ende_attention_heads_3=4, decoder_ende_attention_heads_4=2, decoder_arbitrary_ende_attn_0=1, decoder_arbitrary_ende_attn_1=-1, decoder_arbitrary_ende_attn_2=2, decoder_arbitrary_ende_attn_3=2, decoder_arbitrary_ende_attn_4=2, decoder_arbitrary_ende_attn_5=-1
| epoch 039:    200 / 1101 loss=3.839, nll_loss=2.414, ppl=5.33, wps=6540, ups=1, wpb=3538.303, bsz=147.463, num_updates=42039, lr=0.000243862, gnorm=1.139, clip=0.000, oom=0.000, wall=24217, train_wall=22399, encoder_embed_dim=512, encoder_layer_num=6, encoder_ffn_embed_dim_0=2048, encoder_ffn_embed_dim_1=2048, encoder_ffn_embed_dim_2=512, encoder_ffn_embed_dim_3=1024, encoder_ffn_embed_dim_4=2048, encoder_ffn_embed_dim_5=2048, encoder_self_attention_heads_0=4, encoder_self_attention_heads_1=2, encoder_self_attention_heads_2=4, encoder_self_attention_heads_3=2, encoder_self_attention_heads_4=4, encoder_self_attention_heads_5=4, decoder_embed_dim=640, decoder_layer_num=2, decoder_ffn_embed_dim_0=2048, decoder_ffn_embed_dim_1=1024, decoder_self_attention_heads_0=2, decoder_self_attention_heads_1=4, decoder_ende_attention_heads_0=4, decoder_ende_attention_heads_1=4, decoder_arbitrary_ende_attn_0=-1, decoder_arbitrary_ende_attn_1=2, decoder_arbitrary_ende_attn_2=-1, decoder_arbitrary_ende_attn_3=2, decoder_arbitrary_ende_attn_4=2, decoder_arbitrary_ende_attn_5=2
| epoch 039:    300 / 1101 loss=3.827, nll_loss=2.399, ppl=5.28, wps=6498, ups=2, wpb=3549.548, bsz=146.498, num_updates=42139, lr=0.000243572, gnorm=1.127, clip=0.000, oom=0.000, wall=24273, train_wall=22453, encoder_embed_dim=512, encoder_layer_num=6, encoder_ffn_embed_dim_0=512, encoder_ffn_embed_dim_1=1024, encoder_ffn_embed_dim_2=1024, encoder_ffn_embed_dim_3=2048, encoder_ffn_embed_dim_4=2048, encoder_ffn_embed_dim_5=2048, encoder_self_attention_heads_0=2, encoder_self_attention_heads_1=4, encoder_self_attention_heads_2=4, encoder_self_attention_heads_3=4, encoder_self_attention_heads_4=4, encoder_self_attention_heads_5=2, decoder_embed_dim=512, decoder_layer_num=2, decoder_ffn_embed_dim_0=512, decoder_ffn_embed_dim_1=1024, decoder_self_attention_heads_0=2, decoder_self_attention_heads_1=2, decoder_ende_attention_heads_0=2, decoder_ende_attention_heads_1=4, decoder_arbitrary_ende_attn_0=2, decoder_arbitrary_ende_attn_1=2, decoder_arbitrary_ende_attn_2=2, decoder_arbitrary_ende_attn_3=-1, decoder_arbitrary_ende_attn_4=1, decoder_arbitrary_ende_attn_5=-1
| epoch 039:    400 / 1101 loss=3.822, nll_loss=2.395, ppl=5.26, wps=6531, ups=2, wpb=3553.459, bsz=148.329, num_updates=42239, lr=0.000243284, gnorm=1.121, clip=0.000, oom=0.000, wall=24326, train_wall=22506, encoder_embed_dim=512, encoder_layer_num=6, encoder_ffn_embed_dim_0=2048, encoder_ffn_embed_dim_1=512, encoder_ffn_embed_dim_2=512, encoder_ffn_embed_dim_3=2048, encoder_ffn_embed_dim_4=2048, encoder_ffn_embed_dim_5=2048, encoder_self_attention_heads_0=4, encoder_self_attention_heads_1=4, encoder_self_attention_heads_2=4, encoder_self_attention_heads_3=2, encoder_self_attention_heads_4=4, encoder_self_attention_heads_5=2, decoder_embed_dim=512, decoder_layer_num=5, decoder_ffn_embed_dim_0=512, decoder_ffn_embed_dim_1=2048, decoder_ffn_embed_dim_2=512, decoder_ffn_embed_dim_3=512, decoder_ffn_embed_dim_4=2048, decoder_self_attention_heads_0=4, decoder_self_attention_heads_1=2, decoder_self_attention_heads_2=4, decoder_self_attention_heads_3=4, decoder_self_attention_heads_4=4, decoder_ende_attention_heads_0=2, decoder_ende_attention_heads_1=2, decoder_ende_attention_heads_2=2, decoder_ende_attention_heads_3=4, decoder_ende_attention_heads_4=2, decoder_arbitrary_ende_attn_0=2, decoder_arbitrary_ende_attn_1=1, decoder_arbitrary_ende_attn_2=2, decoder_arbitrary_ende_attn_3=-1, decoder_arbitrary_ende_attn_4=2, decoder_arbitrary_ende_attn_5=-1
| epoch 039:    500 / 1101 loss=3.816, nll_loss=2.388, ppl=5.23, wps=6540, ups=2, wpb=3556.976, bsz=150.148, num_updates=42339, lr=0.000242996, gnorm=1.118, clip=0.000, oom=0.000, wall=24381, train_wall=22559, encoder_embed_dim=512, encoder_layer_num=6, encoder_ffn_embed_dim_0=2048, encoder_ffn_embed_dim_1=1024, encoder_ffn_embed_dim_2=2048, encoder_ffn_embed_dim_3=512, encoder_ffn_embed_dim_4=2048, encoder_ffn_embed_dim_5=1024, encoder_self_attention_heads_0=4, encoder_self_attention_heads_1=4, encoder_self_attention_heads_2=2, encoder_self_attention_heads_3=4, encoder_self_attention_heads_4=2, encoder_self_attention_heads_5=4, decoder_embed_dim=640, decoder_layer_num=4, decoder_ffn_embed_dim_0=1024, decoder_ffn_embed_dim_1=1024, decoder_ffn_embed_dim_2=512, decoder_ffn_embed_dim_3=1024, decoder_self_attention_heads_0=4, decoder_self_attention_heads_1=4, decoder_self_attention_heads_2=4, decoder_self_attention_heads_3=4, decoder_ende_attention_heads_0=4, decoder_ende_attention_heads_1=2, decoder_ende_attention_heads_2=4, decoder_ende_attention_heads_3=4, decoder_arbitrary_ende_attn_0=2, decoder_arbitrary_ende_attn_1=2, decoder_arbitrary_ende_attn_2=-1, decoder_arbitrary_ende_attn_3=1, decoder_arbitrary_ende_attn_4=2, decoder_arbitrary_ende_attn_5=1
| epoch 039:    600 / 1101 loss=3.822, nll_loss=2.394, ppl=5.26, wps=6565, ups=2, wpb=3573.735, bsz=150.456, num_updates=42439, lr=0.00024271, gnorm=1.113, clip=0.000, oom=0.000, wall=24435, train_wall=22613, encoder_embed_dim=640, encoder_layer_num=6, encoder_ffn_embed_dim_0=512, encoder_ffn_embed_dim_1=2048, encoder_ffn_embed_dim_2=1024, encoder_ffn_embed_dim_3=1024, encoder_ffn_embed_dim_4=2048, encoder_ffn_embed_dim_5=2048, encoder_self_attention_heads_0=4, encoder_self_attention_heads_1=2, encoder_self_attention_heads_2=2, encoder_self_attention_heads_3=2, encoder_self_attention_heads_4=2, encoder_self_attention_heads_5=4, decoder_embed_dim=640, decoder_layer_num=1, decoder_ffn_embed_dim_0=2048, decoder_self_attention_heads_0=2, decoder_ende_attention_heads_0=2, decoder_arbitrary_ende_attn_0=1, decoder_arbitrary_ende_attn_1=1, decoder_arbitrary_ende_attn_2=2, decoder_arbitrary_ende_attn_3=2, decoder_arbitrary_ende_attn_4=1, decoder_arbitrary_ende_attn_5=2
| epoch 039:    700 / 1101 loss=3.824, nll_loss=2.397, ppl=5.27, wps=6591, ups=2, wpb=3587.966, bsz=149.364, num_updates=42539, lr=0.000242424, gnorm=1.111, clip=0.000, oom=0.000, wall=24490, train_wall=22666, encoder_embed_dim=512, encoder_layer_num=6, encoder_ffn_embed_dim_0=1024, encoder_ffn_embed_dim_1=512, encoder_ffn_embed_dim_2=1024, encoder_ffn_embed_dim_3=512, encoder_ffn_embed_dim_4=2048, encoder_ffn_embed_dim_5=2048, encoder_self_attention_heads_0=4, encoder_self_attention_heads_1=4, encoder_self_attention_heads_2=4, encoder_self_attention_heads_3=4, encoder_self_attention_heads_4=2, encoder_self_attention_heads_5=2, decoder_embed_dim=640, decoder_layer_num=6, decoder_ffn_embed_dim_0=512, decoder_ffn_embed_dim_1=512, decoder_ffn_embed_dim_2=1024, decoder_ffn_embed_dim_3=2048, decoder_ffn_embed_dim_4=512, decoder_ffn_embed_dim_5=2048, decoder_self_attention_heads_0=4, decoder_self_attention_heads_1=2, decoder_self_attention_heads_2=4, decoder_self_attention_heads_3=4, decoder_self_attention_heads_4=4, decoder_self_attention_heads_5=4, decoder_ende_attention_heads_0=2, decoder_ende_attention_heads_1=2, decoder_ende_attention_heads_2=4, decoder_ende_attention_heads_3=2, decoder_ende_attention_heads_4=4, decoder_ende_attention_heads_5=4, decoder_arbitrary_ende_attn_0=2, decoder_arbitrary_ende_attn_1=2, decoder_arbitrary_ende_attn_2=1, decoder_arbitrary_ende_attn_3=1, decoder_arbitrary_ende_attn_4=2, decoder_arbitrary_ende_attn_5=-1
| epoch 039:    800 / 1101 loss=3.827, nll_loss=2.401, ppl=5.28, wps=6604, ups=2, wpb=3590.921, bsz=149.343, num_updates=42639, lr=0.00024214, gnorm=1.111, clip=0.000, oom=0.000, wall=24544, train_wall=22719, encoder_embed_dim=512, encoder_layer_num=6, encoder_ffn_embed_dim_0=2048, encoder_ffn_embed_dim_1=1024, encoder_ffn_embed_dim_2=1024, encoder_ffn_embed_dim_3=512, encoder_ffn_embed_dim_4=2048, encoder_ffn_embed_dim_5=1024, encoder_self_attention_heads_0=2, encoder_self_attention_heads_1=2, encoder_self_attention_heads_2=2, encoder_self_attention_heads_3=4, encoder_self_attention_heads_4=2, encoder_self_attention_heads_5=4, decoder_embed_dim=512, decoder_layer_num=4, decoder_ffn_embed_dim_0=2048, decoder_ffn_embed_dim_1=512, decoder_ffn_embed_dim_2=512, decoder_ffn_embed_dim_3=512, decoder_self_attention_heads_0=4, decoder_self_attention_heads_1=4, decoder_self_attention_heads_2=2, decoder_self_attention_heads_3=4, decoder_ende_attention_heads_0=2, decoder_ende_attention_heads_1=4, decoder_ende_attention_heads_2=4, decoder_ende_attention_heads_3=4, decoder_arbitrary_ende_attn_0=1, decoder_arbitrary_ende_attn_1=1, decoder_arbitrary_ende_attn_2=2, decoder_arbitrary_ende_attn_3=-1, decoder_arbitrary_ende_attn_4=2, decoder_arbitrary_ende_attn_5=1
| epoch 039:    900 / 1101 loss=3.832, nll_loss=2.407, ppl=5.30, wps=6592, ups=2, wpb=3597.846, bsz=148.120, num_updates=42739, lr=0.000241857, gnorm=1.113, clip=0.000, oom=0.000, wall=24600, train_wall=22774, encoder_embed_dim=512, encoder_layer_num=6, encoder_ffn_embed_dim_0=2048, encoder_ffn_embed_dim_1=1024, encoder_ffn_embed_dim_2=512, encoder_ffn_embed_dim_3=2048, encoder_ffn_embed_dim_4=512, encoder_ffn_embed_dim_5=512, encoder_self_attention_heads_0=2, encoder_self_attention_heads_1=2, encoder_self_attention_heads_2=4, encoder_self_attention_heads_3=2, encoder_self_attention_heads_4=4, encoder_self_attention_heads_5=2, decoder_embed_dim=640, decoder_layer_num=3, decoder_ffn_embed_dim_0=512, decoder_ffn_embed_dim_1=2048, decoder_ffn_embed_dim_2=512, decoder_self_attention_heads_0=2, decoder_self_attention_heads_1=2, decoder_self_attention_heads_2=2, decoder_ende_attention_heads_0=2, decoder_ende_attention_heads_1=2, decoder_ende_attention_heads_2=4, decoder_arbitrary_ende_attn_0=2, decoder_arbitrary_ende_attn_1=-1, decoder_arbitrary_ende_attn_2=1, decoder_arbitrary_ende_attn_3=2, decoder_arbitrary_ende_attn_4=1, decoder_arbitrary_ende_attn_5=-1
| epoch 039:   1000 / 1101 loss=3.844, nll_loss=2.420, ppl=5.35, wps=6570, ups=2, wpb=3591.335, bsz=145.677, num_updates=42839, lr=0.000241574, gnorm=1.118, clip=0.000, oom=0.000, wall=24655, train_wall=22828, encoder_embed_dim=640, encoder_layer_num=6, encoder_ffn_embed_dim_0=512, encoder_ffn_embed_dim_1=2048, encoder_ffn_embed_dim_2=512, encoder_ffn_embed_dim_3=512, encoder_ffn_embed_dim_4=2048, encoder_ffn_embed_dim_5=512, encoder_self_attention_heads_0=2, encoder_self_attention_heads_1=2, encoder_self_attention_heads_2=4, encoder_self_attention_heads_3=4, encoder_self_attention_heads_4=4, encoder_self_attention_heads_5=2, decoder_embed_dim=512, decoder_layer_num=3, decoder_ffn_embed_dim_0=512, decoder_ffn_embed_dim_1=1024, decoder_ffn_embed_dim_2=512, decoder_self_attention_heads_0=4, decoder_self_attention_heads_1=4, decoder_self_attention_heads_2=4, decoder_ende_attention_heads_0=2, decoder_ende_attention_heads_1=2, decoder_ende_attention_heads_2=2, decoder_arbitrary_ende_attn_0=-1, decoder_arbitrary_ende_attn_1=-1, decoder_arbitrary_ende_attn_2=2, decoder_arbitrary_ende_attn_3=-1, decoder_arbitrary_ende_attn_4=-1, decoder_arbitrary_ende_attn_5=2
| epoch 039:   1100 / 1101 loss=3.846, nll_loss=2.422, ppl=5.36, wps=6570, ups=2, wpb=3586.843, bsz=145.540, num_updates=42939, lr=0.000241293, gnorm=1.119, clip=0.000, oom=0.000, wall=24709, train_wall=22881, encoder_embed_dim=640, encoder_layer_num=6, encoder_ffn_embed_dim_0=512, encoder_ffn_embed_dim_1=512, encoder_ffn_embed_dim_2=2048, encoder_ffn_embed_dim_3=512, encoder_ffn_embed_dim_4=512, encoder_ffn_embed_dim_5=512, encoder_self_attention_heads_0=2, encoder_self_attention_heads_1=2, encoder_self_attention_heads_2=2, encoder_self_attention_heads_3=4, encoder_self_attention_heads_4=4, encoder_self_attention_heads_5=4, decoder_embed_dim=640, decoder_layer_num=6, decoder_ffn_embed_dim_0=512, decoder_ffn_embed_dim_1=512, decoder_ffn_embed_dim_2=512, decoder_ffn_embed_dim_3=1024, decoder_ffn_embed_dim_4=512, decoder_ffn_embed_dim_5=512, decoder_self_attention_heads_0=4, decoder_self_attention_heads_1=2, decoder_self_attention_heads_2=4, decoder_self_attention_heads_3=4, decoder_self_attention_heads_4=4, decoder_self_attention_heads_5=4, decoder_ende_attention_heads_0=2, decoder_ende_attention_heads_1=2, decoder_ende_attention_heads_2=2, decoder_ende_attention_heads_3=2, decoder_ende_attention_heads_4=4, decoder_ende_attention_heads_5=2, decoder_arbitrary_ende_attn_0=-1, decoder_arbitrary_ende_attn_1=1, decoder_arbitrary_ende_attn_2=2, decoder_arbitrary_ende_attn_3=1, decoder_arbitrary_ende_attn_4=1, decoder_arbitrary_ende_attn_5=-1
| epoch 039 | loss 3.846 | nll_loss 2.422 | ppl 5.36 | wps 6568 | ups 2 | wpb 3586.843 | bsz 145.540 | num_updates 42939 | lr 0.000241293 | gnorm 1.119 | clip 0.000 | oom 0.000 | wall 24710 | train_wall 22881
| epoch 039 | validate on 'valid' subset | loss 4.058 | nll_loss 2.490 | ppl 5.62 | num_updates 42939 | best_loss 4.0575 | largest_arbitrary1_loss 4.058 | largest_arbitrary1_nll_loss 2.490
| epoch 039 | validate on 'valid' subset | loss 4.503 | nll_loss 2.970 | ppl 7.83 | num_updates 42939 | best_loss 4.45778 | smallest_arbitrary1_loss 4.503 | smallest_arbitrary1_nll_loss 2.970
| saved checkpoint ../checkpoints/iwslt14_super_full50000_fromscratch/checkpoint39.pt (epoch 39 @ 42939 updates) (writing took 4.0564634799957275 seconds)
| epoch 040:    100 / 1101 loss=3.855, nll_loss=2.431, ppl=5.39, wps=6645, ups=1, wpb=3575.614, bsz=132.277, num_updates=43040, lr=0.000241009, gnorm=1.127, clip=0.000, oom=0.000, wall=24793, train_wall=22934, encoder_embed_dim=640, encoder_layer_num=6, encoder_ffn_embed_dim_0=2048, encoder_ffn_embed_dim_1=1024, encoder_ffn_embed_dim_2=512, encoder_ffn_embed_dim_3=2048, encoder_ffn_embed_dim_4=2048, encoder_ffn_embed_dim_5=1024, encoder_self_attention_heads_0=4, encoder_self_attention_heads_1=4, encoder_self_attention_heads_2=2, encoder_self_attention_heads_3=2, encoder_self_attention_heads_4=4, encoder_self_attention_heads_5=2, decoder_embed_dim=640, decoder_layer_num=2, decoder_ffn_embed_dim_0=1024, decoder_ffn_embed_dim_1=512, decoder_self_attention_heads_0=2, decoder_self_attention_heads_1=4, decoder_ende_attention_heads_0=4, decoder_ende_attention_heads_1=2, decoder_arbitrary_ende_attn_0=-1, decoder_arbitrary_ende_attn_1=-1, decoder_arbitrary_ende_attn_2=2, decoder_arbitrary_ende_attn_3=1, decoder_arbitrary_ende_attn_4=-1, decoder_arbitrary_ende_attn_5=2
| epoch 040:    200 / 1101 loss=3.835, nll_loss=2.408, ppl=5.31, wps=6609, ups=1, wpb=3571.537, bsz=137.990, num_updates=43140, lr=0.00024073, gnorm=1.124, clip=0.000, oom=0.000, wall=24847, train_wall=22987, encoder_embed_dim=512, encoder_layer_num=6, encoder_ffn_embed_dim_0=2048, encoder_ffn_embed_dim_1=2048, encoder_ffn_embed_dim_2=1024, encoder_ffn_embed_dim_3=512, encoder_ffn_embed_dim_4=1024, encoder_ffn_embed_dim_5=1024, encoder_self_attention_heads_0=4, encoder_self_attention_heads_1=4, encoder_self_attention_heads_2=2, encoder_self_attention_heads_3=2, encoder_self_attention_heads_4=4, encoder_self_attention_heads_5=2, decoder_embed_dim=640, decoder_layer_num=2, decoder_ffn_embed_dim_0=2048, decoder_ffn_embed_dim_1=512, decoder_self_attention_heads_0=2, decoder_self_attention_heads_1=2, decoder_ende_attention_heads_0=2, decoder_ende_attention_heads_1=2, decoder_arbitrary_ende_attn_0=1, decoder_arbitrary_ende_attn_1=1, decoder_arbitrary_ende_attn_2=-1, decoder_arbitrary_ende_attn_3=2, decoder_arbitrary_ende_attn_4=2, decoder_arbitrary_ende_attn_5=1
| epoch 040:    300 / 1101 loss=3.839, nll_loss=2.413, ppl=5.33, wps=6503, ups=2, wpb=3563.199, bsz=135.442, num_updates=43240, lr=0.000240451, gnorm=1.136, clip=0.000, oom=0.000, wall=24903, train_wall=23042, encoder_embed_dim=640, encoder_layer_num=6, encoder_ffn_embed_dim_0=1024, encoder_ffn_embed_dim_1=1024, encoder_ffn_embed_dim_2=1024, encoder_ffn_embed_dim_3=2048, encoder_ffn_embed_dim_4=1024, encoder_ffn_embed_dim_5=2048, encoder_self_attention_heads_0=2, encoder_self_attention_heads_1=2, encoder_self_attention_heads_2=4, encoder_self_attention_heads_3=4, encoder_self_attention_heads_4=2, encoder_self_attention_heads_5=2, decoder_embed_dim=512, decoder_layer_num=2, decoder_ffn_embed_dim_0=2048, decoder_ffn_embed_dim_1=1024, decoder_self_attention_heads_0=2, decoder_self_attention_heads_1=4, decoder_ende_attention_heads_0=2, decoder_ende_attention_heads_1=2, decoder_arbitrary_ende_attn_0=2, decoder_arbitrary_ende_attn_1=-1, decoder_arbitrary_ende_attn_2=2, decoder_arbitrary_ende_attn_3=1, decoder_arbitrary_ende_attn_4=2, decoder_arbitrary_ende_attn_5=-1
| epoch 040:    400 / 1101 loss=3.837, nll_loss=2.410, ppl=5.31, wps=6512, ups=2, wpb=3561.594, bsz=136.439, num_updates=43340, lr=0.000240174, gnorm=1.136, clip=0.000, oom=0.000, wall=24958, train_wall=23095, encoder_embed_dim=512, encoder_layer_num=6, encoder_ffn_embed_dim_0=1024, encoder_ffn_embed_dim_1=1024, encoder_ffn_embed_dim_2=512, encoder_ffn_embed_dim_3=512, encoder_ffn_embed_dim_4=2048, encoder_ffn_embed_dim_5=512, encoder_self_attention_heads_0=2, encoder_self_attention_heads_1=2, encoder_self_attention_heads_2=2, encoder_self_attention_heads_3=4, encoder_self_attention_heads_4=4, encoder_self_attention_heads_5=4, decoder_embed_dim=512, decoder_layer_num=2, decoder_ffn_embed_dim_0=1024, decoder_ffn_embed_dim_1=512, decoder_self_attention_heads_0=2, decoder_self_attention_heads_1=2, decoder_ende_attention_heads_0=2, decoder_ende_attention_heads_1=4, decoder_arbitrary_ende_attn_0=-1, decoder_arbitrary_ende_attn_1=2, decoder_arbitrary_ende_attn_2=-1, decoder_arbitrary_ende_attn_3=-1, decoder_arbitrary_ende_attn_4=2, decoder_arbitrary_ende_attn_5=-1
| epoch 040:    500 / 1101 loss=3.836, nll_loss=2.409, ppl=5.31, wps=6507, ups=2, wpb=3565.162, bsz=138.635, num_updates=43440, lr=0.000239897, gnorm=1.129, clip=0.000, oom=0.000, wall=25013, train_wall=23149, encoder_embed_dim=512, encoder_layer_num=6, encoder_ffn_embed_dim_0=1024, encoder_ffn_embed_dim_1=512, encoder_ffn_embed_dim_2=2048, encoder_ffn_embed_dim_3=1024, encoder_ffn_embed_dim_4=2048, encoder_ffn_embed_dim_5=2048, encoder_self_attention_heads_0=4, encoder_self_attention_heads_1=2, encoder_self_attention_heads_2=2, encoder_self_attention_heads_3=4, encoder_self_attention_heads_4=4, encoder_self_attention_heads_5=2, decoder_embed_dim=512, decoder_layer_num=5, decoder_ffn_embed_dim_0=1024, decoder_ffn_embed_dim_1=512, decoder_ffn_embed_dim_2=512, decoder_ffn_embed_dim_3=2048, decoder_ffn_embed_dim_4=2048, decoder_self_attention_heads_0=4, decoder_self_attention_heads_1=4, decoder_self_attention_heads_2=4, decoder_self_attention_heads_3=4, decoder_self_attention_heads_4=2, decoder_ende_attention_heads_0=2, decoder_ende_attention_heads_1=4, decoder_ende_attention_heads_2=2, decoder_ende_attention_heads_3=4, decoder_ende_attention_heads_4=2, decoder_arbitrary_ende_attn_0=2, decoder_arbitrary_ende_attn_1=-1, decoder_arbitrary_ende_attn_2=-1, decoder_arbitrary_ende_attn_3=2, decoder_arbitrary_ende_attn_4=2, decoder_arbitrary_ende_attn_5=-1
| epoch 040:    600 / 1101 loss=3.839, nll_loss=2.413, ppl=5.33, wps=6525, ups=2, wpb=3564.717, bsz=139.967, num_updates=43540, lr=0.000239622, gnorm=1.130, clip=0.000, oom=0.000, wall=25067, train_wall=23202, encoder_embed_dim=640, encoder_layer_num=6, encoder_ffn_embed_dim_0=1024, encoder_ffn_embed_dim_1=1024, encoder_ffn_embed_dim_2=512, encoder_ffn_embed_dim_3=2048, encoder_ffn_embed_dim_4=512, encoder_ffn_embed_dim_5=2048, encoder_self_attention_heads_0=2, encoder_self_attention_heads_1=2, encoder_self_attention_heads_2=4, encoder_self_attention_heads_3=4, encoder_self_attention_heads_4=2, encoder_self_attention_heads_5=4, decoder_embed_dim=512, decoder_layer_num=5, decoder_ffn_embed_dim_0=512, decoder_ffn_embed_dim_1=1024, decoder_ffn_embed_dim_2=512, decoder_ffn_embed_dim_3=2048, decoder_ffn_embed_dim_4=512, decoder_self_attention_heads_0=4, decoder_self_attention_heads_1=2, decoder_self_attention_heads_2=2, decoder_self_attention_heads_3=4, decoder_self_attention_heads_4=2, decoder_ende_attention_heads_0=4, decoder_ende_attention_heads_1=4, decoder_ende_attention_heads_2=4, decoder_ende_attention_heads_3=4, decoder_ende_attention_heads_4=2, decoder_arbitrary_ende_attn_0=2, decoder_arbitrary_ende_attn_1=2, decoder_arbitrary_ende_attn_2=1, decoder_arbitrary_ende_attn_3=-1, decoder_arbitrary_ende_attn_4=2, decoder_arbitrary_ende_attn_5=-1
| epoch 040:    700 / 1101 loss=3.840, nll_loss=2.414, ppl=5.33, wps=6573, ups=2, wpb=3572.367, bsz=140.826, num_updates=43640, lr=0.000239347, gnorm=1.131, clip=0.000, oom=0.000, wall=25119, train_wall=23253, encoder_embed_dim=512, encoder_layer_num=6, encoder_ffn_embed_dim_0=1024, encoder_ffn_embed_dim_1=1024, encoder_ffn_embed_dim_2=2048, encoder_ffn_embed_dim_3=2048, encoder_ffn_embed_dim_4=2048, encoder_ffn_embed_dim_5=1024, encoder_self_attention_heads_0=4, encoder_self_attention_heads_1=2, encoder_self_attention_heads_2=4, encoder_self_attention_heads_3=4, encoder_self_attention_heads_4=2, encoder_self_attention_heads_5=4, decoder_embed_dim=512, decoder_layer_num=5, decoder_ffn_embed_dim_0=2048, decoder_ffn_embed_dim_1=512, decoder_ffn_embed_dim_2=512, decoder_ffn_embed_dim_3=2048, decoder_ffn_embed_dim_4=512, decoder_self_attention_heads_0=2, decoder_self_attention_heads_1=2, decoder_self_attention_heads_2=2, decoder_self_attention_heads_3=4, decoder_self_attention_heads_4=4, decoder_ende_attention_heads_0=2, decoder_ende_attention_heads_1=2, decoder_ende_attention_heads_2=4, decoder_ende_attention_heads_3=4, decoder_ende_attention_heads_4=4, decoder_arbitrary_ende_attn_0=-1, decoder_arbitrary_ende_attn_1=-1, decoder_arbitrary_ende_attn_2=1, decoder_arbitrary_ende_attn_3=2, decoder_arbitrary_ende_attn_4=-1, decoder_arbitrary_ende_attn_5=2
| epoch 040:    800 / 1101 loss=3.845, nll_loss=2.419, ppl=5.35, wps=6580, ups=2, wpb=3568.916, bsz=142.121, num_updates=43740, lr=0.000239073, gnorm=1.134, clip=0.000, oom=0.000, wall=25173, train_wall=23306, encoder_embed_dim=640, encoder_layer_num=6, encoder_ffn_embed_dim_0=1024, encoder_ffn_embed_dim_1=1024, encoder_ffn_embed_dim_2=1024, encoder_ffn_embed_dim_3=2048, encoder_ffn_embed_dim_4=2048, encoder_ffn_embed_dim_5=2048, encoder_self_attention_heads_0=2, encoder_self_attention_heads_1=2, encoder_self_attention_heads_2=4, encoder_self_attention_heads_3=4, encoder_self_attention_heads_4=4, encoder_self_attention_heads_5=4, decoder_embed_dim=640, decoder_layer_num=5, decoder_ffn_embed_dim_0=2048, decoder_ffn_embed_dim_1=1024, decoder_ffn_embed_dim_2=2048, decoder_ffn_embed_dim_3=2048, decoder_ffn_embed_dim_4=2048, decoder_self_attention_heads_0=4, decoder_self_attention_heads_1=4, decoder_self_attention_heads_2=2, decoder_self_attention_heads_3=2, decoder_self_attention_heads_4=2, decoder_ende_attention_heads_0=2, decoder_ende_attention_heads_1=4, decoder_ende_attention_heads_2=4, decoder_ende_attention_heads_3=4, decoder_ende_attention_heads_4=2, decoder_arbitrary_ende_attn_0=2, decoder_arbitrary_ende_attn_1=-1, decoder_arbitrary_ende_attn_2=-1, decoder_arbitrary_ende_attn_3=1, decoder_arbitrary_ende_attn_4=-1, decoder_arbitrary_ende_attn_5=-1
| epoch 040:    900 / 1101 loss=3.852, nll_loss=2.428, ppl=5.38, wps=6595, ups=2, wpb=3577.080, bsz=142.285, num_updates=43840, lr=0.0002388, gnorm=1.134, clip=0.000, oom=0.000, wall=25227, train_wall=23359, encoder_embed_dim=640, encoder_layer_num=6, encoder_ffn_embed_dim_0=2048, encoder_ffn_embed_dim_1=1024, encoder_ffn_embed_dim_2=512, encoder_ffn_embed_dim_3=1024, encoder_ffn_embed_dim_4=512, encoder_ffn_embed_dim_5=1024, encoder_self_attention_heads_0=2, encoder_self_attention_heads_1=4, encoder_self_attention_heads_2=2, encoder_self_attention_heads_3=2, encoder_self_attention_heads_4=2, encoder_self_attention_heads_5=4, decoder_embed_dim=640, decoder_layer_num=5, decoder_ffn_embed_dim_0=1024, decoder_ffn_embed_dim_1=512, decoder_ffn_embed_dim_2=512, decoder_ffn_embed_dim_3=512, decoder_ffn_embed_dim_4=1024, decoder_self_attention_heads_0=2, decoder_self_attention_heads_1=2, decoder_self_attention_heads_2=4, decoder_self_attention_heads_3=4, decoder_self_attention_heads_4=2, decoder_ende_attention_heads_0=4, decoder_ende_attention_heads_1=4, decoder_ende_attention_heads_2=4, decoder_ende_attention_heads_3=2, decoder_ende_attention_heads_4=2, decoder_arbitrary_ende_attn_0=2, decoder_arbitrary_ende_attn_1=2, decoder_arbitrary_ende_attn_2=-1, decoder_arbitrary_ende_attn_3=-1, decoder_arbitrary_ende_attn_4=2, decoder_arbitrary_ende_attn_5=2
| epoch 040:   1000 / 1101 loss=3.854, nll_loss=2.430, ppl=5.39, wps=6585, ups=2, wpb=3582.585, bsz=144.918, num_updates=43940, lr=0.000238528, gnorm=1.132, clip=0.000, oom=0.000, wall=25283, train_wall=23413, encoder_embed_dim=640, encoder_layer_num=6, encoder_ffn_embed_dim_0=2048, encoder_ffn_embed_dim_1=512, encoder_ffn_embed_dim_2=2048, encoder_ffn_embed_dim_3=2048, encoder_ffn_embed_dim_4=512, encoder_ffn_embed_dim_5=512, encoder_self_attention_heads_0=2, encoder_self_attention_heads_1=2, encoder_self_attention_heads_2=2, encoder_self_attention_heads_3=4, encoder_self_attention_heads_4=2, encoder_self_attention_heads_5=2, decoder_embed_dim=512, decoder_layer_num=6, decoder_ffn_embed_dim_0=512, decoder_ffn_embed_dim_1=2048, decoder_ffn_embed_dim_2=2048, decoder_ffn_embed_dim_3=512, decoder_ffn_embed_dim_4=2048, decoder_ffn_embed_dim_5=512, decoder_self_attention_heads_0=4, decoder_self_attention_heads_1=4, decoder_self_attention_heads_2=2, decoder_self_attention_heads_3=4, decoder_self_attention_heads_4=2, decoder_self_attention_heads_5=2, decoder_ende_attention_heads_0=4, decoder_ende_attention_heads_1=4, decoder_ende_attention_heads_2=4, decoder_ende_attention_heads_3=2, decoder_ende_attention_heads_4=2, decoder_ende_attention_heads_5=2, decoder_arbitrary_ende_attn_0=-1, decoder_arbitrary_ende_attn_1=2, decoder_arbitrary_ende_attn_2=-1, decoder_arbitrary_ende_attn_3=2, decoder_arbitrary_ende_attn_4=1, decoder_arbitrary_ende_attn_5=2
| epoch 040:   1100 / 1101 loss=3.855, nll_loss=2.431, ppl=5.39, wps=6605, ups=2, wpb=3586.843, bsz=145.540, num_updates=44040, lr=0.000238257, gnorm=1.130, clip=0.000, oom=0.000, wall=25336, train_wall=23466, encoder_embed_dim=512, encoder_layer_num=6, encoder_ffn_embed_dim_0=512, encoder_ffn_embed_dim_1=2048, encoder_ffn_embed_dim_2=2048, encoder_ffn_embed_dim_3=2048, encoder_ffn_embed_dim_4=1024, encoder_ffn_embed_dim_5=2048, encoder_self_attention_heads_0=2, encoder_self_attention_heads_1=2, encoder_self_attention_heads_2=2, encoder_self_attention_heads_3=4, encoder_self_attention_heads_4=2, encoder_self_attention_heads_5=4, decoder_embed_dim=512, decoder_layer_num=5, decoder_ffn_embed_dim_0=512, decoder_ffn_embed_dim_1=2048, decoder_ffn_embed_dim_2=512, decoder_ffn_embed_dim_3=1024, decoder_ffn_embed_dim_4=2048, decoder_self_attention_heads_0=2, decoder_self_attention_heads_1=2, decoder_self_attention_heads_2=2, decoder_self_attention_heads_3=2, decoder_self_attention_heads_4=2, decoder_ende_attention_heads_0=2, decoder_ende_attention_heads_1=4, decoder_ende_attention_heads_2=4, decoder_ende_attention_heads_3=2, decoder_ende_attention_heads_4=4, decoder_arbitrary_ende_attn_0=2, decoder_arbitrary_ende_attn_1=-1, decoder_arbitrary_ende_attn_2=2, decoder_arbitrary_ende_attn_3=2, decoder_arbitrary_ende_attn_4=2, decoder_arbitrary_ende_attn_5=1
| epoch 040 | loss 3.855 | nll_loss 2.431 | ppl 5.39 | wps 6602 | ups 2 | wpb 3586.843 | bsz 145.540 | num_updates 44040 | lr 0.000238257 | gnorm 1.130 | clip 0.000 | oom 0.000 | wall 25336 | train_wall 23466
| epoch 040 | validate on 'valid' subset | loss 4.039 | nll_loss 2.455 | ppl 5.48 | num_updates 44040 | best_loss 4.03938 | largest_arbitrary1_loss 4.039 | largest_arbitrary1_nll_loss 2.455
| epoch 040 | validate on 'valid' subset | loss 4.438 | nll_loss 2.904 | ppl 7.48 | num_updates 44040 | best_loss 4.43769 | smallest_arbitrary1_loss 4.438 | smallest_arbitrary1_nll_loss 2.904
| saved checkpoint ../checkpoints/iwslt14_super_full50000_fromscratch/checkpoint40.pt (epoch 40 @ 44040 updates) (writing took 4.428227186203003 seconds)
| epoch 041:    100 / 1101 loss=3.777, nll_loss=2.344, ppl=5.08, wps=6686, ups=1, wpb=3714.911, bsz=155.010, num_updates=44141, lr=0.000237985, gnorm=1.063, clip=0.000, oom=0.000, wall=25422, train_wall=23520, encoder_embed_dim=512, encoder_layer_num=6, encoder_ffn_embed_dim_0=1024, encoder_ffn_embed_dim_1=1024, encoder_ffn_embed_dim_2=2048, encoder_ffn_embed_dim_3=2048, encoder_ffn_embed_dim_4=2048, encoder_ffn_embed_dim_5=512, encoder_self_attention_heads_0=4, encoder_self_attention_heads_1=2, encoder_self_attention_heads_2=4, encoder_self_attention_heads_3=4, encoder_self_attention_heads_4=4, encoder_self_attention_heads_5=4, decoder_embed_dim=640, decoder_layer_num=3, decoder_ffn_embed_dim_0=1024, decoder_ffn_embed_dim_1=1024, decoder_ffn_embed_dim_2=1024, decoder_self_attention_heads_0=2, decoder_self_attention_heads_1=2, decoder_self_attention_heads_2=2, decoder_ende_attention_heads_0=4, decoder_ende_attention_heads_1=4, decoder_ende_attention_heads_2=2, decoder_arbitrary_ende_attn_0=2, decoder_arbitrary_ende_attn_1=1, decoder_arbitrary_ende_attn_2=-1, decoder_arbitrary_ende_attn_3=-1, decoder_arbitrary_ende_attn_4=1, decoder_arbitrary_ende_attn_5=2
| epoch 041:    200 / 1101 loss=3.774, nll_loss=2.342, ppl=5.07, wps=6715, ups=1, wpb=3658.060, bsz=150.726, num_updates=44241, lr=0.000237716, gnorm=1.075, clip=0.000, oom=0.000, wall=25476, train_wall=23573, encoder_embed_dim=640, encoder_layer_num=6, encoder_ffn_embed_dim_0=2048, encoder_ffn_embed_dim_1=512, encoder_ffn_embed_dim_2=512, encoder_ffn_embed_dim_3=2048, encoder_ffn_embed_dim_4=2048, encoder_ffn_embed_dim_5=1024, encoder_self_attention_heads_0=4, encoder_self_attention_heads_1=2, encoder_self_attention_heads_2=4, encoder_self_attention_heads_3=4, encoder_self_attention_heads_4=2, encoder_self_attention_heads_5=4, decoder_embed_dim=512, decoder_layer_num=4, decoder_ffn_embed_dim_0=2048, decoder_ffn_embed_dim_1=2048, decoder_ffn_embed_dim_2=512, decoder_ffn_embed_dim_3=1024, decoder_self_attention_heads_0=4, decoder_self_attention_heads_1=4, decoder_self_attention_heads_2=4, decoder_self_attention_heads_3=2, decoder_ende_attention_heads_0=4, decoder_ende_attention_heads_1=4, decoder_ende_attention_heads_2=2, decoder_ende_attention_heads_3=2, decoder_arbitrary_ende_attn_0=2, decoder_arbitrary_ende_attn_1=-1, decoder_arbitrary_ende_attn_2=2, decoder_arbitrary_ende_attn_3=-1, decoder_arbitrary_ende_attn_4=2, decoder_arbitrary_ende_attn_5=-1
| epoch 041:    300 / 1101 loss=3.783, nll_loss=2.352, ppl=5.11, wps=6604, ups=2, wpb=3621.130, bsz=148.252, num_updates=44341, lr=0.000237447, gnorm=1.087, clip=0.000, oom=0.000, wall=25531, train_wall=23627, encoder_embed_dim=640, encoder_layer_num=6, encoder_ffn_embed_dim_0=512, encoder_ffn_embed_dim_1=512, encoder_ffn_embed_dim_2=2048, encoder_ffn_embed_dim_3=512, encoder_ffn_embed_dim_4=2048, encoder_ffn_embed_dim_5=1024, encoder_self_attention_heads_0=2, encoder_self_attention_heads_1=2, encoder_self_attention_heads_2=4, encoder_self_attention_heads_3=4, encoder_self_attention_heads_4=2, encoder_self_attention_heads_5=4, decoder_embed_dim=512, decoder_layer_num=2, decoder_ffn_embed_dim_0=1024, decoder_ffn_embed_dim_1=1024, decoder_self_attention_heads_0=4, decoder_self_attention_heads_1=2, decoder_ende_attention_heads_0=2, decoder_ende_attention_heads_1=2, decoder_arbitrary_ende_attn_0=-1, decoder_arbitrary_ende_attn_1=1, decoder_arbitrary_ende_attn_2=-1, decoder_arbitrary_ende_attn_3=-1, decoder_arbitrary_ende_attn_4=2, decoder_arbitrary_ende_attn_5=1
| epoch 041:    400 / 1101 loss=3.783, nll_loss=2.351, ppl=5.10, wps=6628, ups=2, wpb=3612.289, bsz=151.042, num_updates=44441, lr=0.00023718, gnorm=1.090, clip=0.000, oom=0.000, wall=25585, train_wall=23679, encoder_embed_dim=512, encoder_layer_num=6, encoder_ffn_embed_dim_0=2048, encoder_ffn_embed_dim_1=512, encoder_ffn_embed_dim_2=512, encoder_ffn_embed_dim_3=1024, encoder_ffn_embed_dim_4=512, encoder_ffn_embed_dim_5=2048, encoder_self_attention_heads_0=2, encoder_self_attention_heads_1=2, encoder_self_attention_heads_2=4, encoder_self_attention_heads_3=4, encoder_self_attention_heads_4=4, encoder_self_attention_heads_5=4, decoder_embed_dim=512, decoder_layer_num=4, decoder_ffn_embed_dim_0=2048, decoder_ffn_embed_dim_1=2048, decoder_ffn_embed_dim_2=1024, decoder_ffn_embed_dim_3=512, decoder_self_attention_heads_0=2, decoder_self_attention_heads_1=4, decoder_self_attention_heads_2=4, decoder_self_attention_heads_3=4, decoder_ende_attention_heads_0=4, decoder_ende_attention_heads_1=2, decoder_ende_attention_heads_2=4, decoder_ende_attention_heads_3=2, decoder_arbitrary_ende_attn_0=2, decoder_arbitrary_ende_attn_1=2, decoder_arbitrary_ende_attn_2=2, decoder_arbitrary_ende_attn_3=-1, decoder_arbitrary_ende_attn_4=2, decoder_arbitrary_ende_attn_5=1
| epoch 041:    500 / 1101 loss=3.799, nll_loss=2.370, ppl=5.17, wps=6572, ups=2, wpb=3586.665, bsz=146.906, num_updates=44541, lr=0.000236914, gnorm=1.114, clip=0.000, oom=0.000, wall=25639, train_wall=23733, encoder_embed_dim=640, encoder_layer_num=6, encoder_ffn_embed_dim_0=1024, encoder_ffn_embed_dim_1=1024, encoder_ffn_embed_dim_2=2048, encoder_ffn_embed_dim_3=512, encoder_ffn_embed_dim_4=1024, encoder_ffn_embed_dim_5=1024, encoder_self_attention_heads_0=2, encoder_self_attention_heads_1=2, encoder_self_attention_heads_2=4, encoder_self_attention_heads_3=4, encoder_self_attention_heads_4=4, encoder_self_attention_heads_5=2, decoder_embed_dim=512, decoder_layer_num=3, decoder_ffn_embed_dim_0=2048, decoder_ffn_embed_dim_1=512, decoder_ffn_embed_dim_2=2048, decoder_self_attention_heads_0=4, decoder_self_attention_heads_1=4, decoder_self_attention_heads_2=2, decoder_ende_attention_heads_0=4, decoder_ende_attention_heads_1=2, decoder_ende_attention_heads_2=4, decoder_arbitrary_ende_attn_0=1, decoder_arbitrary_ende_attn_1=1, decoder_arbitrary_ende_attn_2=-1, decoder_arbitrary_ende_attn_3=2, decoder_arbitrary_ende_attn_4=-1, decoder_arbitrary_ende_attn_5=1
| epoch 041:    600 / 1101 loss=3.801, nll_loss=2.371, ppl=5.17, wps=6617, ups=2, wpb=3595.725, bsz=148.832, num_updates=44641, lr=0.000236648, gnorm=1.113, clip=0.000, oom=0.000, wall=25693, train_wall=23785, encoder_embed_dim=640, encoder_layer_num=6, encoder_ffn_embed_dim_0=2048, encoder_ffn_embed_dim_1=512, encoder_ffn_embed_dim_2=1024, encoder_ffn_embed_dim_3=2048, encoder_ffn_embed_dim_4=1024, encoder_ffn_embed_dim_5=1024, encoder_self_attention_heads_0=4, encoder_self_attention_heads_1=4, encoder_self_attention_heads_2=2, encoder_self_attention_heads_3=2, encoder_self_attention_heads_4=4, encoder_self_attention_heads_5=4, decoder_embed_dim=512, decoder_layer_num=5, decoder_ffn_embed_dim_0=1024, decoder_ffn_embed_dim_1=2048, decoder_ffn_embed_dim_2=1024, decoder_ffn_embed_dim_3=1024, decoder_ffn_embed_dim_4=2048, decoder_self_attention_heads_0=2, decoder_self_attention_heads_1=4, decoder_self_attention_heads_2=2, decoder_self_attention_heads_3=2, decoder_self_attention_heads_4=2, decoder_ende_attention_heads_0=2, decoder_ende_attention_heads_1=4, decoder_ende_attention_heads_2=2, decoder_ende_attention_heads_3=2, decoder_ende_attention_heads_4=2, decoder_arbitrary_ende_attn_0=2, decoder_arbitrary_ende_attn_1=1, decoder_arbitrary_ende_attn_2=2, decoder_arbitrary_ende_attn_3=2, decoder_arbitrary_ende_attn_4=1, decoder_arbitrary_ende_attn_5=2
| epoch 041:    700 / 1101 loss=3.803, nll_loss=2.374, ppl=5.18, wps=6634, ups=2, wpb=3596.648, bsz=149.409, num_updates=44741, lr=0.000236384, gnorm=1.113, clip=0.000, oom=0.000, wall=25746, train_wall=23837, encoder_embed_dim=512, encoder_layer_num=6, encoder_ffn_embed_dim_0=2048, encoder_ffn_embed_dim_1=2048, encoder_ffn_embed_dim_2=2048, encoder_ffn_embed_dim_3=512, encoder_ffn_embed_dim_4=2048, encoder_ffn_embed_dim_5=1024, encoder_self_attention_heads_0=4, encoder_self_attention_heads_1=4, encoder_self_attention_heads_2=2, encoder_self_attention_heads_3=2, encoder_self_attention_heads_4=4, encoder_self_attention_heads_5=4, decoder_embed_dim=512, decoder_layer_num=4, decoder_ffn_embed_dim_0=512, decoder_ffn_embed_dim_1=1024, decoder_ffn_embed_dim_2=1024, decoder_ffn_embed_dim_3=2048, decoder_self_attention_heads_0=4, decoder_self_attention_heads_1=2, decoder_self_attention_heads_2=2, decoder_self_attention_heads_3=4, decoder_ende_attention_heads_0=4, decoder_ende_attention_heads_1=2, decoder_ende_attention_heads_2=4, decoder_ende_attention_heads_3=2, decoder_arbitrary_ende_attn_0=-1, decoder_arbitrary_ende_attn_1=1, decoder_arbitrary_ende_attn_2=1, decoder_arbitrary_ende_attn_3=-1, decoder_arbitrary_ende_attn_4=1, decoder_arbitrary_ende_attn_5=1
| epoch 041:    800 / 1101 loss=3.812, nll_loss=2.384, ppl=5.22, wps=6638, ups=2, wpb=3591.493, bsz=147.935, num_updates=44841, lr=0.00023612, gnorm=1.116, clip=0.000, oom=0.000, wall=25799, train_wall=23889, encoder_embed_dim=640, encoder_layer_num=6, encoder_ffn_embed_dim_0=1024, encoder_ffn_embed_dim_1=1024, encoder_ffn_embed_dim_2=512, encoder_ffn_embed_dim_3=512, encoder_ffn_embed_dim_4=512, encoder_ffn_embed_dim_5=2048, encoder_self_attention_heads_0=4, encoder_self_attention_heads_1=2, encoder_self_attention_heads_2=4, encoder_self_attention_heads_3=4, encoder_self_attention_heads_4=4, encoder_self_attention_heads_5=2, decoder_embed_dim=640, decoder_layer_num=2, decoder_ffn_embed_dim_0=2048, decoder_ffn_embed_dim_1=2048, decoder_self_attention_heads_0=2, decoder_self_attention_heads_1=4, decoder_ende_attention_heads_0=2, decoder_ende_attention_heads_1=4, decoder_arbitrary_ende_attn_0=1, decoder_arbitrary_ende_attn_1=2, decoder_arbitrary_ende_attn_2=-1, decoder_arbitrary_ende_attn_3=2, decoder_arbitrary_ende_attn_4=2, decoder_arbitrary_ende_attn_5=1
| epoch 041:    900 / 1101 loss=3.815, nll_loss=2.388, ppl=5.23, wps=6633, ups=2, wpb=3591.527, bsz=146.858, num_updates=44941, lr=0.000235857, gnorm=1.118, clip=0.000, oom=0.000, wall=25854, train_wall=23942, encoder_embed_dim=512, encoder_layer_num=6, encoder_ffn_embed_dim_0=512, encoder_ffn_embed_dim_1=2048, encoder_ffn_embed_dim_2=512, encoder_ffn_embed_dim_3=512, encoder_ffn_embed_dim_4=512, encoder_ffn_embed_dim_5=2048, encoder_self_attention_heads_0=4, encoder_self_attention_heads_1=2, encoder_self_attention_heads_2=2, encoder_self_attention_heads_3=2, encoder_self_attention_heads_4=2, encoder_self_attention_heads_5=2, decoder_embed_dim=512, decoder_layer_num=6, decoder_ffn_embed_dim_0=1024, decoder_ffn_embed_dim_1=2048, decoder_ffn_embed_dim_2=2048, decoder_ffn_embed_dim_3=512, decoder_ffn_embed_dim_4=2048, decoder_ffn_embed_dim_5=512, decoder_self_attention_heads_0=4, decoder_self_attention_heads_1=2, decoder_self_attention_heads_2=2, decoder_self_attention_heads_3=2, decoder_self_attention_heads_4=2, decoder_self_attention_heads_5=2, decoder_ende_attention_heads_0=2, decoder_ende_attention_heads_1=4, decoder_ende_attention_heads_2=4, decoder_ende_attention_heads_3=2, decoder_ende_attention_heads_4=2, decoder_ende_attention_heads_5=2, decoder_arbitrary_ende_attn_0=2, decoder_arbitrary_ende_attn_1=1, decoder_arbitrary_ende_attn_2=-1, decoder_arbitrary_ende_attn_3=1, decoder_arbitrary_ende_attn_4=1, decoder_arbitrary_ende_attn_5=-1
| epoch 041 | validate on 'valid' subset | loss 4.050 | nll_loss 2.483 | ppl 5.59 | num_updates 45000 | best_loss 4.05028 | largest_arbitrary1_loss 4.050 | largest_arbitrary1_nll_loss 2.483
| epoch 041 | validate on 'valid' subset | loss 4.455 | nll_loss 2.918 | ppl 7.56 | num_updates 45000 | best_loss 4.43769 | smallest_arbitrary1_loss 4.455 | smallest_arbitrary1_nll_loss 2.918
| saved checkpoint ../checkpoints/iwslt14_super_full50000_fromscratch/checkpoint_41_45000.pt (epoch 41 @ 45000 updates) (writing took 3.4102861881256104 seconds)
| epoch 041:   1000 / 1101 loss=3.820, nll_loss=2.393, ppl=5.25, wps=6300, ups=2, wpb=3590.068, bsz=144.574, num_updates=45041, lr=0.000235595, gnorm=1.120, clip=0.000, oom=0.000, wall=25936, train_wall=23997, encoder_embed_dim=640, encoder_layer_num=6, encoder_ffn_embed_dim_0=1024, encoder_ffn_embed_dim_1=1024, encoder_ffn_embed_dim_2=2048, encoder_ffn_embed_dim_3=512, encoder_ffn_embed_dim_4=1024, encoder_ffn_embed_dim_5=2048, encoder_self_attention_heads_0=2, encoder_self_attention_heads_1=4, encoder_self_attention_heads_2=2, encoder_self_attention_heads_3=4, encoder_self_attention_heads_4=2, encoder_self_attention_heads_5=2, decoder_embed_dim=640, decoder_layer_num=6, decoder_ffn_embed_dim_0=2048, decoder_ffn_embed_dim_1=1024, decoder_ffn_embed_dim_2=2048, decoder_ffn_embed_dim_3=512, decoder_ffn_embed_dim_4=1024, decoder_ffn_embed_dim_5=1024, decoder_self_attention_heads_0=2, decoder_self_attention_heads_1=2, decoder_self_attention_heads_2=2, decoder_self_attention_heads_3=4, decoder_self_attention_heads_4=2, decoder_self_attention_heads_5=2, decoder_ende_attention_heads_0=4, decoder_ende_attention_heads_1=4, decoder_ende_attention_heads_2=2, decoder_ende_attention_heads_3=4, decoder_ende_attention_heads_4=4, decoder_ende_attention_heads_5=4, decoder_arbitrary_ende_attn_0=1, decoder_arbitrary_ende_attn_1=1, decoder_arbitrary_ende_attn_2=1, decoder_arbitrary_ende_attn_3=-1, decoder_arbitrary_ende_attn_4=-1, decoder_arbitrary_ende_attn_5=-1
| epoch 041:   1100 / 1101 loss=3.822, nll_loss=2.395, ppl=5.26, wps=6340, ups=2, wpb=3586.843, bsz=145.540, num_updates=45141, lr=0.000235334, gnorm=1.118, clip=0.000, oom=0.000, wall=25989, train_wall=24048, encoder_embed_dim=640, encoder_layer_num=6, encoder_ffn_embed_dim_0=2048, encoder_ffn_embed_dim_1=512, encoder_ffn_embed_dim_2=512, encoder_ffn_embed_dim_3=1024, encoder_ffn_embed_dim_4=512, encoder_ffn_embed_dim_5=1024, encoder_self_attention_heads_0=4, encoder_self_attention_heads_1=4, encoder_self_attention_heads_2=4, encoder_self_attention_heads_3=4, encoder_self_attention_heads_4=2, encoder_self_attention_heads_5=2, decoder_embed_dim=640, decoder_layer_num=5, decoder_ffn_embed_dim_0=1024, decoder_ffn_embed_dim_1=512, decoder_ffn_embed_dim_2=1024, decoder_ffn_embed_dim_3=1024, decoder_ffn_embed_dim_4=2048, decoder_self_attention_heads_0=2, decoder_self_attention_heads_1=2, decoder_self_attention_heads_2=4, decoder_self_attention_heads_3=4, decoder_self_attention_heads_4=2, decoder_ende_attention_heads_0=2, decoder_ende_attention_heads_1=2, decoder_ende_attention_heads_2=4, decoder_ende_attention_heads_3=4, decoder_ende_attention_heads_4=4, decoder_arbitrary_ende_attn_0=-1, decoder_arbitrary_ende_attn_1=1, decoder_arbitrary_ende_attn_2=1, decoder_arbitrary_ende_attn_3=2, decoder_arbitrary_ende_attn_4=-1, decoder_arbitrary_ende_attn_5=2
| epoch 041 | loss 3.822 | nll_loss 2.395 | ppl 5.26 | wps 6338 | ups 2 | wpb 3586.843 | bsz 145.540 | num_updates 45141 | lr 0.000235334 | gnorm 1.118 | clip 0.000 | oom 0.000 | wall 25989 | train_wall 24048
| epoch 041 | validate on 'valid' subset | loss 4.037 | nll_loss 2.465 | ppl 5.52 | num_updates 45141 | best_loss 4.03716 | largest_arbitrary1_loss 4.037 | largest_arbitrary1_nll_loss 2.465
| epoch 041 | validate on 'valid' subset | loss 4.470 | nll_loss 2.929 | ppl 7.62 | num_updates 45141 | best_loss 4.43769 | smallest_arbitrary1_loss 4.470 | smallest_arbitrary1_nll_loss 2.929
| saved checkpoint ../checkpoints/iwslt14_super_full50000_fromscratch/checkpoint41.pt (epoch 41 @ 45141 updates) (writing took 3.8957533836364746 seconds)
| epoch 042:    100 / 1101 loss=3.782, nll_loss=2.348, ppl=5.09, wps=6488, ups=1, wpb=3560.495, bsz=138.376, num_updates=45242, lr=0.000235071, gnorm=1.122, clip=0.000, oom=0.000, wall=26073, train_wall=24102, encoder_embed_dim=512, encoder_layer_num=6, encoder_ffn_embed_dim_0=2048, encoder_ffn_embed_dim_1=1024, encoder_ffn_embed_dim_2=512, encoder_ffn_embed_dim_3=512, encoder_ffn_embed_dim_4=2048, encoder_ffn_embed_dim_5=512, encoder_self_attention_heads_0=2, encoder_self_attention_heads_1=2, encoder_self_attention_heads_2=4, encoder_self_attention_heads_3=2, encoder_self_attention_heads_4=4, encoder_self_attention_heads_5=2, decoder_embed_dim=512, decoder_layer_num=3, decoder_ffn_embed_dim_0=512, decoder_ffn_embed_dim_1=2048, decoder_ffn_embed_dim_2=1024, decoder_self_attention_heads_0=2, decoder_self_attention_heads_1=2, decoder_self_attention_heads_2=4, decoder_ende_attention_heads_0=2, decoder_ende_attention_heads_1=2, decoder_ende_attention_heads_2=2, decoder_arbitrary_ende_attn_0=1, decoder_arbitrary_ende_attn_1=1, decoder_arbitrary_ende_attn_2=1, decoder_arbitrary_ende_attn_3=-1, decoder_arbitrary_ende_attn_4=2, decoder_arbitrary_ende_attn_5=2
| epoch 042:    200 / 1101 loss=3.790, nll_loss=2.359, ppl=5.13, wps=6660, ups=1, wpb=3603.512, bsz=144.716, num_updates=45342, lr=0.000234812, gnorm=1.106, clip=0.000, oom=0.000, wall=26126, train_wall=24154, encoder_embed_dim=640, encoder_layer_num=6, encoder_ffn_embed_dim_0=1024, encoder_ffn_embed_dim_1=1024, encoder_ffn_embed_dim_2=2048, encoder_ffn_embed_dim_3=1024, encoder_ffn_embed_dim_4=2048, encoder_ffn_embed_dim_5=1024, encoder_self_attention_heads_0=2, encoder_self_attention_heads_1=2, encoder_self_attention_heads_2=4, encoder_self_attention_heads_3=4, encoder_self_attention_heads_4=4, encoder_self_attention_heads_5=4, decoder_embed_dim=512, decoder_layer_num=5, decoder_ffn_embed_dim_0=512, decoder_ffn_embed_dim_1=1024, decoder_ffn_embed_dim_2=1024, decoder_ffn_embed_dim_3=512, decoder_ffn_embed_dim_4=1024, decoder_self_attention_heads_0=4, decoder_self_attention_heads_1=4, decoder_self_attention_heads_2=2, decoder_self_attention_heads_3=2, decoder_self_attention_heads_4=4, decoder_ende_attention_heads_0=4, decoder_ende_attention_heads_1=4, decoder_ende_attention_heads_2=2, decoder_ende_attention_heads_3=2, decoder_ende_attention_heads_4=2, decoder_arbitrary_ende_attn_0=-1, decoder_arbitrary_ende_attn_1=2, decoder_arbitrary_ende_attn_2=2, decoder_arbitrary_ende_attn_3=2, decoder_arbitrary_ende_attn_4=1, decoder_arbitrary_ende_attn_5=1
| epoch 042:    300 / 1101 loss=3.805, nll_loss=2.376, ppl=5.19, wps=6583, ups=2, wpb=3587.684, bsz=143.203, num_updates=45442, lr=0.000234553, gnorm=1.117, clip=0.000, oom=0.000, wall=26182, train_wall=24209, encoder_embed_dim=512, encoder_layer_num=6, encoder_ffn_embed_dim_0=1024, encoder_ffn_embed_dim_1=1024, encoder_ffn_embed_dim_2=1024, encoder_ffn_embed_dim_3=2048, encoder_ffn_embed_dim_4=512, encoder_ffn_embed_dim_5=1024, encoder_self_attention_heads_0=2, encoder_self_attention_heads_1=2, encoder_self_attention_heads_2=2, encoder_self_attention_heads_3=2, encoder_self_attention_heads_4=4, encoder_self_attention_heads_5=4, decoder_embed_dim=640, decoder_layer_num=3, decoder_ffn_embed_dim_0=512, decoder_ffn_embed_dim_1=512, decoder_ffn_embed_dim_2=1024, decoder_self_attention_heads_0=4, decoder_self_attention_heads_1=2, decoder_self_attention_heads_2=4, decoder_ende_attention_heads_0=2, decoder_ende_attention_heads_1=2, decoder_ende_attention_heads_2=2, decoder_arbitrary_ende_attn_0=2, decoder_arbitrary_ende_attn_1=2, decoder_arbitrary_ende_attn_2=1, decoder_arbitrary_ende_attn_3=1, decoder_arbitrary_ende_attn_4=-1, decoder_arbitrary_ende_attn_5=-1
| epoch 042:    400 / 1101 loss=3.821, nll_loss=2.393, ppl=5.25, wps=6628, ups=2, wpb=3577.736, bsz=139.751, num_updates=45542, lr=0.000234296, gnorm=1.129, clip=0.000, oom=0.000, wall=26234, train_wall=24260, encoder_embed_dim=640, encoder_layer_num=6, encoder_ffn_embed_dim_0=1024, encoder_ffn_embed_dim_1=512, encoder_ffn_embed_dim_2=2048, encoder_ffn_embed_dim_3=512, encoder_ffn_embed_dim_4=512, encoder_ffn_embed_dim_5=512, encoder_self_attention_heads_0=4, encoder_self_attention_heads_1=4, encoder_self_attention_heads_2=4, encoder_self_attention_heads_3=4, encoder_self_attention_heads_4=2, encoder_self_attention_heads_5=4, decoder_embed_dim=640, decoder_layer_num=4, decoder_ffn_embed_dim_0=512, decoder_ffn_embed_dim_1=1024, decoder_ffn_embed_dim_2=1024, decoder_ffn_embed_dim_3=512, decoder_self_attention_heads_0=4, decoder_self_attention_heads_1=2, decoder_self_attention_heads_2=2, decoder_self_attention_heads_3=4, decoder_ende_attention_heads_0=4, decoder_ende_attention_heads_1=4, decoder_ende_attention_heads_2=4, decoder_ende_attention_heads_3=2, decoder_arbitrary_ende_attn_0=-1, decoder_arbitrary_ende_attn_1=1, decoder_arbitrary_ende_attn_2=-1, decoder_arbitrary_ende_attn_3=-1, decoder_arbitrary_ende_attn_4=1, decoder_arbitrary_ende_attn_5=1
| epoch 042:    500 / 1101 loss=3.815, nll_loss=2.386, ppl=5.23, wps=6584, ups=2, wpb=3579.798, bsz=140.758, num_updates=45642, lr=0.000234039, gnorm=1.125, clip=0.000, oom=0.000, wall=26290, train_wall=24314, encoder_embed_dim=512, encoder_layer_num=6, encoder_ffn_embed_dim_0=512, encoder_ffn_embed_dim_1=1024, encoder_ffn_embed_dim_2=512, encoder_ffn_embed_dim_3=512, encoder_ffn_embed_dim_4=2048, encoder_ffn_embed_dim_5=2048, encoder_self_attention_heads_0=4, encoder_self_attention_heads_1=2, encoder_self_attention_heads_2=4, encoder_self_attention_heads_3=2, encoder_self_attention_heads_4=4, encoder_self_attention_heads_5=4, decoder_embed_dim=640, decoder_layer_num=5, decoder_ffn_embed_dim_0=1024, decoder_ffn_embed_dim_1=2048, decoder_ffn_embed_dim_2=1024, decoder_ffn_embed_dim_3=512, decoder_ffn_embed_dim_4=512, decoder_self_attention_heads_0=4, decoder_self_attention_heads_1=4, decoder_self_attention_heads_2=2, decoder_self_attention_heads_3=2, decoder_self_attention_heads_4=4, decoder_ende_attention_heads_0=2, decoder_ende_attention_heads_1=4, decoder_ende_attention_heads_2=2, decoder_ende_attention_heads_3=2, decoder_ende_attention_heads_4=4, decoder_arbitrary_ende_attn_0=-1, decoder_arbitrary_ende_attn_1=1, decoder_arbitrary_ende_attn_2=1, decoder_arbitrary_ende_attn_3=-1, decoder_arbitrary_ende_attn_4=2, decoder_arbitrary_ende_attn_5=1
| epoch 042:    600 / 1101 loss=3.818, nll_loss=2.390, ppl=5.24, wps=6561, ups=2, wpb=3581.594, bsz=140.632, num_updates=45742, lr=0.000233783, gnorm=1.123, clip=0.000, oom=0.000, wall=26346, train_wall=24369, encoder_embed_dim=512, encoder_layer_num=6, encoder_ffn_embed_dim_0=1024, encoder_ffn_embed_dim_1=512, encoder_ffn_embed_dim_2=2048, encoder_ffn_embed_dim_3=512, encoder_ffn_embed_dim_4=512, encoder_ffn_embed_dim_5=1024, encoder_self_attention_heads_0=2, encoder_self_attention_heads_1=4, encoder_self_attention_heads_2=2, encoder_self_attention_heads_3=4, encoder_self_attention_heads_4=4, encoder_self_attention_heads_5=4, decoder_embed_dim=512, decoder_layer_num=6, decoder_ffn_embed_dim_0=512, decoder_ffn_embed_dim_1=1024, decoder_ffn_embed_dim_2=1024, decoder_ffn_embed_dim_3=512, decoder_ffn_embed_dim_4=512, decoder_ffn_embed_dim_5=512, decoder_self_attention_heads_0=2, decoder_self_attention_heads_1=2, decoder_self_attention_heads_2=4, decoder_self_attention_heads_3=4, decoder_self_attention_heads_4=4, decoder_self_attention_heads_5=2, decoder_ende_attention_heads_0=2, decoder_ende_attention_heads_1=2, decoder_ende_attention_heads_2=2, decoder_ende_attention_heads_3=4, decoder_ende_attention_heads_4=4, decoder_ende_attention_heads_5=2, decoder_arbitrary_ende_attn_0=2, decoder_arbitrary_ende_attn_1=-1, decoder_arbitrary_ende_attn_2=-1, decoder_arbitrary_ende_attn_3=2, decoder_arbitrary_ende_attn_4=2, decoder_arbitrary_ende_attn_5=2
| epoch 042:    700 / 1101 loss=3.818, nll_loss=2.390, ppl=5.24, wps=6591, ups=2, wpb=3589.976, bsz=142.505, num_updates=45842, lr=0.000233528, gnorm=1.122, clip=0.000, oom=0.000, wall=26399, train_wall=24421, encoder_embed_dim=640, encoder_layer_num=6, encoder_ffn_embed_dim_0=1024, encoder_ffn_embed_dim_1=512, encoder_ffn_embed_dim_2=2048, encoder_ffn_embed_dim_3=2048, encoder_ffn_embed_dim_4=1024, encoder_ffn_embed_dim_5=2048, encoder_self_attention_heads_0=4, encoder_self_attention_heads_1=2, encoder_self_attention_heads_2=2, encoder_self_attention_heads_3=2, encoder_self_attention_heads_4=2, encoder_self_attention_heads_5=2, decoder_embed_dim=512, decoder_layer_num=5, decoder_ffn_embed_dim_0=512, decoder_ffn_embed_dim_1=512, decoder_ffn_embed_dim_2=2048, decoder_ffn_embed_dim_3=2048, decoder_ffn_embed_dim_4=512, decoder_self_attention_heads_0=4, decoder_self_attention_heads_1=4, decoder_self_attention_heads_2=2, decoder_self_attention_heads_3=2, decoder_self_attention_heads_4=4, decoder_ende_attention_heads_0=2, decoder_ende_attention_heads_1=2, decoder_ende_attention_heads_2=4, decoder_ende_attention_heads_3=2, decoder_ende_attention_heads_4=4, decoder_arbitrary_ende_attn_0=2, decoder_arbitrary_ende_attn_1=1, decoder_arbitrary_ende_attn_2=1, decoder_arbitrary_ende_attn_3=1, decoder_arbitrary_ende_attn_4=1, decoder_arbitrary_ende_attn_5=2
| epoch 042:    800 / 1101 loss=3.818, nll_loss=2.390, ppl=5.24, wps=6618, ups=2, wpb=3593.062, bsz=143.591, num_updates=45942, lr=0.000233273, gnorm=1.124, clip=0.000, oom=0.000, wall=26453, train_wall=24473, encoder_embed_dim=640, encoder_layer_num=6, encoder_ffn_embed_dim_0=512, encoder_ffn_embed_dim_1=1024, encoder_ffn_embed_dim_2=2048, encoder_ffn_embed_dim_3=512, encoder_ffn_embed_dim_4=2048, encoder_ffn_embed_dim_5=512, encoder_self_attention_heads_0=2, encoder_self_attention_heads_1=4, encoder_self_attention_heads_2=2, encoder_self_attention_heads_3=4, encoder_self_attention_heads_4=2, encoder_self_attention_heads_5=2, decoder_embed_dim=640, decoder_layer_num=5, decoder_ffn_embed_dim_0=1024, decoder_ffn_embed_dim_1=2048, decoder_ffn_embed_dim_2=2048, decoder_ffn_embed_dim_3=2048, decoder_ffn_embed_dim_4=2048, decoder_self_attention_heads_0=2, decoder_self_attention_heads_1=2, decoder_self_attention_heads_2=4, decoder_self_attention_heads_3=4, decoder_self_attention_heads_4=4, decoder_ende_attention_heads_0=4, decoder_ende_attention_heads_1=2, decoder_ende_attention_heads_2=4, decoder_ende_attention_heads_3=4, decoder_ende_attention_heads_4=2, decoder_arbitrary_ende_attn_0=-1, decoder_arbitrary_ende_attn_1=2, decoder_arbitrary_ende_attn_2=1, decoder_arbitrary_ende_attn_3=-1, decoder_arbitrary_ende_attn_4=1, decoder_arbitrary_ende_attn_5=1
| epoch 042:    900 / 1101 loss=3.817, nll_loss=2.389, ppl=5.24, wps=6590, ups=2, wpb=3584.831, bsz=145.234, num_updates=46042, lr=0.00023302, gnorm=1.123, clip=0.000, oom=0.000, wall=26508, train_wall=24527, encoder_embed_dim=640, encoder_layer_num=6, encoder_ffn_embed_dim_0=2048, encoder_ffn_embed_dim_1=512, encoder_ffn_embed_dim_2=2048, encoder_ffn_embed_dim_3=512, encoder_ffn_embed_dim_4=2048, encoder_ffn_embed_dim_5=2048, encoder_self_attention_heads_0=4, encoder_self_attention_heads_1=4, encoder_self_attention_heads_2=2, encoder_self_attention_heads_3=2, encoder_self_attention_heads_4=4, encoder_self_attention_heads_5=4, decoder_embed_dim=512, decoder_layer_num=4, decoder_ffn_embed_dim_0=2048, decoder_ffn_embed_dim_1=2048, decoder_ffn_embed_dim_2=1024, decoder_ffn_embed_dim_3=1024, decoder_self_attention_heads_0=2, decoder_self_attention_heads_1=2, decoder_self_attention_heads_2=2, decoder_self_attention_heads_3=2, decoder_ende_attention_heads_0=4, decoder_ende_attention_heads_1=4, decoder_ende_attention_heads_2=2, decoder_ende_attention_heads_3=2, decoder_arbitrary_ende_attn_0=-1, decoder_arbitrary_ende_attn_1=-1, decoder_arbitrary_ende_attn_2=-1, decoder_arbitrary_ende_attn_3=2, decoder_arbitrary_ende_attn_4=2, decoder_arbitrary_ende_attn_5=2
| epoch 042:   1000 / 1101 loss=3.819, nll_loss=2.391, ppl=5.25, wps=6571, ups=2, wpb=3579.096, bsz=145.247, num_updates=46142, lr=0.000232767, gnorm=1.126, clip=0.000, oom=0.000, wall=26563, train_wall=24581, encoder_embed_dim=512, encoder_layer_num=6, encoder_ffn_embed_dim_0=1024, encoder_ffn_embed_dim_1=2048, encoder_ffn_embed_dim_2=2048, encoder_ffn_embed_dim_3=512, encoder_ffn_embed_dim_4=512, encoder_ffn_embed_dim_5=1024, encoder_self_attention_heads_0=2, encoder_self_attention_heads_1=2, encoder_self_attention_heads_2=2, encoder_self_attention_heads_3=2, encoder_self_attention_heads_4=2, encoder_self_attention_heads_5=4, decoder_embed_dim=640, decoder_layer_num=2, decoder_ffn_embed_dim_0=1024, decoder_ffn_embed_dim_1=512, decoder_self_attention_heads_0=4, decoder_self_attention_heads_1=2, decoder_ende_attention_heads_0=4, decoder_ende_attention_heads_1=4, decoder_arbitrary_ende_attn_0=2, decoder_arbitrary_ende_attn_1=2, decoder_arbitrary_ende_attn_2=-1, decoder_arbitrary_ende_attn_3=-1, decoder_arbitrary_ende_attn_4=1, decoder_arbitrary_ende_attn_5=-1
| epoch 042:   1100 / 1101 loss=3.820, nll_loss=2.392, ppl=5.25, wps=6594, ups=2, wpb=3586.843, bsz=145.540, num_updates=46242, lr=0.000232515, gnorm=1.122, clip=0.000, oom=0.000, wall=26617, train_wall=24634, encoder_embed_dim=640, encoder_layer_num=6, encoder_ffn_embed_dim_0=1024, encoder_ffn_embed_dim_1=2048, encoder_ffn_embed_dim_2=1024, encoder_ffn_embed_dim_3=512, encoder_ffn_embed_dim_4=512, encoder_ffn_embed_dim_5=512, encoder_self_attention_heads_0=4, encoder_self_attention_heads_1=2, encoder_self_attention_heads_2=2, encoder_self_attention_heads_3=2, encoder_self_attention_heads_4=2, encoder_self_attention_heads_5=2, decoder_embed_dim=640, decoder_layer_num=5, decoder_ffn_embed_dim_0=2048, decoder_ffn_embed_dim_1=1024, decoder_ffn_embed_dim_2=512, decoder_ffn_embed_dim_3=1024, decoder_ffn_embed_dim_4=2048, decoder_self_attention_heads_0=2, decoder_self_attention_heads_1=4, decoder_self_attention_heads_2=4, decoder_self_attention_heads_3=2, decoder_self_attention_heads_4=4, decoder_ende_attention_heads_0=4, decoder_ende_attention_heads_1=2, decoder_ende_attention_heads_2=4, decoder_ende_attention_heads_3=4, decoder_ende_attention_heads_4=2, decoder_arbitrary_ende_attn_0=1, decoder_arbitrary_ende_attn_1=2, decoder_arbitrary_ende_attn_2=-1, decoder_arbitrary_ende_attn_3=-1, decoder_arbitrary_ende_attn_4=-1, decoder_arbitrary_ende_attn_5=1
| epoch 042 | loss 3.820 | nll_loss 2.392 | ppl 5.25 | wps 6592 | ups 2 | wpb 3586.843 | bsz 145.540 | num_updates 46242 | lr 0.000232515 | gnorm 1.122 | clip 0.000 | oom 0.000 | wall 26617 | train_wall 24634
| epoch 042 | validate on 'valid' subset | loss 4.025 | nll_loss 2.450 | ppl 5.46 | num_updates 46242 | best_loss 4.02493 | largest_arbitrary1_loss 4.025 | largest_arbitrary1_nll_loss 2.450
| epoch 042 | validate on 'valid' subset | loss 4.435 | nll_loss 2.896 | ppl 7.44 | num_updates 46242 | best_loss 4.43476 | smallest_arbitrary1_loss 4.435 | smallest_arbitrary1_nll_loss 2.896
| saved checkpoint ../checkpoints/iwslt14_super_full50000_fromscratch/checkpoint42.pt (epoch 42 @ 46242 updates) (writing took 4.793548107147217 seconds)
| epoch 043:    100 / 1101 loss=3.772, nll_loss=2.339, ppl=5.06, wps=6648, ups=1, wpb=3634.762, bsz=166.168, num_updates=46343, lr=0.000232262, gnorm=1.102, clip=0.000, oom=0.000, wall=26701, train_wall=24688, encoder_embed_dim=512, encoder_layer_num=6, encoder_ffn_embed_dim_0=2048, encoder_ffn_embed_dim_1=1024, encoder_ffn_embed_dim_2=512, encoder_ffn_embed_dim_3=1024, encoder_ffn_embed_dim_4=1024, encoder_ffn_embed_dim_5=1024, encoder_self_attention_heads_0=2, encoder_self_attention_heads_1=2, encoder_self_attention_heads_2=2, encoder_self_attention_heads_3=4, encoder_self_attention_heads_4=2, encoder_self_attention_heads_5=2, decoder_embed_dim=512, decoder_layer_num=3, decoder_ffn_embed_dim_0=1024, decoder_ffn_embed_dim_1=1024, decoder_ffn_embed_dim_2=512, decoder_self_attention_heads_0=2, decoder_self_attention_heads_1=2, decoder_self_attention_heads_2=2, decoder_ende_attention_heads_0=2, decoder_ende_attention_heads_1=4, decoder_ende_attention_heads_2=2, decoder_arbitrary_ende_attn_0=-1, decoder_arbitrary_ende_attn_1=2, decoder_arbitrary_ende_attn_2=2, decoder_arbitrary_ende_attn_3=2, decoder_arbitrary_ende_attn_4=-1, decoder_arbitrary_ende_attn_5=-1
| epoch 043:    200 / 1101 loss=3.755, nll_loss=2.319, ppl=4.99, wps=6548, ups=1, wpb=3608.935, bsz=160.990, num_updates=46443, lr=0.000232012, gnorm=1.101, clip=0.000, oom=0.000, wall=26757, train_wall=24742, encoder_embed_dim=640, encoder_layer_num=6, encoder_ffn_embed_dim_0=2048, encoder_ffn_embed_dim_1=512, encoder_ffn_embed_dim_2=512, encoder_ffn_embed_dim_3=512, encoder_ffn_embed_dim_4=512, encoder_ffn_embed_dim_5=512, encoder_self_attention_heads_0=2, encoder_self_attention_heads_1=4, encoder_self_attention_heads_2=2, encoder_self_attention_heads_3=4, encoder_self_attention_heads_4=2, encoder_self_attention_heads_5=2, decoder_embed_dim=512, decoder_layer_num=4, decoder_ffn_embed_dim_0=1024, decoder_ffn_embed_dim_1=512, decoder_ffn_embed_dim_2=1024, decoder_ffn_embed_dim_3=1024, decoder_self_attention_heads_0=4, decoder_self_attention_heads_1=4, decoder_self_attention_heads_2=2, decoder_self_attention_heads_3=2, decoder_ende_attention_heads_0=2, decoder_ende_attention_heads_1=4, decoder_ende_attention_heads_2=4, decoder_ende_attention_heads_3=2, decoder_arbitrary_ende_attn_0=2, decoder_arbitrary_ende_attn_1=2, decoder_arbitrary_ende_attn_2=1, decoder_arbitrary_ende_attn_3=1, decoder_arbitrary_ende_attn_4=2, decoder_arbitrary_ende_attn_5=2
| epoch 043:    300 / 1101 loss=3.788, nll_loss=2.356, ppl=5.12, wps=6501, ups=2, wpb=3589.761, bsz=149.073, num_updates=46543, lr=0.000231762, gnorm=1.130, clip=0.000, oom=0.000, wall=26812, train_wall=24796, encoder_embed_dim=640, encoder_layer_num=6, encoder_ffn_embed_dim_0=2048, encoder_ffn_embed_dim_1=512, encoder_ffn_embed_dim_2=2048, encoder_ffn_embed_dim_3=512, encoder_ffn_embed_dim_4=2048, encoder_ffn_embed_dim_5=512, encoder_self_attention_heads_0=2, encoder_self_attention_heads_1=4, encoder_self_attention_heads_2=4, encoder_self_attention_heads_3=4, encoder_self_attention_heads_4=2, encoder_self_attention_heads_5=4, decoder_embed_dim=640, decoder_layer_num=2, decoder_ffn_embed_dim_0=512, decoder_ffn_embed_dim_1=1024, decoder_self_attention_heads_0=4, decoder_self_attention_heads_1=4, decoder_ende_attention_heads_0=4, decoder_ende_attention_heads_1=2, decoder_arbitrary_ende_attn_0=2, decoder_arbitrary_ende_attn_1=-1, decoder_arbitrary_ende_attn_2=2, decoder_arbitrary_ende_attn_3=1, decoder_arbitrary_ende_attn_4=2, decoder_arbitrary_ende_attn_5=2
| epoch 043:    400 / 1101 loss=3.791, nll_loss=2.360, ppl=5.13, wps=6556, ups=2, wpb=3598.117, bsz=144.536, num_updates=46643, lr=0.000231514, gnorm=1.124, clip=0.000, oom=0.000, wall=26866, train_wall=24849, encoder_embed_dim=640, encoder_layer_num=6, encoder_ffn_embed_dim_0=2048, encoder_ffn_embed_dim_1=512, encoder_ffn_embed_dim_2=1024, encoder_ffn_embed_dim_3=1024, encoder_ffn_embed_dim_4=512, encoder_ffn_embed_dim_5=512, encoder_self_attention_heads_0=4, encoder_self_attention_heads_1=4, encoder_self_attention_heads_2=4, encoder_self_attention_heads_3=2, encoder_self_attention_heads_4=4, encoder_self_attention_heads_5=2, decoder_embed_dim=512, decoder_layer_num=3, decoder_ffn_embed_dim_0=1024, decoder_ffn_embed_dim_1=512, decoder_ffn_embed_dim_2=2048, decoder_self_attention_heads_0=4, decoder_self_attention_heads_1=4, decoder_self_attention_heads_2=4, decoder_ende_attention_heads_0=2, decoder_ende_attention_heads_1=2, decoder_ende_attention_heads_2=2, decoder_arbitrary_ende_attn_0=2, decoder_arbitrary_ende_attn_1=-1, decoder_arbitrary_ende_attn_2=2, decoder_arbitrary_ende_attn_3=2, decoder_arbitrary_ende_attn_4=1, decoder_arbitrary_ende_attn_5=-1
| epoch 043:    500 / 1101 loss=3.797, nll_loss=2.366, ppl=5.15, wps=6509, ups=2, wpb=3585.122, bsz=143.806, num_updates=46743, lr=0.000231266, gnorm=1.136, clip=0.000, oom=0.000, wall=26922, train_wall=24904, encoder_embed_dim=640, encoder_layer_num=6, encoder_ffn_embed_dim_0=512, encoder_ffn_embed_dim_1=512, encoder_ffn_embed_dim_2=512, encoder_ffn_embed_dim_3=2048, encoder_ffn_embed_dim_4=1024, encoder_ffn_embed_dim_5=1024, encoder_self_attention_heads_0=2, encoder_self_attention_heads_1=4, encoder_self_attention_heads_2=2, encoder_self_attention_heads_3=4, encoder_self_attention_heads_4=2, encoder_self_attention_heads_5=2, decoder_embed_dim=640, decoder_layer_num=4, decoder_ffn_embed_dim_0=1024, decoder_ffn_embed_dim_1=2048, decoder_ffn_embed_dim_2=512, decoder_ffn_embed_dim_3=512, decoder_self_attention_heads_0=2, decoder_self_attention_heads_1=2, decoder_self_attention_heads_2=2, decoder_self_attention_heads_3=2, decoder_ende_attention_heads_0=2, decoder_ende_attention_heads_1=4, decoder_ende_attention_heads_2=4, decoder_ende_attention_heads_3=4, decoder_arbitrary_ende_attn_0=1, decoder_arbitrary_ende_attn_1=1, decoder_arbitrary_ende_attn_2=2, decoder_arbitrary_ende_attn_3=-1, decoder_arbitrary_ende_attn_4=-1, decoder_arbitrary_ende_attn_5=2
| epoch 043:    600 / 1101 loss=3.787, nll_loss=2.355, ppl=5.12, wps=6515, ups=2, wpb=3597.203, bsz=146.221, num_updates=46843, lr=0.000231019, gnorm=1.124, clip=0.000, oom=0.000, wall=26978, train_wall=24958, encoder_embed_dim=512, encoder_layer_num=6, encoder_ffn_embed_dim_0=1024, encoder_ffn_embed_dim_1=512, encoder_ffn_embed_dim_2=2048, encoder_ffn_embed_dim_3=512, encoder_ffn_embed_dim_4=2048, encoder_ffn_embed_dim_5=2048, encoder_self_attention_heads_0=2, encoder_self_attention_heads_1=4, encoder_self_attention_heads_2=4, encoder_self_attention_heads_3=4, encoder_self_attention_heads_4=4, encoder_self_attention_heads_5=2, decoder_embed_dim=512, decoder_layer_num=5, decoder_ffn_embed_dim_0=512, decoder_ffn_embed_dim_1=1024, decoder_ffn_embed_dim_2=1024, decoder_ffn_embed_dim_3=2048, decoder_ffn_embed_dim_4=512, decoder_self_attention_heads_0=2, decoder_self_attention_heads_1=4, decoder_self_attention_heads_2=2, decoder_self_attention_heads_3=4, decoder_self_attention_heads_4=2, decoder_ende_attention_heads_0=2, decoder_ende_attention_heads_1=4, decoder_ende_attention_heads_2=2, decoder_ende_attention_heads_3=4, decoder_ende_attention_heads_4=4, decoder_arbitrary_ende_attn_0=2, decoder_arbitrary_ende_attn_1=1, decoder_arbitrary_ende_attn_2=-1, decoder_arbitrary_ende_attn_3=1, decoder_arbitrary_ende_attn_4=-1, decoder_arbitrary_ende_attn_5=-1
| epoch 043:    700 / 1101 loss=3.794, nll_loss=2.363, ppl=5.15, wps=6531, ups=2, wpb=3586.425, bsz=146.258, num_updates=46943, lr=0.000230773, gnorm=1.129, clip=0.000, oom=0.000, wall=27031, train_wall=25010, encoder_embed_dim=512, encoder_layer_num=6, encoder_ffn_embed_dim_0=1024, encoder_ffn_embed_dim_1=1024, encoder_ffn_embed_dim_2=512, encoder_ffn_embed_dim_3=2048, encoder_ffn_embed_dim_4=1024, encoder_ffn_embed_dim_5=2048, encoder_self_attention_heads_0=2, encoder_self_attention_heads_1=2, encoder_self_attention_heads_2=2, encoder_self_attention_heads_3=4, encoder_self_attention_heads_4=4, encoder_self_attention_heads_5=4, decoder_embed_dim=512, decoder_layer_num=5, decoder_ffn_embed_dim_0=1024, decoder_ffn_embed_dim_1=2048, decoder_ffn_embed_dim_2=512, decoder_ffn_embed_dim_3=512, decoder_ffn_embed_dim_4=1024, decoder_self_attention_heads_0=4, decoder_self_attention_heads_1=2, decoder_self_attention_heads_2=4, decoder_self_attention_heads_3=4, decoder_self_attention_heads_4=4, decoder_ende_attention_heads_0=2, decoder_ende_attention_heads_1=4, decoder_ende_attention_heads_2=2, decoder_ende_attention_heads_3=2, decoder_ende_attention_heads_4=2, decoder_arbitrary_ende_attn_0=2, decoder_arbitrary_ende_attn_1=-1, decoder_arbitrary_ende_attn_2=1, decoder_arbitrary_ende_attn_3=2, decoder_arbitrary_ende_attn_4=1, decoder_arbitrary_ende_attn_5=1
| epoch 043:    800 / 1101 loss=3.796, nll_loss=2.365, ppl=5.15, wps=6554, ups=2, wpb=3593.109, bsz=145.277, num_updates=47043, lr=0.000230527, gnorm=1.127, clip=0.000, oom=0.000, wall=27085, train_wall=25063, encoder_embed_dim=512, encoder_layer_num=6, encoder_ffn_embed_dim_0=1024, encoder_ffn_embed_dim_1=2048, encoder_ffn_embed_dim_2=512, encoder_ffn_embed_dim_3=2048, encoder_ffn_embed_dim_4=1024, encoder_ffn_embed_dim_5=1024, encoder_self_attention_heads_0=4, encoder_self_attention_heads_1=2, encoder_self_attention_heads_2=4, encoder_self_attention_heads_3=4, encoder_self_attention_heads_4=2, encoder_self_attention_heads_5=4, decoder_embed_dim=512, decoder_layer_num=6, decoder_ffn_embed_dim_0=2048, decoder_ffn_embed_dim_1=2048, decoder_ffn_embed_dim_2=2048, decoder_ffn_embed_dim_3=2048, decoder_ffn_embed_dim_4=512, decoder_ffn_embed_dim_5=512, decoder_self_attention_heads_0=4, decoder_self_attention_heads_1=2, decoder_self_attention_heads_2=4, decoder_self_attention_heads_3=2, decoder_self_attention_heads_4=2, decoder_self_attention_heads_5=2, decoder_ende_attention_heads_0=2, decoder_ende_attention_heads_1=2, decoder_ende_attention_heads_2=4, decoder_ende_attention_heads_3=4, decoder_ende_attention_heads_4=4, decoder_ende_attention_heads_5=4, decoder_arbitrary_ende_attn_0=2, decoder_arbitrary_ende_attn_1=2, decoder_arbitrary_ende_attn_2=2, decoder_arbitrary_ende_attn_3=2, decoder_arbitrary_ende_attn_4=-1, decoder_arbitrary_ende_attn_5=-1
| epoch 043:    900 / 1101 loss=3.792, nll_loss=2.360, ppl=5.14, wps=6527, ups=2, wpb=3593.454, bsz=146.139, num_updates=47143, lr=0.000230283, gnorm=1.126, clip=0.000, oom=0.000, wall=27142, train_wall=25119, encoder_embed_dim=640, encoder_layer_num=6, encoder_ffn_embed_dim_0=2048, encoder_ffn_embed_dim_1=2048, encoder_ffn_embed_dim_2=1024, encoder_ffn_embed_dim_3=512, encoder_ffn_embed_dim_4=1024, encoder_ffn_embed_dim_5=2048, encoder_self_attention_heads_0=2, encoder_self_attention_heads_1=2, encoder_self_attention_heads_2=2, encoder_self_attention_heads_3=4, encoder_self_attention_heads_4=4, encoder_self_attention_heads_5=2, decoder_embed_dim=512, decoder_layer_num=2, decoder_ffn_embed_dim_0=2048, decoder_ffn_embed_dim_1=1024, decoder_self_attention_heads_0=4, decoder_self_attention_heads_1=4, decoder_ende_attention_heads_0=2, decoder_ende_attention_heads_1=2, decoder_arbitrary_ende_attn_0=1, decoder_arbitrary_ende_attn_1=-1, decoder_arbitrary_ende_attn_2=-1, decoder_arbitrary_ende_attn_3=-1, decoder_arbitrary_ende_attn_4=-1, decoder_arbitrary_ende_attn_5=2
| epoch 043:   1000 / 1101 loss=3.798, nll_loss=2.368, ppl=5.16, wps=6514, ups=2, wpb=3588.978, bsz=144.958, num_updates=47243, lr=0.000230039, gnorm=1.128, clip=0.000, oom=0.000, wall=27198, train_wall=25173, encoder_embed_dim=512, encoder_layer_num=6, encoder_ffn_embed_dim_0=1024, encoder_ffn_embed_dim_1=2048, encoder_ffn_embed_dim_2=2048, encoder_ffn_embed_dim_3=2048, encoder_ffn_embed_dim_4=2048, encoder_ffn_embed_dim_5=512, encoder_self_attention_heads_0=2, encoder_self_attention_heads_1=2, encoder_self_attention_heads_2=2, encoder_self_attention_heads_3=2, encoder_self_attention_heads_4=4, encoder_self_attention_heads_5=2, decoder_embed_dim=640, decoder_layer_num=6, decoder_ffn_embed_dim_0=1024, decoder_ffn_embed_dim_1=512, decoder_ffn_embed_dim_2=1024, decoder_ffn_embed_dim_3=512, decoder_ffn_embed_dim_4=2048, decoder_ffn_embed_dim_5=2048, decoder_self_attention_heads_0=4, decoder_self_attention_heads_1=2, decoder_self_attention_heads_2=4, decoder_self_attention_heads_3=4, decoder_self_attention_heads_4=4, decoder_self_attention_heads_5=4, decoder_ende_attention_heads_0=2, decoder_ende_attention_heads_1=4, decoder_ende_attention_heads_2=4, decoder_ende_attention_heads_3=2, decoder_ende_attention_heads_4=2, decoder_ende_attention_heads_5=4, decoder_arbitrary_ende_attn_0=2, decoder_arbitrary_ende_attn_1=2, decoder_arbitrary_ende_attn_2=-1, decoder_arbitrary_ende_attn_3=-1, decoder_arbitrary_ende_attn_4=-1, decoder_arbitrary_ende_attn_5=2
| epoch 043:   1100 / 1101 loss=3.800, nll_loss=2.370, ppl=5.17, wps=6517, ups=2, wpb=3586.843, bsz=145.540, num_updates=47343, lr=0.000229796, gnorm=1.128, clip=0.000, oom=0.000, wall=27252, train_wall=25226, encoder_embed_dim=512, encoder_layer_num=6, encoder_ffn_embed_dim_0=1024, encoder_ffn_embed_dim_1=1024, encoder_ffn_embed_dim_2=512, encoder_ffn_embed_dim_3=2048, encoder_ffn_embed_dim_4=2048, encoder_ffn_embed_dim_5=2048, encoder_self_attention_heads_0=2, encoder_self_attention_heads_1=4, encoder_self_attention_heads_2=4, encoder_self_attention_heads_3=4, encoder_self_attention_heads_4=4, encoder_self_attention_heads_5=4, decoder_embed_dim=512, decoder_layer_num=4, decoder_ffn_embed_dim_0=512, decoder_ffn_embed_dim_1=2048, decoder_ffn_embed_dim_2=1024, decoder_ffn_embed_dim_3=1024, decoder_self_attention_heads_0=4, decoder_self_attention_heads_1=4, decoder_self_attention_heads_2=2, decoder_self_attention_heads_3=2, decoder_ende_attention_heads_0=4, decoder_ende_attention_heads_1=4, decoder_ende_attention_heads_2=4, decoder_ende_attention_heads_3=4, decoder_arbitrary_ende_attn_0=-1, decoder_arbitrary_ende_attn_1=-1, decoder_arbitrary_ende_attn_2=2, decoder_arbitrary_ende_attn_3=1, decoder_arbitrary_ende_attn_4=2, decoder_arbitrary_ende_attn_5=2
| epoch 043 | loss 3.800 | nll_loss 2.370 | ppl 5.17 | wps 6515 | ups 2 | wpb 3586.843 | bsz 145.540 | num_updates 47343 | lr 0.000229796 | gnorm 1.128 | clip 0.000 | oom 0.000 | wall 27252 | train_wall 25226
| epoch 043 | validate on 'valid' subset | loss 4.031 | nll_loss 2.459 | ppl 5.50 | num_updates 47343 | best_loss 4.03064 | largest_arbitrary1_loss 4.031 | largest_arbitrary1_nll_loss 2.459
| epoch 043 | validate on 'valid' subset | loss 4.450 | nll_loss 2.905 | ppl 7.49 | num_updates 47343 | best_loss 4.43476 | smallest_arbitrary1_loss 4.450 | smallest_arbitrary1_nll_loss 2.905
| saved checkpoint ../checkpoints/iwslt14_super_full50000_fromscratch/checkpoint43.pt (epoch 43 @ 47343 updates) (writing took 3.707937240600586 seconds)
| epoch 044:    100 / 1101 loss=3.757, nll_loss=2.320, ppl=4.99, wps=6530, ups=1, wpb=3652.990, bsz=140.119, num_updates=47444, lr=0.000229551, gnorm=1.083, clip=0.000, oom=0.000, wall=27337, train_wall=25282, encoder_embed_dim=512, encoder_layer_num=6, encoder_ffn_embed_dim_0=2048, encoder_ffn_embed_dim_1=512, encoder_ffn_embed_dim_2=1024, encoder_ffn_embed_dim_3=1024, encoder_ffn_embed_dim_4=1024, encoder_ffn_embed_dim_5=2048, encoder_self_attention_heads_0=4, encoder_self_attention_heads_1=4, encoder_self_attention_heads_2=4, encoder_self_attention_heads_3=2, encoder_self_attention_heads_4=4, encoder_self_attention_heads_5=2, decoder_embed_dim=512, decoder_layer_num=3, decoder_ffn_embed_dim_0=512, decoder_ffn_embed_dim_1=512, decoder_ffn_embed_dim_2=2048, decoder_self_attention_heads_0=2, decoder_self_attention_heads_1=4, decoder_self_attention_heads_2=2, decoder_ende_attention_heads_0=4, decoder_ende_attention_heads_1=4, decoder_ende_attention_heads_2=4, decoder_arbitrary_ende_attn_0=-1, decoder_arbitrary_ende_attn_1=-1, decoder_arbitrary_ende_attn_2=1, decoder_arbitrary_ende_attn_3=2, decoder_arbitrary_ende_attn_4=2, decoder_arbitrary_ende_attn_5=-1
| epoch 044:    200 / 1101 loss=3.775, nll_loss=2.339, ppl=5.06, wps=6453, ups=1, wpb=3615.174, bsz=139.741, num_updates=47544, lr=0.00022931, gnorm=1.117, clip=0.000, oom=0.000, wall=27393, train_wall=25337, encoder_embed_dim=512, encoder_layer_num=6, encoder_ffn_embed_dim_0=512, encoder_ffn_embed_dim_1=2048, encoder_ffn_embed_dim_2=512, encoder_ffn_embed_dim_3=512, encoder_ffn_embed_dim_4=2048, encoder_ffn_embed_dim_5=2048, encoder_self_attention_heads_0=2, encoder_self_attention_heads_1=4, encoder_self_attention_heads_2=2, encoder_self_attention_heads_3=2, encoder_self_attention_heads_4=2, encoder_self_attention_heads_5=4, decoder_embed_dim=512, decoder_layer_num=1, decoder_ffn_embed_dim_0=512, decoder_self_attention_heads_0=4, decoder_ende_attention_heads_0=4, decoder_arbitrary_ende_attn_0=-1, decoder_arbitrary_ende_attn_1=-1, decoder_arbitrary_ende_attn_2=1, decoder_arbitrary_ende_attn_3=-1, decoder_arbitrary_ende_attn_4=-1, decoder_arbitrary_ende_attn_5=2
| epoch 044:    300 / 1101 loss=3.765, nll_loss=2.329, ppl=5.03, wps=6436, ups=2, wpb=3577.103, bsz=146.259, num_updates=47644, lr=0.000229069, gnorm=1.124, clip=0.000, oom=0.000, wall=27448, train_wall=25390, encoder_embed_dim=512, encoder_layer_num=6, encoder_ffn_embed_dim_0=2048, encoder_ffn_embed_dim_1=512, encoder_ffn_embed_dim_2=1024, encoder_ffn_embed_dim_3=1024, encoder_ffn_embed_dim_4=512, encoder_ffn_embed_dim_5=2048, encoder_self_attention_heads_0=4, encoder_self_attention_heads_1=4, encoder_self_attention_heads_2=4, encoder_self_attention_heads_3=2, encoder_self_attention_heads_4=2, encoder_self_attention_heads_5=2, decoder_embed_dim=512, decoder_layer_num=6, decoder_ffn_embed_dim_0=1024, decoder_ffn_embed_dim_1=512, decoder_ffn_embed_dim_2=512, decoder_ffn_embed_dim_3=2048, decoder_ffn_embed_dim_4=512, decoder_ffn_embed_dim_5=2048, decoder_self_attention_heads_0=4, decoder_self_attention_heads_1=4, decoder_self_attention_heads_2=2, decoder_self_attention_heads_3=4, decoder_self_attention_heads_4=2, decoder_self_attention_heads_5=2, decoder_ende_attention_heads_0=2, decoder_ende_attention_heads_1=2, decoder_ende_attention_heads_2=4, decoder_ende_attention_heads_3=2, decoder_ende_attention_heads_4=4, decoder_ende_attention_heads_5=2, decoder_arbitrary_ende_attn_0=-1, decoder_arbitrary_ende_attn_1=1, decoder_arbitrary_ende_attn_2=2, decoder_arbitrary_ende_attn_3=1, decoder_arbitrary_ende_attn_4=-1, decoder_arbitrary_ende_attn_5=1
| epoch 044:    400 / 1101 loss=3.769, nll_loss=2.334, ppl=5.04, wps=6536, ups=2, wpb=3589.262, bsz=148.688, num_updates=47744, lr=0.000228829, gnorm=1.121, clip=0.000, oom=0.000, wall=27501, train_wall=25442, encoder_embed_dim=512, encoder_layer_num=6, encoder_ffn_embed_dim_0=2048, encoder_ffn_embed_dim_1=512, encoder_ffn_embed_dim_2=2048, encoder_ffn_embed_dim_3=1024, encoder_ffn_embed_dim_4=1024, encoder_ffn_embed_dim_5=512, encoder_self_attention_heads_0=4, encoder_self_attention_heads_1=2, encoder_self_attention_heads_2=2, encoder_self_attention_heads_3=2, encoder_self_attention_heads_4=2, encoder_self_attention_heads_5=2, decoder_embed_dim=512, decoder_layer_num=3, decoder_ffn_embed_dim_0=512, decoder_ffn_embed_dim_1=2048, decoder_ffn_embed_dim_2=2048, decoder_self_attention_heads_0=2, decoder_self_attention_heads_1=4, decoder_self_attention_heads_2=4, decoder_ende_attention_heads_0=4, decoder_ende_attention_heads_1=2, decoder_ende_attention_heads_2=4, decoder_arbitrary_ende_attn_0=-1, decoder_arbitrary_ende_attn_1=-1, decoder_arbitrary_ende_attn_2=1, decoder_arbitrary_ende_attn_3=-1, decoder_arbitrary_ende_attn_4=2, decoder_arbitrary_ende_attn_5=-1
| epoch 044:    500 / 1101 loss=3.770, nll_loss=2.336, ppl=5.05, wps=6552, ups=2, wpb=3597.198, bsz=149.253, num_updates=47844, lr=0.000228589, gnorm=1.117, clip=0.000, oom=0.000, wall=27556, train_wall=25496, encoder_embed_dim=640, encoder_layer_num=6, encoder_ffn_embed_dim_0=512, encoder_ffn_embed_dim_1=512, encoder_ffn_embed_dim_2=2048, encoder_ffn_embed_dim_3=512, encoder_ffn_embed_dim_4=2048, encoder_ffn_embed_dim_5=2048, encoder_self_attention_heads_0=2, encoder_self_attention_heads_1=4, encoder_self_attention_heads_2=2, encoder_self_attention_heads_3=4, encoder_self_attention_heads_4=4, encoder_self_attention_heads_5=2, decoder_embed_dim=512, decoder_layer_num=3, decoder_ffn_embed_dim_0=512, decoder_ffn_embed_dim_1=2048, decoder_ffn_embed_dim_2=1024, decoder_self_attention_heads_0=2, decoder_self_attention_heads_1=2, decoder_self_attention_heads_2=2, decoder_ende_attention_heads_0=2, decoder_ende_attention_heads_1=4, decoder_ende_attention_heads_2=4, decoder_arbitrary_ende_attn_0=-1, decoder_arbitrary_ende_attn_1=-1, decoder_arbitrary_ende_attn_2=2, decoder_arbitrary_ende_attn_3=-1, decoder_arbitrary_ende_attn_4=-1, decoder_arbitrary_ende_attn_5=1
| epoch 044:    600 / 1101 loss=3.771, nll_loss=2.336, ppl=5.05, wps=6542, ups=2, wpb=3598.579, bsz=150.176, num_updates=47944, lr=0.000228351, gnorm=1.115, clip=0.000, oom=0.000, wall=27611, train_wall=25550, encoder_embed_dim=512, encoder_layer_num=6, encoder_ffn_embed_dim_0=512, encoder_ffn_embed_dim_1=1024, encoder_ffn_embed_dim_2=1024, encoder_ffn_embed_dim_3=1024, encoder_ffn_embed_dim_4=2048, encoder_ffn_embed_dim_5=512, encoder_self_attention_heads_0=4, encoder_self_attention_heads_1=2, encoder_self_attention_heads_2=4, encoder_self_attention_heads_3=4, encoder_self_attention_heads_4=2, encoder_self_attention_heads_5=2, decoder_embed_dim=640, decoder_layer_num=2, decoder_ffn_embed_dim_0=1024, decoder_ffn_embed_dim_1=512, decoder_self_attention_heads_0=4, decoder_self_attention_heads_1=2, decoder_ende_attention_heads_0=2, decoder_ende_attention_heads_1=4, decoder_arbitrary_ende_attn_0=2, decoder_arbitrary_ende_attn_1=2, decoder_arbitrary_ende_attn_2=2, decoder_arbitrary_ende_attn_3=1, decoder_arbitrary_ende_attn_4=-1, decoder_arbitrary_ende_attn_5=-1
| epoch 044:    700 / 1101 loss=3.785, nll_loss=2.352, ppl=5.11, wps=6595, ups=2, wpb=3603.775, bsz=147.241, num_updates=48044, lr=0.000228113, gnorm=1.116, clip=0.000, oom=0.000, wall=27664, train_wall=25602, encoder_embed_dim=640, encoder_layer_num=6, encoder_ffn_embed_dim_0=2048, encoder_ffn_embed_dim_1=512, encoder_ffn_embed_dim_2=512, encoder_ffn_embed_dim_3=2048, encoder_ffn_embed_dim_4=2048, encoder_ffn_embed_dim_5=2048, encoder_self_attention_heads_0=4, encoder_self_attention_heads_1=4, encoder_self_attention_heads_2=2, encoder_self_attention_heads_3=4, encoder_self_attention_heads_4=2, encoder_self_attention_heads_5=2, decoder_embed_dim=512, decoder_layer_num=6, decoder_ffn_embed_dim_0=2048, decoder_ffn_embed_dim_1=512, decoder_ffn_embed_dim_2=2048, decoder_ffn_embed_dim_3=2048, decoder_ffn_embed_dim_4=2048, decoder_ffn_embed_dim_5=512, decoder_self_attention_heads_0=2, decoder_self_attention_heads_1=2, decoder_self_attention_heads_2=2, decoder_self_attention_heads_3=4, decoder_self_attention_heads_4=2, decoder_self_attention_heads_5=2, decoder_ende_attention_heads_0=4, decoder_ende_attention_heads_1=2, decoder_ende_attention_heads_2=2, decoder_ende_attention_heads_3=4, decoder_ende_attention_heads_4=4, decoder_ende_attention_heads_5=2, decoder_arbitrary_ende_attn_0=-1, decoder_arbitrary_ende_attn_1=2, decoder_arbitrary_ende_attn_2=2, decoder_arbitrary_ende_attn_3=1, decoder_arbitrary_ende_attn_4=1, decoder_arbitrary_ende_attn_5=1
| epoch 044:    800 / 1101 loss=3.786, nll_loss=2.353, ppl=5.11, wps=6640, ups=2, wpb=3605.109, bsz=147.486, num_updates=48144, lr=0.000227876, gnorm=1.116, clip=0.000, oom=0.000, wall=27716, train_wall=25652, encoder_embed_dim=640, encoder_layer_num=6, encoder_ffn_embed_dim_0=512, encoder_ffn_embed_dim_1=512, encoder_ffn_embed_dim_2=1024, encoder_ffn_embed_dim_3=1024, encoder_ffn_embed_dim_4=2048, encoder_ffn_embed_dim_5=512, encoder_self_attention_heads_0=2, encoder_self_attention_heads_1=4, encoder_self_attention_heads_2=2, encoder_self_attention_heads_3=4, encoder_self_attention_heads_4=4, encoder_self_attention_heads_5=4, decoder_embed_dim=640, decoder_layer_num=3, decoder_ffn_embed_dim_0=2048, decoder_ffn_embed_dim_1=512, decoder_ffn_embed_dim_2=512, decoder_self_attention_heads_0=4, decoder_self_attention_heads_1=4, decoder_self_attention_heads_2=4, decoder_ende_attention_heads_0=2, decoder_ende_attention_heads_1=4, decoder_ende_attention_heads_2=2, decoder_arbitrary_ende_attn_0=2, decoder_arbitrary_ende_attn_1=2, decoder_arbitrary_ende_attn_2=2, decoder_arbitrary_ende_attn_3=1, decoder_arbitrary_ende_attn_4=1, decoder_arbitrary_ende_attn_5=-1
| epoch 044:    900 / 1101 loss=3.793, nll_loss=2.362, ppl=5.14, wps=6598, ups=2, wpb=3595.296, bsz=145.855, num_updates=48244, lr=0.00022764, gnorm=1.121, clip=0.000, oom=0.000, wall=27772, train_wall=25707, encoder_embed_dim=512, encoder_layer_num=6, encoder_ffn_embed_dim_0=2048, encoder_ffn_embed_dim_1=512, encoder_ffn_embed_dim_2=512, encoder_ffn_embed_dim_3=2048, encoder_ffn_embed_dim_4=512, encoder_ffn_embed_dim_5=512, encoder_self_attention_heads_0=2, encoder_self_attention_heads_1=4, encoder_self_attention_heads_2=4, encoder_self_attention_heads_3=2, encoder_self_attention_heads_4=2, encoder_self_attention_heads_5=2, decoder_embed_dim=512, decoder_layer_num=4, decoder_ffn_embed_dim_0=512, decoder_ffn_embed_dim_1=2048, decoder_ffn_embed_dim_2=2048, decoder_ffn_embed_dim_3=512, decoder_self_attention_heads_0=4, decoder_self_attention_heads_1=2, decoder_self_attention_heads_2=4, decoder_self_attention_heads_3=2, decoder_ende_attention_heads_0=4, decoder_ende_attention_heads_1=4, decoder_ende_attention_heads_2=2, decoder_ende_attention_heads_3=4, decoder_arbitrary_ende_attn_0=-1, decoder_arbitrary_ende_attn_1=1, decoder_arbitrary_ende_attn_2=2, decoder_arbitrary_ende_attn_3=-1, decoder_arbitrary_ende_attn_4=2, decoder_arbitrary_ende_attn_5=1
| epoch 044:   1000 / 1101 loss=3.794, nll_loss=2.363, ppl=5.15, wps=6571, ups=2, wpb=3593.697, bsz=145.302, num_updates=48344, lr=0.000227404, gnorm=1.122, clip=0.000, oom=0.000, wall=27828, train_wall=25762, encoder_embed_dim=512, encoder_layer_num=6, encoder_ffn_embed_dim_0=2048, encoder_ffn_embed_dim_1=1024, encoder_ffn_embed_dim_2=512, encoder_ffn_embed_dim_3=512, encoder_ffn_embed_dim_4=1024, encoder_ffn_embed_dim_5=2048, encoder_self_attention_heads_0=4, encoder_self_attention_heads_1=2, encoder_self_attention_heads_2=2, encoder_self_attention_heads_3=4, encoder_self_attention_heads_4=4, encoder_self_attention_heads_5=4, decoder_embed_dim=512, decoder_layer_num=6, decoder_ffn_embed_dim_0=1024, decoder_ffn_embed_dim_1=512, decoder_ffn_embed_dim_2=512, decoder_ffn_embed_dim_3=2048, decoder_ffn_embed_dim_4=2048, decoder_ffn_embed_dim_5=512, decoder_self_attention_heads_0=2, decoder_self_attention_heads_1=4, decoder_self_attention_heads_2=4, decoder_self_attention_heads_3=2, decoder_self_attention_heads_4=2, decoder_self_attention_heads_5=2, decoder_ende_attention_heads_0=2, decoder_ende_attention_heads_1=4, decoder_ende_attention_heads_2=4, decoder_ende_attention_heads_3=2, decoder_ende_attention_heads_4=4, decoder_ende_attention_heads_5=4, decoder_arbitrary_ende_attn_0=2, decoder_arbitrary_ende_attn_1=2, decoder_arbitrary_ende_attn_2=2, decoder_arbitrary_ende_attn_3=-1, decoder_arbitrary_ende_attn_4=-1, decoder_arbitrary_ende_attn_5=-1
| epoch 044:   1100 / 1101 loss=3.799, nll_loss=2.369, ppl=5.16, wps=6584, ups=2, wpb=3586.843, bsz=145.540, num_updates=48444, lr=0.000227169, gnorm=1.125, clip=0.000, oom=0.000, wall=27880, train_wall=25814, encoder_embed_dim=640, encoder_layer_num=6, encoder_ffn_embed_dim_0=2048, encoder_ffn_embed_dim_1=2048, encoder_ffn_embed_dim_2=1024, encoder_ffn_embed_dim_3=2048, encoder_ffn_embed_dim_4=2048, encoder_ffn_embed_dim_5=512, encoder_self_attention_heads_0=2, encoder_self_attention_heads_1=2, encoder_self_attention_heads_2=2, encoder_self_attention_heads_3=2, encoder_self_attention_heads_4=4, encoder_self_attention_heads_5=2, decoder_embed_dim=512, decoder_layer_num=1, decoder_ffn_embed_dim_0=1024, decoder_self_attention_heads_0=4, decoder_ende_attention_heads_0=2, decoder_arbitrary_ende_attn_0=1, decoder_arbitrary_ende_attn_1=-1, decoder_arbitrary_ende_attn_2=2, decoder_arbitrary_ende_attn_3=2, decoder_arbitrary_ende_attn_4=1, decoder_arbitrary_ende_attn_5=2
| epoch 044 | loss 3.799 | nll_loss 2.369 | ppl 5.16 | wps 6583 | ups 2 | wpb 3586.843 | bsz 145.540 | num_updates 48444 | lr 0.000227169 | gnorm 1.125 | clip 0.000 | oom 0.000 | wall 27881 | train_wall 25814
| epoch 044 | validate on 'valid' subset | loss 4.028 | nll_loss 2.463 | ppl 5.51 | num_updates 48444 | best_loss 4.0276 | largest_arbitrary1_loss 4.028 | largest_arbitrary1_nll_loss 2.463
| epoch 044 | validate on 'valid' subset | loss 4.448 | nll_loss 2.906 | ppl 7.49 | num_updates 48444 | best_loss 4.43476 | smallest_arbitrary1_loss 4.448 | smallest_arbitrary1_nll_loss 2.906
| saved checkpoint ../checkpoints/iwslt14_super_full50000_fromscratch/checkpoint44.pt (epoch 44 @ 48444 updates) (writing took 4.044647693634033 seconds)
| epoch 045:    100 / 1101 loss=3.749, nll_loss=2.311, ppl=4.96, wps=6379, ups=1, wpb=3568.871, bsz=150.257, num_updates=48545, lr=0.000226933, gnorm=1.138, clip=0.000, oom=0.000, wall=27966, train_wall=25869, encoder_embed_dim=640, encoder_layer_num=6, encoder_ffn_embed_dim_0=512, encoder_ffn_embed_dim_1=1024, encoder_ffn_embed_dim_2=2048, encoder_ffn_embed_dim_3=2048, encoder_ffn_embed_dim_4=1024, encoder_ffn_embed_dim_5=512, encoder_self_attention_heads_0=4, encoder_self_attention_heads_1=4, encoder_self_attention_heads_2=2, encoder_self_attention_heads_3=2, encoder_self_attention_heads_4=2, encoder_self_attention_heads_5=2, decoder_embed_dim=512, decoder_layer_num=2, decoder_ffn_embed_dim_0=2048, decoder_ffn_embed_dim_1=2048, decoder_self_attention_heads_0=2, decoder_self_attention_heads_1=2, decoder_ende_attention_heads_0=2, decoder_ende_attention_heads_1=2, decoder_arbitrary_ende_attn_0=2, decoder_arbitrary_ende_attn_1=-1, decoder_arbitrary_ende_attn_2=2, decoder_arbitrary_ende_attn_3=-1, decoder_arbitrary_ende_attn_4=1, decoder_arbitrary_ende_attn_5=2
| epoch 045:    200 / 1101 loss=3.763, nll_loss=2.328, ppl=5.02, wps=6430, ups=1, wpb=3557.945, bsz=151.045, num_updates=48645, lr=0.0002267, gnorm=1.144, clip=0.000, oom=0.000, wall=28021, train_wall=25922, encoder_embed_dim=640, encoder_layer_num=6, encoder_ffn_embed_dim_0=512, encoder_ffn_embed_dim_1=2048, encoder_ffn_embed_dim_2=1024, encoder_ffn_embed_dim_3=2048, encoder_ffn_embed_dim_4=2048, encoder_ffn_embed_dim_5=1024, encoder_self_attention_heads_0=4, encoder_self_attention_heads_1=4, encoder_self_attention_heads_2=2, encoder_self_attention_heads_3=4, encoder_self_attention_heads_4=4, encoder_self_attention_heads_5=2, decoder_embed_dim=512, decoder_layer_num=1, decoder_ffn_embed_dim_0=2048, decoder_self_attention_heads_0=2, decoder_ende_attention_heads_0=4, decoder_arbitrary_ende_attn_0=-1, decoder_arbitrary_ende_attn_1=2, decoder_arbitrary_ende_attn_2=2, decoder_arbitrary_ende_attn_3=1, decoder_arbitrary_ende_attn_4=2, decoder_arbitrary_ende_attn_5=2
| epoch 045:    300 / 1101 loss=3.763, nll_loss=2.327, ppl=5.02, wps=6483, ups=2, wpb=3573.950, bsz=150.219, num_updates=48745, lr=0.000226467, gnorm=1.142, clip=0.000, oom=0.000, wall=28075, train_wall=25976, encoder_embed_dim=640, encoder_layer_num=6, encoder_ffn_embed_dim_0=1024, encoder_ffn_embed_dim_1=512, encoder_ffn_embed_dim_2=2048, encoder_ffn_embed_dim_3=1024, encoder_ffn_embed_dim_4=2048, encoder_ffn_embed_dim_5=2048, encoder_self_attention_heads_0=2, encoder_self_attention_heads_1=4, encoder_self_attention_heads_2=2, encoder_self_attention_heads_3=4, encoder_self_attention_heads_4=2, encoder_self_attention_heads_5=4, decoder_embed_dim=512, decoder_layer_num=2, decoder_ffn_embed_dim_0=2048, decoder_ffn_embed_dim_1=1024, decoder_self_attention_heads_0=4, decoder_self_attention_heads_1=2, decoder_ende_attention_heads_0=2, decoder_ende_attention_heads_1=2, decoder_arbitrary_ende_attn_0=2, decoder_arbitrary_ende_attn_1=2, decoder_arbitrary_ende_attn_2=1, decoder_arbitrary_ende_attn_3=1, decoder_arbitrary_ende_attn_4=1, decoder_arbitrary_ende_attn_5=-1
| epoch 045:    400 / 1101 loss=3.763, nll_loss=2.326, ppl=5.01, wps=6490, ups=2, wpb=3581.364, bsz=150.224, num_updates=48845, lr=0.000226235, gnorm=1.142, clip=0.000, oom=0.000, wall=28131, train_wall=26030, encoder_embed_dim=640, encoder_layer_num=6, encoder_ffn_embed_dim_0=1024, encoder_ffn_embed_dim_1=2048, encoder_ffn_embed_dim_2=1024, encoder_ffn_embed_dim_3=2048, encoder_ffn_embed_dim_4=512, encoder_ffn_embed_dim_5=2048, encoder_self_attention_heads_0=2, encoder_self_attention_heads_1=2, encoder_self_attention_heads_2=2, encoder_self_attention_heads_3=2, encoder_self_attention_heads_4=2, encoder_self_attention_heads_5=2, decoder_embed_dim=640, decoder_layer_num=2, decoder_ffn_embed_dim_0=512, decoder_ffn_embed_dim_1=512, decoder_self_attention_heads_0=4, decoder_self_attention_heads_1=4, decoder_ende_attention_heads_0=2, decoder_ende_attention_heads_1=2, decoder_arbitrary_ende_attn_0=2, decoder_arbitrary_ende_attn_1=1, decoder_arbitrary_ende_attn_2=2, decoder_arbitrary_ende_attn_3=1, decoder_arbitrary_ende_attn_4=2, decoder_arbitrary_ende_attn_5=1
| epoch 045:    500 / 1101 loss=3.750, nll_loss=2.312, ppl=4.97, wps=6471, ups=2, wpb=3589.798, bsz=152.495, num_updates=48945, lr=0.000226004, gnorm=1.129, clip=0.000, oom=0.000, wall=28187, train_wall=26086, encoder_embed_dim=512, encoder_layer_num=6, encoder_ffn_embed_dim_0=2048, encoder_ffn_embed_dim_1=2048, encoder_ffn_embed_dim_2=1024, encoder_ffn_embed_dim_3=1024, encoder_ffn_embed_dim_4=512, encoder_ffn_embed_dim_5=1024, encoder_self_attention_heads_0=4, encoder_self_attention_heads_1=2, encoder_self_attention_heads_2=4, encoder_self_attention_heads_3=2, encoder_self_attention_heads_4=2, encoder_self_attention_heads_5=4, decoder_embed_dim=640, decoder_layer_num=5, decoder_ffn_embed_dim_0=2048, decoder_ffn_embed_dim_1=1024, decoder_ffn_embed_dim_2=512, decoder_ffn_embed_dim_3=2048, decoder_ffn_embed_dim_4=512, decoder_self_attention_heads_0=2, decoder_self_attention_heads_1=2, decoder_self_attention_heads_2=2, decoder_self_attention_heads_3=2, decoder_self_attention_heads_4=2, decoder_ende_attention_heads_0=2, decoder_ende_attention_heads_1=2, decoder_ende_attention_heads_2=2, decoder_ende_attention_heads_3=4, decoder_ende_attention_heads_4=2, decoder_arbitrary_ende_attn_0=2, decoder_arbitrary_ende_attn_1=1, decoder_arbitrary_ende_attn_2=-1, decoder_arbitrary_ende_attn_3=-1, decoder_arbitrary_ende_attn_4=-1, decoder_arbitrary_ende_attn_5=1
| epoch 045:    600 / 1101 loss=3.767, nll_loss=2.331, ppl=5.03, wps=6486, ups=2, wpb=3584.745, bsz=149.870, num_updates=49045, lr=0.000225773, gnorm=1.136, clip=0.000, oom=0.000, wall=28242, train_wall=26139, encoder_embed_dim=640, encoder_layer_num=6, encoder_ffn_embed_dim_0=512, encoder_ffn_embed_dim_1=2048, encoder_ffn_embed_dim_2=512, encoder_ffn_embed_dim_3=512, encoder_ffn_embed_dim_4=512, encoder_ffn_embed_dim_5=512, encoder_self_attention_heads_0=4, encoder_self_attention_heads_1=2, encoder_self_attention_heads_2=2, encoder_self_attention_heads_3=4, encoder_self_attention_heads_4=2, encoder_self_attention_heads_5=2, decoder_embed_dim=512, decoder_layer_num=6, decoder_ffn_embed_dim_0=2048, decoder_ffn_embed_dim_1=1024, decoder_ffn_embed_dim_2=2048, decoder_ffn_embed_dim_3=2048, decoder_ffn_embed_dim_4=1024, decoder_ffn_embed_dim_5=512, decoder_self_attention_heads_0=2, decoder_self_attention_heads_1=2, decoder_self_attention_heads_2=2, decoder_self_attention_heads_3=4, decoder_self_attention_heads_4=2, decoder_self_attention_heads_5=2, decoder_ende_attention_heads_0=4, decoder_ende_attention_heads_1=2, decoder_ende_attention_heads_2=2, decoder_ende_attention_heads_3=4, decoder_ende_attention_heads_4=4, decoder_ende_attention_heads_5=2, decoder_arbitrary_ende_attn_0=-1, decoder_arbitrary_ende_attn_1=2, decoder_arbitrary_ende_attn_2=1, decoder_arbitrary_ende_attn_3=-1, decoder_arbitrary_ende_attn_4=-1, decoder_arbitrary_ende_attn_5=1
| epoch 045:    700 / 1101 loss=3.771, nll_loss=2.336, ppl=5.05, wps=6542, ups=2, wpb=3586.014, bsz=149.957, num_updates=49145, lr=0.000225544, gnorm=1.136, clip=0.000, oom=0.000, wall=28294, train_wall=26190, encoder_embed_dim=640, encoder_layer_num=6, encoder_ffn_embed_dim_0=1024, encoder_ffn_embed_dim_1=512, encoder_ffn_embed_dim_2=1024, encoder_ffn_embed_dim_3=1024, encoder_ffn_embed_dim_4=1024, encoder_ffn_embed_dim_5=2048, encoder_self_attention_heads_0=2, encoder_self_attention_heads_1=2, encoder_self_attention_heads_2=2, encoder_self_attention_heads_3=2, encoder_self_attention_heads_4=4, encoder_self_attention_heads_5=2, decoder_embed_dim=512, decoder_layer_num=1, decoder_ffn_embed_dim_0=2048, decoder_self_attention_heads_0=2, decoder_ende_attention_heads_0=4, decoder_arbitrary_ende_attn_0=-1, decoder_arbitrary_ende_attn_1=2, decoder_arbitrary_ende_attn_2=1, decoder_arbitrary_ende_attn_3=2, decoder_arbitrary_ende_attn_4=2, decoder_arbitrary_ende_attn_5=1
| epoch 045:    800 / 1101 loss=3.779, nll_loss=2.345, ppl=5.08, wps=6564, ups=2, wpb=3594.958, bsz=148.994, num_updates=49245, lr=0.000225314, gnorm=1.137, clip=0.000, oom=0.000, wall=28348, train_wall=26243, encoder_embed_dim=640, encoder_layer_num=6, encoder_ffn_embed_dim_0=1024, encoder_ffn_embed_dim_1=2048, encoder_ffn_embed_dim_2=512, encoder_ffn_embed_dim_3=512, encoder_ffn_embed_dim_4=2048, encoder_ffn_embed_dim_5=512, encoder_self_attention_heads_0=2, encoder_self_attention_heads_1=2, encoder_self_attention_heads_2=4, encoder_self_attention_heads_3=4, encoder_self_attention_heads_4=4, encoder_self_attention_heads_5=2, decoder_embed_dim=640, decoder_layer_num=3, decoder_ffn_embed_dim_0=2048, decoder_ffn_embed_dim_1=512, decoder_ffn_embed_dim_2=1024, decoder_self_attention_heads_0=2, decoder_self_attention_heads_1=4, decoder_self_attention_heads_2=4, decoder_ende_attention_heads_0=4, decoder_ende_attention_heads_1=4, decoder_ende_attention_heads_2=2, decoder_arbitrary_ende_attn_0=1, decoder_arbitrary_ende_attn_1=-1, decoder_arbitrary_ende_attn_2=2, decoder_arbitrary_ende_attn_3=-1, decoder_arbitrary_ende_attn_4=1, decoder_arbitrary_ende_attn_5=-1
| epoch 045:    900 / 1101 loss=3.785, nll_loss=2.352, ppl=5.11, wps=6648, ups=2, wpb=3591.625, bsz=146.815, num_updates=49345, lr=0.000225086, gnorm=1.138, clip=0.000, oom=0.000, wall=28396, train_wall=26290, encoder_embed_dim=512, encoder_layer_num=6, encoder_ffn_embed_dim_0=1024, encoder_ffn_embed_dim_1=512, encoder_ffn_embed_dim_2=512, encoder_ffn_embed_dim_3=1024, encoder_ffn_embed_dim_4=1024, encoder_ffn_embed_dim_5=2048, encoder_self_attention_heads_0=4, encoder_self_attention_heads_1=4, encoder_self_attention_heads_2=4, encoder_self_attention_heads_3=4, encoder_self_attention_heads_4=2, encoder_self_attention_heads_5=4, decoder_embed_dim=640, decoder_layer_num=1, decoder_ffn_embed_dim_0=2048, decoder_self_attention_heads_0=2, decoder_ende_attention_heads_0=2, decoder_arbitrary_ende_attn_0=1, decoder_arbitrary_ende_attn_1=-1, decoder_arbitrary_ende_attn_2=2, decoder_arbitrary_ende_attn_3=1, decoder_arbitrary_ende_attn_4=2, decoder_arbitrary_ende_attn_5=2
| epoch 045:   1000 / 1101 loss=3.787, nll_loss=2.354, ppl=5.11, wps=6769, ups=2, wpb=3590.734, bsz=146.572, num_updates=49445, lr=0.000224858, gnorm=1.137, clip=0.000, oom=0.000, wall=28441, train_wall=26333, encoder_embed_dim=640, encoder_layer_num=6, encoder_ffn_embed_dim_0=512, encoder_ffn_embed_dim_1=2048, encoder_ffn_embed_dim_2=2048, encoder_ffn_embed_dim_3=512, encoder_ffn_embed_dim_4=1024, encoder_ffn_embed_dim_5=2048, encoder_self_attention_heads_0=2, encoder_self_attention_heads_1=2, encoder_self_attention_heads_2=4, encoder_self_attention_heads_3=2, encoder_self_attention_heads_4=4, encoder_self_attention_heads_5=4, decoder_embed_dim=512, decoder_layer_num=5, decoder_ffn_embed_dim_0=512, decoder_ffn_embed_dim_1=1024, decoder_ffn_embed_dim_2=512, decoder_ffn_embed_dim_3=2048, decoder_ffn_embed_dim_4=512, decoder_self_attention_heads_0=2, decoder_self_attention_heads_1=2, decoder_self_attention_heads_2=2, decoder_self_attention_heads_3=2, decoder_self_attention_heads_4=2, decoder_ende_attention_heads_0=2, decoder_ende_attention_heads_1=2, decoder_ende_attention_heads_2=2, decoder_ende_attention_heads_3=2, decoder_ende_attention_heads_4=2, decoder_arbitrary_ende_attn_0=-1, decoder_arbitrary_ende_attn_1=-1, decoder_arbitrary_ende_attn_2=-1, decoder_arbitrary_ende_attn_3=2, decoder_arbitrary_ende_attn_4=-1, decoder_arbitrary_ende_attn_5=-1
| epoch 045:   1100 / 1101 loss=3.793, nll_loss=2.361, ppl=5.14, wps=6899, ups=2, wpb=3586.843, bsz=145.540, num_updates=49545, lr=0.000224631, gnorm=1.139, clip=0.000, oom=0.000, wall=28482, train_wall=26374, encoder_embed_dim=512, encoder_layer_num=6, encoder_ffn_embed_dim_0=1024, encoder_ffn_embed_dim_1=1024, encoder_ffn_embed_dim_2=2048, encoder_ffn_embed_dim_3=1024, encoder_ffn_embed_dim_4=512, encoder_ffn_embed_dim_5=2048, encoder_self_attention_heads_0=2, encoder_self_attention_heads_1=4, encoder_self_attention_heads_2=2, encoder_self_attention_heads_3=4, encoder_self_attention_heads_4=4, encoder_self_attention_heads_5=2, decoder_embed_dim=640, decoder_layer_num=2, decoder_ffn_embed_dim_0=2048, decoder_ffn_embed_dim_1=1024, decoder_self_attention_heads_0=4, decoder_self_attention_heads_1=4, decoder_ende_attention_heads_0=2, decoder_ende_attention_heads_1=4, decoder_arbitrary_ende_attn_0=-1, decoder_arbitrary_ende_attn_1=2, decoder_arbitrary_ende_attn_2=2, decoder_arbitrary_ende_attn_3=-1, decoder_arbitrary_ende_attn_4=-1, decoder_arbitrary_ende_attn_5=1
| epoch 045 | loss 3.793 | nll_loss 2.361 | ppl 5.14 | wps 6896 | ups 2 | wpb 3586.843 | bsz 145.540 | num_updates 49545 | lr 0.000224631 | gnorm 1.139 | clip 0.000 | oom 0.000 | wall 28482 | train_wall 26374
| epoch 045 | validate on 'valid' subset | loss 4.013 | nll_loss 2.445 | ppl 5.44 | num_updates 49545 | best_loss 4.0134 | largest_arbitrary1_loss 4.013 | largest_arbitrary1_nll_loss 2.445
| epoch 045 | validate on 'valid' subset | loss 4.424 | nll_loss 2.883 | ppl 7.38 | num_updates 49545 | best_loss 4.42398 | smallest_arbitrary1_loss 4.424 | smallest_arbitrary1_nll_loss 2.883
| saved checkpoint ../checkpoints/iwslt14_super_full50000_fromscratch/checkpoint45.pt (epoch 45 @ 49545 updates) (writing took 3.9809982776641846 seconds)
| epoch 046:    100 / 1101 loss=3.756, nll_loss=2.318, ppl=4.99, wps=11336, ups=2, wpb=3545.644, bsz=146.218, num_updates=49646, lr=0.000224403, gnorm=1.126, clip=0.000, oom=0.000, wall=28536, train_wall=26404, encoder_embed_dim=640, encoder_layer_num=6, encoder_ffn_embed_dim_0=512, encoder_ffn_embed_dim_1=2048, encoder_ffn_embed_dim_2=2048, encoder_ffn_embed_dim_3=512, encoder_ffn_embed_dim_4=2048, encoder_ffn_embed_dim_5=512, encoder_self_attention_heads_0=2, encoder_self_attention_heads_1=4, encoder_self_attention_heads_2=4, encoder_self_attention_heads_3=2, encoder_self_attention_heads_4=4, encoder_self_attention_heads_5=4, decoder_embed_dim=512, decoder_layer_num=4, decoder_ffn_embed_dim_0=512, decoder_ffn_embed_dim_1=2048, decoder_ffn_embed_dim_2=512, decoder_ffn_embed_dim_3=2048, decoder_self_attention_heads_0=2, decoder_self_attention_heads_1=4, decoder_self_attention_heads_2=4, decoder_self_attention_heads_3=2, decoder_ende_attention_heads_0=2, decoder_ende_attention_heads_1=4, decoder_ende_attention_heads_2=4, decoder_ende_attention_heads_3=4, decoder_arbitrary_ende_attn_0=1, decoder_arbitrary_ende_attn_1=1, decoder_arbitrary_ende_attn_2=-1, decoder_arbitrary_ende_attn_3=1, decoder_arbitrary_ende_attn_4=2, decoder_arbitrary_ende_attn_5=2
| epoch 046:    200 / 1101 loss=3.736, nll_loss=2.297, ppl=4.91, wps=12802, ups=3, wpb=3565.065, bsz=146.985, num_updates=49746, lr=0.000224177, gnorm=1.114, clip=0.000, oom=0.000, wall=28561, train_wall=26428, encoder_embed_dim=512, encoder_layer_num=6, encoder_ffn_embed_dim_0=512, encoder_ffn_embed_dim_1=512, encoder_ffn_embed_dim_2=2048, encoder_ffn_embed_dim_3=512, encoder_ffn_embed_dim_4=2048, encoder_ffn_embed_dim_5=1024, encoder_self_attention_heads_0=2, encoder_self_attention_heads_1=2, encoder_self_attention_heads_2=4, encoder_self_attention_heads_3=4, encoder_self_attention_heads_4=4, encoder_self_attention_heads_5=4, decoder_embed_dim=512, decoder_layer_num=1, decoder_ffn_embed_dim_0=2048, decoder_self_attention_heads_0=4, decoder_ende_attention_heads_0=2, decoder_arbitrary_ende_attn_0=-1, decoder_arbitrary_ende_attn_1=1, decoder_arbitrary_ende_attn_2=1, decoder_arbitrary_ende_attn_3=2, decoder_arbitrary_ende_attn_4=-1, decoder_arbitrary_ende_attn_5=1
| epoch 046:    300 / 1101 loss=3.753, nll_loss=2.317, ppl=4.98, wps=13734, ups=3, wpb=3521.578, bsz=143.309, num_updates=49846, lr=0.000223952, gnorm=1.128, clip=0.000, oom=0.000, wall=28582, train_wall=26448, encoder_embed_dim=512, encoder_layer_num=6, encoder_ffn_embed_dim_0=512, encoder_ffn_embed_dim_1=512, encoder_ffn_embed_dim_2=512, encoder_ffn_embed_dim_3=2048, encoder_ffn_embed_dim_4=1024, encoder_ffn_embed_dim_5=512, encoder_self_attention_heads_0=4, encoder_self_attention_heads_1=4, encoder_self_attention_heads_2=2, encoder_self_attention_heads_3=2, encoder_self_attention_heads_4=2, encoder_self_attention_heads_5=4, decoder_embed_dim=512, decoder_layer_num=1, decoder_ffn_embed_dim_0=1024, decoder_self_attention_heads_0=2, decoder_ende_attention_heads_0=2, decoder_arbitrary_ende_attn_0=2, decoder_arbitrary_ende_attn_1=2, decoder_arbitrary_ende_attn_2=-1, decoder_arbitrary_ende_attn_3=2, decoder_arbitrary_ende_attn_4=2, decoder_arbitrary_ende_attn_5=-1
| epoch 046:    400 / 1101 loss=3.764, nll_loss=2.329, ppl=5.02, wps=14667, ups=3, wpb=3544.491, bsz=142.062, num_updates=49946, lr=0.000223728, gnorm=1.134, clip=0.000, oom=0.000, wall=28602, train_wall=26467, encoder_embed_dim=512, encoder_layer_num=6, encoder_ffn_embed_dim_0=2048, encoder_ffn_embed_dim_1=512, encoder_ffn_embed_dim_2=1024, encoder_ffn_embed_dim_3=1024, encoder_ffn_embed_dim_4=1024, encoder_ffn_embed_dim_5=1024, encoder_self_attention_heads_0=4, encoder_self_attention_heads_1=4, encoder_self_attention_heads_2=2, encoder_self_attention_heads_3=4, encoder_self_attention_heads_4=2, encoder_self_attention_heads_5=2, decoder_embed_dim=640, decoder_layer_num=2, decoder_ffn_embed_dim_0=512, decoder_ffn_embed_dim_1=512, decoder_self_attention_heads_0=4, decoder_self_attention_heads_1=4, decoder_ende_attention_heads_0=2, decoder_ende_attention_heads_1=4, decoder_arbitrary_ende_attn_0=-1, decoder_arbitrary_ende_attn_1=2, decoder_arbitrary_ende_attn_2=2, decoder_arbitrary_ende_attn_3=2, decoder_arbitrary_ende_attn_4=-1, decoder_arbitrary_ende_attn_5=2
| epoch 046 | validate on 'valid' subset | loss 4.019 | nll_loss 2.448 | ppl 5.46 | num_updates 50000 | best_loss 4.01913 | largest_arbitrary1_loss 4.019 | largest_arbitrary1_nll_loss 2.448
| epoch 046 | validate on 'valid' subset | loss 4.434 | nll_loss 2.891 | ppl 7.42 | num_updates 50000 | best_loss 4.42398 | smallest_arbitrary1_loss 4.434 | smallest_arbitrary1_nll_loss 2.891
| saved checkpoint ../checkpoints/iwslt14_super_full50000_fromscratch/checkpoint_46_50000.pt (epoch 46 @ 50000 updates) (writing took 2.8674380779266357 seconds)
| epoch 046 | loss 3.772 | nll_loss 2.337 | ppl 5.05 | wps 13973 | ups 3 | wpb 3541.556 | bsz 140.516 | num_updates 50000 | lr 0.000223607 | gnorm 1.138 | clip 0.000 | oom 0.000 | wall 28620 | train_wall 26477
| epoch 046 | validate on 'valid' subset | loss 4.019 | nll_loss 2.448 | ppl 5.46 | num_updates 50000 | best_loss 4.01913 | largest_arbitrary1_loss 4.019 | largest_arbitrary1_nll_loss 2.448
| epoch 046 | validate on 'valid' subset | loss 4.434 | nll_loss 2.891 | ppl 7.42 | num_updates 50000 | best_loss 4.42398 | smallest_arbitrary1_loss 4.434 | smallest_arbitrary1_nll_loss 2.891
| saved checkpoint ../checkpoints/iwslt14_super_full50000_fromscratch/checkpoint_46_50000.pt (epoch 46 @ 50000 updates) (writing took 2.705251455307007 seconds)
| Done training in 28627.2 seconds
